{"type":"Topology","arcs":[[[49.28013888888927,39.4951388818068],[49.27358452690992,39.51303547469746],[49.27782443576427,39.52934840873329],[49.30196343316015,39.576946607541025],[49.31111382378497,39.599719502517395],[49.31990342881971,39.631766486039886],[49.33505669487868,39.65420843483561],[49.35013237847243,39.66620767529267],[49.36378689236141,39.68185546175855],[49.389548882378904,39.69243163363878],[49.42138617621554,39.7002642074273],[49.40205078125023,39.72818304424632],[49.38751030816014,39.762473951380976],[49.38396185980935,39.79169812674222],[49.395258246528044,39.81692653387248],[49.39877685546895,39.819378790818114],[49.406244574653215,39.845699862879364],[49.413873969184344,39.8525016206951],[49.432190212673845,39.85505316149502],[49.44001356336844,39.865519198826405],[49.42832845052106,39.88192165109121],[49.411020507812786,39.930151360315854],[49.414748806423795,39.954935431508325],[49.42735215928843,39.966886928909865],[49.43368950737898,39.96755316154905],[49.44954291449682,39.979879550443925],[49.47270670572959,39.98745333516981],[49.48341362847242,39.997410474931534],[49.480081922743466,40.00322970236496],[49.46272352430595,40.01245279264702],[49.439173177083724,40.0336089341502],[49.42286159939266,40.05787217200908],[49.41793348524345,40.07193575708521],[49.421783582899536,40.09041557480248],[49.43195800781274,40.09770507133362],[49.45999728732681,40.10916937255446],[49.4888045247398,40.11444172498749],[49.478930664062986,40.12790960693839],[49.47208496093776,40.146666117364084],[49.47206461588587,40.170524624319775],[49.477831488715466,40.17899576147665],[49.49521782769136,40.18331162519407],[49.51781521267384,40.19882215037498],[49.53257839626769,40.20548718944068],[49.56357042100729,40.213330613923624],[49.597697753906516,40.231092658202954],[49.61967610677119,40.237048061851496],[49.637992892795516,40.250275058385625],[49.650833604601075,40.24611978494611],[49.65622721354196,40.25360513651212],[49.673330078125275,40.26182073981485],[49.66998752170166,40.266031894330595],[49.68520589192729,40.27833224155861],[49.71524034288217,40.28224717211598],[49.72201850043439,40.27608397766865],[49.733330078125384,40.27991590041354],[49.76289360894133,40.29728080927602],[49.79594048394125,40.30527505841174],[49.82694959852455,40.30403373896674],[49.8363145616322,40.30923773202475],[49.84471950954883,40.33604871294024],[49.83685628255233,40.36135795774397],[49.84055284288224,40.36722492823272],[49.87584174262212,40.3744466079237],[49.895610894097494,40.37432670774998],[49.89999728732698,40.371113817123465],[49.93216417100723,40.36368977198109],[49.9461059570317,40.35455294471987],[49.95676947699684,40.33738497596173],[49.964227430555816,40.34059678151874],[50.000280490451864,40.33722492821862],[50.006019151476146,40.31307345251269],[50.01811713324678,40.29981607403408],[50.017778862847464,40.279409715517474],[50.01111382378508,40.278058261523874],[50.018608398437884,40.264651143461826],[50.029296061198174,40.26789767124117],[50.02496880425383,40.310195305809856],[50.00712972005249,40.31265081796381],[50.00181803385453,40.33544487179408],[50.0123852539067,40.34431531450657],[50.03864529079891,40.354735778921295],[50.05155327691011,40.356691074061146],[50.07461859809057,40.35221733273951],[50.09181287977469,40.362503248543064],[50.111366644965756,40.3669498631285],[50.14391764322954,40.36606878673916],[50.15443250868094,40.361941182570625],[50.175971950955265,40.358774949930144],[50.17997856987893,40.35419812701125],[50.20778049045173,40.35389159489312],[50.234268391927394,40.348343092286306],[50.30929578993089,40.322476664322686],[50.32854058159762,40.312445197303994],[50.34783420138933,40.29612792299068],[50.35939371744838,40.27290092645188],[50.358744303385826,40.25830294467427],[50.36444715711832,40.257503248493286],[50.36759548611155,40.27597709832828],[50.35814751519131,40.293014858753104],[50.35623643663235,40.30861381709397],[50.36138509114613,40.31828992386927],[50.35964301215308,40.34148111311646],[50.3625756835944,40.36178873031344],[50.35763834635446,40.37051214611632],[50.34636908637179,40.379051642648115],[50.33788981119818,40.40043130845677],[50.35403672960098,40.4097195029056],[50.365542805989946,40.42728894735833],[50.35133436414952,40.43749402548834],[50.35233344184059,40.44701876507598],[50.346408420139184,40.45417534060025],[50.35171196831641,40.46930826161438],[50.3395632595491,40.484262146170174],[50.32956298828174,40.48836479374152],[50.31229844835116,40.473315965609295],[50.32359293619833,40.46454968956356],[50.3359242078996,40.444543179137455],[50.35374403211841,40.42073350030674],[50.35380940755244,40.411749125302514],[50.33514187283027,40.402281894395166],[50.3167933485247,40.419097215583676],[50.286960991753844,40.428850904824564],[50.280225965712255,40.44527831368635],[50.264989963108,40.45000053591077],[50.2638606770838,40.456462666990205],[50.24961507161503,40.465229485570845],[50.24015489366348,40.477844502937835],[50.23919976128537,40.4876844551994],[50.22887098524347,40.50113063576136],[50.21317409939274,40.5058197633676],[50.182490505642754,40.50917913836932],[50.136470269097686,40.523133673966115],[50.11888644748308,40.52449597865437],[50.091738823784965,40.54570149081711],[50.08593614366339,40.559848626240274],[50.07021104600739,40.57251084412824],[50.05794379340313,40.593332241707515],[50.01823757595525,40.586133348474895],[49.998223741319684,40.58581705073168],[49.994930826823236,40.591432285109455],[49.963102484809376,40.59081976340763],[49.91405219184054,40.57830891270739],[49.86297227647606,40.57084851773854],[49.80437445746559,40.56653211148655],[49.78676133897596,40.574730353677865],[49.775808376736386,40.57638616965086],[49.74360839843784,40.57361381721903],[49.71289713541705,40.57545897781018],[49.69705783420181,40.58002874777767],[49.68790310329911,40.58844074864965],[49.668033040364826,40.61221950300099],[49.64105495876776,40.61200845699394],[49.60076063368087,40.61775932505226],[49.573880479600916,40.624436299881765],[49.552060275607865,40.63408962019887],[49.5414035373268,40.64409287541177],[49.521416015625384,40.67714517577463],[49.51998697916695,40.69109537109354],[49.51261664496542,40.70560817491979],[49.515446777344025,40.75040201174631],[49.52966606987871,40.77155272790203],[49.52906711154549,40.79132866107095],[49.53591145833371,40.799424906734465],[49.525585394965674,40.803215054305596],[49.5227069769968,40.816313470110465],[49.49979329427117,40.83004122619323],[49.48444715711843,40.83528048400825],[49.445265299479495,40.84001952480898],[49.41211317274332,40.849711907625924],[49.38528754340313,40.87325303176897],[49.36134304470505,40.897061625529844],[49.33334635416685,40.91117295366152],[49.32564507378527,40.917014967552994],[49.30133165147588,40.94961696409588],[49.26425048828144,40.97532225924669],[49.22449734158005,41.007599820025675],[49.209294704861286,41.02641058392319],[49.188144259983,41.06732258481009],[49.17132541232673,41.10623480270999],[49.16415961371558,41.14240396505318],[49.15015353732677,41.171385084858066],[49.14214816623286,41.20655489824225],[49.134919162326646,41.25401149548628],[49.130558268229436,41.26972492865316],[49.1195825195316,41.296319438213985],[49.107910698784906,41.31066731148436],[49.09199245876767,41.33902397382366],[49.08689941406306,41.34358831844382],[49.07170111762184,41.36807345300368],[49.048116861979445,41.39387152159178],[48.99877536349851,41.451085063284374],[48.988425699870156,41.46495496346436],[48.976220703125186,41.473357741245955],[48.954079861111325,41.5026323723357],[48.926113823785045,41.531113817660966],[48.90283881293424,41.55088269787833],[48.882585177951675,41.57428330552776],[48.865559895833535,41.588536235221696],[48.846947157118215,41.60944715102972],[48.826108398437775,41.62666394791264],[48.79373168945329,41.66131455556701],[48.77858303493952,41.67322319272518],[48.75717312283006,41.697020935791464],[48.74508056640661,41.71320962937502],[48.710146348741475,41.75009982036392],[48.68908759223103,41.76990776308109],[48.640558268229476,41.81278048445437],[48.5872842068145,41.84635253308059],[48.56624552408874,41.85795355305103],[48.55139716254354,41.8747081103501],[48.531947157118324,41.88750270671011],[48.51916395399337,41.892497281364996],[48.48894911024332,41.9090402501224],[48.468226047092344,41.90871961210146],[48.43395860460101,41.91451496800677],[48.40277506510449,41.92610839249105],[48.37610351562516,41.94323187340153],[48.36080552842901,41.95685654788674],[48.348364529080015,41.97648979442315],[48.345377197265854,41.9885519689077],[48.33587470160609,42.006725254506065],[48.3344471571184,42.02333604010366],[48.320014784071525,42.0386561355966],[48.29028116862003,42.09302516773865],[48.29142564561647,42.10480685177185],[48.285316433376856,42.10688747243243],[48.26460083007844,42.12437716428034],[48.244693467882264,42.13305717730513],[48.23273627387176,42.14254773720505],[48.21069213867201,42.18655164347436],[48.14661729600703,42.26813204715589],[48.125162217882234,42.30231173467092],[48.11091444227451,42.319916443880054],[48.086113823784835,42.340280484687504],[48.049400363498535,42.36067002462715],[48.01761569552963,42.385962450853455],[47.993723822699785,42.41265298905938],[47.95038574218761,42.46456976425553],[47.91555284288233,42.51583061497223],[47.90499728732647,42.53860839275983],[47.90107977973099,42.56142794572112],[47.88771864149328,42.58042534156255],[47.85855794270868,42.5999926701302],[47.81170328776056,42.6085696015574],[47.806527235243266,42.60482638323978],[47.790800103081715,42.60889729252973],[47.76881293402801,42.62455565842191],[47.750591159396876,42.64607312804942],[47.73305223253067,42.67025362936168],[47.7226174587675,42.69986083423548],[47.71944722493515,42.703287212275285],[47.71616719563808,42.74155869666655],[47.71650600857242,42.77038980561991],[47.71470865885425,42.781139859877975],[47.71304545084661,42.821667474912644],[47.70794650607655,42.8490728026153],[47.69744615342903,42.86984184559284],[47.68054721408441,42.87276936295525],[47.66384012858106,42.885579964089196],[47.65834872775616,42.880280484920284],[47.63791951497404,42.89694959300027],[47.616922200521,42.92238009431315],[47.596630249023576,42.93197699101864],[47.58182766384572,42.94934841029677],[47.548132120768464,42.967454964123974],[47.514049818251124,42.98388020284607],[47.50555833604619,42.994381776201216],[47.49732672797319,42.99139159607861],[47.47912780761737,42.99785779616801],[47.46501159667974,43.01645859912726],[47.46236280653221,43.040860725873635],[47.466256849501065,43.0747691460268],[47.47929273817293,43.14381048720167],[47.4859495035808,43.1688338162052],[47.49625203450552,43.19389295250044],[47.51244133843323,43.21640136179802],[47.531021321614666,43.23836832144266],[47.54676201714432,43.25110351025],[47.54444722493508,43.25637776155425],[47.55610833062082,43.263255202963464],[47.56110833062087,43.30204643561845],[47.554670681423765,43.3151147407454],[47.55735378689258,43.32195854500181],[47.55128818088116,43.33384982104836],[47.50824022081173,43.37108235144578],[47.48819607204865,43.396964241647424],[47.49013461642806,43.41273653983117],[47.51622429741764,43.524079855849145],[47.53276740180138,43.560530051176606],[47.551020507812716,43.58531222349573],[47.56226650661897,43.593533252145],[47.56170471191426,43.59890895744252],[47.54790513780386,43.61973252515919],[47.5647870551216,43.67255072179541],[47.57500834147145,43.68471380773781],[47.59176757812519,43.723533523465434],[47.60377020941854,43.741322965746996],[47.61499721950974,43.750558263059695],[47.642938571506306,43.79006130127023],[47.65696641710093,43.817763395465484],[47.6740758599177,43.84518201526827],[47.685934380425515,43.858562277860464],[47.70497090657562,43.871375591667615],[47.71777974446643,43.882961691932756],[47.74971815321203,43.904067648972465],[47.74877543131521,43.910808642898864],[47.738739895290955,43.920239795246395],[47.724894205729356,43.924998096029675],[47.70127231174058,43.92316107345946],[47.684988742404755,43.91611354741494],[47.67284410264779,43.91669026182484],[47.65915710449258,43.9088867136446],[47.63645067003045,43.901119786558155],[47.59852545844188,43.894184565201314],[47.57837924533442,43.88512884688161],[47.56144687228738,43.873558208856174],[47.55109124077699,43.86237548315712],[47.548769531250166,43.848546544349404],[47.5360609266495,43.845181744000904],[47.54941575792105,43.826978076458786],[47.54792358398441,43.811129552146745],[47.53227945963561,43.81030652697276],[47.53036722819035,43.8233694067526],[47.53009562174492,43.86338785294912],[47.51544813368082,43.85856363419724],[47.520138753255424,43.84386121448648],[47.51629909939254,43.83528048531632],[47.49750800238735,43.834169374204635],[47.48766554090725,43.84571098662262],[47.47820719401051,43.84884493844682],[47.48531155056439,43.85885741674944],[47.48090854220936,43.86609862768979],[47.47067593044733,43.8653331111964],[47.46803243001307,43.87855956519485],[47.45902167426231,43.87556992760687],[47.43527967664954,43.87631754045439],[47.42029873318165,43.899380420238025],[47.418416680230116,43.91621879915096],[47.40629591200093,43.94520019022168],[47.39363281250013,43.961588536582454],[47.38372382269983,43.98751925490878],[47.365893893771954,44.01061604311241],[47.34309488932308,44.025185813083525],[47.326080525716236,44.04198187428827],[47.303592868381145,44.06945637516716],[47.27760996500655,44.10915825235321],[47.26805277506514,44.130830615642985],[47.25803368462469,44.163155105673226],[47.254851515028335,44.164169374336794],[47.24374179416242,44.191132807507216],[47.24443891737206,44.19827907487122],[47.237605624728985,44.21385823069324],[47.224148898654626,44.22767604753903],[47.201907212999345,44.234214133479114],[47.18531575520836,44.23308593252383],[47.17045813666471,44.22663872114984],[47.16055833604611,44.20944172678532],[47.14632629394538,44.20666937435361],[47.117981567383026,44.22339897505472],[47.10287038167336,44.22674505795528],[47.09500278049046,44.24444715214636],[47.085280558268266,44.250863167773986],[47.08547461615694,44.259370383488985],[47.07509236653646,44.26645832837046],[47.06861389160178,44.28000270771593],[47.060677151150166,44.28335204582494],[47.04759243435341,44.32292615608353],[47.049798414442364,44.33382106711207],[47.03583611382379,44.358336041079994],[47.02024166531038,44.37324191131153],[46.995836113824,44.38389159664562],[46.97075169881202,44.38863199378291],[46.95206214057083,44.3890283153976],[46.946662495931086,44.395899246389874],[46.934163886176236,44.40110839352729],[46.9416249932185,44.419500863152486],[46.93148642645946,44.42984293129904],[46.93304999457467,44.43568901420051],[46.91004942152238,44.45394964788839],[46.908369581434556,44.46080403157144],[46.883492075602355,44.469847271592315],[46.84937139723046,44.454841032437336],[46.835269275241494,44.453333328443506],[46.83378327263728,44.44052869519197],[46.8098429785835,44.43945040743123],[46.811872253418066,44.44929849771279],[46.79897911071793,44.448356928702054],[46.77276960584867,44.453046870110114],[46.78196417490648,44.466394309351365],[46.77107415305261,44.479347868384174],[46.75608120918286,44.47278048556929],[46.74860833379977,44.478929574113195],[46.738613888886285,44.50306965658798],[46.74277488682009,44.51278048558467],[46.76666388829551,44.49550943523077],[46.78849832322873,44.486113818907704],[46.83920581393777,44.48361870171927],[46.847540791829424,44.487219504672],[46.87423021952326,44.488530539828716],[46.895297224256865,44.4863921392203],[46.90971944173191,44.491947152243334],[46.91305277506517,44.50140787273317],[46.90302500406903,44.51031520780594],[46.894463890923426,44.5247417486102],[46.8886237419976,44.52800536623296],[46.87194100273979,44.565553651837845],[46.873882369995215,44.57156954810749],[46.85670538160548,44.59423719134549],[46.84129647148984,44.59999728249351],[46.830552775065094,44.615830615832905],[46.83479999118401,44.625902501687655],[46.8540527258981,44.62838459804263],[46.86667722066243,44.63472520134373],[46.86999721950974,44.64836316792886],[46.86582892523893,44.65750026645671],[46.869744432237496,44.66393744093835],[46.88860960218648,44.67475558330352],[46.89341388278541,44.665789925748214],[46.912261996799145,44.65719753208156],[46.93970435248496,44.6582457091653],[46.95701317681221,44.667682829394636],[46.956963433159665,44.67690212193294],[46.973630896674536,44.682219504747394],[46.972491455078284,44.692224387563755],[46.9831587388781,44.69355522523784],[47.00113204956062,44.68693358895063],[47.03444166395411,44.662192378003546],[47.03398413764124,44.65444172695896],[47.0458132256403,44.647134598049824],[47.05661088731557,44.64559488450754],[47.06272060818162,44.65645263190766],[47.08640262179909,44.67055555074983],[47.09057681613507,44.67854139059688],[47.08499450683608,44.69555582202687],[47.07209642198353,44.71464327863144],[47.07242658827049,44.72679768401802],[47.049580383300956,44.7470011345465],[47.023194444444584,44.74833061588398],[46.9994768269857,44.73755017968191],[46.98138610839845,44.74777506032816],[46.994755689833035,44.75383218923663],[46.99278055826828,44.761663949222374],[47.02056187947601,44.77972058985422],[47.02423797607429,44.79721435071161],[47.05457716200095,44.790552838122245],[47.060012783474576,44.78315564844928],[47.071800604926295,44.77933674653803],[47.069458143446184,44.772767464851555],[47.08909566243506,44.75901827864835],[47.10749413384343,44.73340982594753],[47.11613667806011,44.73305229556549],[47.14002990722679,44.71916937455321],[47.175274997287424,44.721338428373585],[47.168330552843024,44.743058263451445],[47.17883473714208,44.754846186632946],[47.18944166395403,44.78238199393509],[47.18332034640849,44.798113059479284],[47.190416259765804,44.81154920314766],[47.204213053385374,44.82420274047881],[47.2105499945747,44.835144309493444],[47.23956149631083,44.82306097615552],[47.261113891601774,44.829163949248084],[47.2613701375327,44.8355026536776],[47.24410746256518,44.83889403822748],[47.234163886176354,44.848886171477766],[47.236818712022625,44.8813469733565],[47.241663886176234,44.89875962527289],[47.237284613715474,44.916252301060716],[47.24105611165368,44.935529916085336],[47.247614271375994,44.94412407298963],[47.26691318088148,44.95083604130816],[47.26983293321416,44.9684044006899],[47.26694722493505,44.98976846862322],[47.278946601020095,45.012867426965265],[47.28067050509986,45.02791788270019],[47.30916022406706,45.03462279806709],[47.304107666015675,45.04506116612671],[47.30557478162989,45.05413695823073],[47.3153499348959,45.06462266244478],[47.30615624321843,45.071639264009974],[47.33017347547762,45.07444715246585],[47.33411749945764,45.08660833953629],[47.33639390733509,45.11027790877267],[47.32778191460517,45.12339748343037],[47.33796997070323,45.12555283824883],[47.342954644097404,45.10254963728533],[47.370658704969685,45.11666625512917],[47.36796006944485,45.12834512883159],[47.37651672363302,45.13167751273026],[47.37221733940987,45.1433335999742],[47.37528055826863,45.16654893201421],[47.39278055826827,45.18285210042312],[47.404819064670384,45.146715218899146],[47.41489074707056,45.127927512728924],[47.42323682996965,45.12949475990825],[47.42905639648444,45.14344468395867],[47.42688178168413,45.17376572889181],[47.42069193522172,45.18023613362512],[47.43129801432315,45.20470350017087],[47.442337917751786,45.215832786199286],[47.447780558268455,45.23416937474773],[47.442376708984455,45.23910942466271],[47.44075961642824,45.251253928790504],[47.443623385959256,45.26519300214636],[47.45692552354608,45.28998656769382],[47.46006408691426,45.304583328766896],[47.45833611382391,45.31493556943899],[47.46360833062089,45.32252820724557],[47.45661444769979,45.338165278649086],[47.48213758680594,45.3264562942696],[47.4919057888456,45.33519164583532],[47.49582919650629,45.35339856858519],[47.4911138916018,45.36749728278301],[47.50333435058633,45.38164658834373],[47.515070665147675,45.402057694037],[47.513770412869114,45.41402383987489],[47.504997219509676,45.41777506057927],[47.52142896864166,45.430774599429476],[47.53082017686654,45.43110988588803],[47.53998819986993,45.40705999981141],[47.55334642198357,45.412207976158854],[47.56137729220933,45.4350016230856],[47.569447224935,45.433336041487735],[47.56860833062074,45.412780485924785],[47.5741694471572,45.40639159703344],[47.58641669379357,45.40385484030507],[47.59610833062094,45.41500270814769],[47.60145433213995,45.42804456470626],[47.60028055826854,45.45587415456034],[47.60162821451837,45.47257988373305],[47.608788655599135,45.49009656668217],[47.61899278428831,45.48826076481513],[47.61835713704437,45.474305415417724],[47.64309773763027,45.48114284489067],[47.63445963541682,45.46777601003335],[47.6364733208552,45.45502549462078],[47.64834242079018,45.46330389631645],[47.641679077148574,45.46880357079764],[47.647497219509766,45.47555283837827],[47.64567274305563,45.48895439545788],[47.64902581108953,45.511012500934584],[47.64793782552101,45.52055283839463],[47.66736470540377,45.5439059742539],[47.670566474066895,45.55555880628938],[47.66945346408425,45.573913841018204],[47.68028571234827,45.5883247839488],[47.66871738010002,45.60629733169839],[47.66404188368074,45.62689818891063],[47.654289889865765,45.639047575850846],[47.66452006022148,45.64915011491702],[47.67562967936208,45.63402465375707],[47.67651529947931,45.626214323893],[47.69029988606792,45.619933670679],[47.69870151095932,45.60269381607203],[47.71534037272153,45.59139159710096],[47.68973578559053,45.57808471233054],[47.70226047092028,45.562553163930716],[47.714648505316916,45.55936211032714],[47.71793185763908,45.5515502884927],[47.728886108398676,45.547293018525835],[47.7177303738066,45.53756767672551],[47.71418172200549,45.52384670232811],[47.728906046549696,45.52029730454036],[47.722126464843825,45.513319901109035],[47.747780558268296,45.47166394948795],[47.74020860460098,45.46775240977304],[47.75223205566419,45.45260578975887],[47.75666388617634,45.42250270815057],[47.76749457465286,45.40995916973437],[47.76777581108968,45.40191907641542],[47.77735507541246,45.3969783483321],[47.77138610839853,45.4285965937864],[47.76470899793855,45.449741748959234],[47.77119038899763,45.45731417734719],[47.75932284885004,45.49671657536503],[47.766941663954135,45.497219505052826],[47.766113891601776,45.51015678804369],[47.77389879014782,45.51277601004975],[47.76185045030394,45.54130397772518],[47.761662801106866,45.55263088202617],[47.77385904947936,45.56405801961704],[47.75355556911916,45.56742526137196],[47.73886040581624,45.576131587329904],[47.743860473632935,45.60375338638493],[47.728608330620716,45.611738005528444],[47.736511027018366,45.62887789811291],[47.75500766330305,45.62700086360693],[47.78025675455745,45.62967067697596],[47.78418558756539,45.62118665462038],[47.772502780490576,45.5986463714092],[47.783898179796154,45.5952704490989],[47.77397983127196,45.58653374119643],[47.78077039930588,45.56000053806174],[47.796724107530615,45.56323241740323],[47.80555277506539,45.58254082127306],[47.82753241645002,45.556531842313966],[47.83472500271277,45.53671698228084],[47.84084865993935,45.52824530259013],[47.84512017144112,45.509983719467094],[47.851530490451474,45.49837130626846],[47.843613891601755,45.49421033621495],[47.86697157118072,45.46380750417266],[47.84091803656696,45.48171033621033],[47.82847011990042,45.481053191027804],[47.82528055826833,45.46697129540644],[47.83079311794733,45.445221214018154],[47.849999118381156,45.43702866844223],[47.86360833062088,45.4455528383673],[47.87519137912334,45.44865179670179],[47.88067681206604,45.45741413936979],[47.89285319010429,45.456735021531124],[47.903435465495136,45.44499728281155],[47.905254584418515,45.437259516966556],[47.899082438151254,45.42613958966223],[47.908197564019474,45.411691076202054],[47.89805826822942,45.39927625414889],[47.8840096028648,45.3937878372632],[47.8787445746529,45.3783489266672],[47.88250732421898,45.36367024285123],[47.884246148003726,45.3400564190576],[47.899561089409815,45.334141705513815],[47.90283786349846,45.32745862716932],[47.940282660590476,45.33194321918489],[47.93025607638918,45.33833970356219],[47.939730631510656,45.34332505512647],[47.935574544271,45.35971950500244],[47.96528591579868,45.35057657422651],[47.96402411566857,45.34136894618484],[47.97781738281276,45.338346213978944],[47.98514444987006,45.34658813021455],[47.979436170790045,45.35193480990402],[47.989466145833596,45.36640814432786],[48.004708930121694,45.36886935309604],[48.00648125542556,45.38133246073963],[48.01887559678846,45.38470268643537],[48.02666395399313,45.39527506057119],[48.00837226019996,45.40196342862914],[47.99717000325534,45.40908799460387],[48.005269368489955,45.41999172182132],[48.01638617621552,45.45862480560291],[48.01034220377613,45.46913166867107],[48.01999728732648,45.5153185990264],[48.01750271267405,45.52555826374367],[48.00053032769114,45.54723876505374],[47.99804687500022,45.56165893107451],[48.004447157118136,45.579210336245794],[48.03334174262181,45.56723049140639],[48.045552842882046,45.568363168273144],[48.030120985243165,45.58694715265485],[48.01589735243078,45.58802869562399],[48.007224934896044,45.59779676203379],[48.00776624891523,45.61379624663164],[47.976455891927166,45.61848673057424],[47.97951388888912,45.62661132367622],[47.9922302246095,45.631640891820425],[48.008517523871824,45.65320529069967],[48.00971950954869,45.66674017568726],[48.00026475694476,45.6811686153626],[47.990817192925654,45.68305541549345],[47.997184244791754,45.69596692808493],[48.00847981770851,45.69305826380428],[48.02194173177093,45.69638617179172],[48.02803683810793,45.69256699861315],[48.03249728732651,45.67916937491042],[48.0661626519099,45.650790468650186],[48.063294406467136,45.64141234907211],[48.0711200629342,45.61914699533151],[48.08076944986993,45.60408894411091],[48.07522501627624,45.58782510946949],[48.06185479058177,45.610871577576745],[48.0597119140628,45.632282846030726],[48.04366183810775,45.639921056753984],[48.04521443684911,45.62868828222729],[48.03833048502622,45.62527519628868],[48.038330620659906,45.599441727312204],[48.04313720703141,45.59223700183213],[48.04844360351575,45.57229939331795],[48.06835015190989,45.567649870746855],[48.077795952691304,45.578623178042434],[48.08224039713553,45.59244018108575],[48.09130805121542,45.595624317371566],[48.11820502387166,45.583753928912365],[48.12446560329886,45.5740870452283],[48.121669379340574,45.56337415459948],[48.13194173177095,45.55467623792963],[48.11791707356804,45.543707542179106],[48.11444715711831,45.5238861717292],[48.09750271267398,45.52893038831088],[48.08910319010425,45.548608393960386],[48.07860568576416,45.531389698207576],[48.0818405490454,45.522508133534345],[48.07709174262169,45.512515457749295],[48.09877861870671,45.5102167381305],[48.113006456163305,45.50013237397743],[48.11805040147584,45.48761284272292],[48.11227389865468,45.479447152615876],[48.102773980034904,45.49638657862023],[48.08786200629344,45.478604324924525],[48.09710503472235,45.47224907318606],[48.12998725043421,45.47215223073807],[48.121801893446275,45.459262962070135],[48.11200073242219,45.45893757687043],[48.10557766384562,45.4490361825525],[48.11192477756088,45.442556012194295],[48.11049194335964,45.4297249303753],[48.13750352647587,45.43003119122622],[48.12111382378499,45.405035260227464],[48.1352058919274,45.40592678041001],[48.142353515625246,45.39469671855696],[48.153608398437775,45.38610839390094],[48.17449042426227,45.37734238912342],[48.17220703125014,45.36643974697532],[48.175807698567944,45.358652067936006],[48.19065524631088,45.34881198004178],[48.19405504014787,45.33864325173948],[48.20779744466176,45.34139783615875],[48.21024034288206,45.34753051302742],[48.225070529514134,45.35806830057474],[48.230091010199885,45.372304140423715],[48.24329128689255,45.378051482005596],[48.26184421115482,45.38181070509732],[48.27555908203156,45.38780883335483],[48.288121202257116,45.38779893209603],[48.30135891384589,45.39455145488498],[48.32693305121551,45.41875406448602],[48.31986626519113,45.420677621344176],[48.309986707899725,45.41275824200102],[48.2820235188804,45.41414577455375],[48.26858642578161,45.409487028892215],[48.251941731771126,45.42583061613773],[48.25227037217905,45.4347249303772],[48.22772610134558,45.436663949475175],[48.21927585177963,45.43304524287648],[48.213925645616534,45.41667927607372],[48.20468709309915,45.405474442085264],[48.19167521158886,45.40361015714523],[48.18777506510429,45.40972493036811],[48.19665405273457,45.4178267370117],[48.19750271267372,45.43094278519348],[48.20527194552966,45.4484833396704],[48.19607489691856,45.453642437979646],[48.203554551866546,45.46051377587278],[48.226114773220665,45.45106946705851],[48.243891601562716,45.45110839392483],[48.23174831814247,45.46389336029244],[48.23391872829876,45.472219505043626],[48.24360337999143,45.47247571706631],[48.245070258246756,45.48323675765179],[48.254795057508986,45.495182558437534],[48.27043117947085,45.50582139307679],[48.24806925455755,45.51001993365997],[48.245238444010674,45.51987670449678],[48.24999728732666,45.53237901027395],[48.23815565321206,45.53610839395591],[48.21909057617211,45.52828151678296],[48.21234551323812,45.53832668280215],[48.183643934461934,45.53716660793207],[48.18694173177107,45.52266655367313],[48.18260281033007,45.51560926200398],[48.18084282769121,45.49300482406163],[48.17068684895849,45.493445497889944],[48.16013237847238,45.48522880951889],[48.15446126302106,45.49166625526781],[48.1551475694447,45.50214694103559],[48.14255886501752,45.50701741087239],[48.14683539496542,45.5163646059712],[48.13908013237852,45.51966986313393],[48.150066460503695,45.535009896776664],[48.163471950955106,45.53296196383314],[48.14719835069451,45.560476883548034],[48.130637207031555,45.57137274401207],[48.15047064887175,45.57562526680013],[48.15337185329882,45.58142618368581],[48.11540486653661,45.596391597102794],[48.11027045355916,45.60311414484828],[48.121762152778054,45.61449991416669],[48.1211070421009,45.62950533951926],[48.135398898654614,45.63728365983462],[48.13556450737882,45.644186329107974],[48.148231201172166,45.65981485558928],[48.13077039930578,45.65845661991167],[48.1307756890194,45.666357146173205],[48.152035861545414,45.67270629439614],[48.160018988715414,45.663058263793666],[48.16866265191004,45.673552648562946],[48.15317789713555,45.687219505121725],[48.16060329861136,45.696582569361176],[48.17258002387189,45.687984072179255],[48.1880422634552,45.701681039415256],[48.19769666883712,45.69290187817071],[48.213385823567876,45.68554239466105],[48.226975640191135,45.68860758020903],[48.23530626085095,45.68503336145767],[48.24166395399317,45.696135792017195],[48.228347032335236,45.70251993372969],[48.2307176378041,45.712674284861734],[48.25137532552105,45.70334716354775],[48.26695339626758,45.70668537969475],[48.260275065104445,45.722046572191566],[48.264149712456856,45.73254353400088],[48.27511813693599,45.73061211038909],[48.28640557183172,45.73860229051351],[48.29028103298629,45.72331393330306],[48.308052842882084,45.700962587808974],[48.31261678059923,45.69146456805741],[48.324856770833485,45.68313869457343],[48.33580281575541,45.654755990570074],[48.34274020724854,45.64620781348369],[48.34673624674492,45.63047023752311],[48.344889729817844,45.62208332888285],[48.35197726779534,45.601477181957165],[48.33720296223987,45.600529780698125],[48.356119384765854,45.58248575399871],[48.361318766276156,45.57280191610462],[48.349692382812634,45.57083061619073],[48.3470846896704,45.5639666025164],[48.3322821723093,45.55523654066428],[48.3460007052954,45.54834838419473],[48.35497626410603,45.536051156542634],[48.37616767035615,45.53185356539546],[48.40945705837686,45.54202025919239],[48.41548326280428,45.536458057584426],[48.43262695312524,45.554106440837444],[48.43364095052118,45.580332298051765],[48.42718668619812,45.59284219931498],[48.437418348524425,45.60101629871031],[48.43672024197076,45.61371771473064],[48.44974216037371,45.61304185210017],[48.46853949652797,45.60755804675963],[48.483608398437624,45.592497282865246],[48.50182752821201,45.59236137791725],[48.515004747179034,45.5977756031797],[48.513038465711986,45.61068765830586],[48.5236519368492,45.62722493044733],[48.53167819552971,45.6320724781921],[48.52243041992221,45.646196420254384],[48.52524047851585,45.66114148861927],[48.517747531467194,45.67310288727811],[48.521799994574955,45.682922223219066],[48.543884006076716,45.68065266484153],[48.557998996311085,45.68718044262171],[48.56086547851589,45.677547196090394],[48.574739176432495,45.67319444001244],[48.57237643771719,45.658402230805784],[48.56180392795153,45.660583898558436],[48.55697957356796,45.65026488813786],[48.57584011501763,45.61786390071305],[48.58536770290818,45.614639481223996],[48.6127804904516,45.62640299034285],[48.62096299913213,45.61507391590291],[48.63073608398463,45.61126708538942],[48.63882419162343,45.61619967545198],[48.63572455512171,45.633507482532906],[48.64947428385432,45.626669374891634],[48.675751139323154,45.62060383669484],[48.68336466471385,45.605972895934414],[48.70757581922759,45.60842827245434],[48.722776828342425,45.61858180978439],[48.737230495876986,45.634452984920344],[48.75223008897604,45.64468939442918],[48.765365939670396,45.63544623036346],[48.79131754557312,45.638262528107454],[48.8078009711374,45.6461182952544],[48.81970255533883,45.66277234799478],[48.82805867513042,45.66748670346538],[48.83181423611143,45.68041422083099],[48.84565036349846,45.68697007478321],[48.85500786675373,45.703896751221464],[48.84436876085101,45.704049610379464],[48.83723008897594,45.696674528996624],[48.815137668185955,45.712242291589014],[48.837975396050574,45.71592867939422],[48.84520005967902,45.725282791810734],[48.854081759982925,45.72408175556895],[48.85250786675368,45.70778564011181],[48.86201795789963,45.70274074536167],[48.87749213324668,45.706936573271165],[48.880530056423936,45.72177815313758],[48.888659803602586,45.72635036451083],[48.86661227756093,45.736715354749016],[48.85569444444456,45.73236110670042],[48.82444444444484,45.72927340596144],[48.81145629882849,45.721251894456884],[48.80131700303838,45.722655296150194],[48.79851847330757,45.713958735817094],[48.78196506076409,45.717542042024945],[48.76651245117216,45.71565795456777],[48.753050401475996,45.707777637724554],[48.76091335720508,45.69416937491582],[48.78028333875897,45.6938914615044],[48.79805284288227,45.68965955503581],[48.79750379774321,45.68249741853156],[48.78428629557317,45.6796364973064],[48.78028049045167,45.6602750606675],[48.76478474934918,45.6558360415688],[48.74276041666701,45.654812007280086],[48.74891045464431,45.669704856677825],[48.74451321072081,45.69050807934165],[48.75249728732671,45.70467596671657],[48.736623399522834,45.71402397561747],[48.73075697157145,45.72607584194118],[48.73524685329874,45.733599713471655],[48.74098727756108,45.75665567593661],[48.75250691731799,45.760841738221075],[48.754152153863004,45.774458952852676],[48.77527506510444,45.77551472542259],[48.78105943467897,45.78444715272608],[48.77138549804715,45.789136144698155],[48.756564534505344,45.80797769743933],[48.7690365939672,45.807533361501825],[48.76276448567739,45.8207891123745],[48.77305813259573,45.82555270287101],[48.76641832139779,45.836029455261844],[48.77305284288211,45.84277506073305],[48.76111816406268,45.84714884003156],[48.75970838758712,45.856669781875105],[48.745903727213715,45.874354108053325],[48.732502712673806,45.884398460270546],[48.73694715711832,45.890863168389096],[48.73275458441873,45.90210733614474],[48.742235107422175,45.92136324978005],[48.76834052191873,45.90798800563468],[48.77459621853319,45.8986912662651],[48.79076090494806,45.890431988918486],[48.80317016601583,45.894705670560505],[48.80583062066,45.90510985893225],[48.7950027126738,45.91222493054942],[48.80168565538218,45.91694172742606],[48.821745198568,45.9007741926982],[48.826941731771,45.886881912962195],[48.8330423990887,45.88161864798663],[48.83217759874162,45.83235513885439],[48.860289306640816,45.78459377273478],[48.871143120659944,45.755445416604644],[48.89266493055584,45.758886171814176],[48.90649753146721,45.767800831105674],[48.91257934570343,45.79190374995114],[48.89474527994822,45.790664193743936],[48.89401150173632,45.776066618869045],[48.8839929199222,45.76700330506359],[48.87123874240473,45.76837835931751],[48.86333021375879,45.78556938579942],[48.851297607422225,45.80186061844419],[48.840640326606085,45.82150023976193],[48.840348849826626,45.845990121498126],[48.860552842882264,45.85058539059688],[48.86004448784746,45.8667910383892],[48.865274658203425,45.871402719163335],[48.86126790364619,45.89260619681845],[48.86583062066,45.9109543142295],[48.8786168077259,45.91302679686913],[48.89004082573803,45.9200027083299],[48.899763047960214,45.91194715277147],[48.91830851237011,45.90863606336061],[48.93111938476584,45.916121414925726],[48.92636393229201,45.922507998044324],[48.9334387207034,45.928658036024],[48.92891289605063,45.951080453566625],[48.932143961588785,45.956941727440224],[48.924791395399495,45.96480685331108],[48.929209798177446,45.97864704971349],[48.95863552517391,45.97735690214378],[48.97036838107664,45.9818671289248],[48.975827501085234,46.007369448269685],[48.9674403211809,46.01194165964278],[48.94892144097241,46.00685675295713],[48.944991319444675,45.99860310440811],[48.93360568576418,45.99929327639186],[48.897839491102786,46.01415031849787],[48.883058268229426,46.01330342179607],[48.878330620659945,46.00401448136314],[48.86805243598116,46.004738087049155],[48.85897352430579,46.028634910516786],[48.875836046007294,46.03694722063254],[48.88633789062516,46.0308371945888],[48.90611382378489,46.031391665074956],[48.91217135959226,46.038979352252206],[48.89611368815128,46.04361402293528],[48.880002712673786,46.039752125147544],[48.88806274414094,46.06799302413744],[48.89524671766526,46.06193528487735],[48.90027506510448,46.04805277076659],[48.93890787760432,46.03694722063254],[48.95138617621557,46.04501898441591],[48.953864881727775,46.05530849451046],[48.97549791124163,46.04477213111701],[48.97942586263042,46.04011250383685],[49.00084052191863,45.990810135655366],[49.01298923068594,45.96553900391894],[49.0063140190976,45.95775159614707],[49.01915662977449,45.95205796550276],[49.02203559027798,45.93226005967966],[49.03527452256963,45.92696424262061],[49.02333604600715,45.94780761285371],[49.02483018663207,45.95353460938358],[49.016500651041895,45.968679873060886],[49.01445149739617,45.98548217341388],[49.00389512803842,45.99222167536945],[48.99414279513911,46.01480183488253],[48.99918321397587,46.023117807107624],[49.023827853732996,46.025445213250016],[49.01460937500025,46.04774101675188],[48.99453938802099,46.038503549300536],[48.9838861762156,46.04110832631975],[48.97444715711828,46.060836109529866],[48.96375000000017,46.06291666237351],[48.959724934896144,46.0566694428618],[48.931737196181075,46.0711602062131],[48.92418158637173,46.07746344243497],[48.931663953993215,46.0911138873183],[48.94124091254359,46.09324089469747],[48.950568847656484,46.10194518615028],[48.957504475911655,46.09631136995904],[48.96635403103334,46.11143296555881],[48.98303765191008,46.087870072212944],[48.9958399793839,46.09833244743371],[48.99736287434927,46.12266540100124],[49.020558268229415,46.123435393405835],[49.01736111111142,46.100972217942456],[49.02778103298647,46.11918890631676],[49.059668511284876,46.13301709913841],[49.06265218098985,46.14139471687145],[49.08831407335105,46.136963903610315],[49.081907009548836,46.12558600104551],[49.06833604600728,46.123058331773834],[49.069507107205084,46.10833610954641],[49.07639594184054,46.099713876470595],[49.08989122178866,46.09867960183912],[49.09078260633697,46.0856369992955],[49.086114366319975,46.07998019319532],[49.120994466146094,46.06287102163987],[49.13867702908021,46.037459780311686],[49.14727105034745,46.01995849178545],[49.16655653211841,46.02039997941577],[49.196332465278154,45.996481115474985],[49.21988199869827,45.99060831273858],[49.229029676649816,46.00890909399496],[49.241816134983196,46.01334485788553],[49.245384928385704,46.03033718102511],[49.2344886610245,46.03748670359722],[49.23297824435803,46.05551696347763],[49.23473714192744,46.07837612147169],[49.245312228733034,46.09456372998434],[49.2388471137155,46.11381618496089],[49.225986056857835,46.13457498759392],[49.22992296006975,46.14192463766148],[49.22805284288216,46.156669442896685],[49.251663953993265,46.168255136260186],[49.257036404080175,46.17706840937514],[49.26805826822954,46.168968908504304],[49.29805826822957,46.15919222935598],[49.30583062066011,46.14894415535054],[49.32410563151069,46.14166944289147],[49.334273274739985,46.165394282851956],[49.33114149305577,46.18746622296383],[49.33555826822954,46.194441659706776],[49.318859049479556,46.196669442910675],[49.30111382378504,46.208886104156264],[49.293301052517684,46.22597988128898],[49.269418945312836,46.23221943749765],[49.25867458767402,46.23195162879534],[49.23916069878492,46.25099168142784],[49.238047960069814,46.26939500174661],[49.22621419270853,46.27880994586882],[49.222568088108055,46.29123114270477],[49.2286083984378,46.293904482549436],[49.21355034722245,46.3122722668441],[49.20535047743073,46.3176658079701],[49.196947157118245,46.33671291355387],[49.20682508680591,46.33889492039046],[49.22402126736137,46.33184644491072],[49.24635850694483,46.307697410614004],[49.26377441406276,46.2917131848056],[49.290474989149565,46.28048054591277],[49.28333875868089,46.270704070214904],[49.315539008246894,46.27389770085852],[49.3150027126739,46.29028055405414],[49.30121934678839,46.32115803616143],[49.287300347222526,46.331386104198636],[49.271391601562925,46.332202415505414],[49.260196397569686,46.34272684313479],[49.27778374566003,46.3497241847171],[49.24698730468788,46.36137939034172],[49.233313802083615,46.36416340726978],[49.22470350477449,46.354169036064164],[49.23125732421903,46.350247459456824],[49.24126220703152,46.33079121487559],[49.26473008897591,46.30941914455568],[49.28416395399329,46.287497215294536],[49.26357286241346,46.2942037582657],[49.23169596354188,46.328554479848705],[49.21896321614622,46.33960170750004],[49.20750271267399,46.35890787341388],[49.20972493489608,46.37058667929884],[49.21765679253508,46.3716694429712],[49.22769992404534,46.38426872682972],[49.214329155816344,46.40604267974516],[49.20180392795168,46.41252054433077],[49.20836480034767,46.417802662388084],[49.231462944878736,46.40523545589506],[49.24461100260453,46.39065415706181],[49.24639241536487,46.383024423443985],[49.2586010742192,46.37749199342891],[49.28388617621572,46.37448594416578],[49.29379421658018,46.34686278877438],[49.31139160156276,46.350015593679856],[49.31937011718792,46.355217552232006],[49.31222493489622,46.365863236371894],[49.32100287543461,46.37319647476421],[49.34415147569484,46.34804293742914],[49.355830620660065,46.320954382189875],[49.35330837673637,46.30969237860527],[49.362497287326725,46.296493458244775],[49.358613823784985,46.29060146334246],[49.38196967230925,46.27776875391983],[49.39168375651064,46.26719719358608],[49.43590277777808,46.26717827268771],[49.44617051866334,46.25528184256222],[49.47333685980936,46.25114237044701],[49.48055121527818,46.24225354937181],[49.4950138346357,46.23220221202024],[49.5125097656255,46.211325001183944],[49.536622992621915,46.202502776245964],[49.548060167101085,46.21361015743474],[49.56668484158007,46.21643099890709],[49.5883295355905,46.215726110668996],[49.59680853949675,46.229310027231804],[49.58919135199681,46.24339904362127],[49.56872721354205,46.25082722559006],[49.55116861979206,46.242739728299924],[49.54083062065996,46.24444165972406],[49.52086480034751,46.27111015745471],[49.46188666449711,46.30278496215318],[49.429994574652994,46.32416137275079],[49.429922960069746,46.33466647258083],[49.444128146701644,46.34471875936812],[49.45387396918425,46.34706061049744],[49.47916937934047,46.341113887405136],[49.48798068576422,46.33088303887723],[49.51263156467053,46.32838208944064],[49.54944797092048,46.30941331230738],[49.55437689887179,46.31265461818957],[49.58083034939273,46.305286182857216],[49.57359157986133,46.29279961058731],[49.59519585503506,46.27946736231868],[49.62019992404555,46.26783609603862],[49.62805826822937,46.25528068967582],[49.63583414713565,46.25248297374596],[49.647129991319844,46.23949292925363],[49.65868923611151,46.23583610959094],[49.668790961371826,46.24555277083577],[49.71593207465321,46.232517831594926],[49.74168023003506,46.22858506520912],[49.709887966580304,46.255700408100395],[49.68175754123302,46.2776958508164],[49.68167833116348,46.280048620457094],[49.64863606770866,46.308570755883416],[49.64680582682314,46.32153509779335],[49.67110514322945,46.329572207171005],[49.66362494574678,46.34026183662351],[49.63465549045163,46.34674722887843],[49.63000271267384,46.354136755248085],[49.63888617621574,46.3673432710947],[49.63757568359397,46.37513888470417],[49.65945936414977,46.383296775874456],[49.67610270182314,46.38166367854316],[49.71641818576427,46.386408144690606],[49.725109320746746,46.39304483631631],[49.745229492187946,46.39703422976373],[49.78995686848981,46.380025020231],[49.81444173177124,46.36805277087794],[49.841167805989855,46.36389166519071],[49.847497287326746,46.37120794937294],[49.8364122178823,46.378866030430224],[49.83109917534761,46.392607485513246],[49.812520345052576,46.40719997412487],[49.81361382378509,46.41469231082454],[49.83611382378495,46.4186081908171],[49.82694580078168,46.428338144162524],[49.80666937934057,46.43750277632709],[49.78389160156274,46.444414533056865],[49.79721950954894,46.45053995352331],[49.79000244140662,46.46638596861118],[49.81080403645877,46.46782538104668],[49.82545355902823,46.45841443811814],[49.81664984809072,46.449462004846744],[49.83164713541697,46.44166991771323],[49.85222493489612,46.43611388743776],[49.85888617621555,46.42610832645336],[49.88225694444469,46.421107580466426],[49.897032063802556,46.431233312891855],[49.902894965278165,46.4408869044749],[49.901716308594125,46.467523392656794],[49.89697889539974,46.47179029261483],[49.889584418403096,46.492476734679116],[49.90496853298656,46.500808440411134],[49.908745930989824,46.51434217251215],[49.901102701823156,46.53527384027103],[49.91369900173635,46.55602314854622],[49.9393695746532,46.57997297087422],[49.97416937934065,46.58888610428676],[49.99361192491352,46.588758845985666],[50.02611572265653,46.58333071827117],[50.04324001736137,46.58728284636511],[50.041978352864874,46.595895551174756],[50.05360839843797,46.614724998609574],[50.0709383138024,46.63116831051828],[50.06699164496552,46.63828134763013],[50.04165201822957,46.61586327036555],[50.035539008246865,46.59264159745182],[50.01925157335103,46.59087130665263],[49.99056803385446,46.60047159419938],[49.95255588107665,46.597297291355495],[49.940830620660044,46.59166944304624],[49.912224934896244,46.567219437612586],[49.90981011284754,46.57657870410874],[49.92415500217055,46.58150942920806],[49.92359700520875,46.59194172766005],[49.95603841145872,46.60889590382671],[49.956927354601135,46.61305487328346],[49.97979166666693,46.621656727398914],[49.98665256076435,46.634159575710235],[49.9947024197051,46.639718996827554],[50.00465494791705,46.633980878336246],[49.99805826822938,46.62478481306602],[50.00069173177115,46.61265295677937],[50.023079969618486,46.59403194440334],[50.03028049045173,46.60361388749464],[50.0196031358509,46.606366674767784],[50.01777506510461,46.62166944305628],[50.0430645073788,46.62729685055603],[50.07500840928855,46.65054727781003],[50.07255045572958,46.6602827582278],[50.081098904080186,46.66913851859322],[50.12055284288237,46.70139166530554],[50.13231933593777,46.70342128770189],[50.164447157118325,46.7213861043312],[50.172775065104354,46.7386138875401],[50.18629692925389,46.74909938830315],[50.1946961805558,46.75081389975116],[50.211219075521115,46.76435278593202],[50.22976671006984,46.76831525609382],[50.24231228298651,46.75414112957002],[50.24048882378519,46.74642676053537],[50.228093532986406,46.72894164632591],[50.233187120225914,46.6966724948395],[50.24026285807337,46.70292612304243],[50.23817247178863,46.71513810492606],[50.26637532552126,46.74830223525384],[50.27997016059066,46.75555833199013],[50.28953911675381,46.770223520254575],[50.28902370876772,46.776781917338006],[50.316171603733096,46.80878580325359],[50.325078125000466,46.81694165991866],[50.33972493489614,46.811669443119996],[50.345451931424066,46.82016499433814],[50.361663953993556,46.83222499868238],[50.36114990234415,46.85042324087593],[50.365467122396176,46.857771076843065],[50.38360839843784,46.86828519631269],[50.388636067708944,46.857938923522745],[50.39725477430585,46.8534048591224],[50.39500352647603,46.840277061673454],[50.38527615017403,46.83751047367343],[50.37864800347267,46.826918771738384],[50.37713704427114,46.80438411732549],[50.38673746744831,46.80221943769163],[50.38869032118112,46.82294551869886],[50.38271050347253,46.83101918135346],[50.38800889756993,46.83777499325893],[50.40261230468796,46.832240393105195],[50.408597005208776,46.844443524890956],[50.42166395399351,46.85665294668853],[50.41055284288233,46.87333610980733],[50.419391004774575,46.88231397439358],[50.42080349392386,46.91194165995017],[50.44947970920185,46.901391665372046],[50.47891438802129,46.90972442226501],[50.48723741319486,46.902528038256534],[50.491108398437966,46.88537985506407],[50.48695855034754,46.87916574712469],[50.509989420573326,46.87057518451336],[50.521330566406554,46.88673059698068],[50.542824164497,46.88953721387069],[50.55778049045177,46.89583054883386],[50.57042616102478,46.891654455624874],[50.58223632812541,46.903055856724706],[50.58674424913237,46.92048278408491],[50.59967827691008,46.942174254768005],[50.610932888455224,46.9491225139121],[50.621134711371894,46.96149745966271],[50.635171712240094,46.94625375984208],[50.67971381293455,46.97359732335492],[50.688869628906616,46.9880329346606],[50.7027750651045,46.9864078905791],[50.70024251302123,46.97325615378551],[50.70651774088577,46.95875097935588],[50.720474989149636,46.95769386740335],[50.720836046007264,46.96721943774615],[50.73941460503533,46.9905476593929],[50.74955837673655,47.01079988718271],[50.76128987630244,47.02106473737873],[50.76615207248318,47.00341312434938],[50.76437554253539,46.98814857932749],[50.77376139322962,46.980049163227946],[50.76944715711851,46.97337179845238],[50.78493733724007,46.96889166539439],[50.79333902994841,46.99000080134693],[50.79181857638928,47.00737818002827],[50.79955593533032,47.02244441165481],[50.80999728732677,47.03000277652558],[50.84534342447966,47.036399082883314],[50.854099392361434,47.05364732982376],[50.872588975694775,47.06486481165246],[50.89257134331632,47.072196753047606],[50.92532280816005,47.07214489859599],[50.93193169487887,47.06783755860847],[50.9526462131082,47.07027499757406],[51.00393853081641,47.06722448165651],[51.050160861545685,47.080830553133055],[51.08193712022609,47.07804689648195],[51.09816026475727,47.078555115883304],[51.13307128906297,47.08944376656904],[51.154433051215676,47.098040778138085],[51.1769368489588,47.112508657544055],[51.19863633897609,47.116816372643626],[51.21194444444495,47.116797133853666],[51.24751003689289,47.13075283049727],[51.252578667535204,47.12529379451277],[51.281945258246985,47.111750906079074],[51.30768229166722,47.10919979337332],[51.32867458767401,47.10947972221664],[51.34000271267399,47.1233135427761],[51.36360839843786,47.11808545354774],[51.36419813368098,47.110449524225636],[51.39967068142396,47.11027499546783],[51.42291937934078,47.09815934316767],[51.45065375434069,47.076732974871106],[51.50108018663252,47.07418044225038],[51.525215386285254,47.05972499875746],[51.551186523437984,47.05835120759223],[51.56496907552122,47.06174558879848],[51.57509114583387,47.048060239435586],[51.56246744791723,47.047014978476064],[51.57297092013931,47.03355620941511],[51.58788953993092,47.02270860911039],[51.58361436632003,47.0114084415991],[51.59067003038252,46.9931188501218],[51.558127170139414,46.97253488778041],[51.532051323785076,46.99577763477699],[51.4889751519101,47.00693770117342],[51.465574544271185,47.00971943776017],[51.443961046007416,47.00809699614994],[51.43611382378509,47.01583054887332],[51.40419813368111,47.01860763152938],[51.37099609375042,47.01871359534236],[51.36289984809081,47.015288768613175],[51.334195963542236,47.01831408633605],[51.328613823785176,47.0255583320796],[51.308886176215715,47.03055277110031],[51.26809461805613,47.029183235441806],[51.23887179904552,47.02402777381085],[51.23896402994842,47.01950643354522],[51.1948304578998,47.01265816185515],[51.17509250217057,47.01638610442895],[51.167932671441505,47.00528055429526],[51.15309624566015,47.004724998739505],[51.13844346788238,46.99939373890421],[51.13529676649347,46.99111388762384],[51.08484592013939,46.982336353983726],[51.058364800347704,46.968902770401826],[51.05647243923657,46.96115832459857],[51.043295355903126,46.959865684759876],[51.03877766927126,46.96765444886832],[51.02627766927128,46.970864677683416],[51.016074218750354,46.98103503358946],[51.01752061631998,46.9989635173465],[51.047944878472656,46.999353167479484],[51.06035074869835,47.00696933772941],[51.041105685764364,47.010133332413616],[51.034879014757394,47.01583054887332],[50.97805826822969,47.007716806466114],[50.95638943142392,47.01278169022968],[50.94787245008729,47.01025121503643],[50.94422309027817,46.99014853185635],[50.93775526258713,46.9854487909152],[50.96008029513922,46.97428688498708],[50.95805121527808,46.96138690125886],[50.984146592882276,46.95306931838389],[50.977656792535186,46.945002776497525],[50.96674370659758,46.95445388394964],[50.94525960286513,46.958979929008656],[50.91559624566009,46.96782578811525],[50.89288492838574,46.96742470236754],[50.884703776042095,46.961020859863275],[50.85523410373309,46.95295491137428],[50.83059922960114,46.926424997357394],[50.813613823785204,46.92440364861531],[50.81701660156306,46.93906705668758],[50.8132687717018,46.945361951438024],[50.793057454427526,46.935854827275904],[50.7875689019101,46.92689020392757],[50.80481553819476,46.925565961441215],[50.810072428385865,46.92085035135945],[50.82927056206636,46.917557352090796],[50.838941786024684,46.934126074291235],[50.85250271267409,46.93888610440355],[50.86916937934069,46.94901604147279],[50.89703097873314,46.94904596565362],[50.92252929687549,46.95110892002709],[50.9572610134553,46.93731978970575],[50.98623752170193,46.93471943773543],[51.00358127170193,46.93110832662317],[51.07166395399342,46.93028055427038],[51.11274468316025,46.946024928868844],[51.11720838758714,46.95387598274508],[51.12928955078178,46.95596784404669],[51.15161078559095,46.97526812684935],[51.18796332465331,46.97698507970359],[51.19368896484423,46.96586374520012],[51.21972140842082,46.96499662212589],[51.2369471571186,46.97249721552586],[51.28055826822974,46.97250277650658],[51.29314127604221,46.97666388219368],[51.31552842881984,46.976359282855526],[51.32684190538231,46.97364504945625],[51.35049316406292,46.97639166539673],[51.37865017361162,46.98305243200051],[51.39351671007,46.974051153650095],[51.40091200086862,46.97651468514506],[51.42464463975751,46.974093301816424],[51.453063151042215,46.97632332297603],[51.495673828125454,46.962472682780415],[51.50499728732688,46.95583054885361],[51.524719509549016,46.95078295838418],[51.530951063368484,46.94402734992917],[51.55471950954898,46.93694165995847],[51.59483940972279,46.930229132151375],[51.60970323350733,46.931391665381916],[51.61914171006986,46.93804653192063],[51.628974609375454,46.92938988179831],[51.64785970052139,46.925506469118154],[51.64841742621581,46.918027288885526],[51.639899631076894,46.902178527215824],[51.61784396701427,46.891365233755245],[51.59559082031308,46.893550868792765],[51.5874240451393,46.88908379047643],[51.609447157118545,46.88249721549596],[51.56463433159768,46.85314350997409],[51.552594401042086,46.85784787941469],[51.547792426215715,46.8514194363517],[51.55037217881999,46.84025193553421],[51.59433105468787,46.867494841901674],[51.608446180556136,46.85250277646707],[51.619724934896226,46.85971970897798],[51.62721950954915,46.874114969263886],[51.624447157118645,46.886625870825],[51.6404340277782,46.8894237902052],[51.652692599826814,46.883158938315226],[51.6693988715283,46.880070966309],[51.66833604600736,46.871963446096885],[51.688860134549145,46.84612470436191],[51.69057779947962,46.83630604658956],[51.702105034722706,46.82830525313005],[51.70894639756982,46.815418900586565],[51.732649197049334,46.80282290584497],[51.75413682725735,46.80035444067501],[51.75836968316018,46.78002295195279],[51.75305284288237,46.760428394925775],[51.75583604600751,46.750168351248426],[51.772887912326894,46.7782608669912],[51.77173068576434,46.78999613039583],[51.76428982204907,46.801876793105926],[51.75260850694491,46.809479569529934],[51.75885253906295,46.81720936689574],[51.787807074653415,46.83869536950709],[51.801250542535286,46.84346007898131],[51.844398328993464,46.84721943770657],[51.880909830729706,46.83495059140249],[51.89139160156293,46.834724998683235],[51.92746148003521,46.823635283781535],[51.94221950954903,46.82494045278157],[51.96670138888941,46.815586035189504],[51.99050401475756,46.81527499325149],[52.044415147569836,46.80140814483108],[52.053135308160336,46.79341443823128],[52.092651367188004,46.78466199682198],[52.1097195095491,46.77782812773326],[52.117763129340915,46.784446169727715],[52.13747775607692,46.78654693198966],[52.15863009982701,46.7788694214078],[52.17445041232701,46.779574987814165],[52.17026421441028,46.78780866430341],[52.15945258246586,46.79126260988836],[52.12710123697963,46.796386104356245],[52.10570203993108,46.795362917778206],[52.07053819444502,46.80929761694739],[52.05281575520877,46.82332970109918],[52.03372450086846,46.82801984595745],[52.018768446181,46.82564259443769],[51.99190972222272,46.829657724376],[51.969609375000516,46.828216040076484],[51.95112358941025,46.84242210833209],[51.93743272569492,46.8483924995016],[51.937794053819964,46.85777792634393],[51.91725423177132,46.863687197586174],[51.905757921007535,46.87520475197915],[51.8600623914935,46.88360832660743],[51.820346679688214,46.881920331544045],[51.80045247395873,46.88367360031623],[51.77749728732686,46.89277499327718],[51.769050564236565,46.89916052523456],[51.75612033420179,46.89830706725365],[51.7641639539936,46.91275305453596],[51.75832519531291,46.922000287611986],[51.759272460938064,46.93768118564764],[51.77256673177135,46.9337255649867],[51.79775010850738,46.93697855231952],[51.79687934027817,46.926622751263636],[51.775558268229645,46.92029974643296],[51.77721625434066,46.90164897941833],[51.78734320746582,46.89472499870315],[51.80388617621588,46.89719749897528],[51.80362304687542,46.90651337964793],[51.82007486979228,46.913643811779075],[51.855483398437904,46.908979895083796],[51.86542751736151,46.91233843932848],[51.87008789062548,46.901754621101354],[51.887794053820016,46.89750014857927],[51.91818576388948,46.90831118712995],[51.95518554687555,46.86844146326686],[51.95067111545199,46.85890636465815],[51.97958333333378,46.84402031389899],[51.99275878906326,46.85055833202195],[52.01034559461868,46.853366322202916],[52.01833875868095,46.85972103140638],[52.026837565104756,46.87403080856501],[52.057502712674136,46.86194165993362],[52.06353298611168,46.867962947641765],[52.09277452256986,46.85669211091386],[52.106277669271435,46.8436275526685],[52.121479492187916,46.83832098664018],[52.13609700520896,46.83779699982356],[52.146265733507555,46.828646168386115],[52.15801486545194,46.825558332013514],[52.16442599826433,46.837715890882684],[52.17600043402854,46.839515919366285],[52.18585666232689,46.83523888079076],[52.19249186197958,46.82639739587015],[52.21335720486172,46.814671965907486],[52.21584743923659,46.82110310469009],[52.19750325520897,46.8397024495855],[52.19585015191017,46.84776822853242],[52.17333604600746,46.861240399896644],[52.186588541667284,46.862161030457806],[52.19250271267407,46.8509538059261],[52.198357204861736,46.84852959124423],[52.198058268229644,46.84113012970754],[52.20971516927147,46.834513342324755],[52.21889485677133,46.82301906606216],[52.23814887152827,46.78223262806046],[52.25004557291713,46.77560848255035],[52.27672905816023,46.783608326574274],[52.26389160156299,46.7917979560258],[52.259880099827,46.80553334150133],[52.276982964410294,46.81545664065814],[52.28841471354218,46.80315605607296],[52.29028211805604,46.795833498833055],[52.30583604600758,46.79694165991217],[52.31638888888932,46.807486873402866],[52.32236382378523,46.822069257305294],[52.31971299913255,46.82778540314057],[52.33083604600738,46.8472251004126],[52.32986056857703,46.85559023984689],[52.34234429253518,46.86682221752535],[52.35805826822962,46.876386104382895],[52.365643446181075,46.89074537088068],[52.3878417968756,46.91405057718724],[52.39254611545198,46.92234586527585],[52.39488932291709,46.93930968838806],[52.41066026475754,46.94694165996169],[52.44017849392423,46.94351202671411],[52.45779351128538,46.926945118614015],[52.46138617621592,46.91833621154732],[52.474554578993484,46.906757367684975],[52.49233344184107,46.911975788775074],[52.49923339843826,46.92759595683038],[52.49092122395888,46.92991203756027],[52.4631749131949,46.923436190525926],[52.458336046007446,46.93528055427213],[52.44494683159775,46.94959604499952],[52.42608235677142,46.96011704787847],[52.420310872396385,46.97353466059438],[52.43583604600757,46.97221943774775],[52.437508138021315,46.98223055971308],[52.401289605035345,46.984345360060914],[52.39499728732699,46.988330548864205],[52.35648817274358,47.02215905534502],[52.387953016493555,47.022709897630406],[52.40712185329925,47.01806610558237],[52.45674479166718,47.02333054887578],[52.52333062066025,46.99277499331014],[52.54469075520881,46.989725693857075],[52.57666124132027,46.99084172168944],[52.589756944444886,46.98440263138249],[52.62666937934073,46.98083610984268],[52.65433593750055,46.973257645755936],[52.66808485243103,46.966369641874586],[52.68142795138936,46.96444325366329],[52.7541693793408,46.94222499871897],[52.77169216579915,46.93074326857191],[52.7857904730908,46.93637950921504],[52.82760253906315,46.93860619039515],[52.87028537326455,46.9588091322964],[52.88466959635473,46.959174105576636],[52.8943109809033,46.9545663242709],[52.90409396701454,46.962209519531825],[52.87055284288243,46.960002776502456],[52.82664279513944,46.93997497159137],[52.80477756076429,46.93829214756193],[52.77201605902837,46.9385700440193],[52.66741319444492,46.9701530925324],[52.67138617621595,46.97416388219289],[52.69342936197966,46.97444165997092],[52.71600477430609,46.96779411765094],[52.75276095920189,46.96441171883249],[52.75805284288248,46.96083054885535],[52.784431966146315,46.960077900607324],[52.82216200086873,46.954468718883504],[52.82248535156316,46.96760985929574],[52.81615614149354,46.98183298348664],[52.82386610243106,47.00165325191222],[52.850824652778265,47.00306388457595],[52.85953938802151,46.997924266654415],[52.876353081597756,46.9982702342652],[52.88719184027826,46.98656191957758],[52.89827962239644,46.987286322111565],[52.92854112413261,46.97160861146725],[52.938608398438184,46.96002990323865],[52.957665473090806,46.956070790010386],[52.963058268229695,46.93420745449975],[52.970496419271505,46.91787465013232],[53.00631456163244,46.91789813171317],[53.02104600694509,46.91251666198486],[53.02918674045202,46.91834397657549],[53.04234809027827,46.91228289733628],[53.05399034288262,46.899505933356394],[53.05847764757015,46.91708889031206],[53.04113281250068,46.922752257691265],[53.050796983507496,46.93168366774213],[53.078575303819946,46.90151514288399],[53.07579535590332,46.88751110099566],[53.1006949869797,46.88600902579994],[53.10490614149358,46.870869136607574],[53.11584526909774,46.857129326083445],[53.12494466145908,46.8511916565392],[53.124960394965846,46.84318948978861],[53.13538194444516,46.83928500302505],[53.13639973958407,46.828093461137684],[53.13203613281314,46.81402594268677],[53.13935872395887,46.79668758411974],[53.14725748697975,46.79048624270063],[53.1269417317714,46.76694722088289],[53.11707953559079,46.75265397407911],[53.1228162977436,46.73277068685452],[53.14967990451447,46.72697956950253],[53.157488064236865,46.73364945747115],[53.16698079427141,46.72648348931549],[53.16252441406306,46.70669243299385],[53.1692746310772,46.70169931640144],[53.19388617621581,46.70572872178473],[53.18815104166732,46.679890064820746],[53.219860568576955,46.66038431394615],[53.2225954861118,46.66721567381168],[53.241139865451885,46.6610304728006],[53.239407552084,46.654876467535864],[53.2087543402784,46.64412275116936],[53.242770182292354,46.6107966742267],[53.230158962674174,46.60083939883272],[53.22063964843812,46.60649281409066],[53.20918619791718,46.59831766353459],[53.21122124566029,46.589399477767614],[53.22305826822976,46.58471943761847],[53.24199761284785,46.599871177803806],[53.26555284288257,46.59529150657829],[53.25628743489653,46.57546674528686],[53.23873643663267,46.556773948785306],[53.27007432725753,46.54463025845988],[53.28912543402839,46.52847567674872],[53.29476833767415,46.51145860046256],[53.281783311632566,46.50927313496712],[53.260979275174236,46.4968410874368],[53.25019422743128,46.50875013149459],[53.236293402778415,46.50625162346431],[53.24637369791725,46.48644164624392],[53.24571614583391,46.47518730596245],[53.237784288195144,46.470014033933644],[53.2343207465284,46.45676906593867],[53.247497287327064,46.450596377134524],[53.24150553385483,46.42724717465259],[53.22813530816035,46.42048963341758],[53.23138888888956,46.41228291412221],[53.246113823785436,46.41308098269893],[53.266939561632626,46.40149169504314],[53.27241861979235,46.38819057470426],[53.264724934896655,46.3736671914528],[53.27016981336874,46.356267492553485],[53.277088758681145,46.35625555678978],[53.283075629340885,46.345295338144346],[53.285513780382644,46.33142191149026],[53.27226182725752,46.314142519665815],[53.28020941840333,46.29411261243242],[53.26910319010482,46.27643337251723],[53.27245171441041,46.267484804805896],[53.28634277343809,46.26416944293407],[53.29678765191028,46.234472516383015],[53.28083604600756,46.23101317935932],[53.271105685764496,46.21167527516416],[53.255259874132484,46.20057752396675],[53.264366861979674,46.19351487476719],[53.26860839843806,46.172595278405744],[53.267306857639646,46.164580684218905],[53.24667751736183,46.151132062252415],[53.252773980035386,46.11992058220683],[53.23000922309079,46.09836940761162],[53.229997287327016,46.08360832633476],[53.23788140191038,46.074868498857576],[53.22589301215333,46.06705443906752],[53.2311593967022,46.052390742773326],[53.218104383681236,46.04930107534615],[53.22406032986168,46.04190361440592],[53.217050781250514,46.03467033803628],[53.232990451389576,46.02240084747209],[53.22743381076447,46.01982848690258],[53.21252658420194,46.034005665184445],[53.20431966145878,46.031757130027394],[53.20429687500064,46.02207953128269],[53.21030544704933,46.01199482804561],[53.20546712239633,45.999656706838934],[53.187564561632534,45.987078310567234],[53.184441731771464,45.973058263904264],[53.17165581597276,45.96949041993602],[53.15805881076453,45.97056762262735],[53.1574994574658,45.95387315105019],[53.16631618923685,45.93644869900427],[53.16076226128529,45.92641112847112],[53.177241210938064,45.91303629122678],[53.1941661241326,45.9105433441772],[53.2083517795146,45.903320715051414],[53.22605957031299,45.90055283853149],[53.255002712674354,45.8911138194308],[53.25005479600759,45.883058263872364],[53.22222493489635,45.88507635740604],[53.18427463107707,45.900323753244926],[53.166493598090774,45.915990528424054],[53.15939236111166,45.91788139756524],[53.149997287327096,45.93511284288391],[53.149956054688055,45.951264101570224],[53.137795681424215,45.95942423069648],[53.11609809027844,45.94608194553544],[53.10719184027857,45.93448173936809],[53.11332899305626,45.92852877712651],[53.11102539062557,45.91245252386554],[53.125275065104795,45.907664926207445],[53.09695855034778,45.90166449217754],[53.08975206163252,45.890836041652875],[53.0626833767368,45.88774766274559],[53.05939398871589,45.87383992077011],[53.05395453559095,45.869682070291184],[53.06434733072978,45.856830914687684],[53.05720974392431,45.843972027964334],[53.06306369357708,45.83614094614732],[53.0620860460076,45.823866776221024],[53.07133789062561,45.81462632482891],[53.07704589843802,45.790143631677694],[53.06583062066027,45.79335231765994],[53.05583658854232,45.78418049691005],[53.07528211805617,45.78063476123171],[53.06611382378531,45.76388617181589],[53.06040201822986,45.760555958056045],[53.07243760850753,45.750836041602994],[53.09024305555607,45.75306802945091],[53.082752821181145,45.732242020328904],[53.10083604600749,45.72722493048336],[53.10982747395888,45.720577795064244],[53.1140728081603,45.71078545022575],[53.13159939236174,45.703460010769916],[53.12555826822967,45.69778048602823],[53.10831488715348,45.714919564810515],[53.097660590278444,45.72228691507359],[53.071747504341026,45.72943128356568],[53.06155544704932,45.72769259541413],[53.05083062066029,45.73528048604184],[53.038884548611634,45.729968935475576],[53.05279839409786,45.71001694979153],[53.04445203993105,45.70359767895572],[53.05363009982687,45.695836041583085],[53.02305881076443,45.69807494674889],[53.030459526910356,45.68444172734289],[53.01912109375074,45.681584468227356],[53.00766384548666,45.67180948449979],[53.00805284288265,45.659773894217786],[52.99944173177134,45.65420748796574],[53.00017578125057,45.64500270823149],[53.02890516493119,45.65444430437206],[53.05139919704924,45.65837035689074],[53.06111924913261,45.65556423167276],[53.07868109809089,45.66498154938452],[53.08803493923659,45.66469007260482],[53.094426540799304,45.67295070628857],[53.110811631944955,45.6824805999551],[53.13498372395895,45.68665825295128],[53.16049750434086,45.67774779830417],[53.184715169271314,45.68110975034515],[53.19054253472273,45.68660074427093],[53.217224934896365,45.691113819359195],[53.23221733941028,45.68621852855894],[53.22865451388941,45.677481006854336],[53.20817274305608,45.68027506067475],[53.190255533854675,45.679489470396724],[53.19554144965337,45.669730491443524],[53.18285264757014,45.66327242937525],[53.19019042968819,45.65278048601202],[53.20555284288247,45.64452324317063],[53.21351019965357,45.635689557186474],[53.21364095052149,45.62694715266942],[53.1960053168409,45.6349567284102],[53.1783018663201,45.65250352203633],[53.15527560763973,45.65692450185555],[53.15058051215334,45.66330172625027],[53.11891872829919,45.68194172734194],[53.101841905382514,45.674718013146745],[53.09541666666746,45.65986110667425],[53.084459635417204,45.65808620432987],[53.073892686632526,45.6444441687349],[53.07847222222272,45.637882618168135],[53.05304199218807,45.63029771148137],[53.05651963975765,45.623894716687275],[53.07858181423682,45.630903587132586],[53.086529405382464,45.61712523968839],[53.07686089409776,45.60032280370148],[53.08301540798669,45.59055744996522],[53.08155164930605,45.580638694536326],[53.070560438368766,45.573436817363564],[53.07097764757003,45.56154459188189],[53.066108398438125,45.5562132387983],[53.063648546007414,45.540082053896576],[53.04945041232714,45.52988891153169],[53.05942111545209,45.516396072985124],[53.078619791667165,45.50416571273759],[53.07528049045192,45.488630095327494],[53.0822140842019,45.48284667518648],[53.095755208333856,45.48551553911975],[53.0977859157993,45.471443002222195],[53.11518500434084,45.45909450503896],[53.09578938802138,45.45409504757177],[53.10160373263953,45.4417474998242],[53.11326009114645,45.44444172725571],[53.13378526475747,45.44005031557871],[53.145728081597724,45.43283609574104],[53.16736870659776,45.42583604148496],[53.18116807725755,45.42609618688439],[53.18584581163269,45.42022623245523],[53.2030235460075,45.41984333857486],[53.223908962674216,45.41388834182787],[53.2525092230909,45.39697387242063],[53.251271158855054,45.391202252409734],[53.23746473524358,45.3828434199414],[53.24324273003531,45.37337646030254],[53.25902452256996,45.36779201477099],[53.27846408420197,45.364943164943554],[53.30944715711865,45.3561138192372],[53.332399631077124,45.34707749653433],[53.35245930989651,45.33166937478372],[53.36235514322977,45.33424356640805],[53.387355685764476,45.34958888976422],[53.41048014322984,45.35586574523529],[53.43305826822978,45.350558263679645],[53.44875271267436,45.342630475048246],[53.467775065104874,45.35361381923634],[53.487024739584044,45.361732444456216],[53.51172797309118,45.36738375739243],[53.55375000000055,45.36772731750529],[53.588638237847746,45.370275874363934],[53.604858398438125,45.36803669793076],[53.624441731771626,45.35944172722449],[53.6569406467023,45.354976259558036],[53.684120551215976,45.3436138192325],[53.7016476779521,45.34666394944202],[53.71656846788266,45.34351168707112],[53.73598849826448,45.343542069015534],[53.74465060763948,45.335520828778144],[53.73951768663249,45.3292125062932],[53.76621907552157,45.32543741406091],[53.77912597656308,45.32805283832407],[53.801947157118775,45.32500270811471],[53.80245551215335,45.31457925976013],[53.77449598524361,45.31638617165314],[53.75414225260471,45.31360866514164],[53.7513384331603,45.302047250206776],[53.76146864149364,45.29727009634218],[53.7741693793409,45.28444172719687],[53.78808322482695,45.28603515167654],[53.82249077691039,45.28334133114601],[53.82304958767429,45.27609930640375],[53.81143717447986,45.26908799455225],[53.84389160156313,45.26499728274517],[53.84234971788254,45.25532524498119],[53.83006239149364,45.24916937475315],[53.809441731771415,45.24611381919648],[53.77122612847284,45.24620238798992],[53.74400933159785,45.257126460259585],[53.725825195313114,45.26748575388322],[53.72966091579923,45.27977484351452],[53.67179361979231,45.280538868037475],[53.657364908854724,45.27560899064838],[53.64230034722283,45.287469477849015],[53.624458550347974,45.29275851322422],[53.62252224392415,45.30055283831394],[53.60067979600751,45.29707844595147],[53.58130425347292,45.30633598718766],[53.55843750000059,45.303198780155284],[53.524186197917395,45.304974089400645],[53.50528049045197,45.30138617164745],[53.495144314236995,45.29556138323393],[53.46784016927136,45.29055826365751],[53.45506781684093,45.297735319866725],[53.42004991319515,45.286623937484045],[53.421572265625734,45.30476955381025],[53.410283745660244,45.313069656894925],[53.39311740451455,45.2986135479486],[53.384207356771526,45.29472493032554],[53.36517306857689,45.29583604143712],[53.35501085069501,45.29973618792286],[53.34528428819504,45.29166449195646],[53.313107096354884,45.28500270809982],[53.30721950954932,45.29306911435291],[53.278085394965785,45.30583088736095],[53.24832248263948,45.30834784157195],[53.23233506944501,45.314852154725386],[53.222502712674334,45.311595861321436],[53.22255262586855,45.29775593618611],[53.20256727430626,45.29973496721986],[53.214163953993754,45.28726304338704],[53.20140190972284,45.2749991816204],[53.18473470052152,45.271374507139946],[53.13313964843808,45.27693982832245],[53.10471950954917,45.278058263652746],[53.073534613715985,45.272651769510304],[53.04260850694499,45.261421165122385],[53.015062391493764,45.25611381920026],[52.98914333767425,45.25995794897588],[52.96696831597284,45.26108045331665],[52.93499728732689,45.267775060523945],[52.88018174913271,45.285726991954206],[52.86033637152827,45.2964527677829],[52.83444173177156,45.305830616093616],[52.8028965928824,45.314787593093406],[52.77042751736161,45.31389159699954],[52.73829210069505,45.31699977842408],[52.68563259548665,45.32591457334931],[52.64583333333388,45.336940777780406],[52.63168836805602,45.34345851866827],[52.57583604600733,45.359447152571875],[52.55743815104232,45.3591693747938],[52.53717339409769,45.36555283833783],[52.46691677517407,45.37196437805371],[52.46065755208401,45.38157755080026],[52.45148057725754,45.38638373027267],[52.41745171441028,45.38969563348557],[52.41013237847272,45.386444494161566],[52.38208767361174,45.384903559916204],[52.336752929687975,45.38432996508091],[52.310421006944864,45.388693571853345],[52.26619574652824,45.381947152580025],[52.24901746961859,45.38469970249423],[52.20976019965336,45.37824177605958],[52.18014919704921,45.378863385217684],[52.17199652777827,45.37288112610112],[52.15000000000077,45.36462347635844],[52.13619574652824,45.36698892774811],[52.098635525174245,45.38892143643676],[52.06072808159768,45.40144354473128],[52.011947157118584,45.411669374813215],[51.93139160156306,45.41833604148235],[51.878183051215714,45.41833156557088],[51.82113878038234,45.4128552200827],[51.81604763454907,45.42249728280327],[51.78657280816026,45.422153044521885],[51.781300998264264,45.415921355066445],[51.75652452256991,45.41522053583872],[51.72825466579922,45.40762586352709],[51.69562934027823,45.38991101977054],[51.64196885850753,45.3688887487124],[51.59828070746585,45.34879448329699],[51.539538845486554,45.332839622179954],[51.51714409722268,45.33249728277011],[51.4817719184033,45.3289054316403],[51.47561089409766,45.33212781662422],[51.44968207465325,45.321300993703545],[51.42669162326438,45.31503376822372],[51.41667860243098,45.309721268221786],[51.3919390190976,45.30749741839459],[51.363899197048966,45.29595675541292],[51.35736002604203,45.28501193119008],[51.31916992187552,45.26418605770151],[51.305800781250355,45.24024969701556],[51.293621419271226,45.23484564427913],[51.29749728732689,45.22750270807857],[51.281034071180954,45.199537620177445],[51.26254313151076,45.19948038276429],[51.251919216580404,45.18026963514434],[51.248002387153115,45.163219396422605],[51.25483452691009,45.125260140766024],[51.2607025824658,45.13380886038739],[51.25582275390672,45.149824756660635],[51.25724121093799,45.15777506048303],[51.25253499348997,45.17673827663611],[51.2603333875873,45.191293398169115],[51.27777479383736,45.19501383002817],[51.26587375217065,45.16873792398537],[51.26417616102481,45.11448716441653],[51.268608669705195,45.06029635493445],[51.26835259331665,45.03475137879639],[51.28527506510459,45.00823540113899],[51.271719292535124,45.000814339938145],[51.24781955295185,44.97955755824623],[51.23729600694487,44.973481847523324],[51.221394042969216,44.941388341651724],[51.22916585286487,44.935305713611385],[51.229163682726146,44.91888712094021],[51.21471950954896,44.92472493018717],[51.20222493489643,44.91348184750058],[51.20210069444482,44.90122313981368],[51.1927530924483,44.89079358794338],[51.193111707899725,44.87969441259202],[51.18801161024351,44.87420830147874],[51.19110839843785,44.85903740303545],[51.188330620660274,44.847823888491284],[51.180002712674025,44.837502707931776],[51.160516221788725,44.83891031426905],[51.14624593099001,44.8580261183129],[51.13102566189269,44.86388617148347],[51.11689480251788,44.85943806492814],[51.12355821397624,44.846744515661186],[51.1216701931429,44.83614230211544],[51.1412836371532,44.82308322007914],[51.15958170572969,44.82428520575664],[51.16498752170184,44.817498096379005],[51.18222493489634,44.813832189259564],[51.199729546441525,44.8051912387355],[51.214186197917165,44.79387559202977],[51.215285373264294,44.78523220009939],[51.230672743056054,44.7716718159797],[51.24744927300384,44.76564615408495],[51.2591753472227,44.74861897308903],[51.260695529514344,44.73357882551371],[51.266363932292165,44.72003146222728],[51.27184841579906,44.717396371080326],[51.27123589409791,44.70395887107525],[51.27766411675405,44.691395123240476],[51.29276421441016,44.68169433113604],[51.31098849826435,44.646761062893496],[51.30972493489639,44.64239555724943],[51.32360839843794,44.62308539014132],[51.321391601563036,44.60860839360801],[51.29834201388933,44.60111951556681],[51.29910427517399,44.59555826339452],[51.33197211371578,44.59935112363917],[51.36232801649345,44.60110839360506],[51.3814653862853,44.60039713058404],[51.430405815972605,44.60277506027235],[51.45424045138935,44.59565049429736],[51.50761773003517,44.57155842614565],[51.56500271267401,44.551669374488704],[51.58549479166703,44.536528857989694],[51.59023546006989,44.52510660321103],[51.587957356771255,44.513336041140455],[51.57694715711864,44.50221950467786],[51.56789605034754,44.501359587142744],[51.5105962456601,44.512497282459655],[51.49593804253527,44.50779404895078],[51.48495930989634,44.510025222996816],[51.47518771701431,44.522066781161236],[51.46110839843793,44.524997282464504],[51.45232421875044,44.51059190051443],[51.43190809461844,44.50703314400264],[51.424879014757316,44.50251084582384],[51.40360839843788,44.50860839356928],[51.395403645833994,44.51992458280985],[51.3859429253476,44.52527506024239],[51.375209418403124,44.519826926559666],[51.35019856770884,44.51659993003071],[51.348886176215835,44.52694715225689],[51.3580387369796,44.532178543317904],[51.35907986111164,44.54638617136167],[51.3266672092019,44.542531190891395],[51.29774956597271,44.54227674210663],[51.27486409505269,44.52391465442595],[51.26030192057338,44.5178260585034],[51.249898003472715,44.504974224730994],[51.23298773871562,44.49179849772933],[51.21423475477473,44.480802132707716],[51.196170789931095,44.47348605197568],[51.14708658854209,44.4745296175144],[51.13503716362902,44.476433100587975],[51.111582573785206,44.47302299859021],[51.07916395399347,44.47999728244704],[51.0505582682295,44.50139159669149],[51.036574435764344,44.50804904027034],[51.01423719618088,44.51380967395334],[50.9990804036463,44.52711696562499],[50.994790852864924,44.53727348689632],[51.002127821181034,44.55805283803289],[50.986248914931025,44.55333604115597],[50.97106146918435,44.55477619957676],[50.95000976562533,44.565685216507966],[50.94168565538229,44.57801730201627],[50.92806830512199,44.58604057675895],[50.908026258680884,44.60269123865777],[50.89058837890684,44.614151742134325],[50.8751774088546,44.615605192655785],[50.86949435763944,44.621207406199645],[50.85518093533039,44.624936247346874],[50.83372070312538,44.62639892095851],[50.82260877821227,44.63496852816681],[50.8023966471361,44.63638237365337],[50.79315972222287,44.619671761667796],[50.7848326280386,44.61191677034534],[50.74855875651098,44.6050027078426],[50.71263481987909,44.61310085237701],[50.68662543402813,44.60695908805176],[50.64764133029565,44.609325353243655],[50.640004882812946,44.61372747998147],[50.626369628906616,44.613568246040394],[50.61124213324693,44.62832220654954],[50.59763780381984,44.63388617139564],[50.56835177951438,44.62153753857823],[50.5520155164935,44.6204861062861],[50.52392713758729,44.62833197217462],[50.49285942925394,44.6229117790302],[50.46637586805605,44.62360513840557],[50.44269259982667,44.627227371479655],[50.422807074653115,44.635057775128544],[50.398329806858094,44.634485400996375],[50.37517388237893,44.641364470009435],[50.3480392795143,44.6407223801655],[50.32292833116349,44.64638617140025],[50.31048258463573,44.64425319613906],[50.29819688585104,44.61238904682122],[50.28485080295167,44.59045572433009],[50.28285020616362,44.57844210670391],[50.27007622612893,44.54544026207304],[50.25954020182319,44.54225232804422],[50.24918511284761,44.550351015113186],[50.25470486111152,44.56067355200956],[50.239550238715765,44.569717334565134],[50.23418674045166,44.565823291594896],[50.243074815538655,44.51635687447493],[50.24055826822945,44.48645154677241],[50.24433186848996,44.44715087401402],[50.24694173177118,44.43494764050251],[50.242780490451764,44.41869791176329],[50.24430555555603,44.40474364743495],[50.250799153646305,44.38170409664475],[50.26977403428861,44.36299343040495],[50.3063300238718,44.33510633186959],[50.32899603949681,44.32659287700513],[50.34221950954907,44.31805283793924],[50.36974446614624,44.31098062656487],[50.380978461371846,44.30486653151047],[50.40677273220535,44.29833875373007],[50.42812662760451,44.296224767184064],[50.456113823785195,44.296669374389076],[50.46992702908022,44.2947577532947],[50.511633300781625,44.29343098463088],[50.53428385416714,44.290558263275656],[50.55127170138951,44.29153672464751],[50.57682481553854,44.28773274244125],[50.60139160156285,44.287780485496825],[50.63163411458362,44.280271533670906],[50.67333604600724,44.274724929935964],[50.70194173177128,44.26583061569643],[50.75111246744835,44.25245957619466],[50.779380425347604,44.24051350414133],[50.7896110026046,44.23112792471053],[50.81716064453161,44.21800102583386],[50.840169270833655,44.199133295791675],[50.85210232204906,44.17160888171823],[50.85525336371574,44.15699326756316],[50.8669555664066,44.13964327840694],[50.87495388454891,44.10378878620523],[50.8736585828999,44.061706809191975],[50.867589246962154,44.04392604746603],[50.872843695747115,44.023321392509985],[50.89822184244832,44.010836040942415],[50.91698432074701,44.00965223017811],[50.93660129123299,44.00042073060836],[50.950967068142795,43.983073725393126],[50.97350477430591,43.963790142486076],[50.99344509548654,43.93771592372554],[50.99750271267408,43.91074516633627],[51.007937554254,43.87461615156479],[51.01832682291716,43.84657443063334],[51.01774685329917,43.83556938505598],[51.03095703125059,43.79746310248847],[51.0644203016497,43.76733153780622],[51.07264431423663,43.75736653129165],[51.08250271267395,43.737780485276765],[51.10050862630254,43.71309922441609],[51.11297281901089,43.699353835955556],[51.11573676215318,43.687835823798125],[51.1320133463547,43.661192757381],[51.16196967230951,43.627397998252654],[51.17331651475734,43.63005343445162],[51.19175075954905,43.626815858495384],[51.21125705295168,43.62014376647882],[51.22018147786514,43.61017658982542],[51.21637179904564,43.60169188930118],[51.221253255208744,43.595608989993046],[51.239253200955254,43.59084933287315],[51.26007758246572,43.57632947609637],[51.2785427517366,43.54879963667525],[51.28610839843787,43.523330615397434],[51.29365288628508,43.510243050287954],[51.296622178819845,43.490102805053915],[51.3153927951393,43.45738063707183],[51.31490559895883,43.43853487968551],[51.31832085503509,43.426041118829616],[51.315615234375336,43.41224527463995],[51.31762641059066,43.37403916568298],[51.31642035590335,43.35415960838321],[51.310697157118454,43.321708707762056],[51.301148003472626,43.292707242906225],[51.293175998264296,43.27524277892337],[51.28202473958402,43.239845372224515],[51.278613823785285,43.221663948605915],[51.26409233941023,43.170901958567185],[51.26912733289987,43.150365391718374],[51.28531304253516,43.143851719840676],[51.3474186197921,43.15531439345656],[51.40353352864628,43.16118895943121],[51.47790961371566,43.16583278538797],[51.48814561632002,43.16115288087217],[51.49988009982689,43.170012472889724],[51.51292751736156,43.173608393030136],[51.536714409722535,43.173267138689695],[51.55971950954898,43.17916937393522],[51.61514648437543,43.18749728192481],[51.65320583767407,43.18461208227094],[51.663889431424025,43.17698133139962],[51.67444715711861,43.124997281898715],[51.66879231770889,43.11598116861355],[51.656947157118566,43.11076252711828],[51.65723198784758,43.10472954100471],[51.68682020399348,43.08411512042316],[51.71355305989641,43.07216199541813],[51.75366861979211,43.04671142032056],[51.772979058160146,43.02457464730778],[51.78916937934076,42.99861381830382],[51.78950358072973,42.9921253742907],[51.79991373697958,42.982642681144235],[51.807990993924136,42.95761609693223],[51.82639539930602,42.94156683477265],[51.84842664930597,42.90577012251792],[51.86644748263938,42.89006265723342],[51.87871961805598,42.87532063248772],[51.89271104600755,42.851264642894165],[51.907976888021444,42.83556341675882],[51.921015625000564,42.83139159601063],[51.93750000000057,42.83413926311236],[51.9810053168407,42.84955864245924],[52.02885036892411,42.86249972319392],[52.072478841146264,42.8728024575733],[52.12591417100748,42.87885958648217],[52.17718207465337,42.87693955609943],[52.21725640191027,42.866335172414296],[52.24229980468806,42.85182101225187],[52.25497287326436,42.837651090370834],[52.271477864583964,42.810412863362664],[52.28093261718816,42.79944633775048],[52.287261284722604,42.78535481213681],[52.295995551215746,42.785899788265446],[52.31496907552138,42.810105517442395],[52.33277506510455,42.820280484894724],[52.37528266059087,42.83362656779962],[52.39512369791732,42.83545328221016],[52.419583333333826,42.83500270712319],[52.44613769531298,42.837775059554886],[52.464731987847806,42.83688855781851],[52.499724934896335,42.830280484898935],[52.53972493489664,42.820280484894724],[52.54869140625066,42.820327685415535],[52.57389051649351,42.813432611627896],[52.60768174913249,42.80667290025356],[52.626391601563114,42.78722492932521],[52.63527343750058,42.76506374224963],[52.63495062934083,42.74745740543665],[52.65671929253522,42.75499728174186],[52.6669569227438,42.75243895925825],[52.67009548611179,42.744647346841575],[52.69140733507003,42.7411192435415],[52.70599392361163,42.741941726180606],[52.728524848090956,42.736578227914464],[52.74421549479217,42.72345973832546],[52.75156250000071,42.70991942798988],[52.75767306857699,42.676647943600564],[52.75747070312559,42.656354161039765],[52.75469889322966,42.63772541754223],[52.74941569010479,42.622441129341134],[52.735820855035286,42.59987982290785],[52.71558919270898,42.57830620093668],[52.70535590277831,42.57250270701059],[52.69751953125052,42.577158739998666],[52.696669379340946,42.586113818127586],[52.680764431424215,42.62038817795148],[52.669320746528456,42.641466465720846],[52.650673285590806,42.656757806873294],[52.64583604600762,42.665558262606154],[52.62910319010484,42.679027772160765],[52.61116102430606,42.68428493362116],[52.603101671007714,42.69666394838351],[52.59241265191024,42.69709526348778],[52.580746527778395,42.70820420446479],[52.57124240451441,42.72281791974883],[52.57638617621592,42.73833604041528],[52.566762695313,42.74010795881864],[52.556407877604784,42.72860839284163],[52.557004123264505,42.715190966620646],[52.57287272135476,42.70561278736297],[52.583897569444886,42.69310817581253],[52.63665798611168,42.653336582913454],[52.658893771701955,42.62893526996898],[52.66513888888949,42.618872064669524],[52.680026584201926,42.586332730888074],[52.686915147570005,42.57685926083184],[52.68698404947969,42.565689555966024],[52.67274793836874,42.51726670438248],[52.66357421875051,42.48163302381156],[52.655392252604706,42.46692002467319],[52.644469943576894,42.43587835799304],[52.63612304687546,42.417818462151914],[52.61626627604215,42.396089403982714],[52.60122016059084,42.36076659580762],[52.589681532118675,42.34342555847367],[52.58294216579918,42.32847492912688],[52.55920464409775,42.29154350549952],[52.5422639973965,42.267879768510035],[52.53263129340336,42.26292100114679],[52.519730902778235,42.24390570165939],[52.46469129774367,42.19406086656791],[52.456217990452046,42.18960665649645],[52.43448242187542,42.149911560992955],[52.42735134548673,42.120445957681525],[52.42810763888934,42.110376513232524],[52.42139160156329,42.09450683006572],[52.42194715711849,42.082664924678575],[52.437300347222674,42.07719563214158],[52.44685438368117,42.06726290644256],[52.446807725694896,42.05533148282613],[52.43621039496588,42.03041123541929],[52.437182617187936,42.022634000172864],[52.45098253038241,42.00802896544416],[52.47712890625048,41.98683918678888],[52.48984429253522,41.95627712080318],[52.49389702691024,41.93776963381575],[52.49165852864627,41.91057508085217],[52.49427842881999,41.89741807129774],[52.489724934896465,41.876108392468815],[52.470830620660244,41.830280484462214],[52.45499674479214,41.80500216413837],[52.44055284288254,41.77611381777143],[52.44628038194497,41.761688904570384],[52.454441731771276,41.75833061463827],[52.459441731771456,41.74888617018988],[52.47480251736169,41.740002706644],[52.492502712674195,41.740280484422016],[52.51440863715334,41.731133891536004],[52.533891601563255,41.715836039966526],[52.5410091145838,41.70679741149035],[52.57570529513953,41.694826925373704],[52.588011067708976,41.684890944466474],[52.59074218750055,41.65538844879349],[52.598579101563125,41.64688367448413],[52.60110351562553,41.63690971614635],[52.598930664063175,41.62420897829335],[52.57666124132027,41.57522351820182],[52.56411132812553,41.5505148593364],[52.55248860677147,41.53929469874108],[52.570230577257576,41.53523599648228],[52.581163736979704,41.51887423432216],[52.60694173177148,41.50888617008149],[52.62011338975747,41.50638454247617],[52.63886881510468,41.494138991255404],[52.64861382378541,41.491669373198675],[52.65743977864639,41.476502272497335],[52.67398708767411,41.46513617006161],[52.69771050347269,41.45801757196824],[52.721377495660185,41.436160475604126],[52.72829861111177,41.42101019347914],[52.724754774306234,41.41469346170555],[52.75873589409769,41.400547953886424],[52.77520073784767,41.38073621342603],[52.792033420139376,41.341659064970656],[52.80611382378521,41.324169373122594],[52.819347330729784,41.29100151286433],[52.817794596354815,41.280358609213614],[52.822473415799145,41.27143445556369],[52.82305284288242,41.249997281074634],[52.83438259548677,41.22160481144361],[52.84595594618105,41.201732849628875],[52.8529551866327,41.18432236785017],[52.855188259549145,41.159300123914974],[52.8539089626741,41.14818575759041],[52.84639160156297,41.133951274076935],[52.84797688802143,41.11963812302866],[52.84523274739648,41.10769856139115],[52.84828016493134,41.09086804923068],[52.86019476996574,41.07643554054362],[52.87106391059074,41.072248800090144],[52.887036132813144,41.060666768834814],[52.90481825086857,41.044358717612056],[52.92120768229216,41.04506401275122],[52.94312934027834,41.010768222804884],[52.94833062066038,40.98870659085028],[52.94538031684096,40.96396158215829],[52.93555826822973,40.93944172537602],[52.9097292751743,40.897975254002645],[52.90774793836857,40.88482909514236],[52.89122124566046,40.848731004847856],[52.88333062066033,40.841947150677896],[52.879817165799295,40.82245659077295],[52.87819769965348,40.79762640412954],[52.86946885850744,40.77530218536919],[52.860558268229894,40.7597195030701],[52.85228461371577,40.75805283640272],[52.85073242187548,40.743425015215365],[52.84553873697968,40.731228292119255],[52.83230685763952,40.73258896920331],[52.83380262586854,40.71392143447243],[52.85059461805605,40.71948784072508],[52.859123263889614,40.71643065756374],[52.86721950954915,40.700329312070146],[52.86252387152826,40.67451550997469],[52.84665039062548,40.64774576169816],[52.84085720486178,40.64172471134823],[52.811381835938214,40.59969888667577],[52.78653700086858,40.57437173822629],[52.76966362847274,40.554087992557115],[52.74597113715327,40.51786945955397],[52.73360839843798,40.474447150505654],[52.73104926215341,40.43128363052009],[52.73370930989637,40.41987955065344],[52.71248318142442,40.34763562700831],[52.71139702691038,40.314740119180165],[52.706657443577,40.2944927233373],[52.70748697916718,40.28449977628383],[52.71610894097267,40.276962883919126],[52.721652560764426,40.25613117817999],[52.735280490451885,40.2421815253957],[52.746662868924034,40.235043396051985],[52.74481445312562,40.21431097416705],[52.737496202257425,40.20499890819051],[52.750260959202016,40.200020609577],[52.76389160156299,40.176669372586666],[52.766941731771446,40.16312879098308],[52.765863172743536,40.150631503650644],[52.758336046007564,40.12277505832493],[52.74668023003522,40.097785366472564],[52.736003146701876,40.08020127358227],[52.74887966579922,40.06225856524035],[52.748539496528274,40.05585502791088],[52.76619628906314,40.04397623016218],[52.76749728732704,40.03923990203487],[52.761230468750675,40.016286342996146],[52.76953342013962,40.005768222331476],[52.79043348524374,40.005681416775715],[52.80854112413243,39.9971462605216],[52.81869574652836,39.987589511385124],[52.83211751302137,39.95747883428735],[52.84445909288262,39.955557176300445],[52.85440158420204,39.947515184108866],[52.87500271267418,39.94583603914292],[52.89088867187558,39.93107963722603],[52.89803005642419,39.91028916412574],[52.906031358507555,39.906263556485],[52.91152506510473,39.884597432342524],[52.92138617621577,39.86888616931421],[52.946478949653404,39.86140461549111],[52.93464463975749,39.87500379084487],[52.91608723958393,39.931456698858135],[52.91563964843817,39.94592609990678],[52.91139160156302,39.96361381692921],[52.89998969184075,39.97360676398262],[52.91027506510472,40.00028048361349],[52.92559407552136,40.00538953309505],[52.95472493489648,40.00028048361349],[52.95937120225751,39.989726555656965],[52.98602539062557,39.989455830830444],[52.99832465277847,39.996094285694724],[53.003729383681154,40.00509439420609],[53.04801323784778,40.00753580045725],[53.0664274088548,40.005501837782695],[53.067224934896444,39.99083061381724],[53.05879774305617,39.985520826488276],[53.06200358072988,39.97925834818661],[53.074165581597875,39.97918185079088],[53.099125976563016,39.986108391592715],[53.11687717013939,39.981411125965465],[53.13057888454938,39.990347757914336],[53.12555935329942,39.99468044020801],[53.126108398438014,40.00639159472752],[53.143161349826926,40.007930223200525],[53.166674804688114,40.00636880826911],[53.17165147569499,40.00861761469389],[53.20637641059085,39.99725205479249],[53.21660101996581,39.99057670756716],[53.23280219184079,39.987497280482415],[53.24165039062563,39.98111110426401],[53.270315755209026,39.96701008429209],[53.2830414496533,39.9625314601579],[53.30020616319507,39.962401794359245],[53.30776421441028,39.973861212767474],[53.34560384114662,40.000767679794286],[53.35718478732695,40.003580722330334],[53.369697265625575,40.0158159653917],[53.377166883681184,40.01773057042737],[53.3980137803826,40.03555175099146],[53.41410101996598,40.03775661210361],[53.43163682725748,40.0363861693946],[53.44667209201452,40.03085340029477],[53.4655490451397,40.02057942025513],[53.476580403646444,40.0042843898654],[53.49350802951442,39.99714734559106],[53.50077473958401,40.006656894206756],[53.51318250868121,40.00790580913796],[53.53123209635486,39.996947150278515],[53.57092664930616,40.008525926325746],[53.59887369791721,40.003585062608074],[53.60600857204929,40.00512369108107],[53.620760091146444,39.98416937249471],[53.64870496961868,39.96834851745224],[53.647489149306175,39.96028970668453],[53.66212727864644,39.93945691587596],[53.638596462674286,39.93693033167326],[53.62532606336878,39.939058695389626],[53.59561794704939,39.94888616935256],[53.58170789930625,39.94064289677929],[53.573613823785415,39.926941724897695],[53.56288953993147,39.92250270579825],[53.53306423611183,39.92136989329772],[53.52899848090333,39.916170240517545],[53.50985026041735,39.90608506256129],[53.50833875868124,39.89849500179368],[53.49823187934099,39.88451496706477],[53.48281412760473,39.877456047790545],[53.470295138889576,39.86669975438251],[53.46525770399358,39.853177618959386],[53.45207790798679,39.83542208509672],[53.44323350694514,39.81690266234462],[53.41293185763942,39.794282219625394],[53.42605957031321,39.77166937239235],[53.43194715711876,39.7772195026033],[53.43972981770895,39.79377549219475],[53.448164062500766,39.79302679427778],[53.44072645399359,39.779468309028026],[53.43698079427156,39.76377115190231],[53.43207628038272,39.72819280987132],[53.43385850694523,39.71336696350999],[53.45516547309086,39.68138020134169],[53.468503689236684,39.680585387973274],[53.47753092447988,39.68593912061467],[53.46633192274367,39.6920496891942],[53.45027506510485,39.71194172479397],[53.44499294704923,39.727275926190224],[53.46221950954912,39.73295083938754],[53.46368272569519,39.71786566142885],[53.47444173177155,39.70638616923575],[53.48320909288265,39.71294704163468],[53.472911241320155,39.71906520570018],[53.46855848524369,39.740495327238406],[53.48373860677157,39.73604817011812],[53.49219726562569,39.720295131916096],[53.49778049045215,39.72055826125644],[53.51198296441026,39.69961696350339],[53.52095269097282,39.69324977600032],[53.5232948133688,39.678058261235925],[53.53627549913256,39.678047953076195],[53.53998046875063,39.66914712841908],[53.5507926432299,39.66623642963294],[53.548047417535365,39.681656351515514],[53.55881618923683,39.690359150998745],[53.569724934896506,39.68611381679539],[53.57235297309086,39.67056043137111],[53.58004665798671,39.66331108240928],[53.56618706597276,39.64928927250672],[53.56163248697987,39.63900661191141],[53.57460177951447,39.63805066573042],[53.59037326388948,39.644957675282406],[53.60018988715353,39.63198295739412],[53.605798611111645,39.6450797455949],[53.59694824218802,39.64995821781946],[53.603260633681195,39.657185865392435],[53.61222493489657,39.65778048344832],[53.62108289930621,39.645161668338034],[53.65416829427141,39.6483479747633],[53.656386176215946,39.6342399018396],[53.65442979600749,39.62274250600073],[53.6688406032992,39.610491529432366],[53.67146484375058,39.61857800947094],[53.68352105034796,39.61455836971209],[53.68459635416724,39.5982839556417],[53.69281250000063,39.60060491918441],[53.70916395399376,39.61367783585749],[53.7060801866325,39.62429632544595],[53.68750596788266,39.623186299403756],[53.68733561197979,39.63599500166701],[53.70577094184085,39.64249728031593],[53.71559950086867,39.630511603226694],[53.72590603298681,39.64054849559269],[53.733046332465904,39.640532762085826],[53.73576226128529,39.6542594330994],[53.745268012153474,39.65335014490449],[53.74109592013957,39.63120496260211],[53.73241427951444,39.62646537926642],[53.74682128906312,39.620390617978934],[53.75944173177145,39.62360839141777],[53.76178927951457,39.60951116918882],[53.746778971354836,39.597545565884396],[53.736059570313095,39.60405218481119],[53.74337999132013,39.61213649471091],[53.73372667100762,39.61526095217778],[53.709235026042336,39.59876789661406],[53.700952148438205,39.60194172474076],[53.68581325954921,39.596205505119826],[53.67430935329917,39.59816134279433],[53.65772243923669,39.609861104084814],[53.64714246961875,39.61194172474553],[53.637913953993625,39.605986321096886],[53.65503092447989,39.58582681587865],[53.65978624132014,39.57278048340707],[53.671924913195035,39.56943629937773],[53.68333062066034,39.58278048341193],[53.69381293402835,39.58696830893477],[53.69734103732702,39.579374450424154],[53.726748046875564,39.57576225424182],[53.74162597656306,39.58971950251247],[53.74916395399367,39.584409172648776],[53.74217068142434,39.56657551378606],[53.7396929253478,39.550378682181034],[53.73469997829915,39.54560980197018],[53.71682508680624,39.551448560653654],[53.725665147570105,39.56311522732609],[53.72661783854215,39.57209146430944],[53.7169417317715,39.57611381674201],[53.71362467447971,39.56472492784771],[53.69720594618111,39.551388881834036],[53.67386284722277,39.55637911621165],[53.66049696180613,39.543004550232844],[53.66362521701455,39.53128145994945],[53.67444118923691,39.52335285751489],[53.667719184028435,39.51490342174699],[53.6398524305564,39.509629984244484],[53.6382058376742,39.524069545883286],[53.621215277778454,39.51806097383175],[53.622932400174356,39.54012911620372],[53.60322916666734,39.54070203287063],[53.596828342014746,39.535562058909804],[53.60042317708387,39.51659558754637],[53.59555175781309,39.50192816132393],[53.5981255425354,39.49299369951418],[53.587497287327096,39.490258781977985],[53.57960232204919,39.49363334795194],[53.5638568793409,39.48588703718418],[53.568069661459106,39.502235778511654],[53.55303331163253,39.507775058028216],[53.552284613715976,39.499447150038066],[53.538272569445034,39.497656242919106],[53.51217936197969,39.48833603892154],[53.50250271267413,39.49176919864531],[53.5116525607645,39.50579263615217],[53.511369357639516,39.513052835808594],[53.49075520833401,39.51777505803305],[53.48121256510468,39.52423990178624],[53.48166124132007,39.540363491203905],[53.46666395399371,39.54944172471514],[53.44966796875059,39.564153638784944],[53.432578667535324,39.567497280279554],[53.38394802517427,39.56471733236142],[53.35927680121597,39.560003790692534],[53.32468912760469,39.55547254069026],[53.29994520399373,39.55455619954402],[53.26296440972299,39.54663193738746],[53.23616265191031,39.54472492783789],[53.231941731771485,39.54828721082568],[53.22720865885475,39.56529621691032],[53.233872612847904,39.57089788792007],[53.2348139105909,39.58298067872452],[53.24944173177152,39.592731655291786],[53.247009006076894,39.59788899036364],[53.253036024306134,39.619714077179864],[53.26745713975748,39.64027288795371],[53.279163953993525,39.6469948931653],[53.274724934896525,39.65497340879411],[53.28636555989646,39.67527071783177],[53.301941731771535,39.681391594570776],[53.320264214410315,39.68386935064843],[53.32769205729232,39.68833603901867],[53.31807562934086,39.69832681593319],[53.301517469618716,39.702159823747735],[53.28744574652842,39.69981336107283],[53.272804361979865,39.68965005811648],[53.26103949652849,39.67206596522612],[53.248612196181114,39.6316514686787],[53.238923068577094,39.611997063287234],[53.22066731770889,39.58351073514841],[53.181221245660424,39.53491047470813],[53.15674750434078,39.50924261445253],[53.12581922743119,39.4799989078412],[53.10166395399381,39.44666937223453],[53.09715983072971,39.427637254169774],[53.13666178385466,39.38509710657946],[53.13931749132001,39.370876728968305],[53.15278645833388,39.34917479753416],[53.165148654514425,39.3175135561992],[53.16695475260468,39.26758408568859],[53.17276855468821,39.24475151189284],[53.18398491753544,39.24318250147524],[53.17261773003537,39.26940700235622],[53.179719509549265,39.289447149935405],[53.194997287326885,39.32529784439742],[53.21711534288243,39.34507214996274],[53.216648763021446,39.35546006229421],[53.19802137586873,39.362229810561395],[53.17956542968818,39.37500270553286],[53.195289713542365,39.37916557445868],[53.20666395399366,39.38805826109476],[53.240467664931145,39.39590928106393],[53.2708143446186,39.39388616908387],[53.28142144097285,39.388213968560166],[53.28436414930609,39.37864365605549],[53.309169379340915,39.37555826108885],[53.317733832465876,39.37033744945415],[53.331113823785365,39.37083603886416],[53.34666178385469,39.365944545806165],[53.392426757813084,39.379441724632244],[53.41123426649362,39.3710904876491],[53.4305528428825,39.35875975847649],[53.44865234375055,39.36050943295631],[53.46719238281321,39.36971950240517],[53.46634602864657,39.35703232791997],[53.4606336805561,39.35021646420134],[53.47668240017424,39.33646320898625],[53.488107638889396,39.3380978661051],[53.47639160156307,39.322252054465544],[53.505508355035246,39.32634873415492],[53.518511284722884,39.34023328277277],[53.536652018229745,39.345542527567055],[53.539848632813055,39.33995333485609],[53.53527506510472,39.33015678537201],[53.52501736111184,39.32005478883935],[53.531947157118616,39.30944172459804],[53.55677246093803,39.333919806207305],[53.55916395399362,39.327421867835994],[53.55577799479226,39.314841030156174],[53.54471950954928,39.30920734959776],[53.54577148437567,39.296465379105676],[53.56777506510474,39.288891594379656],[53.5856304253478,39.303081590046354],[53.590263671875555,39.29649359091114],[53.570813802084054,39.27000270548152],[53.56666937934095,39.25757594766284],[53.57046169704921,39.245288078733346],[53.59651258680629,39.243840053558955],[53.60834255642425,39.23118977143458],[53.620817057292236,39.238661017098025],[53.63704861111165,39.24417642508681],[53.6448204210078,39.24134873411326],[53.63945855034796,39.23000270546186],[53.621198459202105,39.22274413340969],[53.63339138454916,39.20681965423517],[53.61689344618128,39.194133564819225],[53.62439236111168,39.17992675057613],[53.63284884982698,39.18136935040319],[53.63944173177151,39.1684635344247],[53.63758138020892,39.16225096931745],[53.655919053820185,39.15469780091101],[53.65444173177149,39.132529832150084],[53.65075249566035,39.12651854742492],[53.656049262153594,39.11561034429447],[53.6683539496534,39.10972492762495],[53.676583116320046,39.11317978873777],[53.667275933160276,39.13975693718842],[53.665558268229866,39.154620218445785],[53.66755154079931,39.17156086515538],[53.67119194878529,39.17570854310885],[53.66473632812574,39.19582518808393],[53.67517469618115,39.20159504485759],[53.684133572049234,39.211379658577656],[53.69521375868123,39.21176865597375],[53.70443088107702,39.228330613447085],[53.71390733507001,39.22172633827045],[53.71777506510471,39.210280483230015],[53.70992241753532,39.18253471498727],[53.71584743923672,39.17860784866575],[53.726625434028506,39.18251355613297],[53.7319417317716,39.17713649449842],[53.72428656684109,39.162669806123255],[53.73140842013953,39.15447047886223],[53.72109266493117,39.14145669847394],[53.70244845920206,39.14163030958498],[53.695258246528326,39.13335936774074],[53.70667100694516,39.12111110384584],[53.70552463107702,39.09750650313984],[53.72884548611164,39.09516817848583],[53.73230414496606,39.07425020972567],[53.74514485677173,39.0658528572909],[53.75026421441043,39.048075079504244],[53.76528049045196,39.04694172446903],[53.7685270182298,39.05742946318949],[53.77963595920191,39.07332844323209],[53.79132649739649,39.07666394670594],[53.78889160156324,39.06405381215114],[53.781674262153324,39.05561631214698],[53.787761501736775,39.04803818714319],[53.80174750434087,39.045215378982],[53.80336534288256,39.0585118199608],[53.81431966145907,39.07377115156567],[53.81980360243141,39.067424580382],[53.81039659288262,39.04834092151836],[53.816440429688214,39.03753797012416],[53.823989257813125,39.0351871671716],[53.83284993489656,39.04389159425933],[53.862469075521524,39.031097540433386],[53.87549316406341,39.0300027053635],[53.887706705729784,39.03439072619906],[53.89138617621591,39.022268330359644],[53.89028049045214,39.00821234076935],[53.88585937500062,39.00309732340567],[53.8868581814242,38.99174152912935],[53.89811577691046,38.97125270533438],[53.91971896701449,38.960524623731914],[53.92492404513973,38.98347221488904],[53.93636176215352,38.98145290065194],[53.952056749132794,38.990300014371535],[53.96885742187579,38.97577690238537],[53.96953776041726,38.961807718350606],[53.98628634982702,38.95556043102116],[54.003172743056325,38.954391811228994],[54.000560438368716,38.936487622851914],[54.00283745659788,38.90889159419255],[54.00903971354221,38.90455836936397],[53.99859212239647,38.88172145529011],[54.001108398438184,38.87638616882916],[53.97969563802149,38.85909884243164],[53.963554687500725,38.861040574203486],[53.953789062500555,38.82757486238136],[53.933891601563225,38.79332193267685],[53.934719509549375,38.78008462798278],[53.92750976562569,38.75435057849087],[53.91861056857698,38.736445847579255],[53.89821777343832,38.717963317187966],[53.891379123264464,38.69977050033864],[53.8634244791673,38.65365125118376],[53.857185329861856,38.639642462114246],[53.84445692274363,38.59201767910449],[53.83787814670211,38.57292479715048],[53.833066948785465,38.55070854279912],[53.83148003472297,38.51802516604664],[53.84331705729226,38.46675509223628],[53.847798936632664,38.4334011425669],[53.854913194445025,38.41208169811178],[53.872396375868604,38.37519910260714],[53.87352484809104,38.36361978402493],[53.8661783854173,38.22406737510074],[53.8630582682299,38.18721950181834],[53.851435004340885,38.13242132470733],[53.84263997395908,38.10333929344273],[53.83169921875054,38.059704853316504],[53.8212358940978,38.01294487065403],[53.815264756945055,37.95912325604356],[53.81382758246605,37.901017787264095],[53.81529242621605,37.86404079071765],[53.81869737413285,37.819093959097714],[53.82431315104236,37.77535915004767],[53.83726508246616,37.705457891331626],[53.854155815972774,37.65559352498687],[53.87675998263967,37.596905373915384],[53.90433810763966,37.53789604228804],[53.910214301216,37.50839191900915],[53.91749728732697,37.4830522922602],[53.929442274306155,37.462807066555435],[53.932219509549334,37.447220043978035],[53.93887966579939,37.439486754043585],[53.93818630642432,37.428769523135266],[53.9466514756951,37.40643119847107],[53.94895073784783,37.385620651585484],[53.95332519531308,37.36807507865989],[53.97670464409787,37.343708759203096],[53.98379340277842,37.31866318627356],[53.991665039063086,37.30189994841767],[53.98909939236194,37.29651040848446],[53.99807345920215,37.255087882421556],[53.99068684895889,37.22763888067154],[53.99166937934114,37.20000324697674],[53.99757269965346,37.17561305599202],[54.01015407986188,37.134799253887884],[54.034898003472904,37.07264539100869],[54.04360839843815,37.025928811123585],[54.0300482855909,37.00646266528035],[54.02505859375066,36.98618922776988],[54.00060492621611,36.97775281283507],[54.025363498264596,36.97308158887431],[54.03509982638951,36.96494139789786],[54.04539442274365,36.948003463861426],[54.04583062066046,36.913330069746344],[54.049850260417365,36.90592881106207],[54.04441840277837,36.89689886314071],[54.05164550781319,36.88423176243982],[54.052219509549275,36.86836370687609],[54.04385470920198,36.85182399332599],[54.041258138021526,36.83313584227471],[54.03638075086882,36.82971787352293],[54.03416937934105,36.80666340302498],[54.01602105034789,36.8000238630909],[53.9608631727437,36.786392135653344],[53.95420464409789,36.788488489821134],[53.93463704427153,36.78440320336067],[53.93032931857719,36.77750324675991],[53.901671549479765,36.782626944679244],[53.8955626085077,36.77648762175942],[53.88319661458392,36.77569769120351],[53.8539393446187,36.78319443599894],[53.83797580295203,36.781669913428665],[53.81310872395892,36.78543293426395],[53.770231662327035,36.784475903013494],[53.75246582031315,36.78111435787289],[53.73755154079919,36.78444118079126],[53.71226833767417,36.78416991343003],[53.697025824653444,36.78952798634948],[53.68893500434086,36.788614357876796],[53.66611165364656,36.79581379364435],[53.65492187500064,36.78666991343145],[53.645916883681075,36.788130416904295],[53.62628417968824,36.78576930579193],[53.616539713542295,36.79009439259978],[53.60030164930629,36.780881067942246],[53.57225206163246,36.78305229190168],[53.55647569444511,36.781374774539664],[53.509102647570046,36.790582673850096],[53.504225260417286,36.8042306773292],[53.4976464843756,36.80516926239918],[53.478432074653306,36.79528210961623],[53.43611382378532,36.80727212698353],[53.4417095269103,36.82387911483936],[53.42861382378544,36.824978290187204],[53.41804199218813,36.83801756970765],[53.42548448350754,36.84137368950112],[53.443082682292186,36.84210068602926],[53.49732855902868,36.832503246788214],[53.52592230902847,36.83257160616338],[53.561669379340785,36.830003246786866],[53.575094943576964,36.82528427977055],[53.59498860677149,36.83069877630116],[53.58748806423682,36.84649196207312],[53.580091145833926,36.836085061026196],[53.540378689236654,36.84906900200506],[53.53611328125061,36.854718958605176],[53.5741042751743,36.86194118083112],[53.58349175347291,36.86048827284442],[53.613559570313036,36.86916340305709],[53.62832519531304,36.8675249481951],[53.64709092881998,36.86201822076167],[53.65349446614647,36.86444118083246],[53.696070421007505,36.85944769124644],[53.734263780382484,36.865661883958055],[53.7420572916672,36.86422199680453],[53.751438802083904,36.87297416694788],[53.77034993489655,36.87276800375331],[53.78795735677157,36.880537100979566],[53.807272135417236,36.87652668431099],[53.83014756944521,36.87689343778324],[53.84717447916728,36.88406791695364],[53.86886610243113,36.8841861895231],[53.88166395399361,36.8875032468166],[53.91120985243128,36.88743814264971],[53.9250027126742,36.89027451417902],[53.93276421441038,36.896918394390724],[53.948285590278715,36.89557941869564],[53.95936252170212,36.89817164959971],[53.95144042968814,36.90721895863218],[53.9238878038202,36.90471353328373],[53.91679741753534,36.90662000029857],[53.89500271267434,36.9016634030738],[53.87571234809103,36.90028102460084],[53.851883680556284,36.90277559925492],[53.84144748263958,36.90083332494831],[53.73555392795202,36.89210068605492],[53.69703613281319,36.887494566260884],[53.606016167535465,36.880081371812615],[53.5745659722229,36.87687065132508],[53.489935980903454,36.869722213821255],[53.42150227864647,36.861865225969936],[53.32494520399365,36.84944118082475],[53.276026475695,36.84166991345953],[53.24818305121595,36.841146909987046],[53.20034016927149,36.82972546900898],[53.18308268229218,36.82815645859149],[53.12674424913245,36.816957456849714],[53.10306098090331,36.81082789955494],[53.03564073350748,36.79110350718361],[52.942217339410206,36.7677831946717],[52.92685980902826,36.762785364807904],[52.88940538194498,36.75399087695617],[52.7886431206602,36.733133672084314],[52.749716796875646,36.728338750206966],[52.6737364366325,36.71468857658883],[52.65587185329906,36.71503579881122],[52.64327690972271,36.710547951586555],[52.60777506510481,36.70389213561094],[52.55361436631989,36.6966536373433],[52.51161512586855,36.6880588022695],[52.463487955729754,36.68383788212844],[52.43841525607695,36.67963432309855],[52.425394422743686,36.67434894983181],[52.37463595920183,36.662123472394924],[52.32221950954919,36.65111435780599],[52.26278428819496,36.63745441856286],[52.20505533854208,36.62086370674889],[52.14750271267411,36.60583006958821],[52.06999077691034,36.58817273450967],[52.004505208333846,36.576894522698254],[51.98046332465327,36.57590059908674],[51.970564778646285,36.572715920265566],[51.94142740885468,36.571539704987224],[51.88362467447973,36.571924904640156],[51.84777615017406,36.57402017373842],[51.827105034722756,36.57850910603259],[51.81981553819485,36.58267577270129],[51.79111002604236,36.58713757825912],[51.76866536458373,36.58664278659219],[51.74009114583379,36.58829860256526],[51.69856282552137,36.592782109511994],[51.66017795138941,36.599483498404425],[51.62318847656309,36.60823892375629],[51.59709092881991,36.61788627619165],[51.572945421007475,36.63441622411685],[51.54724826388935,36.639471562661086],[51.536707356771274,36.645228941136295],[51.519173719618436,36.649818784888716],[51.50612792968791,36.659765616490986],[51.48840223524353,36.66119790815855],[51.447292209201926,36.67464300365144],[51.43305826822956,36.6838921356006],[51.423018120660224,36.68613063386586],[51.354835611979574,36.69052625018736],[51.28719916449705,36.69666340296831],[51.28128770616359,36.698918177275175],[51.23486355251782,36.70513019984774],[51.178437228733,36.714450946380396],[51.12744194878513,36.72464300367716],[51.11862575954905,36.728057717220594],[51.08833062066009,36.734163402987754],[51.03409233941005,36.750042309245906],[50.99704074435801,36.76267143251615],[50.94694173177129,36.782774514123794],[50.914466145833735,36.79968206621572],[50.86214708116353,36.831758889148894],[50.81352077908018,36.84983831624155],[50.77830919053855,36.868885625279084],[50.77166937934061,36.87528102458797],[50.73195665147613,36.887902552372346],[50.69330213758723,36.90389322078322],[50.673902723524684,36.92023762183325],[50.66803412543442,36.93034721385251],[50.6550027126741,36.942225469066884],[50.649674479167,36.94287651073376],[50.58617323133711,36.96886934928878],[50.574673665365026,36.981200078461725],[50.521292317708635,37.00196505243078],[50.481941731771094,37.02110784757945],[50.47262125651076,37.02750216181888],[50.46914171007006,37.03726236147667],[50.44472493489649,37.055836580236154],[50.418900824653186,37.06859265663165],[50.38583360460103,37.09025606810117],[50.38305691189282,37.097237404910246],[50.35305284288227,37.1108300698477],[50.31721950954892,37.134718958748934],[50.30880452474014,37.14225910632226],[50.29577256944492,37.159822040358904],[50.2824465603303,37.183973516065706],[50.27553032769134,37.20729382857765],[50.26969726562538,37.21391926260895],[50.26163058810795,37.23367295185503],[50.2540814887156,37.245773646305686],[50.23184868706625,37.29891709251348],[50.22283528645881,37.31355142411819],[50.22384195963582,37.3443630560783],[50.21767442491346,37.35434569497232],[50.20644395616364,37.36353080782419],[50.199918348524754,37.38046765679121],[50.1838302951391,37.38669053005824],[50.15014404296909,37.3941894449927],[50.11083604600736,37.39944769152312],[50.0872195095489,37.40110784777388],[50.03227539062532,37.40913519152817],[49.98888617621554,37.42194118111793],[49.96180555555581,37.438472214112394],[49.95189290364612,37.446435538769244],[49.95416395399342,37.45416340335654],[49.94514621310787,37.46927733565597],[49.92981065538231,37.473173820032905],[49.903292914496944,37.46969725753114],[49.8902804904518,37.4602745144708],[49.887224934896096,37.45277451446695],[49.85847954644134,37.44530489640756],[49.81571289062532,37.445300556129766],[49.756446940104524,37.44895289988161],[49.69666937934067,37.454725469329055],[49.59949164496555,37.46215276968015],[49.552537706163484,37.46659829919628],[49.49930040147596,37.474186189825254],[49.4660804578997,37.48012368982806],[49.462408582899506,37.477706155104805],[49.39114583333366,37.495247387752485],[49.32833062065998,37.51499673672088],[49.26381944444466,37.538910582219124],[49.20528510199671,37.567613924247766],[49.17083062065995,37.58805229231367],[49.123819444444734,37.618489575315266],[49.08749728732675,37.64583007012082],[49.0328244357641,37.69600585139641],[49.01130818684914,37.720957023283916],[48.99971950954898,37.73666340350033],[48.99526557074694,37.74787325593648],[48.996646050347465,37.760313577123334],[48.977252197266075,37.78788519172072],[48.97502577039961,37.800013012907456],[48.98083062066007,37.819817700417445],[48.979426269531416,37.83436414139706],[48.964691297743286,37.84863171952921],[48.94805284288219,37.86944118134556],[48.933555772569775,37.89760632892912],[48.930440131293715,37.926009106721246],[48.93222181532154,37.942291658812834],[48.93833062065989,37.966115443547196],[48.92436252170154,37.99415363800558],[48.916923421224105,38.02350693663161],[48.9205278862849,38.041337340286425],[48.912497287326694,38.065275057312356],[48.9092221408423,38.090358065137586],[48.91562730577283,38.09967718406594],[48.90938042534747,38.124224167585254],[48.91607937283004,38.14468098183159],[48.90533135308174,38.17098252264342],[48.8938694932728,38.2058550270012],[48.891113823784906,38.21921819975106],[48.893884684245165,38.233400057397084],[48.88760565863736,38.25018228396801],[48.881330837673886,38.28146320846304],[48.88208984375036,38.294722214546],[48.87376315646736,38.34203341248644],[48.87399169921895,38.37810925885863],[48.87717230902802,38.41355956269586],[48.88191908094637,38.424370652110994],[48.88249728732672,38.44809623806043],[48.88083062065988,38.46654567383352],[48.87666937934056,38.48030760960418],[48.876684434679014,38.540177943835566],[48.87265462239606,38.602714293693246],[48.8755528428823,38.64149521819163],[48.87139160156278,38.690280482972874],[48.86830078125018,38.70998588662853],[48.86636935763919,38.74054198473396],[48.87027506510446,38.74899087796738],[48.866306016710325,38.75639050904743],[48.85525282118073,38.76362792224543],[48.83916395399336,38.79027505767528],[48.8266924370663,38.82242566533023],[48.82722493489621,38.844752054230085],[48.83249728732675,38.859221455279126],[48.81710923936652,38.87690808723212],[48.826959364149616,38.894687492622985],[48.82977728949668,38.91320528777097],[48.83946980794286,38.92528590843668],[48.8547266981339,38.97285752304354],[48.87122287326417,38.98409395968109],[48.87805284288231,38.991947149789134],[48.88995971679719,38.98855685030828],[48.90393513997423,38.9938861688873],[48.911733127170294,38.97367295273142],[48.90863972981799,38.96694606470739],[48.91707261827281,38.954498148034475],[48.91398559570359,38.943687601154124],[48.89249403211841,38.919291442287935],[48.87555826822933,38.90972492752626],[48.88420925564259,38.8974348884576],[48.85941040039079,38.88358343445771],[48.85949327256981,38.87824652039255],[48.83775702582482,38.870040682715036],[48.840084635416865,38.86330945441296],[48.86301947699672,38.86609428514352],[48.88198798285605,38.8747390334117],[48.9053531901045,38.90184786589034],[48.92583604600747,38.937497279970515],[48.93091186523475,38.96954317842399],[48.941855604384045,38.988231872009415],[48.93805826822932,38.99543456298536],[48.943274468316304,39.011527770458514],[48.9385858832469,39.02612520970176],[48.93664794921898,39.04272026179335],[48.92364556206626,39.0549923972161],[48.92972534179716,39.06918076527862],[48.93991834852466,39.07851616024848],[48.93499660915818,39.09419704133266],[48.92833062065989,39.09583603872934],[48.9305386013458,39.1194542028034],[48.92360839843786,39.132502705414],[48.9437976074222,39.17051865595351],[48.997730848524554,39.190266377317336],[49.01057929144997,39.185294046585774],[49.02333604600715,39.20893499711823],[49.03469536675374,39.20834688947897],[49.0423597547745,39.21892089122031],[49.05872694227469,39.221433912054835],[49.07611382378502,39.23221950233789],[49.10686577691006,39.24004393810566],[49.12183539496562,39.23937010998036],[49.14333062066009,39.23378688515116],[49.13067220052118,39.21946939382471],[49.11191297743085,39.21453612559321],[49.095776909722474,39.198698451974316],[49.08695068359401,39.1950140986738],[49.09205647786479,39.18614962384319],[49.083786892361275,39.17971950231214],[49.07972574869808,39.15941405525376],[49.08667805989608,39.15295083910462],[49.09962293836832,39.150616312193705],[49.10211046006981,39.13715331305505],[49.130649685330354,39.1295290726],[49.16669162326406,39.13280164204617],[49.16812011718769,39.15329372104921],[49.18055284288215,39.16392957174897],[49.17522488064258,39.16743380352156],[49.1770697699655,39.18063909866676],[49.18554307725714,39.1801887948471],[49.18613335503488,39.19039333044239],[49.20089382595512,39.183116312209705],[49.20919650607657,39.16327310473467],[49.21016710069472,39.14167696757122],[49.20757758246549,39.13295300923368],[49.21806749131974,39.13000324794746],[49.22557779947936,39.14793564812999],[49.231445855034906,39.18151963252132],[49.231057400173995,39.20149304832984],[49.233009711371885,39.23872395112591],[49.2370996093752,39.248146151651355],[49.23528049045166,39.25656195026656],[49.239556206597456,39.2792355613888],[49.23917670355933,39.298691399071934],[49.24611436631984,39.335852857423504],[49.25698404947941,39.353293721147274],[49.270712348090505,39.357219502399126],[49.29527506510436,39.3541693721893],[49.313073730468936,39.35584146420406],[49.314618869357844,39.350613057083436],[49.33565836588565,39.34166177669715],[49.33780381944467,39.33386935047808],[49.35176513671911,39.33166177669221],[49.3375979275176,39.317824971129966],[49.352236599392825,39.310813794911205],[49.36848361545174,39.31082735827924],[49.37679199218774,39.29909830011382],[49.387300889757284,39.301928703760986],[49.4038378906252,39.29606390341101],[49.41252577039972,39.286369350454805],[49.436546766493215,39.27763237128387],[49.42791639539956,39.290950513651445],[49.40176947699694,39.3038568721647],[49.402628851996774,39.312466355675916],[49.39442003038215,39.330606546657016],[49.38443603515656,39.34555554840042],[49.38699978298638,39.36551919858381],[49.40110839843776,39.37801160310375],[49.38003173828151,39.38743868644178],[49.36699761284745,39.39597601283473],[49.35574137369849,39.39399630363241],[49.35721327039955,39.386927618733246],[49.34591661241342,39.37802842168023],[49.340932617187775,39.39006075675561],[49.359996744791886,39.40696017082625],[49.34688964843786,39.41726941562298],[49.33811767578168,39.419437384374014],[49.33586588541698,39.409316399125984],[49.345823838975946,39.3971750145715],[49.33335205078146,39.389697258491395],[49.30666937934046,39.41459309183693],[49.316566297743414,39.42327201979253],[49.326267903646226,39.42610839132175],[49.31982421875056,39.439885518064564],[49.31068901909759,39.442911234211955],[49.298363172743336,39.454763447759305],[49.28357883029548,39.476648755929695],[49.28805284288222,39.480199645688444],[49.28013888888927,39.4951388818068]],[[53.91947808159779,37.28856335986938],[53.93399631076449,37.250899514363915],[53.93499457465338,37.23999456644171],[53.96225965711892,37.1738639240467],[53.97859646267431,37.12449217922967],[53.98417209201466,37.11361652818249],[53.99631618923666,37.072460929203224],[53.99971408420231,37.07644964448285],[53.99303873697988,37.09193033025469],[53.99027018229224,37.10561414102561],[53.95469455295199,37.20475910635412],[53.940728624132525,37.23675346400947],[53.93639756944508,37.25638454040831],[53.9238943142368,37.29338974876066],[53.91947808159779,37.28856335986938]],[[53.99194878472315,36.9136056773854],[53.96756673177151,36.911652552384574],[53.958553602431266,36.90326062529679],[53.96791666666724,36.898749991613855],[54.01842339409785,36.901687274601485],[54.01526367187569,36.914110234677324],[54.005317382813246,36.9170941756512],[53.99194878472315,36.9136056773854]],[[53.61166937934086,36.854600686035795],[53.61572211371589,36.84916991346349],[53.65027506510472,36.84525823811425],[53.645308159722774,36.85330836832672],[53.63513237847286,36.852225469020496],[53.61544270833389,36.85805229194022],[53.61166937934086,36.854600686035795]],[[53.06496365017426,38.86557290927522],[53.05905110677145,38.89887857335416],[53.05661404079916,38.94577256209262],[53.05618598090348,38.99102863850389],[53.05435655382002,39.02477646838165],[53.0551182725701,39.0634705873244],[53.05790364583384,39.08291503177847],[53.04666124132001,39.07986652917281],[53.03830620659789,39.059817701037915],[53.035798611111765,39.03731336074895],[53.040436197917295,39.0341780525878],[53.04141438802151,39.01471950223087],[53.037931315104686,39.005044480524695],[53.03953233507012,38.98528156818867],[53.036272243924266,38.956055222688036],[53.03696940104226,38.945039597682616],[53.033058268229695,38.918472214856955],[53.03462022569493,38.89860188064579],[53.03874837239652,38.89019584765539],[53.06019151475755,38.860562058578275],[53.05986599392441,38.84643716707822],[53.05513075086868,38.83440537453747],[53.05489800347299,38.81929198477326],[53.059315321181145,38.807118048135045],[53.07282226562557,38.80565917226628],[53.070559353299245,38.81655543963287],[53.06496365017426,38.86557290927522]],[[49.12555799696213,38.943330613306784],[49.1390310329865,38.95010795706003],[49.14834825303852,38.96244194144115],[49.16409098307308,38.97515515759327],[49.181245659722656,39.00158039632159],[49.1829353841149,39.02600530952811],[49.17816080729199,39.03721733210311],[49.168912760417015,39.03416286161551],[49.139628906250266,39.001368265245155],[49.12005777994812,38.99235622096982],[49.10003879123286,38.976494133288355],[49.11976399739608,38.9580701966474],[49.10390462239615,38.95251626869328],[49.10694688585097,38.94694172441964],[49.13361382378497,38.95833061331419],[49.14129530164956,38.95485025306949],[49.12555799696213,38.943330613306784]],[[53.503605685764505,39.67277234543482],[53.51526041666739,39.669417853245584],[53.51504937066027,39.69221678988858],[53.4931418185771,39.69971678989214],[53.48601779513956,39.6944287039522],[53.488486870660324,39.685560973913105],[53.50358127170205,39.687280266448695],[53.503605685764505,39.67277234543482]],[[53.62850802951459,39.62636609541232],[53.61733452691044,39.62067110843032],[53.60055718316044,39.6210438297848],[53.594490559896414,39.61407985408684],[53.59709743923679,39.60500379071447],[53.60528320312573,39.59888345651004],[53.58595323350767,39.58387640355133],[53.58858886718814,39.57555337837383],[53.60403103298676,39.57437824816473],[53.61082356770907,39.58044432889703],[53.61274088541734,39.59031466310314],[53.627143554688125,39.602064337587876],[53.63538302951462,39.6149945676289],[53.64193901909789,39.633338751665654],[53.63371256510492,39.636565205660204],[53.62850802951459,39.62636609541232]],[[53.57981174045192,39.59471461970236],[53.583147786458994,39.60599445911764],[53.556396484375675,39.60789658585465],[53.5541102430563,39.596285800258734],[53.56881564670191,39.58542751032293],[53.57288791232696,39.56861110406474],[53.58609971788252,39.573994676116115],[53.57779405382012,39.58764376466421],[53.57981174045192,39.59471461970236]],[[53.59931043836859,39.56360350857614],[53.59114040798669,39.5624272932978],[53.57702907986169,39.546711689991575],[53.573950737847895,39.53354762748519],[53.58115993923668,39.52611598685661],[53.59696614583401,39.54700140353336],[53.59931043836859,39.56360350857614]],[[53.52508300781324,39.541539706482105],[53.51733940972292,39.55032605631278],[53.530382486979875,39.564441724722485],[53.54110460069512,39.54312499294123],[53.55530653211866,39.55842935492784],[53.561107855903515,39.57246961101103],[53.5552723524313,39.57856281847932],[53.52957302517421,39.57922959365338],[53.52042914496581,39.59551485841802],[53.52462782118113,39.605046108422684],[53.506827256944966,39.60225693741449],[53.48723307291754,39.610672193494885],[53.4786083984381,39.59499728029282],[53.49416395399368,39.57583061361692],[53.50443250868107,39.570640726461676],[53.50377766927141,39.558872605796125],[53.49604600694505,39.55122612141746],[53.505043402778306,39.53516221081935],[53.514980468750586,39.530811624879775],[53.52508300781324,39.541539706482105]],[[53.05583062066028,39.754724927939705],[53.052150065104804,39.7642588906178],[53.03273166232707,39.76863063541165],[53.01368164062551,39.78411023611354],[53.0236897786466,39.79057128212363],[53.02082790798681,39.80418130817183],[52.99919596354232,39.81341036633611],[52.98820529513932,39.82243543144461],[52.998613823785206,39.825275058181965],[52.96632595486176,39.85227755385477],[52.959472656250504,39.84903699395735],[52.97090494791734,39.832681199678845],[52.979616970486745,39.82811251478081],[52.994176974827035,39.79524196354948],[53.01180989583388,39.77502928992864],[53.034952799479754,39.764095045131654],[53.05078450520893,39.752563469605434],[53.05583062066028,39.754724927939705]],[[53.48556098090341,39.96777234557707],[53.49274088541726,39.97244519714184],[53.48193901909792,39.980560974055436],[53.46443739149362,39.98452581780734],[53.44560221354231,39.98055500617338],[53.48556098090341,39.96777234557707]],[[49.63168538411491,39.98612466763443],[49.65107286241351,39.98629719367629],[49.65623725043422,39.99334254958232],[49.64778049045173,40.003613816948416],[49.63245768229188,40.00276746278135],[49.63543972439276,39.99024901659473],[49.63168538411491,39.98612466763443]],[[50.888149956597594,40.20987521027617],[50.88600070529554,40.22645669899937],[50.87383978949691,40.23640190299708],[50.85616292317752,40.24250270595139],[50.83776692708374,40.252600362206145],[50.83831027560814,40.23382920334306],[50.8582722981776,40.22649684656876],[50.888149956597594,40.20987521027617]],[[50.56264458550384,40.2629220853012],[50.55793755425378,40.28959417732794],[50.569777289496805,40.305201273689576],[50.58771972656285,40.30890678584415],[50.6031108940976,40.316348192097514],[50.61666395399355,40.3150699802913],[50.61858018663234,40.326485453387036],[50.605553385416954,40.33682290998914],[50.580002712674165,40.33861381710806],[50.587925889757514,40.32363443342042],[50.57303602430586,40.31896592213347],[50.56582166883714,40.304089620043065],[50.55582817925375,40.29054741083527],[50.56264458550384,40.2629220853012]],[[47.782437065972374,43.933608393342126],[47.78641682942737,43.93086696538947],[47.833052775065305,43.96370903354509],[47.85415296766501,43.9765888078558],[47.864841105143455,43.97732448493944],[47.865289781358854,43.98944660951023],[47.8555091688371,43.992082514459184],[47.80471204969631,43.99139159649036],[47.77944166395405,43.98472492982087],[47.746941663954026,43.988608393364075],[47.71576070149762,43.99803276402749],[47.69865193684915,44.00055283781326],[47.67333055284296,44.00028048538267],[47.65632432725715,43.99711018373207],[47.640412462022645,43.98887749058638],[47.63337958441866,43.966761605160904],[47.64331827799486,43.957279997084086],[47.64867031521288,43.94568575879827],[47.68953186035173,43.95590087381986],[47.72550944010436,43.96777506002239],[47.732179836697235,43.959625645956706],[47.72788248697941,43.95112141418244],[47.71189473470059,43.95131401400887],[47.701408352322225,43.957208382500895],[47.6933065456817,43.95407009039882],[47.6849346923829,43.94105793761592],[47.69920091417122,43.92991563075376],[47.7242871093751,43.92916394889571],[47.73789055718322,43.924169374241025],[47.759305555555784,43.92374999490052],[47.782437065972374,43.933608393342126]],[[47.55167446560346,44.42092393172945],[47.56907050238737,44.4303057134172],[47.56894273546027,44.44946261446633],[47.56221964518273,44.45138590005733],[47.54515435112864,44.48995360840567],[47.539440850151934,44.487501893995024],[47.548149481879584,44.455754389642415],[47.546321614583576,44.43178764701145],[47.54003044976133,44.42390597383135],[47.55167446560346,44.42092393172945]],[[47.51764248318158,44.44158311142504],[47.51832804361987,44.457379281136156],[47.52791687011728,44.49116698731243],[47.50816602918842,44.496811247297245],[47.488769463433414,44.48670057021005],[47.48157253689242,44.47452500596911],[47.477505289713626,44.4573676166396],[47.51764248318158,44.44158311142504]],[[50.37489067925383,44.77067300955555],[50.375082736545785,44.78591606511703],[50.370954589844075,44.793652881526214],[50.3692700195316,44.81136718274818],[50.37580620659764,44.823700082058416],[50.35918809678849,44.824494895426994],[50.35860568576418,44.80166123656399],[50.36191107855933,44.77865071138155],[50.37489067925383,44.77067300955555]],[[47.32747856987862,44.80149413586955],[47.321771986219744,44.83427028605575],[47.31980963812946,44.86068440281916],[47.315675455729256,44.86943915000145],[47.30386864556227,44.862153858114816],[47.30916951497432,44.85380696141036],[47.31348130967899,44.83507106730599],[47.311069403754395,44.81909097832411],[47.32086730957035,44.79861653170178],[47.32747856987862,44.80149413586955]],[[50.06513264974001,44.86089137981573],[50.0855438910595,44.84756591323076],[50.10909071180595,44.83889837850522],[50.13678249783026,44.8330970547184],[50.172502712674024,44.82972493015116],[50.18235785590302,44.82667425740688],[50.19155463324693,44.8159263732882],[50.1984486219622,44.81671033596223],[50.20277506510449,44.84028048571068],[50.2163601345489,44.84915391236336],[50.201235351562836,44.85470078736542],[50.17305826822962,44.84333061592026],[50.153677029080306,44.83972493015482],[50.12852756076438,44.8480333068942],[50.112934570312966,44.855610075560165],[50.10068359375026,44.85726996054347],[50.07100640191015,44.87787759944022],[50.06822102864618,44.885642763288715],[50.07998779296917,44.90749199289768],[50.05482123480954,44.90857272206468],[50.044997287326964,44.928886171508196],[50.038868815104415,44.963237571260755],[50.02803738064261,44.97452893953753],[50.032090657552544,44.991805550872314],[50.03000271267399,45.00636636902016],[50.034679633246974,45.013521181305755],[50.04845486111151,45.021974550449556],[50.0582774522573,45.03361219151305],[50.10253445095515,45.03420992914333],[50.07938720703167,45.04918293804668],[50.06382622612874,45.05083061599857],[50.03238796658024,45.03887098057753],[50.02860839843782,45.023058263557644],[50.012728678385834,44.9999582201461],[50.00369818793428,44.97182847295672],[50.00613145616347,44.95405951136148],[50.012193196614874,44.93552571144126],[50.02998318142397,44.901962750273995],[50.04614881727491,44.87885701024805],[50.06513264974001,44.86089137981573]],[[50.29214382595535,45.04661335796764],[50.285597873264344,45.0403565762811],[50.26008653428851,45.045820714738],[50.236137695313005,45.02901190396779],[50.23610839843781,45.01805283820848],[50.251266818576646,45.0208980259267],[50.245345594618406,44.994798443668515],[50.249702690972576,44.98471896232798],[50.26778049045168,44.973891596872605],[50.27355550130255,44.95096570710699],[50.29533311631979,44.948925234015675],[50.282393391927485,44.935031326675364],[50.26423204210102,44.926543913477786],[50.2562860785593,44.88781344471322],[50.25793457031295,44.877462831645005],[50.27750271267388,44.86944715238844],[50.279710286458794,44.876407059075014],[50.268681911892656,44.88204792821798],[50.26877468533012,44.89752210357095],[50.28602050781279,44.905052078617196],[50.293514539931046,44.913351503533505],[50.313964029948174,44.92138752784208],[50.33166856553856,44.94304130931736],[50.32920247395896,44.969905729900425],[50.34193495008713,44.984450678907685],[50.354408365885874,45.00934976745881],[50.358608398437916,45.044507102541395],[50.35683403862913,45.048477778541105],[50.324119194878726,45.0662687127927],[50.30671956380251,45.05968410450013],[50.29214382595535,45.04661335796764]],[[51.22599446614628,45.042349306316616],[51.21326117621584,45.0354748488487],[51.18376980251793,45.033845888344594],[51.153994683160185,45.02451307041574],[51.12512722439281,45.00236449727374],[51.098656684028185,44.98619167283205],[51.09146267361148,44.97823852070222],[51.08805284288245,44.96055826353407],[51.071958821615105,44.96696397100179],[51.05526421441026,44.95446804000741],[51.06083007812532,44.9364145189503],[51.05385877821214,44.93366617368018],[51.05822564019149,44.918829205358556],[51.068481716580315,44.9083647956324],[51.09052625868082,44.90501925526647],[51.102100965712175,44.89908175526423],[51.09944173177126,44.880148514154676],[51.09342610677122,44.866414790191044],[51.104739854601064,44.85528048571633],[51.1237407769101,44.86427503324587],[51.14886420355958,44.88666937461716],[51.16640679253521,44.932595888306416],[51.165878092448274,44.94594075050777],[51.17216335720536,44.95798257993925],[51.16446207682333,44.96954901332035],[51.17016031901097,45.00650457974056],[51.18566840277816,45.01000270799721],[51.19880832248304,45.01748982280039],[51.208480631510774,45.01635646776524],[51.21460666232673,44.99774467847854],[51.22888020833386,45.00165011467807],[51.240558268229556,45.00999728264991],[51.24084174262203,45.023051346239846],[51.23268229166699,45.03855563227006],[51.22599446614628,45.042349306316616]],[[50.97181911892426,44.858047684068076],[50.96427842882002,44.85055229561035],[50.960205620660076,44.83829426609181],[50.97208333333378,44.83486110636829],[50.98839545355945,44.84143472833261],[50.98246039496581,44.85451958076819],[50.97181911892426,44.858047684068076]],[[50.89299207899336,44.84769395142525],[50.88098307291698,44.84468966539998],[50.880869411892824,44.82938042060233],[50.89314453125051,44.82085801391504],[50.90590955946231,44.81861653170928],[50.93140055338581,44.821716575113385],[50.928428276910154,44.83333007338164],[50.90725531684075,44.83298475003082],[50.90075737847292,44.84472628649365],[50.89299207899336,44.84769395142525]],[[50.64226264105946,44.82062146877615],[50.61264973958396,44.81555826347903],[50.60207383897609,44.82166584811684],[50.58155381944477,44.85006862590536],[50.5734879557296,44.84399494968777],[50.57948676215324,44.82609781426423],[50.57963514539965,44.7981407287501],[50.56690538194475,44.77732611285677],[50.57818250868104,44.77129665321904],[50.583007812500455,44.783968094196155],[50.59121717664965,44.79131889715028],[50.619092339410145,44.79911756251793],[50.62654052734404,44.80628308986433],[50.646513400608164,44.812253684484816],[50.64226264105946,44.82062146877615]],[[51.0790445963546,44.8674880595057],[51.08635823567761,44.87236910876975],[51.0816254340283,44.887724740285954],[51.062030707465745,44.872486160636],[51.047507866753904,44.87407375286759],[51.055933159722535,44.86202948202966],[51.06778564453161,44.86193657295844],[51.0790445963546,44.8674880595057]],[[50.72995117187542,44.90439805300935],[50.733033582899786,44.91856580475081],[50.71043375651078,44.93047783275025],[50.69481391059065,44.92636392758361],[50.70752794053856,44.91612127892528],[50.71620144314265,44.896286616374255],[50.72995117187542,44.90439805300935]],[[50.46776692708375,44.91699177588741],[50.47198838975737,44.92079860640092],[50.4639792209208,44.932221268080596],[50.449174533420546,44.92644151004892],[50.457383897569734,44.90944457536365],[50.46776692708375,44.91699177588741]],[[47.48857415093328,45.14647026447188],[47.482301500108576,45.16974012125144],[47.47172085232228,45.175552838267514],[47.46323391384561,45.17057955810067],[47.47763875325534,45.137316076100475],[47.48857415093328,45.14647026447188]],[[47.72319444444458,45.197361106504694],[47.7324009195965,45.21774250842211],[47.736947224935086,45.23844387019196],[47.74805094401063,45.25666584828035],[47.76093024359823,45.27284816707962],[47.75940361870687,45.280558263653774],[47.771618720160745,45.29974107073541],[47.77928066677525,45.350679927091036],[47.76711357964427,45.339719504995045],[47.74722235785612,45.27580918596098],[47.72797309027806,45.21930419462057],[47.72319444444458,45.197361106504694]],[[47.7256944444445,45.22374999540344],[47.74166388617634,45.26972493031652],[47.7292005072702,45.26457614016687],[47.72528055826842,45.25550780791527],[47.7256944444445,45.22374999540344]],[[47.632811482747506,45.38585245314576],[47.64388610839859,45.39203192363405],[47.64709832085521,45.4035336597494],[47.63683356391066,45.4140455412637],[47.62944722493494,45.404997147163144],[47.62805019802528,45.393612191646966],[47.632811482747506,45.38585245314576]],[[47.79359775119383,45.38081379754497],[47.786597764757175,45.376001921458105],[47.78518432617216,45.3601106725373],[47.78024278428825,45.349353158427384],[47.780657619900296,45.335558263674095],[47.77620103624156,45.32899101649277],[47.77714185926675,45.30481146461751],[47.79799296061241,45.29833604143821],[47.808523288303086,45.30412393749057],[47.822953491211074,45.29278048588042],[47.837721557617265,45.296767709189304],[47.847934231228564,45.291526145602255],[47.856384277343906,45.32256021679426],[47.848112453884646,45.33126654275233],[47.87166388617635,45.36200805209523],[47.86386976454008,45.37888576477503],[47.867568155924694,45.39290187806143],[47.85450039333778,45.396136876977685],[47.85249721950981,45.384719505011574],[47.82499545627194,45.3774993172919],[47.81917324490041,45.390588374371404],[47.81057169596373,45.39379190627353],[47.81647101508253,45.41112670445715],[47.801696573893366,45.41583061613414],[47.791769002278905,45.397742644122204],[47.79359775119383,45.38081379754497]],[[48.04621025933181,45.33165133550424],[48.04105278862869,45.32520100455559],[48.059431559244956,45.319818653208266],[48.074536946614785,45.30955701583468],[48.08783921983518,45.31240817143461],[48.06810234917566,45.32525986957306],[48.05861477322066,45.321648487193215],[48.04621025933181,45.33165133550424]],[[48.031904568142465,45.23421671090228],[47.99767374674496,45.235270177699434],[47.989439154731144,45.22861639623005],[47.98747802734392,45.21819484674702],[47.994470621744995,45.19586723714654],[48.00666137695322,45.18654581244712],[47.99916191948802,45.17610540988222],[48.01749471028659,45.171939150115165],[48.03002197265652,45.17477308023762],[48.04113511827302,45.18409341986791],[48.0619786241321,45.19055934868973],[48.06859239366332,45.1981034296387],[48.06729180230053,45.22272663928327],[48.03876898871555,45.2358280390277],[48.031904568142465,45.23421671090228]],[[48.29208333333344,45.429027773257026],[48.29980577256964,45.437099469223675],[48.316199815538425,45.44363253671726],[48.32804918077284,45.463034392193116],[48.31916937934039,45.46694715261123],[48.30175998263899,45.467210010684276],[48.297723659939436,45.455624588587966],[48.28332397460962,45.44615030473022],[48.29208333333344,45.429027773257026]],[[52.63216091579915,45.493349197976734],[52.63668240017415,45.48247314003006],[52.62438096788247,45.4727909297401],[52.632545572917195,45.466402583383584],[52.61701605902822,45.46043836354635],[52.61193847656301,45.45417195186869],[52.61943684895886,45.44111110659489],[52.63762152777837,45.43416639088034],[52.65009657118111,45.43333861852772],[52.67502332899351,45.44048949743667],[52.679727647569905,45.44943969275235],[52.671659613715796,45.497259245721274],[52.65389431423671,45.50361639633127],[52.64334472656304,45.51051038504899],[52.63888075086867,45.49803127263116],[52.63216091579915,45.493349197976734]],[[52.625079210069934,45.534449729675615],[52.63902777777844,45.52680555107053],[52.63861653645887,45.53944972967767],[52.61412543402842,45.54915174248496],[52.60971245659773,45.54416354261337],[52.625079210069934,45.534449729675615]],[[52.8376052517367,45.5452657019019],[52.81446885850755,45.53416422077801],[52.818058268229834,45.52273152220631],[52.83681206597276,45.5090974889982],[52.832161458333815,45.498485102926495],[52.837638888889444,45.494305551058595],[52.853898654514346,45.50549410900541],[52.84724500868117,45.5209247459469],[52.84516113281318,45.54557494669369],[52.8376052517367,45.5452657019019]],[[52.939556749132464,45.55310465047248],[52.949334309896415,45.55055921318847],[52.95778049045197,45.563052838410066],[52.96055284288274,45.57444715265037],[52.948237847222906,45.5780224564711],[52.93523057725763,45.567432314323085],[52.94149251302139,45.56258652981622],[52.939556749132464,45.55310465047248]],[[53.00029405382008,45.508888748763574],[52.99513888888948,45.49597221772591],[52.98834038628536,45.49313977957404],[52.99363172743119,45.477730572753984],[53.00225206163259,45.46972493038997],[53.01333062066032,45.47902777327531],[53.009934895834014,45.48772514741036],[53.01611382378524,45.50472493040275],[53.00029405382008,45.508888748763574]],[[52.77118435329907,45.44527506058927],[52.75951171875049,45.43296440520292],[52.77397081163257,45.41980549677792],[52.78275987413269,45.42796291323063],[52.78408637152837,45.436300858112205],[52.77118435329907,45.44527506058927]],[[49.15125000000034,45.94069444010819],[49.148822970920314,45.945687929693214],[49.154222547743416,45.962227507607025],[49.17616970486131,45.97808322050322],[49.169994574652996,45.98543443035825],[49.13971923828142,45.994997215192484],[49.137276475694705,45.99859584800615],[49.10722764756968,46.001231549504546],[49.112502712673965,45.98919650175722],[49.128571234809215,45.986919754794584],[49.1368264431427,45.979109831831686],[49.13791802300386,45.96918565105563],[49.11939046223977,45.974350174712],[49.09944173177104,45.97165242080483],[49.075811360677385,45.973886171890676],[49.062447102864894,45.96607963976985],[49.056941460503644,45.96944172744475],[49.067580023871805,45.988893360481235],[49.08739013671913,46.00296955948774],[49.08233751085089,46.01301065649647],[49.072210828993256,46.008319358751805],[49.04803032769116,46.004730220295606],[49.0436138237851,46.021141014029816],[49.05016710069463,46.037739524777834],[49.02584716796895,46.038292774560965],[49.03119249131975,46.03161573191555],[49.039458279080065,46.00665560820874],[49.03682264539947,45.9945887543632],[49.0293277994794,45.9932629351355],[49.03416395399335,45.97064113608221],[49.02394042968768,45.95814601889042],[49.0358832465281,45.947644038634834],[49.03705674913249,45.93907049805022],[49.04717502170155,45.93778564019395],[49.06309678819461,45.96084119575746],[49.07200249565989,45.95749999566965],[49.066390245225996,45.944987246099245],[49.06855224609421,45.93682169162583],[49.064415418837136,45.92909803168384],[49.06914252387185,45.915843094613244],[49.08456949869816,45.91799017577724],[49.096658799913364,45.90610324000909],[49.109716796875546,45.88666137259755],[49.118974338107876,45.88266791013963],[49.13955023871562,45.88114284503486],[49.15364854600722,45.88308349173713],[49.15693657769117,45.89102145289435],[49.15154161241354,45.91506537108875],[49.15432128906269,45.92462605360068],[49.15125000000034,45.94069444010819]],[[49.39780544704882,45.94029323568095],[49.405104166667,45.9315157020406],[49.41877522786489,45.94424465169787],[49.42668212890652,45.95858343751016],[49.41910834418428,45.97027248373849],[49.40196912977449,45.95327378581566],[49.4089401584207,45.95027424696919],[49.39780544704882,45.94029323568095]],[[52.6736979166672,45.98187662328241],[52.682884114584,45.995255258269744],[52.69316569010464,45.9877354557498],[52.70277235243105,45.99034070748686],[52.69661946614633,45.999813906274916],[52.67683322482691,45.99747904028012],[52.67076660156328,45.988483611132],[52.6736979166672,45.98187662328241]],[[49.56733886718774,45.953472353524035],[49.55629421658017,45.942480464414245],[49.56675672743096,45.92358587890407],[49.56246907552105,45.915826954205166],[49.56536322699686,45.90611422633716],[49.58917480468789,45.92085014756648],[49.59750298394118,45.94250270833787],[49.58472493489626,45.95166937500784],[49.56733886718774,45.953472353524035]],[[49.05360812717032,45.91721367295573],[49.06270996093775,45.9288317827688],[49.06583062066011,45.938581267364256],[49.0566699218752,45.94331352648055],[49.04237820095516,45.93248331271808],[49.03942518446217,45.92613687716898],[49.05360812717032,45.91721367295573]],[[52.77643174913254,46.01302591528555],[52.786180555556086,46.01984876413785],[52.790767144097906,46.036499629486535],[52.78919759114632,46.06581854496994],[52.776158854167136,46.06111863448648],[52.76778049045191,46.052092959027625],[52.773765733507624,46.04828680668254],[52.786108398437996,46.05501369470576],[52.78752495659784,46.03226216203727],[52.783072374132466,46.02362066897855],[52.76180175781313,46.01891397681105],[52.77643174913254,46.01302591528555]],[[52.835949978299084,46.06017815054519],[52.86375000000049,46.05708332903807],[52.87176540798663,46.063331158901306],[52.890551757813114,46.066331172465745],[52.89914550781298,46.083520639160184],[52.88000651041721,46.09121907123756],[52.86468315972269,46.08918449821171],[52.84884006076457,46.079405920191675],[52.826674262153276,46.072025413461674],[52.835949978299084,46.06017815054519]],[[49.60159884982664,46.09819566086684],[49.59141818576426,46.10835686149968],[49.58284450954893,46.14109191467939],[49.57580891927108,46.13130702969344],[49.57943901909755,46.117494706012344],[49.5892209201391,46.10298610683195],[49.60159884982664,46.09819566086684]],[[52.849169379340815,46.14141879184978],[52.853052842882505,46.13756360792909],[52.824147677951885,46.122258364325766],[52.83388617621597,46.11513189947951],[52.84750271267421,46.112241206661615],[52.849201931424204,46.10325188102906],[52.86647677951452,46.098613887320795],[52.8734450954866,46.10701734327003],[52.85828721788254,46.11544880757406],[52.874159071181104,46.118620262110824],[52.8625027126742,46.13039882656804],[52.89845377604229,46.139947844583546],[52.88947211371583,46.156367590140476],[52.849664713542154,46.14800706225125],[52.849169379340815,46.14141879184978]],[[49.81257649739621,46.19723971472079],[49.83246392144128,46.2123415756201],[49.84202582465321,46.2334989378236],[49.85600477430591,46.25240837522164],[49.85787407769129,46.2757162094312],[49.85111382378522,46.28595438217774],[49.85248914930593,46.29438279472405],[49.825830620660035,46.31386989596774],[49.8219178602435,46.326443002525835],[49.83162896050379,46.3412609143148],[49.80909586588564,46.34250277629447],[49.811249457465514,46.35097947443114],[49.79389160156302,46.35111388740861],[49.77236355251774,46.35488097725366],[49.75722276475726,46.36720533164147],[49.73639241536483,46.369129905752324],[49.72294216579888,46.380472543560124],[49.71132758246557,46.377813377435054],[49.725538465712305,46.36530293363745],[49.71279188368089,46.362230423870756],[49.714835611979545,46.35095010973924],[49.699487575955345,46.34913329658768],[49.688143717448206,46.33515543199946],[49.70293429904536,46.33573540161767],[49.702502712674054,46.32694165975273],[49.716956380208615,46.3302638711255],[49.71724202474013,46.34527641724594],[49.72999728732662,46.33967630602436],[49.74250271267419,46.316813146836864],[49.73810275607667,46.30859951022382],[49.74542371961837,46.300881411262736],[49.76611382378506,46.289169442942786],[49.76263888888922,46.285869678944344],[49.76721950954885,46.26888610417699],[49.7770328776046,46.25480359820423],[49.767638346354424,46.24488335080499],[49.77666205512206,46.230473764211595],[49.792916395399736,46.22028909895184],[49.81257649739621,46.19723971472079]],[[53.053342013889434,46.36305466974791],[53.050184461806225,46.356417096503186],[53.06082845052151,46.34676947280203],[53.06638020833407,46.35803588448117],[53.05644856770901,46.37780015315126],[53.04495062934097,46.369804208595504],[53.053342013889434,46.36305466974791]],[[52.9552826605909,46.37223062732466],[52.96716308593818,46.38150254573058],[52.972573242188105,46.393577401963206],[52.97051540798673,46.402219437556326],[52.98452202691027,46.40100368506031],[52.99968370225753,46.418790007766],[53.01120496961868,46.417900793355926],[53.02362467447966,46.43666503489893],[53.01268012152843,46.43971177426622],[52.98861816406292,46.419843610196885],[52.98084038628525,46.40808959543593],[52.96276584201445,46.402119272083134],[52.954392361111786,46.385383025332715],[52.94330349392408,46.37965379084713],[52.9552826605909,46.37223062732466]],[[53.20155761718803,46.539232444872994],[53.182826605903415,46.52379278829222],[53.198640407986595,46.51281215677829],[53.20362630208421,46.52310831292319],[53.21847764757007,46.52483275953826],[53.2235432942715,46.530304629114845],[53.21076009114654,46.54072706021647],[53.20155761718803,46.539232444872994]],[[53.19671332465343,46.47047342520983],[53.18831434461862,46.476386104248334],[53.1652571614589,46.45754631474536],[53.174739040799295,46.456941252896186],[53.184773763021376,46.44194722077305],[53.21992458767431,46.460010032736676],[53.21750271267434,46.4649972153555],[53.20160319010466,46.46610134133264],[53.19671332465343,46.47047342520983]],[[53.191330295139544,46.58662237815737],[53.179946831597924,46.60416137284644],[53.169439019097744,46.59889417449394],[53.15298231336874,46.57703426373361],[53.17289822048656,46.56855532764134],[53.18898546007004,46.57060902501609],[53.191330295139544,46.58662237815737]],[[52.7667442491325,46.66010738387873],[52.764200303819905,46.66800540091703],[52.776669379340895,46.67669656981114],[52.786108398437996,46.70057457410517],[52.78317057291718,46.70819552544213],[52.79606065538257,46.71850992431724],[52.79647949218827,46.72705460883627],[52.778976779514316,46.73463425971757],[52.788473849826964,46.7410914401668],[52.780526258681036,46.74613036703493],[52.781663953993586,46.7810255561198],[52.770274522569984,46.77554710830983],[52.743385959202215,46.77860368111911],[52.732526584201985,46.77448635120234],[52.71226399739629,46.7748620564975],[52.70166937934096,46.76890078669298],[52.710053710937984,46.75813693170888],[52.70334092882012,46.74921901720948],[52.69194715711865,46.74893513591594],[52.69140570746577,46.766397056765975],[52.70907443576443,46.78594014081126],[52.69739095052154,46.78696895618687],[52.675002712674306,46.802529903186446],[52.672486979167275,46.81245584720033],[52.657224934896306,46.80222499867241],[52.64897081163241,46.809692751767344],[52.63469238281304,46.79833610978224],[52.62804796006997,46.803389176461486],[52.61584092881996,46.79912136097611],[52.62554741753519,46.79165798206739],[52.6480582682297,46.80027499324651],[52.66708333333395,46.79307257353917],[52.68284288194496,46.776045833353386],[52.6830528428826,46.758464622681224],[52.67683648003521,46.752913576943776],[52.67834147135477,46.743078880488575],[52.695482313368586,46.739763247349494],[52.72196831597278,46.7569864529217],[52.744110243056014,46.752502776433616],[52.757066514757476,46.73347767741467],[52.74146267361175,46.7215071573911],[52.74028103298661,46.71330789794816],[52.75277506510475,46.7048432712093],[52.7559705946187,46.68265665282083],[52.7667442491325,46.66010738387873]],[[52.29041666666711,46.74669968940929],[52.31528320312554,46.74832803956157],[52.330272352431166,46.757750443536025],[52.324616970486595,46.76249470623299],[52.303099500868534,46.75501461047309],[52.268184678820035,46.75493353544055],[52.29041666666711,46.74669968940929]],[[52.55011881510483,46.78161834312083],[52.591041666667195,46.792180070012435],[52.59201171875065,46.805389366349374],[52.58226399739629,46.828321529171596],[52.564512261285415,46.83106956926582],[52.539551323785346,46.826471451859774],[52.53056098090332,46.806631160512],[52.53797254774372,46.78533409561774],[52.55011881510483,46.78161834312083]],[[52.34076877170189,46.78305833199936],[52.34210394965338,46.79161010337808],[52.35404622395879,46.815297677984475],[52.36444173177142,46.84793451542485],[52.38062391493109,46.84344729550695],[52.39389160156298,46.85221943770831],[52.403308376736554,46.83441795793896],[52.404175347222804,46.82332498782893],[52.41245008680602,46.81856190595864],[52.43622070312562,46.82092427168214],[52.451720377604765,46.81581457794139],[52.464640842014376,46.83073855526831],[52.45527506510467,46.84986870257282],[52.44694715711864,46.85305277104173],[52.438052300347685,46.838319426852884],[52.42679633246581,46.84536671553801],[52.426108398438146,46.85835233498132],[52.4073242187507,46.87381099723138],[52.37099392361159,46.879783880669784],[52.35916395399364,46.86778055424975],[52.35250271267432,46.81860863176158],[52.34361382378529,46.80138640953374],[52.34076877170189,46.78305833199936]],[[52.64278103298692,46.90608565883601],[52.654354926215824,46.89971553825558],[52.657054578993666,46.88908953795379],[52.647542860243675,46.877464019151155],[52.67114257812551,46.87527361998042],[52.676097005208874,46.85831925731733],[52.6853314887158,46.843405927234315],[52.69721788194516,46.83722221819364],[52.702513020833976,46.85532622888761],[52.71027235243105,46.86461839062031],[52.70610297309093,46.88002534252966],[52.69166937934079,46.87722511737681],[52.66768337673665,46.884173240887115],[52.672755533854634,46.895177811745924],[52.64278103298692,46.90608565883601]],[[52.70904351128518,46.95240027134588],[52.6997309027783,46.94167107076719],[52.68809353298666,46.941080759080855],[52.68710340711867,46.92786161234801],[52.66011555989643,46.92308437371252],[52.6744417317713,46.9133632365566],[52.673625217014376,46.899463666510876],[52.69055935329925,46.90494358933704],[52.68583604600741,46.91096462273201],[52.70944932725762,46.9241750719551],[52.70859429253551,46.910841484304115],[52.734328342014344,46.88623889098003],[52.74456542968811,46.89110832660992],[52.75286349826455,46.87722499869744],[52.775626627604765,46.86171355799128],[52.78943033854222,46.86340633414196],[52.77400444878538,46.88815020689863],[52.767303602431184,46.90479310376836],[52.75686848958384,46.892765142881046],[52.74361979166724,46.90305389003632],[52.75166937934073,46.913336109820406],[52.74809624566018,46.92194722093433],[52.727283528646296,46.924156913996235],[52.723058810764435,46.94276933058749],[52.70904351128518,46.95240027134588]],[[52.9863661024312,46.79278106285115],[52.96666937934077,46.78191453317098],[52.95805826822982,46.77199991456952],[52.965841471354736,46.76693592937912],[52.97337510850763,46.78054053007799],[52.983576388889375,46.771133215350496],[52.996421983507496,46.76967901884391],[53.00055284288237,46.778075320116216],[52.9863661024312,46.79278106285115]],[[52.44120442708391,46.98423037660818],[52.44606608072979,47.0014207164439],[52.43003526475758,47.00193914227974],[52.40906087239648,46.996142828462226],[52.40808919270898,46.99177648358503],[52.44120442708391,46.98423037660818]],[[50.56304796006975,46.75861975370344],[50.56972493489627,46.76083054878879],[50.583696831597635,46.78216555720522],[50.5966918945316,46.80639688723721],[50.5855528428824,46.808336109785685],[50.58023627387188,46.80027499324651],[50.565840657552485,46.795268889729144],[50.56860839843795,46.78480098743617],[50.55532958984412,46.77722499866407],[50.550568576389246,46.79311665448556],[50.5513039822053,46.812657331032746],[50.54534261067742,46.81414441870678],[50.51835856119839,46.80055589059896],[50.502730848524706,46.79784901532683],[50.49972493489616,46.78859130454893],[50.52499321831629,46.79202083607125],[50.53416395399347,46.801391665338876],[50.5464249674482,46.796831321912826],[50.53312717013927,46.77977755671616],[50.533873155382366,46.771667306876196],[50.52519287109419,46.76734330513872],[50.55027506510465,46.755830548787145],[50.56304796006975,46.75861975370344]],[[50.693843858507414,46.85310819435451],[50.71034315321213,46.89110044290228],[50.708908962673995,46.90694993360302],[50.692235514323315,46.90944093091835],[50.67541693793435,46.91542776767155],[50.67263156467061,46.90759388841005],[50.66067518446214,46.90310943202841],[50.64194173177134,46.88972499870154],[50.63875759548659,46.88016943636127],[50.68282145182326,46.89777499327895],[50.69442735460103,46.89610020554503],[50.70510253906309,46.88423793815283],[50.693360731337236,46.861763742453135],[50.693843858507414,46.85310819435451]],[[51.403359375000434,47.04309459714067],[51.38322374131979,47.039189839109994],[51.366838650174145,47.024690496928606],[51.38678005642402,47.021689694993334],[51.40266710069483,47.02610580895424],[51.423210720486566,47.01863546186522],[51.45001681857678,47.02305206749819],[51.45541666666707,47.014861107141115],[51.475538194444994,47.01545419931804],[51.479039713541965,47.024111137661926],[51.46558268229216,47.02913040612318],[51.455039062500354,47.04039312178443],[51.42849772135452,47.03696751516168],[51.42806098090323,47.04232742761191],[51.40922254774353,47.04638358673867],[51.403359375000434,47.04309459714067]],[[50.90930555555593,47.04986110715262],[50.93044813368095,47.05111388764352],[50.934147677951785,47.059163882220744],[50.900018717448575,47.06025264344479],[50.90930555555593,47.04986110715262]],[[49.264873589409994,46.242783063260916],[49.27593912760449,46.24269245996226],[49.28519124348981,46.24860581716914],[49.27910210503495,46.26240722233888],[49.27148274739608,46.267212994910004],[49.24027696397587,46.26864257390355],[49.24930636935801,46.251826710182335],[49.264873589409994,46.242783063260916]],[[48.14138305664079,45.612213537212725],[48.1616745334204,45.61693657323867],[48.171537543402955,45.630762528104775],[48.15944552951402,45.63175061946804],[48.14908420138903,45.62637925444881],[48.14138305664079,45.612213537212725]],[[48.197208387587125,45.6555691144854],[48.20579250759562,45.65888617177823],[48.2194417317711,45.6494417273303],[48.234447157118154,45.651930198468406],[48.22983696831624,45.679381099086015],[48.203607042101,45.68367214183926],[48.19140096028656,45.66795274079201],[48.197208387587125,45.6555691144854]],[[48.03060845269107,45.352209061206246],[48.0554687500001,45.36661390062122],[48.05955417209224,45.37518676303757],[48.03885470920152,45.37807101325561],[48.04385606553864,45.38612466994268],[48.02598768446199,45.386882455316375],[48.01223036024328,45.38085869229315],[48.00843410915814,45.369216032783626],[48.01476576063396,45.362569032998245],[48.02611382378495,45.36000270812749],[48.03060845269107,45.352209061206246]],[[47.69295457628044,45.44080742278402],[47.69318630642368,45.448217362022774],[47.70360331217467,45.48250786225224],[47.69343465169283,45.49078897662162],[47.695986938476665,45.50662108925766],[47.68656697591166,45.510002708182405],[47.68084160698793,45.489251568852005],[47.681850382487255,45.45349296966356],[47.69295457628044,45.44080742278402]],[[-89.21638888899996,48.432678957469605],[-89.19573350699994,48.44522425947336],[-89.18625027099993,48.44503599947327],[-89.1670860459999,48.4653205594792],[-89.14841010199994,48.477572485482774],[-89.12375542499993,48.48574007448518],[-89.10699896899993,48.48781513348584],[-89.09775987399996,48.48420944848475],[-89.08361382399994,48.48882126448607],[-89.0642537429999,48.49003735648639],[-89.04427381699996,48.49851120548888],[-89.0284410259999,48.50032137348943],[-88.9934035919999,48.51253016749301],[-88.98173963799996,48.50954270049208],[-88.962636176,48.51087068949244],[-88.95646701399991,48.52123391649548],[-88.94171034099993,48.525592911496744],[-88.92258761899996,48.52155279149559],[-88.92484564899993,48.53235886249875],[-88.90529676599994,48.542870472501804],[-88.87126139299993,48.54407069450212],[-88.84340413399998,48.56005851550681],[-88.82732042099995,48.55670944850583],[-88.81638617599998,48.5671649065089],[-88.778075087,48.57323532751058],[-88.75847493499998,48.567232451508865],[-88.75295681399994,48.556550214505755],[-88.76319173199994,48.54527702050244],[-88.77963053399998,48.518567629494676],[-88.81183213999996,48.48947366248625],[-88.83763292099994,48.460284887477776],[-88.82764594199992,48.4515040984751],[-88.85536241299994,48.418390085465504],[-88.86124674499996,48.40501782446154],[-88.84903266099992,48.4004359834602],[-88.87294135199994,48.37527797045271],[-88.86347846099993,48.36348055244936],[-88.87287950299995,48.3598736464483],[-88.88666666699996,48.36831453745066],[-88.90210042299995,48.36253939044901],[-88.92285698799998,48.33237093344012],[-88.92319824199996,48.32526956143799],[-88.93315402599993,48.314752389434865],[-88.93028157599994,48.30610072443226],[-88.9104937069999,48.322111602437055],[-88.88819173199991,48.31670944843544],[-88.87992838499997,48.32150125043686],[-88.85326090499996,48.32352965243747],[-88.83089355499995,48.33614846744123],[-88.82381184899994,48.32900477643908],[-88.80457519499997,48.3375540394416],[-88.78986138199994,48.33253572844017],[-88.74525716099996,48.35048955844545],[-88.73319715699994,48.358887453447856],[-88.74374728699993,48.363947946449386],[-88.73815728099996,48.37063373745136],[-88.71734971799995,48.38076855745446],[-88.72126139299993,48.385171497455694],[-88.71453152099996,48.39764654145925],[-88.71680284299994,48.40324970446095],[-88.6993752709999,48.42159171846637],[-88.69679172099993,48.434514217470145],[-88.68862033399995,48.44299932447268],[-88.69541395399989,48.4477385004741],[-88.68180826799991,48.465775067479264],[-88.69851887999994,48.47524121348209],[-88.70179606099994,48.481755156483956],[-88.69011393199993,48.4956036264881],[-88.65784206799997,48.49580287248813],[-88.63554361999995,48.50820263949169],[-88.63680419899995,48.52032639149522],[-88.64958062099998,48.52041306149524],[-88.63546088299991,48.53489249949952],[-88.63983696799991,48.54757899550318],[-88.63397298199999,48.571691544510145],[-88.62578911699994,48.57685945951167],[-88.62191731799996,48.5873406875147],[-88.63045545799993,48.60319097451933],[-88.614820421,48.62175976852468],[-88.59359320699994,48.622537356524965],[-88.5865638559999,48.6176100555235],[-88.57485297299996,48.62610994752584],[-88.55039360899995,48.62890386552675],[-88.54147705099993,48.64235275853054],[-88.55079155799994,48.65299267853363],[-88.55123345299994,48.6625638045365],[-88.54167833099989,48.66665017653761],[-88.55485839799994,48.67870285654105],[-88.55151475699991,48.6870113685434],[-88.51958062099997,48.706181019548886],[-88.51570068399997,48.71381285555111],[-88.53832709399997,48.72177929955346],[-88.53895643399994,48.72805439155534],[-88.55083685999995,48.73852734655819],[-88.54036539699992,48.77542689656872],[-88.52671251099994,48.786102216571805],[-88.52330457899993,48.796584529574744],[-88.48364257799992,48.81813617858089],[-88.48707899299995,48.828165475583795],[-88.49788384299991,48.835680395585854],[-88.47329291399991,48.846699140588996],[-88.43349392399992,48.84755946458929],[-88.41731526699994,48.842520673587785],[-88.40397108299997,48.83362120458529],[-88.37797580299994,48.83200309558482],[-88.34854682099991,48.82293693258235],[-88.33510660800002,48.81631909458035],[-88.32600477399993,48.80477693957706],[-88.32565456799992,48.79711879057485],[-88.33758707699994,48.78225957857072],[-88.3164613169999,48.773243465568164],[-88.30136718699995,48.75697773156353],[-88.31791395399995,48.71781513355224],[-88.32673448399999,48.706896622549216],[-88.33827039899995,48.674516522539776],[-88.3555870229999,48.66428784453696],[-88.37234049499993,48.65806361453515],[-88.38016655799998,48.65000602453284],[-88.40880560999994,48.636386640528805],[-88.43927164699994,48.614616213522496],[-88.46449815499994,48.590415909515606],[-88.47604085299993,48.583897219513766],[-88.50987847199994,48.559100669506456],[-88.52664252399993,48.54437668450226],[-88.54266872799997,48.53504278149953],[-88.55252766899997,48.53789380150042],[-88.558153212,48.52244810949591],[-88.56570773699994,48.5144431454935],[-88.56271375899993,48.50510964849081],[-88.58209716799993,48.492526098487176],[-88.59596950999996,48.47943826248334],[-88.5785720489999,48.4788496124831],[-88.56569715699996,48.48472146548485],[-88.56416124099998,48.47058979248078],[-88.57089572499994,48.46309535347848],[-88.56705864799993,48.435876114470624],[-88.55346896699996,48.43251443446961],[-88.55899007199996,48.410043730462974],[-88.54496907599997,48.41568731246462],[-88.53868598099996,48.42513962346739],[-88.52819173199995,48.4239262454671],[-88.52011989999991,48.43258130146951],[-88.5263538949999,48.441269723472175],[-88.51791937899992,48.45089239047495],[-88.51554280599996,48.46469406747892],[-88.49977891699994,48.46685756047977],[-88.48340114999992,48.46341897547866],[-88.48773193399995,48.48151291448399],[-88.49874728699993,48.49355759248744],[-88.4911227759999,48.51168733949269],[-88.47693332199998,48.52113422549546],[-88.46467800599993,48.51297057049316],[-88.45232828799996,48.529222062497894],[-88.45428358299995,48.534259768499346],[-88.42557454399996,48.56844745850917],[-88.41597493499991,48.566875056508806],[-88.42208062099996,48.54829988850333],[-88.4174207899999,48.53650260649997],[-88.40150363499997,48.5427928905018],[-88.39096788199997,48.53817564850047],[-88.37716037299998,48.539242000500785],[-88.36568630599999,48.548663251503484],[-88.36177164699993,48.55728250050598],[-88.34188123899992,48.57069328050991],[-88.3304823129999,48.56996072350975],[-88.32927490199997,48.55617600050569],[-88.31924777599994,48.55371696250503],[-88.31593831399992,48.566303632508635],[-88.30240614099992,48.56779940050904],[-88.29791937899992,48.57758089451199],[-88.31010335299996,48.588628664515156],[-88.33048339799994,48.58984868951549],[-88.32986870699993,48.60639016652018],[-88.33576388899992,48.61685810252325],[-88.33967529299996,48.642279245530545],[-88.32192328599997,48.64720383253202],[-88.3050870769999,48.624153838525416],[-88.29578504799997,48.618728491523704],[-88.29744303399994,48.60315598151925],[-88.28354302299991,48.58948722551533],[-88.27146348699992,48.59574495751722],[-88.24514729799995,48.62004142552418],[-88.25039686399997,48.59082633751581],[-88.25948160799996,48.57852056451212],[-88.23429361999995,48.58228046551315],[-88.19097493499996,48.61379128952242],[-88.18016682899994,48.62675542752605],[-88.16296630899996,48.63138677552748],[-88.15959472699996,48.643166560530815],[-88.14830376499995,48.64949468553268],[-88.13044704899993,48.66945928553837],[-88.11578233499992,48.68102151454176],[-88.097220866,48.70069490854737],[-88.09762505399996,48.72002867555295],[-88.10534640799993,48.73431239455704],[-88.10735839799996,48.7458435625603],[-88.10243136899996,48.7507567575617],[-88.098693848,48.768122479566664],[-88.09123426599992,48.77650776056903],[-88.09558430999992,48.78758225057231],[-88.11114746099993,48.80006258457575],[-88.12722737599994,48.79919534257546],[-88.16399034299994,48.82283697058224],[-88.19299234999995,48.83056605658442],[-88.20475151899996,48.831643801584825],[-88.22728352899995,48.84045293758728],[-88.2395402019999,48.858801462592446],[-88.24347276499995,48.886174644600274],[-88.22486599399996,48.910492135607],[-88.22620795399993,48.926958607611645],[-88.23840847399994,48.930049834612554],[-88.2438766819999,48.941420548615746],[-88.260876194,48.949631811618026],[-88.25929199199994,48.96390115262208],[-88.27035156299996,48.97926722862637],[-88.25625596799992,48.98655672462838],[-88.2414417859999,48.96171921362142],[-88.22269070099995,48.95865389262057],[-88.21236382399994,48.964765003622276],[-88.19507242799993,48.968217152623225],[-88.16602104999996,48.95416523161928],[-88.16609347899994,48.962883764621736],[-88.15327365499996,48.977351944625795],[-88.13830810499998,48.980520076626654],[-88.1212293839999,48.995563614630946],[-88.10320475299994,48.99961187363204],[-88.08203314899995,48.991416343629695],[-88.07296468099996,48.98431890462773],[-88.05864040799997,49.00591382163377],[-88.0451416019999,49.01504278163631],[-88.02938123899997,49.014829565636376],[-88.02403238899991,49.00254074763282],[-88.02299533399994,48.983079890627394],[-88.01331027599993,48.98136276862695],[-88.00756944399996,48.96508604862234],[-87.98731933599997,48.96470573162234],[-87.96933783599997,48.94867518761776],[-87.93910481799992,48.93633577761431],[-87.92879611499988,48.92809833761203],[-87.91879068999995,48.92837611461212],[-87.90260145399995,48.93700363761444],[-87.88703884499992,48.94077425361555],[-87.87318901899994,48.934073407613624],[-87.86691677499992,48.92670944861158],[-87.83995795399991,48.92037630460987],[-87.83443332199988,48.90893438360656],[-87.81598008899991,48.91423535460808],[-87.79353488499997,48.92670402261159],[-87.7795027669999,48.924281740610866],[-87.76793294299993,48.91368793660789],[-87.77956108899996,48.899881784604084],[-87.76825846399998,48.89254427360206],[-87.74125922299999,48.90602788860581],[-87.72681369399999,48.908109594606344],[-87.70208333299993,48.9004968836042],[-87.67380181199997,48.89781513360347],[-87.6583176,48.88659198960037],[-87.6531179469999,48.86443337959406],[-87.64851074199994,48.856612334591745],[-87.63192274299992,48.85554421959154],[-87.59433702299998,48.863404597593686],[-87.58394910999993,48.875647843597086],[-87.5583089189999,48.878861140598055],[-87.54125705299994,48.875351755597194],[-87.54012315499993,48.86633916859451],[-87.55300184499997,48.836424481586135],[-87.54825520799996,48.82507574058289],[-87.52753309499997,48.82593253858315],[-87.52268500399994,48.8333540065852],[-87.47521918399994,48.84030767458718],[-87.42206488699995,48.83720627458636],[-87.40097873299999,48.82826625158384],[-87.39543836799999,48.80950390857848],[-87.38925455699993,48.80571972957731],[-87.35406955299995,48.79967019557563],[-87.34433973499993,48.79560484757453],[-87.32403048999997,48.79809277657513],[-87.29242133199995,48.79395391457399],[-87.28984700499994,48.790050241572885],[-87.30197428399995,48.774514081568476],[-87.3007394749999,48.76700119656629],[-87.26956868499995,48.75864304156394],[-87.26134928399989,48.76843823556668],[-87.22871582000002,48.75547775856302],[-87.20326117599993,48.75637009256333],[-87.18484049499989,48.76282055956512],[-87.17569715699996,48.77583257656881],[-87.18043077299993,48.78363707457105],[-87.16798990899994,48.78698180057202],[-87.14406521299998,48.770586401567385],[-87.12485243099997,48.7689369605669],[-87.107933485,48.77308613056801],[-87.08151150199991,48.775355010568816],[-87.07101562499994,48.772498429567925],[-87.0647970919999,48.77962123256987],[-87.04947374099994,48.780661135570206],[-87.02847222199993,48.79337801357392],[-87.01601942299996,48.77366637056828],[-87.00147352399992,48.773997317568416],[-86.99736382399995,48.78194368757067],[-87.00458062099995,48.80556578457746],[-86.97825249599994,48.80501579057718],[-86.97284016899988,48.7929510385737],[-86.95765353699993,48.78395554157116],[-86.95283365899994,48.77701299656909],[-86.93907931899997,48.77143167056755],[-86.9250260419999,48.7739262455684],[-86.89773979999994,48.77229145256779],[-86.89346896700002,48.760343481564405],[-86.88514539899995,48.7529966115623],[-86.85899576799991,48.74647615856058],[-86.82210611999992,48.75585007356313],[-86.80347493499991,48.7673915495665],[-86.79300130199995,48.77942497056984],[-86.77588867199992,48.7821657195707],[-86.77212402299993,48.777265003569234],[-86.75001790399992,48.781153892570366],[-86.73755533899997,48.789336265572736],[-86.70388020799999,48.80448451357709],[-86.68907714799997,48.80040519457595],[-86.68387369799991,48.789150311572705],[-86.65714735199998,48.78960048057278],[-86.65291395399997,48.785482777571616],[-86.63615234399998,48.79062749857313],[-86.61715386299994,48.78102246357041],[-86.62002983900001,48.76904817956693],[-86.61864420599993,48.75426600756272],[-86.62878526499993,48.753023738562376],[-86.63820149699991,48.741082142559],[-86.63626898899992,48.7297650035556],[-86.58938910599993,48.73289271655665],[-86.57481282599998,48.729497669555535],[-86.53821940099989,48.72705015955498],[-86.54210503499996,48.74195630155919],[-86.53948350699993,48.748691598561145],[-86.52090874599998,48.748458037560994],[-86.51015841999994,48.75862527356399],[-86.48307888499994,48.770088761567195],[-86.48449489999996,48.76017312556434],[-86.4755029299999,48.75834396956392],[-86.46706434499995,48.76631407556619],[-86.45528862799992,48.76627881156614],[-86.42888617599992,48.77242016856783],[-86.42326605899994,48.744328805559924],[-86.41127224399996,48.75130919356195],[-86.39787326399991,48.74657205156047],[-86.38849989099995,48.73463465955714],[-86.38608181399998,48.7224032145536],[-86.40553873699996,48.72239534755357],[-86.40959689699994,48.71506000655148],[-86.39208062099998,48.710320559550176],[-86.38041992199994,48.70007058654716],[-86.38152506499993,48.69424756154552],[-86.3601416019999,48.671273521538915],[-86.34765570699993,48.64532666253148],[-86.31315863699993,48.65004115353279],[-86.30761393199995,48.64227748253065],[-86.32873318099996,48.636453914528914],[-86.32454589799991,48.62886181952673],[-86.33920138899997,48.61929042152395],[-86.34152452299996,48.610626684521485],[-86.33021755599994,48.60587611452009],[-86.31517035599995,48.60812058052075],[-86.30363118499992,48.599784534518335],[-86.30082953599997,48.59130512451587],[-86.28675672699993,48.58639871151441],[-86.29535373299994,48.57890210251225],[-86.27237196199995,48.5689419785094],[-86.27489095099996,48.55537074350538],[-86.26069715699998,48.535078588499516],[-86.2620806209999,48.52426926249642],[-86.25718044699991,48.51400002949346],[-86.24430772599996,48.49948736148919],[-86.25070203999998,48.48925420748616],[-86.24174262199992,48.480241213483595],[-86.23680284299996,48.46417988047879],[-86.23042860199993,48.45784239647702],[-86.23379123299995,48.44287250647264],[-86.22603786899994,48.43898673747148],[-86.23443576399991,48.42260178246669],[-86.22836045999996,48.41067212146316],[-86.18237033399998,48.393129804458056],[-86.18651041699994,48.38655252045609],[-86.20321397599997,48.37755431045349],[-86.18833875899992,48.36241704944895],[-86.19017795099992,48.358197620447704],[-86.18459418399996,48.33354864044046],[-86.17156087199999,48.319242949436244],[-86.17147352399994,48.311053523433806],[-86.16201985699995,48.30584803843223],[-86.15153048999994,48.29056578442768],[-86.1500775819999,48.272984269422516],[-86.14177571599998,48.27253735642236],[-86.14014214399997,48.2555946744173],[-86.14223687099995,48.24218091041339],[-86.12088107599999,48.22079147940689],[-86.09791937899993,48.204165909402015],[-86.11208062099995,48.19899351940046],[-86.10293022999998,48.19338723639874],[-86.08345974399998,48.16502664139027],[-86.08458062099996,48.16054394738898],[-86.06912651899992,48.15063400838594],[-86.05827962199992,48.13431592038101],[-86.04709581199994,48.13168069338019],[-86.03816840299999,48.11168733937423],[-86.01820800799996,48.09009364436767],[-86.021757812,48.07732590336384],[-85.97946560299991,48.066654923360645],[-85.96024902299996,48.05044005235574],[-85.9424403209999,48.04213669435327],[-85.93982530399995,48.029423206349314],[-85.94428982199997,48.02303174034743],[-85.92660970099993,48.02054082834671],[-85.90972222199996,48.02487961434798],[-85.90412217899993,48.01404695934476],[-85.87254557299991,47.98165600833482],[-85.8492757159999,47.97531513333296],[-85.82234266499991,47.96002623432826],[-85.77100694399995,47.94154153332263],[-85.74891981299994,47.94001836732224],[-85.73439995699994,47.932741349319976],[-85.72008734799994,47.93559291132086],[-85.7120670569999,47.92974954131909],[-85.69599663599993,47.92948125831902],[-85.68430826799994,47.924481529317426],[-85.67427571599994,47.92809291131858],[-85.63624728699989,47.92031486231622],[-85.62041395399994,47.923648467317136],[-85.60261989999995,47.91976500331598],[-85.5912071399999,47.92146503631654],[-85.57012532599998,47.91779831531542],[-85.52884168799994,47.916957386315154],[-85.49870659699994,47.919758493315996],[-85.46083713099992,47.91738571731534],[-85.43896972699999,47.924867542317536],[-85.43263563399995,47.92169832631659],[-85.41062065999992,47.92339890131706],[-85.38326063399992,47.922841989316886],[-85.37533203099994,47.930670494319344],[-85.31531466999995,47.95475957832666],[-85.30014702699998,47.950859296325504],[-85.28576714399996,47.956393421327284],[-85.25150607599993,47.95140942632568],[-85.2404942489999,47.953838354326365],[-85.22253363699994,47.95204283532583],[-85.21417209199991,47.95725957832745],[-85.19676106799993,47.96010327432831],[-85.18069390199997,47.95753627132747],[-85.14926377999994,47.95863626032788],[-85.14290744399996,47.955864992326966],[-85.09649793799994,47.95948180032816],[-85.08569661499992,47.956980715327354],[-85.02525336399998,47.96077140532853],[-85.00318033899994,47.95699265132735],[-84.98827419699995,47.962787193329106],[-84.97560655399992,47.956205162327095],[-84.96208604599992,47.96170944832875],[-84.93299099399991,47.95974384432822],[-84.91624728699993,47.95283981932601],[-84.8996234809999,47.96101961532861],[-84.88386989999998,47.95590324132709],[-84.85898491799998,47.957252796327424],[-84.84454155799995,47.94539108832385],[-84.85013020799994,47.93419832632049],[-84.83794379299994,47.91905509731574],[-84.88690049899998,47.88214401830442],[-84.8899023439999,47.874720244302196],[-84.91195746499989,47.850675919294765],[-84.93514268699992,47.84694192429358],[-84.94098524299994,47.8278653182878],[-84.94933593699993,47.821391522285836],[-84.93714192699996,47.811175322282736],[-84.93010036899989,47.799140274278976],[-84.91738118499991,47.79087367327633],[-84.90010362399993,47.79280943727697],[-84.89563422299992,47.78567727527473],[-84.92087022599998,47.77240199327065],[-84.92557562899998,47.76259432226759],[-84.94505859399996,47.7423290222613],[-84.94879828599993,47.733555693258694],[-84.96048828099997,47.72972132925748],[-84.97971028599993,47.731381757257935],[-84.98894422699993,47.72120407725485],[-85.01119574699997,47.70466463424964],[-84.98817816799996,47.69446905124659],[-84.97945746499992,47.68104647024227],[-84.98265841999995,47.66418503423701],[-85.00589246999989,47.651964168233235],[-85.02152397999993,47.634431616227715],[-85.01570312499996,47.60920782021985],[-85.03089246999994,47.61058775722028],[-85.03872884099994,47.604702340218445],[-85.03041341099998,47.59169290021434],[-85.01356336799991,47.58188414421131],[-85.00131239099998,47.58363164821179],[-84.98052571599999,47.57499612320913],[-84.97569173199994,47.57004278120753],[-84.95124728699992,47.56059833720457],[-84.94820366799996,47.55418177820257],[-84.96028591599996,47.53818731219753],[-84.94514160199992,47.52782055919433],[-84.93790852899996,47.52836689119448],[-84.92680284299996,47.5150316591902],[-84.91126573399995,47.513427655189716],[-84.87354329399993,47.49703008618458],[-84.86148708799996,47.49475957818386],[-84.83679144999992,47.48531866018083],[-84.82008843299992,47.47612106917791],[-84.79253526499996,47.47358282017717],[-84.78460340699995,47.46169778317337],[-84.76673014299996,47.44848706316918],[-84.75182942699996,47.445526993168315],[-84.74939181899995,47.43998581516649],[-84.73331597199996,47.43136222516377],[-84.71679741799993,47.417531388159304],[-84.7043126089999,47.40284090415467],[-84.70123697899996,47.38476907214897],[-84.70651801199992,47.37219176114489],[-84.68485839799996,47.35919832614069],[-84.67171440999991,47.356606366139914],[-84.65755425299994,47.362815133141865],[-84.64624728699994,47.359209448140795],[-84.62372667099999,47.3422552381353],[-84.61208062099993,47.32643167013032],[-84.60097493499997,47.30309291112278],[-84.58415527299994,47.29934562412154],[-84.58986382399996,47.29059833711882],[-84.58821831599994,47.28206318011602],[-84.60265841999993,47.273645754113346],[-84.63181966099994,47.24779858610507],[-84.65262532599996,47.23450404410071],[-84.65596082899998,47.221710261096604],[-84.6648616539999,47.212527590093615],[-84.67875813799994,47.20586770509149],[-84.68032280799997,47.198263538088945],[-84.69490397099995,47.19336390708747],[-84.70792154899989,47.176184817081804],[-84.69579427099993,47.17658846208196],[-84.69402831999993,47.163634090077814],[-84.71987467399998,47.14640942607221],[-84.73817057299996,47.14369322607133],[-84.72709689699992,47.13533737706863],[-84.72839409699993,47.120697620063886],[-84.72202745199996,47.1131596430614],[-84.70986382399991,47.11029885706049],[-84.71124728699994,47.10142624505761],[-84.72345594599989,47.08837313005337],[-84.73707085499993,47.08140047405107],[-84.73930284299995,47.07142624504783],[-84.759317491,47.06242043904492],[-84.76596950999996,47.05420402204217],[-84.77792805999997,47.04850252504036],[-84.78342881899994,47.03270255703517],[-84.77014160199995,47.017391685030184],[-84.78486707899997,47.01379549402891],[-84.79099121099993,47.00503735602612],[-84.78653048999998,46.98253735601864],[-84.77985839799997,46.97670944801678],[-84.75456000399998,46.96919941101432],[-84.74326714399992,46.95758292901038],[-84.72263617599995,46.95170944800851],[-84.70901909699994,46.95837611401075],[-84.70002929699993,46.9681585580139],[-84.67459092899995,46.96533140901295],[-84.65796440999993,46.95563116000986],[-84.65346950999994,46.91724845599716],[-84.61526801199996,46.88837611398763],[-84.59593207499991,46.90423169199294],[-84.60361653599989,46.91072908699504],[-84.60567382799992,46.92674281400032],[-84.58254340299996,46.93931198700446],[-84.56648708799996,46.94559291100663],[-84.54930284299992,46.94282055900562],[-84.536384549,46.937196915003696],[-84.51486382399995,46.92198722499878],[-84.50537380599994,46.9320091980021],[-84.482352973,46.93894306300434],[-84.44306640599991,46.93119051300175],[-84.43372992599993,46.91667608199698],[-84.4130273439999,46.91749422399721],[-84.39734157999999,46.91253654199567],[-84.384297418,46.8972481849905],[-84.36188476599999,46.89050339298833],[-84.36135416699989,46.8799562469848],[-84.35484863299993,46.86864466898114],[-84.37540907099995,46.85867640697778],[-84.37467122399991,46.84318351497257],[-84.39903048999999,46.8255872149668],[-84.39736436599998,46.82029831496507],[-84.41375271299992,46.81503708396325],[-84.42441731799991,46.82044018796505],[-84.42264160199994,46.827772001967524],[-84.43874782999993,46.83335468396935],[-84.44490125899993,46.84519007897326],[-84.48752604199996,46.843614286972795],[-84.49957465299993,46.8244763749664],[-84.52656141499992,46.828959338967955],[-84.5541558159999,46.827568008967454],[-84.56141167499992,46.81712340196396],[-84.54290256099992,46.80947311996144],[-84.54153048999993,46.78834356195432],[-84.56180284299994,46.76119702394533],[-84.54914713499994,46.752256322942245],[-84.54412434899994,46.74401277893955],[-84.5515576169999,46.737820558937486],[-84.56796820699994,46.74253735593904],[-84.57654730899998,46.73614575393701],[-84.57181369399991,46.696437094923645],[-84.55403048999993,46.68364276991936],[-84.53727647599995,46.69302862092254],[-84.5197493489999,46.69802265292413],[-84.52293022999999,46.706449030926954],[-84.51289170999993,46.7267254519338],[-84.50626356299995,46.747537626940805],[-84.48370713999995,46.761215198945365],[-84.45426377999993,46.75576028294351],[-84.44069118899995,46.74670917594044],[-84.43280870199997,46.73458271193639],[-84.44369194899997,46.726335098933674],[-84.44125759499994,46.7192430849313],[-84.4481911889999,46.70947257692796],[-84.43440375399996,46.70252135092568],[-84.42136230499993,46.68951950592125],[-84.42596950999994,46.68170375091872],[-84.43930284299992,46.67420402191626],[-84.47128255199992,46.664243355912795],[-84.49100640199994,46.66058802791155],[-84.49458062099995,46.64642624490685],[-84.53154025599996,46.623560846899096],[-84.53513617599992,46.6147595778961],[-84.55957682299996,46.601428142891585],[-84.59406033,46.5773252248835],[-84.60013617599992,46.55529885687601],[-84.59707736499993,46.54044561287099],[-84.58899305599995,46.52888718186703],[-84.56556477899994,46.52437790486553],[-84.54530381899994,46.507576960859765],[-84.5327929689999,46.50116501385761],[-84.5320241969999,46.48218931985113],[-84.52514756899993,46.47392895684836],[-84.51235297299995,46.46864276984649],[-84.478413086,46.465030844845295],[-84.46418511299998,46.473092910848074],[-84.45521809899995,46.46751701084622],[-84.45645290799993,46.44898483783978],[-84.47378634999995,46.43391186683464],[-84.48312825499994,46.43315720183443],[-84.496802843,46.44615389183881],[-84.51130750899992,46.432810521834256],[-84.51796278199996,46.434204021834766],[-84.54929741799998,46.41864276982945],[-84.56664170999994,46.414421578827955],[-84.59361382399995,46.41294832582759],[-84.60459201399996,46.4317072778339],[-84.59455349399991,46.44281513283763],[-84.62125162799995,46.47755417384953],[-84.631301541,46.48475957785204],[-84.65504285999997,46.48195467285108],[-84.67821343299993,46.487815132853044],[-84.73073187899993,46.465063125845276],[-84.79626356299995,46.44613164783885],[-84.81569173199988,46.44364819583792],[-84.84323784699993,46.44783493583944],[-84.84820637999994,46.457880779842924],[-84.86042480499998,46.46894875984663],[-84.88628472199996,46.46527607084543],[-84.90412434899997,46.46533954784541],[-84.92212293799997,46.47033059584713],[-84.93569173199992,46.48243535885119],[-84.95013617599994,46.483648466851584],[-84.96430284299997,46.47587068884898],[-85.01040473099991,46.47808178884972],[-85.03351128499999,46.487008655852776],[-85.05179850299997,46.50632397685931],[-85.05596516899993,46.52607847986604],[-85.04523003499995,46.537979520870074],[-85.02497504299998,46.546497316872994],[-85.03487792999991,46.57992288088433],[-85.03709201399994,46.59697745989013],[-85.03620985199993,46.62352259889901],[-85.02792046399992,46.676763158917],[-85.02956488699992,46.69052102492166],[-85.02139973999991,46.71034632892827],[-85.00250976599989,46.73348082393607],[-84.96063476599994,46.76474709994655],[-84.96211805599992,46.77263284194915],[-84.97767957899995,46.77309291094936],[-85.00470160599993,46.76939987694806],[-85.03313802099993,46.760437203945045],[-85.07370171399994,46.757526775944065],[-85.12129285999997,46.759494006944735],[-85.15604926199991,46.76483715994644],[-85.18823784699998,46.761980714945565],[-85.20575086799991,46.757977350944174],[-85.23810329899999,46.7562024489437],[-85.25805067299993,46.75286314794251],[-85.3074582249999,46.738847847937905],[-85.35686740499993,46.718397001930924],[-85.39867838499993,46.7046339809264],[-85.42169867599995,46.69952493192469],[-85.44708062099991,46.69059291092173],[-85.46257649699996,46.68751673892059],[-85.49469997799994,46.67696498191711],[-85.52080729199994,46.674478273916264],[-85.58050509999995,46.673962051916114],[-85.60232096399993,46.67704880291714],[-85.65321506099995,46.67979294391801],[-85.6772471789999,46.67982522491811],[-85.71235839799994,46.67670402191696],[-85.75509440099991,46.676965523917104],[-85.79621419299993,46.68090758091847],[-85.82880262599997,46.6870032299204],[-85.87697265599994,46.69033981892162],[-85.9276242399999,46.68275382691904],[-85.965136176,46.67114846691512],[-85.98260145399992,46.6742373879162],[-86.039297418,46.66699861891368],[-86.08292480499998,46.65558721490994],[-86.11668294299994,46.655940675909996],[-86.13746202299994,46.67290926291576],[-86.16461479999998,46.668091554914106],[-86.18436740499997,46.65583732291003],[-86.20985839799991,46.643092639905746],[-86.28170789899995,46.61020960989453],[-86.30877604199998,46.596409425889995],[-86.36400227899996,46.57275030088202],[-86.39575303799995,46.56169371387822],[-86.44189453099989,46.547742162873526],[-86.46197862399994,46.55364846687545],[-86.48248480899997,46.5421163488715],[-86.49317491299995,46.52531974486582],[-86.51747287299993,46.51539081686241],[-86.53131998699997,46.500186552857336],[-86.5537098519999,46.49406323485523],[-86.5732253689999,46.47304326884795],[-86.58125922299996,46.46914597084674],[-86.59515841999996,46.452809707841034],[-86.62713975699992,46.424722413831454],[-86.63403048999994,46.41292255482751],[-86.65068630599993,46.41169832582697],[-86.6612527129999,46.41670402182874],[-86.65438259499994,46.42902227283303],[-86.65793511299992,46.443665013838],[-86.66905761699994,46.44531513283861],[-86.68625813799994,46.43836499183617],[-86.70354926199992,46.439339655836434],[-86.717913954,46.45504278084185],[-86.73291395399997,46.465892389845635],[-86.73406521299995,46.4742373878485],[-86.75388509099993,46.47930873185022],[-86.7876600479999,46.4778227288496],[-86.80797471799994,46.46095586684388],[-86.81514539899996,46.438357938836184],[-86.83572374099998,46.43424308483481],[-86.86242078999996,46.435202828835095],[-86.88058268199993,46.439362170836475],[-86.88875922299995,46.45784280284287],[-86.90335611999993,46.46578089884551],[-86.93139811199988,46.465113581845344],[-86.94985839799992,46.474247424848414],[-86.94680826799998,46.4842040218518],[-86.96347493499997,46.51114846686107],[-86.97603515599992,46.526077936866116],[-86.99432834199995,46.52671351686629],[-87.00183864999997,46.53335495486862],[-87.02129665799993,46.533775690868694],[-87.02377441399996,46.52621194286605],[-87.03889865499995,46.52614846686615],[-87.04346950999997,46.520870688864356],[-87.08354980499995,46.51441533986211],[-87.10879937099995,46.49585576885581],[-87.13568630599994,46.493914850855155],[-87.15942220099998,46.49927102485698],[-87.17439344599995,46.49772073185641],[-87.20814724399996,46.490199844853855],[-87.25145453599997,46.48806686985316],[-87.30401963999995,46.491142769854164],[-87.3368516709999,46.49699563485615],[-87.36008517799993,46.503867650858645],[-87.38850260399994,46.5231330588651],[-87.39373535199994,46.53507072186922],[-87.39020290799989,46.542527860871665],[-87.37874457499998,46.54419235787223],[-87.38180284299993,46.55559833687606],[-87.39260633699992,46.569952448881],[-87.39066297699996,46.58072583188463],[-87.41165961399996,46.591519560888244],[-87.4276909719999,46.5899074188877],[-87.44069715699996,46.59531513288956],[-87.44284396699999,46.6032073858923],[-87.46347493499997,46.61420402189587],[-87.46605088999996,46.63527362990301],[-87.5003716359999,46.646035347906675],[-87.52430284299996,46.67591409191674],[-87.52236382399995,46.68114846691846],[-87.529302843,46.693653891922686],[-87.57488552499996,46.72117640693196],[-87.58421657999996,46.73354918293605],[-87.59518012199997,46.77402227294969],[-87.59375271299996,46.782537355952385],[-87.6065890839999,46.78756773795411],[-87.6371739369999,46.81352748196273],[-87.6546582029999,46.812762235962474],[-87.673338759,46.82267353196582],[-87.67432617199994,46.837853924970894],[-87.69663275799992,46.82616365796692],[-87.72710937499996,46.8275503759674],[-87.73220838799989,46.832443496969034],[-87.74077039899998,46.86526549197994],[-87.75674153599994,46.860405464978406],[-87.76932183199989,46.862539796979064],[-87.77874728699996,46.87018845198159],[-87.77963677299994,46.87906865998454],[-87.80391194699996,46.88164271598534],[-87.81627414300002,46.89064906398846],[-87.84360812699998,46.88390617098613],[-87.8693082679999,46.89059291098838],[-87.8998651799999,46.909850180994724],[-87.95547932899996,46.90920402199449],[-87.9992518449999,46.905420655993225],[-88.0158962669999,46.910760825995105],[-88.03362141899997,46.908968833994415],[-88.06497639999995,46.91858743199755],[-88.08112738699994,46.920466771998235],[-88.12832546699997,46.90945602999458],[-88.16297146299993,46.90447718899291],[-88.18397216799993,46.904715360993],[-88.21515841999995,46.89169615598875],[-88.21052083299998,46.883757787986106],[-88.22958604599995,46.87476500298316],[-88.24298800999995,46.860793377978496],[-88.25323106599996,46.840749160971825],[-88.2646739369999,46.82876104296784],[-88.28198404899992,46.82153068196547],[-88.28263156499995,46.83165492296875],[-88.26922363299995,46.84013094297165],[-88.24145290799999,46.8857057579867],[-88.23175075999995,46.89703171299043],[-88.21149793799995,46.908648466994315],[-88.18460286499999,46.91992342299802],[-88.14650173599993,46.947013538007035],[-88.14706244599995,46.953049508008995],[-88.13502604199991,46.96198722501186],[-88.14433892099999,46.966979901013566],[-88.1718825949999,46.956484024010095],[-88.18888915999993,46.9530017650089],[-88.1990250649999,46.94337068900586],[-88.23976399699995,46.93168774600193],[-88.25928439699994,46.91664515699694],[-88.30121663399994,46.895213950989806],[-88.31505262599993,46.88397914198622],[-88.34341227199998,46.86500670197982],[-88.35148979999994,46.85704283497721],[-88.37041937899991,46.858092910977625],[-88.37982367599994,46.871725723982095],[-88.39180826799993,46.86532055898003],[-88.40379096099997,46.85163701897541],[-88.38870524099994,46.85047409597496],[-88.3822838,46.837576417970745],[-88.41491699199992,46.81248988396243],[-88.43765679299995,46.78911450395466],[-88.45457492399999,46.75975388094489],[-88.46780951599999,46.752091120942325],[-88.48270399299994,46.75022642894166],[-88.49940890799996,46.75785066894415],[-88.49844156899997,46.76261846494586],[-88.48150770399997,46.78283168095261],[-88.47080213799995,46.78056442795182],[-88.46167670399993,46.78961499195484],[-88.47104736299994,46.799664905958224],[-88.47345540399994,46.813223390962726],[-88.48348063199995,46.82780943696757],[-88.47904079899995,46.85982088397818],[-88.47401936799997,46.87560023498341],[-88.47566650399992,46.88543177798664],[-88.45453504799993,46.92468090999959],[-88.44410644499995,46.971054066014844],[-88.43513481999993,46.985528892019666],[-88.42689751499996,46.976649769016795],[-88.41451551599991,46.97686379901686],[-88.40532280799991,46.982152427018505],[-88.39530273399998,46.994679283022606],[-88.3667757159999,47.02038756203108],[-88.35848008899995,47.03968389403742],[-88.35399142799993,47.06188956904466],[-88.34647026899995,47.07858878805011],[-88.32091661199992,47.08673630305286],[-88.29618218299997,47.09928296105683],[-88.28596869599991,47.12056171506389],[-88.28878662099996,47.12671487306583],[-88.28310356999995,47.13651088006906],[-88.26957627999998,47.144682267071694],[-88.25769151499996,47.14450160307156],[-88.24987521699992,47.13643275506896],[-88.23220187699997,47.145451310071905],[-88.24181993299997,47.15641620807547],[-88.24253065299997,47.17080260108011],[-88.23806098099995,47.187919029085634],[-88.22748480899995,47.19956182408942],[-88.20739773199992,47.21266837809362],[-88.18950981999996,47.20977910909274],[-88.16306016699994,47.21708433909512],[-88.15648166199998,47.22532055909776],[-88.13422064899999,47.236306344101294],[-88.11913058799993,47.25347051510685],[-88.09935682499999,47.25898972110856],[-88.06597493499999,47.29059833711882],[-88.05481038399994,47.297717206121064],[-88.03799234999991,47.29946552412166],[-88.01912678999996,47.30507316312346],[-87.96626383499989,47.332941815132315],[-87.94639621299993,47.3339628661327],[-87.93805229999994,47.34109746913503],[-87.94100043399996,47.35006611013785],[-87.96076063399991,47.361970407141634],[-87.96513617599999,47.37148076914466],[-87.95698567699998,47.3869638961496],[-87.90491075299991,47.392888104151524],[-87.89525173599993,47.391153892150925],[-87.88010253899992,47.39549932415233],[-87.84879123299997,47.39443161615199],[-87.8268820529999,47.38564499514925],[-87.81351589599993,47.38420944814868],[-87.79400960299994,47.392825984151415],[-87.77244330499997,47.391660348151134],[-87.75728054499993,47.40286124915459],[-87.74369818799991,47.40531513315547],[-87.724307997,47.40087041815406],[-87.71152506499999,47.40142624515421],[-87.71043050099993,47.41024487515706],[-87.71680853899994,47.41948180015998],[-87.71264214399993,47.42839293316283],[-87.71773166199992,47.44192374916703],[-87.75609185099992,47.460573109173005],[-87.80183132599996,47.47367043917709],[-87.81129068999996,47.47198722517664],[-87.84886637399993,47.47395689817727],[-87.85093288799997,47.468318877175534],[-87.87595811599991,47.46768682417528],[-87.90087510899995,47.476989396178176],[-87.94283854199992,47.48059291117937],[-87.97601589599995,47.48031404817919],[-88.02464897999991,47.47716599117825],[-88.02775037999999,47.47066534017619],[-88.07774468299989,47.46750154817517],[-88.09040310299997,47.46811515517531],[-88.11902560799996,47.46085359917303],[-88.13231445299992,47.46336011017395],[-88.14120497,47.45759974717208],[-88.15959526899996,47.455043052171234],[-88.16251356299993,47.45973353617276],[-88.18059814499996,47.45781513317215],[-88.19961045999997,47.45178838617024],[-88.21726670999996,47.44973869016956],[-88.22519938199993,47.43583162616515],[-88.24544053799993,47.42780428316262],[-88.28625271299997,47.4219872251608],[-88.3033281789999,47.41186162915752],[-88.33272162499993,47.40028041115393],[-88.35824489999995,47.39306551315154],[-88.3746451819999,47.390837323150784],[-88.4279193789999,47.366153892143004],[-88.44013617599995,47.352259578138465],[-88.45528347399994,47.34270716913553],[-88.47090684699994,47.326155248130135],[-88.47605821399993,47.31466327812645],[-88.49291395399993,47.2992040221215],[-88.52362575999994,47.27800881811478],[-88.552661947,47.26169968210954],[-88.57742106099995,47.24418177810378],[-88.61193332199997,47.238896405102174],[-88.62908067499995,47.2282133540987],[-88.65631211999994,47.225755943097866],[-88.69906819699995,47.205015112091154],[-88.73664604999993,47.180158341083136],[-88.75609347899993,47.16131773807702],[-88.76845648899996,47.15281730407434],[-88.78610025999996,47.15117613607384],[-88.81930826799994,47.13893167006974],[-88.83855007599995,47.118870635063296],[-88.88114881699991,47.1045957320587],[-88.9007147889999,47.08948044405369],[-88.91277967699993,47.0613923360445],[-88.92706515799992,47.03810756003693],[-88.94159044099992,47.021552384031466],[-88.96824788399992,47.003589873025646],[-88.99481933599996,46.99547002702293],[-89.02115993899997,46.994683623022745],[-89.02849799299993,47.00117043902478],[-89.03968505899995,46.999118031024054],[-89.06086588499993,46.989118031020844],[-89.074025336,46.98587041801977],[-89.10185384099995,46.985595353019654],[-89.12616861999997,46.99300719102206],[-89.14117051899994,46.98542906601965],[-89.15542344799996,46.97002433501463],[-89.17406060099992,46.96307826301225],[-89.18258978899993,46.94980406600792],[-89.20180284299991,46.930592911001526],[-89.22099907799993,46.91667309799703],[-89.251007487,46.90225442399223],[-89.25715521899993,46.901794082992],[-89.28433485199994,46.88944816298798],[-89.294117025,46.88806225798756],[-89.31458984399993,46.87780943698407],[-89.32944634299996,46.87611157398348],[-89.35484727599999,46.861590903978744],[-89.42346950999993,46.84142624497206],[-89.46803059899996,46.83692157897061],[-89.48880045599994,46.83754386597077],[-89.51397460899992,46.84110397897186],[-89.54277777799993,46.83484177196987],[-89.5954473199999,46.826136259966944],[-89.61057888499994,46.819276450964665],[-89.63663682699992,46.82006448196494],[-89.64133083799994,46.82522914196668],[-89.67049587699992,46.83294371396929],[-89.68853325699996,46.83028230996834],[-89.71848958299995,46.83056741196843],[-89.78819715699994,46.818931669964634],[-89.83430826799993,46.803098336959344],[-89.85180826799993,46.79337611395605],[-89.88486382399998,46.7683761139477],[-89.91922498899996,46.73941506793804],[-89.93157362199993,46.733631647936114],[-89.95610595699995,46.717417183930785],[-89.98375271299996,46.705042780926526],[-89.99537312799995,46.69339049192261],[-90.02902506499998,46.67392624491603],[-90.05311998199991,46.66590866591349],[-90.10085679799992,46.6550039899097],[-90.14977850999995,46.64672626590687],[-90.15924153599997,46.646395319906794],[-90.20764160199995,46.63365389190252],[-90.24180284299996,46.623092910898876],[-90.26371012399994,46.61867125289751],[-90.30479627799998,46.6029401878922],[-90.32769354899995,46.60804082789383],[-90.34561292899994,46.6015344798917],[-90.38350924999995,46.58409687188576],[-90.41440755199994,46.56671921287984],[-90.43918714699997,46.5619961768783],[-90.45757595499997,46.56746899588022],[-90.50424845399985,46.589476102887616],[-90.5251413299999,46.586899876886726],[-90.53852389899998,46.5808761138847],[-90.55573133699993,46.58533927588613],[-90.57992309599993,46.596742813890074],[-90.62847493499997,46.624204021899345],[-90.68712076799993,46.66062627691163],[-90.69324801999991,46.65899026391105],[-90.71316406299997,46.666401829913475],[-90.7225,46.65740117891055],[-90.75052693699998,46.65047328190818],[-90.76541395399991,46.63837068890413],[-90.78705362999993,46.62755390290046],[-90.82622680699993,46.61699156589684],[-90.86597493499991,46.60198722489184],[-90.8743082679999,46.601981799891824],[-90.88729722799992,46.59155699488821],[-90.90558281799994,46.5834054108855],[-90.91844306099992,46.58279858588528],[-90.94791341099993,46.59140942588822],[-90.94819037499995,46.60422002689255],[-90.93807983399992,46.60841463389401],[-90.92096950999994,46.62837068890076],[-90.91470282699996,46.64672789390691],[-90.91458604599991,46.658931669910984],[-90.9090167909999,46.664543919912944],[-90.88649834499992,46.66785419591405],[-90.85380547399996,46.69319110992255],[-90.85206963399995,46.699464438924764],[-90.86997775599995,46.722635825932336],[-90.88459174299994,46.74948722494136],[-90.88219387499998,46.75849140294436],[-90.86622558599996,46.76421432994627],[-90.85960069399992,46.772384631948974],[-90.86352756099993,46.77979918295154],[-90.85655680299995,46.78798684595427],[-90.83567125099992,46.7897693439549],[-90.82293606199991,46.80614792396029],[-90.81351765999993,46.807209392960694],[-90.79960923899993,46.82222078696564],[-90.7940699599999,46.83471264896982],[-90.78514160199994,46.842510228972394],[-90.78851128499991,46.85278583697586],[-90.77098998999995,46.872196100982244],[-90.77265787799992,46.88365389198602],[-90.75180894599998,46.88613897198685],[-90.75161268399995,46.895214221989974],[-90.76623616499992,46.907814861994126],[-90.78144449899996,46.90998717099474],[-90.78346381299993,46.92253735599884],[-90.79572333399999,46.93649704500358],[-90.80666544599993,46.93748961300385],[-90.81359619099993,46.931431670001864],[-90.82925265799997,46.93523456700307],[-90.82958265499998,46.95144469100843],[-90.83403984899996,46.956169354010065],[-90.86385620099998,46.96281513301217],[-90.88014160199995,46.95754278101044],[-90.88541395399992,46.94837068900744],[-90.90778401699998,46.94180683300525],[-90.91618774399996,46.93228182200209],[-90.93082058399993,46.93219284600204],[-90.97338094099992,46.941820667005324],[-90.98458062099995,46.92531513299983],[-90.99729885499991,46.916170710996795],[-91.02053303999998,46.911077665995144],[-91.03488471099993,46.90328659599264],[-91.03706393799996,46.892566109989],[-91.04893215599998,46.88368780098612],[-91.06944946299991,46.87861130298438],[-91.08063802099997,46.88364710998608],[-91.09401875799992,46.87950946898465],[-91.09656839999998,46.86115985997858],[-91.10758056599991,46.856636747976985],[-91.12336005299994,46.85626511197702],[-91.13652499699994,46.86084356197851],[-91.13319722499993,46.86943839698129],[-91.14060221399991,46.87341409198262],[-91.14982727099994,46.857848498977475],[-91.1660217959999,46.854274551976324],[-91.17583340099995,46.84365389197275],[-91.18875277999994,46.84725957797402],[-91.20480746799994,46.86006746597825],[-91.20874721999994,46.86725957798058],[-91.23117784299994,46.86149297597875],[-91.251524997,46.84003735597162],[-91.26008741599992,46.83533168097011],[-91.31153930699998,46.82802862096755],[-91.33916537799993,46.817048531963984],[-91.3609694419999,46.79781513295746],[-91.39064276799996,46.78976500295482],[-91.40824347599992,46.79441018595637],[-91.41173461899996,46.78971753095491],[-91.43903530499993,46.77567537595016],[-91.46458746999997,46.769662192948246],[-91.4926148819999,46.76645960994709],[-91.505043877,46.75886032694456],[-91.53720133499996,46.754349149943046],[-91.56918931699994,46.75702927194394],[-91.59058437799989,46.75404071894296],[-91.64744028699988,46.73401874693619],[-91.69236389199992,46.724209447932935],[-91.7579194469999,46.70643166992696],[-91.78979885499994,46.694504043922926],[-91.81079162599994,46.69090025692176],[-91.839010891,46.68915329492119],[-91.866220635,46.69174308492203],[-91.87923573799995,46.69062546292166],[-91.94204254199994,46.67948722491794],[-91.97261028699992,46.68585305692004],[-91.97780146299995,46.68105325191842],[-92.00413809899999,46.68164569991867],[-92.01400858599999,46.68526115091982],[-92.01347500299994,46.697542780923996],[-92.04238142199992,46.70753599892735],[-92.0589297989999,46.71657381393036],[-92.07104373499996,46.73105515093527],[-92.09969612099997,46.74837068894101],[-92.12449034799991,46.739457656938114],[-92.14457987499998,46.716737387930365],[-92.14515541499996,46.70992477992817],[-92.16902728599996,46.71134459292873],[-92.169064157,46.69561868192343],[-92.18484361199991,46.672762235915656],[-92.19653050099996,46.66309263991246],[-92.20255554999991,46.67230949091546],[-92.202352444,46.693659316922684],[-92.20676922499992,46.70413213592622],[-92.19957481199998,46.70698369892721],[-92.19035308199992,46.7194817999314],[-92.18179079299992,46.723926244932876],[-92.17225459199993,46.71934535293137],[-92.15569722099997,46.72068242893179],[-92.15600263799992,46.73722485593728],[-92.14735258299994,46.74432256593972],[-92.133098696,46.744878935939866],[-92.12736389199992,46.75643166994377],[-92.11840337099991,46.76387443194618],[-92.102439872,46.75059833694184],[-92.09381838499993,46.75526928894325],[-92.10466189899994,46.76998093194827],[-92.09153055799995,46.78170402195217],[-92.08802844599992,46.79372414995621],[-92.0620866899999,46.80419452795969],[-92.04486389199997,46.818931669964634],[-92.02892913799994,46.82431795496634],[-92.02256000099999,46.830489015968446],[-91.99844517999996,46.83855867697114],[-91.9868287319999,46.8478107929742],[-91.96104220899993,46.860136639978265],[-91.9518791709999,46.86684969298046],[-91.912958442,46.883879857986145],[-91.88943973099997,46.90130634399185],[-91.855408325,46.91364276999593],[-91.84741661899994,46.92223299399872],[-91.82994547499996,46.9272595780004],[-91.81607889799994,46.92456345199956],[-91.804308336,46.93532055900313],[-91.78012749599995,46.94323180000577],[-91.77736389199995,46.95170944800851],[-91.76709540499994,46.9572441160103],[-91.73841352699998,46.98183124701846],[-91.70375277999995,47.00504278102615],[-91.68504377599996,47.0059905890263],[-91.67673017699997,47.01766539403027],[-91.65986389199995,47.0158272860296],[-91.65558112299996,47.028346275033705],[-91.64595397899994,47.025603762032794],[-91.63561394599995,47.03018818003426],[-91.64291388599997,47.036938397036536],[-91.61415920699991,47.05817890304347],[-91.59574184799999,47.06168774604464],[-91.58419447199998,47.077893801049846],[-91.56953247099992,47.09197691705452],[-91.55188720699988,47.092892445054815],[-91.53658894899992,47.102252525057835],[-91.521277737,47.103359838058125],[-91.50626478399992,47.11837502906309],[-91.47779988599991,47.124886531065215],[-91.46102783199996,47.13424688306831],[-91.45619249099992,47.14285799407108],[-91.41803880499998,47.171931073080486],[-91.35468580499992,47.207872100092196],[-91.35283813499987,47.21569653509472],[-91.32825554699993,47.23217901109994],[-91.32542636399991,47.23843199510204],[-91.30450778499993,47.25353751810679],[-91.28934305799997,47.257509415108096],[-91.27180813299995,47.27544507111386],[-91.23134128099996,47.30557202412359],[-91.22117112899997,47.316877905127114],[-91.21071912999996,47.31890454312778],[-91.20556816899995,47.3297012551313],[-91.18900153299994,47.339416967134426],[-91.17552456299995,47.358296904140516],[-91.15547363299999,47.37946633814716],[-91.15016920299992,47.37891539414708],[-91.1314839,47.39288674815151],[-91.12878207699997,47.39841110815323],[-91.10895500999996,47.40996628415695],[-91.09620618999995,47.412585913157756],[-91.04638997399995,47.455812638171565],[-91.03311740499997,47.45741311517205],[-90.98544040299993,47.485036813180734],[-90.940935194,47.51328741018972],[-90.91950914199995,47.52265644219261],[-90.88973727799994,47.54419290019952],[-90.86819173199994,47.55639911820331],[-90.84313842799993,47.567367000206765],[-90.83329956099996,47.57470396820903],[-90.78847710499996,47.596326147215805],[-90.77676364499995,47.60559128421872],[-90.75844265399995,47.61171460222061],[-90.72791937899996,47.62782055922571],[-90.68859117299996,47.64235669223019],[-90.66454671199995,47.647680856231844],[-90.62963609499995,47.66335170023679],[-90.59124199799994,47.6781097302414],[-90.55098130999994,47.689824411245105],[-90.54225558799999,47.699174725247985],[-90.52817030199996,47.70588696525008],[-90.50485853399991,47.70975930725124],[-90.48176581499996,47.71700919825347],[-90.44182766399994,47.72363544625561],[-90.43683770099992,47.73142922825791],[-90.39601318399997,47.736862714259665],[-90.39173611099993,47.74014070926072],[-90.34603759799991,47.74420266626197],[-90.31331149599995,47.756667401265794],[-90.30494764499997,47.75531106426531],[-90.2529767519999,47.77160962127036],[-90.23119235599991,47.77583840827177],[-90.19861667199993,47.77518438327155],[-90.17679443399997,47.78727612527526],[-90.15020141599997,47.794481800277474],[-90.12069173199991,47.7950427812777],[-90.09453640399994,47.801638918279664],[-90.08015028199993,47.80197067827985],[-90.07186523399994,47.81114141428262],[-90.0471145289999,47.8164254312842],[-90.02226291199997,47.817372968284594],[-89.99986382399995,47.82587611428713],[-89.97395073799997,47.83019089328854],[-89.97208062099992,47.837466555290725],[-89.94569173199991,47.8417040222921],[-89.9273638239999,47.8501464052946],[-89.93096950999993,47.85775518329694],[-89.92279540999989,47.8624963942985],[-89.89045410199996,47.864215958298985],[-89.87117919899998,47.8742040223021],[-89.85448215099994,47.87330015930181],[-89.83608344199996,47.88170402230437],[-89.82402018199993,47.88197583230441],[-89.79254014799993,47.891262399307244],[-89.77113986499995,47.90231383131062],[-89.73541937899994,47.91739249931529],[-89.72904839399996,47.925022978317564],[-89.69349934899996,47.941943551322844],[-89.680457086,47.94458732332369],[-89.68985839799993,47.95386629432634],[-89.68020751999991,47.96361944132933],[-89.66035400399994,47.966426245330275],[-89.63959092899995,47.96091924632853],[-89.64902506499995,47.97889315033408],[-89.63984483499996,47.98589374733617],[-89.61388373499992,47.99523565233901],[-89.60749918599998,47.988212811336865],[-89.6090855579999,47.97950974133425],[-89.58919270799997,47.980320559334444],[-89.57387396899995,47.98449807633567],[-89.56610405799991,47.99213154033812],[-89.52013346399993,47.99795131033978],[-89.54649278399994,48.001175865340905],[-89.56396511499992,47.99865389234006],[-89.57931369399994,48.0069652533425],[-89.55653048999994,48.01337611434454],[-89.55393554699994,48.01797192634589],[-89.52316243499992,48.02267041234732],[-89.50847493499998,48.04282055935344],[-89.49402506499993,48.04337611435364],[-89.49046278199992,48.0325427813503],[-89.46426188199995,48.039481800352334],[-89.46403781499994,48.044786840353986],[-89.47875976599994,48.050076554355606],[-89.46046413799995,48.05529899335734],[-89.46756618899997,48.062728328359505],[-89.44004909899995,48.07782245836397],[-89.43302544499993,48.08836580636712],[-89.40437662799992,48.087524470366944],[-89.37760036899992,48.08937247936747],[-89.35644042999995,48.09991813437074],[-89.34575710699991,48.093376114368716],[-89.33218777099994,48.109068524373484],[-89.35430229999994,48.10890522137336],[-89.34162380599994,48.12582226837847],[-89.31359076599989,48.12792770937911],[-89.30898030599997,48.13918788238252],[-89.3204139539999,48.15001022938571],[-89.31208062099991,48.161399118389184],[-89.29756591799992,48.16534280339032],[-89.28456054699996,48.17546216039343],[-89.31274603899996,48.18685796739677],[-89.30889024499997,48.1993732934006],[-89.29208604599994,48.19789136040019],[-89.30259575699992,48.1848055583962],[-89.28852294899993,48.18501565439628],[-89.26546739399994,48.19439404539899],[-89.2736433919999,48.20814173940313],[-89.26675835499998,48.22986835640967],[-89.27187933999991,48.237684247411934],[-89.2620081919999,48.24735777741497],[-89.25852023699997,48.265025013420164],[-89.24515841999994,48.27140712042197],[-89.23561469199997,48.286885636426604],[-89.23843180299994,48.30395404943167],[-89.22626383499993,48.305870689432176],[-89.21435384099996,48.298377199429964],[-89.19680826799994,48.31082715143364],[-89.20874186199994,48.31894916743609],[-89.20070854999992,48.32890969743902],[-89.21542236299994,48.353637074446404],[-89.22659505199994,48.35258509944611],[-89.234495443,48.366920358450294],[-89.25045003299991,48.370289363451256],[-89.23392469599999,48.38817944645651],[-89.21403428799992,48.39402145945832],[-89.21356852199993,48.4045707764613],[-89.22291395399998,48.42377216546707],[-89.21638888899996,48.432678957469605]],[[-90.76478149399998,46.75450838394313],[-90.74865817599992,46.765742650946876],[-90.73722018799997,46.76908086694788],[-90.72151122999995,46.78339862995266],[-90.70044650599989,46.781431669952156],[-90.656641574,46.78874856395453],[-90.65535970099992,46.79933314595807],[-90.67008246499991,46.799722413958136],[-90.67650458399999,46.81126701096208],[-90.67269395599997,46.82057799196515],[-90.63650458399997,46.829523032968176],[-90.61867784299992,46.836669842970416],[-90.57946546799992,46.8407252899718],[-90.57062187999996,46.84945982697474],[-90.58029242599997,46.85357847997609],[-90.59916842999996,46.87050393598164],[-90.62021443699993,46.87387985798281],[-90.63163614899993,46.866558351980395],[-90.65430826799994,46.84532055897332],[-90.67380967899999,46.83426641396957],[-90.70849894199995,46.8225389829658],[-90.72819173199997,46.810059056961585],[-90.73209906699996,46.800418757958404],[-90.75834947399994,46.79636168295705],[-90.76890109599996,46.790370471955036],[-90.78648451099995,46.78794479895426],[-90.79069715699991,46.78170402195217],[-90.78153048999994,46.76847946694772],[-90.7892545569999,46.75883292894447],[-90.78591132299992,46.75194897694224],[-90.76478149399998,46.75450838394313]],[[-90.73419745599995,46.87336553498271],[-90.75120090099995,46.860640925978416],[-90.75784315299994,46.850483589975106],[-90.76374213299994,46.832173856968964],[-90.74679768899995,46.83558775697009],[-90.73207465299997,46.847532743974064],[-90.72067572699994,46.866882244980545],[-90.73419745599995,46.87336553498271]],[[-90.49527777799995,46.86962340198136],[-90.47548339799992,46.8748819189831],[-90.47142103399992,46.881855117985374],[-90.4495981169999,46.893241836989276],[-90.450013428,46.89920130999114],[-90.4840224879999,46.88753464298735],[-90.49653306699993,46.88587882698677],[-90.51707804399996,46.875831897983446],[-90.49527777799995,46.86962340198136]],[[-90.68158596499991,46.88169886798549],[-90.66711507199993,46.89133292898858],[-90.67886298299996,46.89526115098985],[-90.7016937929999,46.887448650987295],[-90.69791653099996,46.88126429798527],[-90.68158596499991,46.88169886798549]],[[-90.63483656099999,46.90676641399367],[-90.61291137699997,46.913645753995944],[-90.60220296199995,46.920565783998185],[-90.5959046769999,46.91448993799624],[-90.57930026599995,46.91809019899751],[-90.56827080599999,46.924756864999644],[-90.54980346699993,46.91611347299685],[-90.54566758899995,46.92948044400123],[-90.52397881399993,46.93477748200288],[-90.52176730699996,46.94411694600601],[-90.50689398899995,46.95798304801056],[-90.52992743599998,46.968714385014124],[-90.55575073199995,46.95962258801123],[-90.57556708399993,46.95852938001085],[-90.60186699799996,46.952333634008674],[-90.61679918099995,46.94484041600628],[-90.63589911599996,46.9427578960056],[-90.65457804399992,46.921363581998456],[-90.64460991799993,46.9082808989942],[-90.63483656099999,46.90676641399367]],[[-90.73261284699993,46.914258546996145],[-90.69119249099995,46.916735760997035],[-90.68819973399992,46.92174227099867],[-90.69312079499997,46.93536179100313],[-90.70621853299997,46.94519659000644],[-90.71513902499996,46.958334339010676],[-90.73243489599992,46.958697837010796],[-90.74381903799997,46.96298711701219],[-90.76404364699995,46.94838940600744],[-90.73720540399995,46.91537264199655],[-90.73261284699993,46.914258546996145]],[[-90.93071750199991,46.96431904001261],[-90.93476291199991,46.97986672801776],[-90.92292195599998,46.98820087602059],[-90.93175699899996,47.00196498202508],[-90.94817165799998,46.990392173021256],[-90.96409817199996,46.990304825021255],[-90.98313435899996,46.98427156801938],[-90.98238877999995,46.9758685190165],[-90.97234280099994,46.97193704101524],[-90.96569973399993,46.96170131001183],[-90.93071750199991,46.96431904001261]],[[-90.76627115899993,47.00151522002495],[-90.75408379399988,46.999486412024304],[-90.7384825299999,47.012173044028366],[-90.74649590399994,47.026131106033006],[-90.75812215199991,47.034467423035736],[-90.776239692,47.02441751003247],[-90.77028984899994,47.004282961025844],[-90.76627115899993,47.00151522002495]],[[-90.69294514999991,47.024183949032356],[-90.6785192869999,47.02386602303223],[-90.66828124999995,47.043032419038525],[-90.68346340599999,47.04588967803943],[-90.69139946799996,47.03796731403679],[-90.69294514999991,47.024183949032356]],[[-90.4570967609999,47.04194599303813],[-90.45513319199992,47.02184101203152],[-90.45708048499995,47.01253735602855],[-90.46684176999992,46.99917743802418],[-90.43300374299992,47.000621394024606],[-90.42054958799997,47.01242993402839],[-90.41346950999994,47.01281513302864],[-90.40291937899994,47.0260896020329],[-90.40680284299995,47.038438235037006],[-90.39373684399996,47.060092694044165],[-90.39406480599993,47.077309762049715],[-90.40769463399991,47.07392163304863],[-90.41638888899995,47.07803675904998],[-90.4354418949999,47.07420646404874],[-90.44933607299998,47.06500263304568],[-90.4570967609999,47.04194599303813]],[[-90.61624823699997,46.98978968902106],[-90.60175618499994,47.00000453202446],[-90.6064605029999,47.00744702402684],[-90.61674804699992,47.00849818502717],[-90.62684204099995,47.00332294602556],[-90.61624823699997,46.98978968902106]],[[-90.67511433899989,47.00395744002573],[-90.69748562299998,47.00864575402724],[-90.71180026599993,46.988740698020756],[-90.69458062099994,46.9833652640189],[-90.67103312199997,47.000881268024756],[-90.67511433899989,47.00395744002573]],[[-90.64542195599992,46.97976771601776],[-90.66841281499993,46.96675827601351],[-90.67706963399996,46.95706589301026],[-90.67,46.949901179007966],[-90.63545491499997,46.96906377701422],[-90.63317057299993,46.9769725770168],[-90.64542195599992,46.97976771601776]],[[-90.56596693299994,47.00671216002668],[-90.56255425299996,46.99677482302339],[-90.54676011799994,47.00486645702608],[-90.54602742499995,47.01740497703003],[-90.55955132399994,47.025325170032644],[-90.57017876499997,47.0268119870333],[-90.56596693299994,47.00671216002668]],[[-84.93290635899994,47.46586309417464],[-84.94287326399991,47.46072664617304],[-84.94575954899993,47.44298196316745],[-84.92735080299994,47.444196427167775],[-84.91293185799995,47.46175827617334],[-84.92813693599997,47.46947420517586],[-84.93290635899994,47.46586309417464]],[[-87.60989800299997,47.407810793156244],[-87.60162109399992,47.40770581315626],[-87.60121039499995,47.42211851916076],[-87.62441080699995,47.425312421161806],[-87.62711696999995,47.41496302815861],[-87.60989800299997,47.407810793156244]],[[-85.81049587699994,47.385590199149156],[-85.812446832,47.37724655714654],[-85.82344672299993,47.366661162143174],[-85.82540527299992,47.35297274013881],[-85.81680012999996,47.351156605138186],[-85.80355685799998,47.33937410713443],[-85.791810981,47.35348218013896],[-85.80268988699997,47.37700648514649],[-85.81049587699994,47.385590199149156]],[[-84.75044108099996,47.32528041112986],[-84.75966905399994,47.32070575812848],[-84.75513346399997,47.30118671512217],[-84.74373535199996,47.297524064121],[-84.72875488299994,47.299179337121515],[-84.72210177999995,47.30665899212391],[-84.7190445959999,47.32300990312908],[-84.75044108099996,47.32528041112986]],[[-84.52839518199994,46.864925593979834],[-84.51252170099995,46.87653882098373],[-84.50128146699993,46.88080395698507],[-84.47026312899999,46.88745488998734],[-84.44639485699999,46.87616202998361],[-84.42874457499994,46.88531242098658],[-84.44262423999996,46.890524551988335],[-84.44924153599999,46.89828659599088],[-84.45959038599992,46.889724041988096],[-84.47926649299995,46.8878658599875],[-84.50233886699993,46.902571263992314],[-84.50574544299991,46.91266512299555],[-84.52132649699996,46.916145753996815],[-84.53411512599992,46.90855650699425],[-84.54708875899996,46.89587882699016],[-84.5501334639999,46.881341879985264],[-84.54555826799998,46.87139586298205],[-84.52839518199994,46.864925593979834]],[[-86.68041232599992,46.559756593877474],[-86.69708875899994,46.55504549387596],[-86.7095600039999,46.544377090872246],[-86.70432183199992,46.531698867867995],[-86.70241265199992,46.5132467198617],[-86.69713324699993,46.50395011585854],[-86.68387912299991,46.499634251857046],[-86.68703396299998,46.456290067842325],[-86.6767811409999,46.451113744840576],[-86.66685329899994,46.45552075384199],[-86.6603244359999,46.46989873784693],[-86.63634277299997,46.47061759684721],[-86.64663791199996,46.46012497484358],[-86.63587293799995,46.45310104884128],[-86.62208875899992,46.45782327084288],[-86.60791124099993,46.47170130984762],[-86.60907009499994,46.49347919585508],[-86.61816731799995,46.490066652853834],[-86.62669976099994,46.477593778849545],[-86.63558593699996,46.47821443884977],[-86.64624294699993,46.48639179385257],[-86.64486653599994,46.49393438285513],[-86.63428927999995,46.50504006785896],[-86.62682725699995,46.535117107869205],[-86.63195529499993,46.53711417886976],[-86.65325629299994,46.56035066887772],[-86.66764051599996,46.55614412587632],[-86.68041232599992,46.559756593877474]],[[-84.72374891499999,46.64530129890638],[-84.70653320299989,46.65301939790898],[-84.71621310799998,46.661066543911744],[-84.72457790799992,46.678554336917614],[-84.71613498299995,46.6937553459227],[-84.72402235199995,46.71226771592901],[-84.73751844599995,46.71387470392947],[-84.74019368499994,46.70133428492521],[-84.73896050299999,46.684278077919494],[-84.72374891499999,46.64530129890638]],[[-85.8427983939999,47.70228914624897],[-85.81718370199994,47.70387226224941],[-85.81919813399992,47.70850849325076],[-85.80384006099993,47.7158533282531],[-85.78578233499996,47.71961363625425],[-85.79222873299993,47.707667564250514],[-85.753364258,47.70553052024988],[-85.69763997399993,47.70753247325054],[-85.68763346399996,47.7143119872526],[-85.67461208799992,47.71639504925324],[-85.67307128899994,47.72377297825571],[-85.62878255199998,47.72686868225657],[-85.60806911899994,47.73208678125817],[-85.59749674499994,47.741522273261076],[-85.59542209199996,47.7532453632646],[-85.62882269999994,47.76814228226939],[-85.67181098099996,47.77059019927012],[-85.69425781199998,47.773783015271086],[-85.70513237799997,47.78196308327362],[-85.72049262199994,47.7846407632744],[-85.73465169299996,47.79732386827842],[-85.76479220899994,47.79702032027825],[-85.77457465299989,47.79054516827626],[-85.79730522999992,47.790045494276185],[-85.8291026479999,47.79315638827711],[-85.85140028199996,47.79174010127664],[-85.87206705699992,47.78494349727449],[-85.91765516499997,47.76337150326788],[-85.93101453999992,47.75040573726389],[-85.95099880599992,47.745852514262445],[-85.95022026899991,47.73746601225985],[-85.95959852399994,47.731178849257965],[-85.95320692299997,47.71736781425363],[-85.9386442059999,47.71445006225264],[-85.92267957899998,47.71540790725304],[-85.91069335899994,47.71169914025191],[-85.88445203999996,47.71145065925176],[-85.8788140189999,47.70892081925101],[-85.85237250399994,47.71028149625142],[-85.8427983939999,47.70228914624897]],[[-89.14641954199995,47.82747387928769],[-89.12593153199998,47.82864846728806],[-89.07916747999997,47.84550176529327],[-89.04491780599994,47.85541143329623],[-89.02334852399994,47.85810104929713],[-88.97209065799993,47.87472566930226],[-88.95952501099997,47.87702818730293],[-88.9110221349999,47.8915504853074],[-88.90114556199995,47.9022595783107],[-88.95471299899992,47.89089022030708],[-88.97997124599998,47.89475144030836],[-89.00136338999994,47.89060077830707],[-89.0031860349999,47.907842531312376],[-88.96552191799998,47.92135300231637],[-88.95263563399998,47.932562312319845],[-88.90652235199994,47.94961797632513],[-88.8892187499999,47.95082104732543],[-88.86736382399992,47.96115389232859],[-88.85177517399993,47.965620852330005],[-88.84930935299992,47.97059725133143],[-88.83079888199994,47.979413169334165],[-88.80203152099989,47.98500317633586],[-88.75652506499993,47.98531513333596],[-88.74123643699993,47.99061515533762],[-88.71870388499993,47.9944956353388],[-88.66959852399994,48.01182419434401],[-88.63592963299999,48.02949387234943],[-88.59286376999994,48.049506350355486],[-88.57736382399997,48.06006990835863],[-88.57318576399994,48.0739210903629],[-88.57679144999997,48.085042781366155],[-88.58516954199995,48.090314455367725],[-88.62204101599997,48.071245445361974],[-88.62579210099996,48.06214632435937],[-88.64182508699993,48.067837242361016],[-88.57937689899991,48.09795158137009],[-88.54295789899999,48.11388826737486],[-88.52029405399998,48.12876199237942],[-88.51259657099992,48.14061624038298],[-88.47193169499994,48.15764694838801],[-88.42742729999995,48.19024406139785],[-88.47704345699997,48.169660701391656],[-88.50721679699991,48.15295117438667],[-88.53032606299996,48.155908124387516],[-88.5285668949999,48.16473448639014],[-88.55688096799997,48.151242868386085],[-88.61701470299991,48.13611008238159],[-88.65714979399996,48.120271052376815],[-88.68022243899993,48.11638175737568],[-88.71551947699997,48.101667130371226],[-88.76173719599996,48.08624069836647],[-88.77916124099994,48.06628450736053],[-88.82271891299992,48.05044846135572],[-88.85088514499995,48.043439184353616],[-88.8593193899999,48.04764098035501],[-88.89218207499991,48.035543812351214],[-88.89609836199998,48.02797992834886],[-88.92470757399998,48.020117515346584],[-88.93101670999992,48.021885365347075],[-88.95708604599992,48.012542781344294],[-88.98768500399993,48.004195613341764],[-89.02224853499993,47.99046975633755],[-89.05639349999993,47.98065014933455],[-89.10941460499998,47.962782581329165],[-89.13183213999997,47.95251511232594],[-89.17840738899993,47.93558287432077],[-89.20093668599998,47.9187122153156],[-89.22069173199995,47.91112134031334],[-89.2178759769999,47.89143167030729],[-89.18053900799998,47.90500941531152],[-89.17819715699993,47.91115389231336],[-89.160794,47.9084132783125],[-89.17540662999996,47.90039841331011],[-89.1963140189999,47.8960231413087],[-89.21022759299993,47.889723499306726],[-89.20157009499995,47.88137958730423],[-89.22182155999997,47.86946905130064],[-89.23396213099994,47.85148619529508],[-89.20562472899992,47.85114683929489],[-89.19308430999993,47.84240850429222],[-89.19324300099998,47.8339864662897],[-89.17080701999997,47.82509486428695],[-89.15834852399995,47.823282798286336],[-89.14641954199995,47.82747387928769]],[[-89.23584906699995,48.206218861402604],[-89.22148654499995,48.210486303403876],[-89.21653048999997,48.21991080940669],[-89.23619900199994,48.22697705340883],[-89.24905707499991,48.21438821340509],[-89.23584906699995,48.206218861402604]],[[-89.17202663799995,48.224800268408146],[-89.16104844799995,48.21143424740421],[-89.14773952899996,48.222497615407455],[-89.11875542499992,48.218378691406244],[-89.12083333299991,48.20684562440269],[-89.08125542499991,48.221156469407],[-89.06451741499991,48.2251813994082],[-89.04384331599992,48.23464808741103],[-89.03006374799998,48.2499105384156],[-89.0425482859999,48.249592206415564],[-89.05150933199994,48.25610357241743],[-89.04851589599994,48.26300407141954],[-89.06965223499995,48.27336811242262],[-89.10455620699996,48.265834746420346],[-89.1190426969999,48.26904519542138],[-89.14406385599995,48.258031876418],[-89.16334391299992,48.24574509241443],[-89.17457790799992,48.234161433410904],[-89.17202663799995,48.224800268408146]],[[-88.63972005199996,48.3565453314472],[-88.63727728899994,48.361437773448735],[-88.60376003699997,48.38281092945492],[-88.597735189,48.39962625045996],[-88.58958875899998,48.40847458446255],[-88.60286078599994,48.41469732246437],[-88.61239854599995,48.40782313646232],[-88.630638563,48.408923668462684],[-88.64579237199999,48.4038169244611],[-88.65308864999997,48.396229304458856],[-88.64415201799991,48.389035837456824],[-88.64208306199995,48.369813424451166],[-88.65372233099995,48.35768044944762],[-88.63972005199996,48.3565453314472]],[[-88.36045193099991,48.526380807497084],[-88.33699978299995,48.52725347449722],[-88.32666937899994,48.54063129650113],[-88.33569986999998,48.54615646950273],[-88.35433213999991,48.53562207249971],[-88.36045193099991,48.526380807497084]],[[-88.30244059199995,48.54974927050389],[-88.30717556399998,48.52734597749734],[-88.29363308399995,48.53005119049811],[-88.28244086399994,48.546442521502776],[-88.28222601999991,48.552114314504486],[-88.30025960299994,48.5565895485058],[-88.30244059199995,48.54974927050389]],[[-87.00465277799995,48.61957837152408],[-86.98658962699992,48.620047935524184],[-86.95543185799993,48.63396435852818],[-86.95958875899994,48.66415085453693],[-86.97492838499991,48.67266783553935],[-86.99157009499996,48.673442982539605],[-86.99182725699995,48.66719759353778],[-87.0068109809999,48.661220081536065],[-87.0129313149999,48.664823461537075],[-87.02469075499994,48.651396405533184],[-87.03419542099994,48.65882424853538],[-87.05874023399991,48.651540991533196],[-87.05766438799998,48.64037318553005],[-87.04439127599996,48.62904058452683],[-87.03748046899995,48.63124693752733],[-87.02480739999996,48.62394333452527],[-87.01004937099997,48.62892366852671],[-87.00465277799995,48.61957837152408]],[[-88.10865749799993,48.63920741352971],[-88.09891845699994,48.64181049553044],[-88.07985812699997,48.66280143453643],[-88.06861870699993,48.66786274153793],[-88.05597764799994,48.679624758541394],[-88.05865125899996,48.68885205354402],[-88.08410291899997,48.70139342154759],[-88.09566107899994,48.696754342546164],[-88.09957356799998,48.684234676542594],[-88.09506347699991,48.67565530354016],[-88.11515814899995,48.6621540555363],[-88.12430012999994,48.648984838532535],[-88.1209667969999,48.63735899752918],[-88.10865749799993,48.63920741352971]],[[-88.06469509499992,48.69802278954665],[-88.03382297099994,48.6878532475437],[-88.02314398899995,48.69225957854508],[-88.0098662649999,48.68908900554397],[-88.00713460299991,48.71005783655004],[-88.00884033199998,48.72153949955336],[-88.00013753299999,48.73643736755769],[-87.97764160199995,48.73801126055807],[-87.97710286499992,48.746692493560566],[-87.96466308599996,48.753762535562494],[-87.95347249299988,48.74803133456093],[-87.93575710699994,48.75642624556328],[-87.92218451599993,48.757013674563474],[-87.89962402299993,48.76253735656508],[-87.85430121499995,48.75233309156219],[-87.85242295999991,48.74756475456083],[-87.82852457699992,48.739221926558415],[-87.81575195299996,48.74133455655899],[-87.79184624599998,48.75309833756236],[-87.80275390599995,48.76636507456615],[-87.79072048599991,48.781448353570426],[-87.78086832699991,48.77365755456825],[-87.75972574899998,48.77367722156818],[-87.75319769999999,48.78252325057081],[-87.761357693,48.798950794575504],[-87.76367729999998,48.81580924758032],[-87.751808268,48.82468348758272],[-87.76089952299998,48.837807809586494],[-87.76984646299995,48.83677116158627],[-87.79890733499997,48.847431697589194],[-87.84422905799994,48.85248459459068],[-87.88847493499998,48.852537356590624],[-87.92142388199991,48.85711567159192],[-87.92726318399994,48.86058518059297],[-87.96820203999992,48.85533751359149],[-87.9845860459999,48.85529587359138],[-88.01089979399995,48.840342531587105],[-88.02980956999994,48.83255390358492],[-88.05369574699992,48.8283978165838],[-88.06904079899994,48.82166685958194],[-88.09064398899989,48.80009662857582],[-88.07933973499996,48.78562342957163],[-88.07361029699992,48.772688994567915],[-88.08179931599989,48.758257299563844],[-88.08462537999998,48.73451041955704],[-88.07153049,48.723762399554],[-88.06434326199994,48.70759269454938],[-88.06469509499992,48.69802278954665]],[[-87.73952772399991,48.835885473585954],[-87.74753634999992,48.81359679057959],[-87.74300455699992,48.80038200157581],[-87.72293891099997,48.776432212569006],[-87.72151557099993,48.76846441256681],[-87.74718397399994,48.75615769056329],[-87.74196560299994,48.75093186056179],[-87.70543375699995,48.74256516155929],[-87.69361111099994,48.73601229155753],[-87.68223985499998,48.740187909558685],[-87.65268880199991,48.74080599255883],[-87.64660373299992,48.744887209560034],[-87.62365831199996,48.7441736405598],[-87.60759277299994,48.74695996356063],[-87.59643717399992,48.7536003175625],[-87.61670030399992,48.763981312565534],[-87.63618218299996,48.78738300557212],[-87.65338107599996,48.789038278572605],[-87.66319064699996,48.804720651577114],[-87.66137803799992,48.8159893685803],[-87.67373128299994,48.823104847582286],[-87.67712700699997,48.83042242058436],[-87.69202229799996,48.84186474858764],[-87.70561876099997,48.844236303588275],[-87.73952772399991,48.835885473585954]],[[-87.49682942699991,48.81165546557902],[-87.50726887999997,48.8014859235761],[-87.48181206599997,48.79933314657561],[-87.46977701799992,48.80217236557628],[-87.48872992599995,48.812767526579364],[-87.49682942699991,48.81165546557902]],[[-87.47744086399995,48.79423060757411],[-87.49377712699994,48.79706616457489],[-87.52283582899996,48.798408531575355],[-87.52644856799998,48.79438482257419],[-87.51265787799996,48.78098814857037],[-87.50325954899992,48.76256109256509],[-87.4918082679999,48.75614846756327],[-87.46071560299997,48.752815947562326],[-87.44908582899996,48.76160243356485],[-87.44487467399992,48.773651315568245],[-87.45120062899993,48.787463707572144],[-87.47744086399995,48.79423060757411]],[[-87.40518337699993,48.780014298570045],[-87.43461371499995,48.77691927356921],[-87.43941406199994,48.770370201567346],[-87.4071771919999,48.76143818056471],[-87.39938096799992,48.75562207256321],[-87.38205023899994,48.757247100563525],[-87.35527777799993,48.7537900685626],[-87.35178548199993,48.758076906563836],[-87.39081651499998,48.777890546569466],[-87.40518337699993,48.780014298570045]],[[-87.5687641059999,48.77320358856813],[-87.53486653599992,48.77960441356995],[-87.54913736999997,48.797501684575096],[-87.56450683599995,48.80420144557694],[-87.57536458299995,48.800468264575855],[-87.58431098099994,48.80781255657802],[-87.59858018699997,48.80312858357666],[-87.59361165399999,48.78289122457084],[-87.5687641059999,48.77320358856813]],[[-86.6123556859999,48.717189591552135],[-86.63940375399994,48.71682365155199],[-86.64853515599997,48.70975496655003],[-86.65433973499995,48.69625941554617],[-86.64175726999997,48.69010978454428],[-86.62731879299994,48.695027997545786],[-86.59104112399996,48.68964795154421],[-86.59705729199999,48.709446400549865],[-86.6123556859999,48.717189591552135]],[[-86.99461208799994,48.68979226654429],[-87.02208116299994,48.69048793154449],[-87.03566297699992,48.682662817542244],[-87.06748697899994,48.68137036354184],[-87.07360405799994,48.664779787537064],[-87.05657009499993,48.667098445537675],[-87.02955512199998,48.67784090454077],[-86.985796984,48.67949604254127],[-86.99461208799994,48.68979226654429]],[[-88.13458875899991,48.91253477960757],[-88.12333333299992,48.91156784660732],[-88.11903320299996,48.92364589061076],[-88.12701036199994,48.93388229961369],[-88.15740451399995,48.93416279061364],[-88.16161404099992,48.92778556561187],[-88.15176893399993,48.91855664360932],[-88.13458875899991,48.91253477960757]],[[-88.09778049,48.93428174061371],[-88.09550889799993,48.92423752461092],[-88.08399712499994,48.920111547609665],[-88.07083984399998,48.92271761361039],[-88.05247558599996,48.907101700606106],[-88.03257839599995,48.89664244560314],[-88.01236707899994,48.89951937160397],[-88.01744167799994,48.90650450560588],[-88.03335666199992,48.94249232561606],[-88.05252251499992,48.947796687617576],[-88.07814778599997,48.947257001617245],[-88.08603298599994,48.937675295614596],[-88.09778049,48.93428174061371]],[[-89.21323621999991,48.36558341744984],[-89.21109103699993,48.376528784453164],[-89.24197780999998,48.37704839645322],[-89.22860460099996,48.3603569094483],[-89.21323621999991,48.36558341744984]],[[-89.21441053599993,48.39211851945772],[-89.23397488099992,48.38582145445586],[-89.24043891099991,48.37761588845347],[-89.20932888499995,48.37812071645359],[-89.21441053599993,48.39211851945772]],[[-84.75365668499992,45.83889454162674],[-84.75364636199994,45.78324795360689]],[[-84.75364636199994,45.78324795360689],[-84.77169162399996,45.788782101608945],[-84.79346950999991,45.77996184360566],[-84.77959337099995,45.769946516602175],[-84.78895833399997,45.75216453459577],[-84.80583062099998,45.74532364659333],[-84.82167670399994,45.75265932559588],[-84.83635335399993,45.74486357659316],[-84.88236111199991,45.75701276059754],[-84.89958089299991,45.74686254559382],[-84.93730007699995,45.75963347459851],[-84.967141385,45.75789763459782],[-84.97488064299992,45.75327381459619],[-84.96840440599995,45.74470393559314],[-84.95831054799997,45.74356095059279],[-84.94265842099995,45.72938729858758],[-84.94038601399996,45.72023039758427],[-84.94432752899995,45.70834563258002],[-84.96580783499996,45.69411365857485],[-84.97013617699997,45.68658490357211],[-84.98771837099996,45.68257177457082],[-85.00227891799993,45.65978735056249],[-85.01489203599994,45.65174101855955],[-85.03264160199993,45.647701575558216],[-85.05366156799992,45.63967619855531],[-85.06161105799994,45.63939265655511],[-85.07541341199997,45.62827184755122],[-85.07871690599995,45.61774172354736],[-85.09535508999994,45.59856793554045],[-85.11624701699998,45.581046031533965],[-85.12014350099992,45.56936641152981],[-85.11619113599994,45.541171017519574],[-85.10809434799994,45.517274397510874],[-85.09850585999997,45.50090619250482],[-85.09226888099991,45.47888904849677],[-85.08242648699994,45.47228626549435],[-85.06726942399996,45.45532947848823],[-85.03680826899995,45.43491823748076],[-85.01310546999994,45.431512068479584],[-84.99082628099994,45.425921722477504],[-84.98516357499994,45.42936268147875],[-84.9559130869999,45.427453433477964],[-84.92257514199997,45.42243085047621],[-84.91393853199996,45.41342104447288],[-84.91491617899995,45.39396547846565],[-84.93617377499996,45.386950504463165],[-84.95543592699985,45.377492767459685],[-84.96794026799992,45.37600839245913],[-84.98571072099995,45.36855789945641],[-85.01233452799994,45.370342295457],[-85.0425865349999,45.361494503453805],[-85.0559695099999,45.36409039645474],[-85.12158610099989,45.36857593845641],[-85.13674289399992,45.37352941545818],[-85.14782687799996,45.368536740456335],[-85.16284505299996,45.368058360456246],[-85.18289713599997,45.36075760645354],[-85.20309922999992,45.36186274945396],[-85.2247857,45.345344872447846],[-85.2506483299999,45.333357839443366],[-85.26079237299994,45.32088442343883],[-85.28618733799996,45.31381261943621],[-85.30051079699993,45.32145923943902],[-85.31076877299992,45.308080739434075],[-85.32847846199992,45.302676551432064],[-85.33548692599994,45.29265403642835],[-85.3546940109999,45.28400942342524],[-85.37179741799994,45.26965748141989],[-85.384996474,45.23865433440835],[-85.3887942169999,45.20999887139774],[-85.38444715799994,45.18871252138989],[-85.37933349699992,45.176146196385126],[-85.37875027199998,45.151284678375895],[-85.37329861199999,45.126393592366576],[-85.3644067389999,45.11462330136211],[-85.36724094,45.067201562344366],[-85.38065809499992,45.04640498533663],[-85.38126953199995,45.01715653132559],[-85.37598605799995,45.00747242232191],[-85.38374728799992,44.981917138312284],[-85.38291937999998,44.96857295430731],[-85.38985541499991,44.95855396530347],[-85.38905409199995,44.94862395229978],[-85.39703233599991,44.92837777729207],[-85.40513617699997,44.919032345288606],[-85.40956949899997,44.905768456283546],[-85.42269666999995,44.898690141280895],[-85.42480957099995,44.88476083427563],[-85.43526828399993,44.86801197326923],[-85.45263617699996,44.853269948263616],[-85.45239908899997,44.84618119026099],[-85.46374647399995,44.83022931225472],[-85.46677571699993,44.82021276525108],[-85.50041937999994,44.80353484124465],[-85.50792290699995,44.79382035024088],[-85.50456949899993,44.767715478231004],[-85.51812689999996,44.75782195022718],[-85.52448947599999,44.748736257223726],[-85.55087103999995,44.74794741122338],[-85.56720811699991,44.75276105122517],[-85.57651882699994,44.7596235722279],[-85.55865804099993,44.78629295223803],[-85.56107910199994,44.79300030824065],[-85.55664984899987,44.81742454324999],[-85.54106119899994,44.83349211625603],[-85.51829291499996,44.845447818260645],[-85.50850911499997,44.84709576726122],[-85.5001204439999,44.856100894264706],[-85.49930230099993,44.872123844270796],[-85.48956895699996,44.89046328027776],[-85.48825249599993,44.90221865228217],[-85.49152452299992,44.923790510290324],[-85.48513020899995,44.944079953297965],[-85.48718831499995,44.95952835730383],[-85.48039577999998,44.9624242723049],[-85.46486436699996,44.95989538230407],[-85.47371961899995,44.99099482931578],[-85.49044650699994,44.99061925931566],[-85.49931640699997,44.98129620731211],[-85.52115695599993,44.974260210309396],[-85.52069715799993,44.960631331304356],[-85.52931233799991,44.94650142129894],[-85.52929199299996,44.935504377294805],[-85.53860568699997,44.91769323428802],[-85.56457899399996,44.89527230827959],[-85.55431966199995,44.88851829327698],[-85.5478445099999,44.90069819828157],[-85.53315104199994,44.90048023528153],[-85.53073621999991,44.88987964927749],[-85.53416910899995,44.87225161127076],[-85.55012803899992,44.862164127266915],[-85.56620361399993,44.82917557425442],[-85.57991346699994,44.81678842224972],[-85.58200466699995,44.803997623244825],[-85.59805962499995,44.766656043230554],[-85.61939209099991,44.76535192523011],[-85.64041395499993,44.774409135233576],[-85.63068956199999,44.798810313242804],[-85.6415307629999,44.81352941524846],[-85.64903645899994,44.830746619254995],[-85.65180148699991,44.84874466626185],[-85.64609348,44.880461788273905],[-85.63294732099992,44.9026613602823],[-85.62531928199994,44.9206126132892],[-85.60160888799996,44.92433033229061],[-85.60455349499992,44.93861472929594],[-85.60042643299988,44.962084917304814],[-85.59873101199997,44.98960702531519],[-85.61072781099992,44.98376134931303],[-85.633875326,44.967109466306795],[-85.64848605799992,44.97379580030924],[-85.62979871999993,45.00229745532006],[-85.62324734199989,45.00350201732048],[-85.59960829099991,45.02147103932724],[-85.59738606899997,45.04378467833556],[-85.58985758499995,45.052996375339106],[-85.57985487299999,45.05545419333998],[-85.57540391799994,45.04487069733602],[-85.56573323599997,45.04482105533602],[-85.56870741199995,45.06386592334311],[-85.58318956199994,45.06842864034487],[-85.58403293299995,45.07410884334691],[-85.59817247299998,45.091211978353435],[-85.59585530699994,45.10431785435838],[-85.60360134599995,45.106076345359035],[-85.61405273499997,45.12767234636701],[-85.60206027599997,45.139680674371505],[-85.60041937999993,45.1485348413749],[-85.59068061099995,45.152993934376546],[-85.5618028439999,45.15679194837787],[-85.55163709899993,45.167208886381815],[-85.53105658699994,45.177265445385515],[-85.52636393299994,45.18929710238993],[-85.53661729699994,45.200351518394164],[-85.54042995999995,45.21077388239808],[-85.55068305199988,45.211046098398086],[-85.56230658699995,45.20039831239423],[-85.56371934799992,45.1941251193918],[-85.58425211699992,45.18077347538689],[-85.59572835399995,45.178029741385856],[-85.62093424599996,45.182646711387584],[-85.64306450799994,45.160237722379215],[-85.65648464699993,45.14418072837318],[-85.65956244699994,45.13578500437005],[-85.67698350799994,45.11258662636138],[-85.68106933699994,45.09396045935447],[-85.70199245999999,45.07165400934605],[-85.71413058899998,45.06483855234344],[-85.74286729699996,45.05495207733977],[-85.75235026099993,45.04300329233524],[-85.76178629599995,45.02437956732836],[-85.78014919799992,45.009092160322545],[-85.77698920399993,45.00050003731929],[-85.78114420699993,44.9766729973103],[-85.80274997399991,44.95459861630203],[-85.81372545099998,44.947866167299395],[-85.84452216299995,44.93937522729621],[-85.86530829599994,44.93879797029604],[-85.88113918799996,44.943956526298],[-85.89532769199995,44.96111676430452],[-85.91346950999998,44.96770150730693],[-85.93084540599995,44.96885900530741],[-85.93954291499995,44.963976600305514],[-85.94260918599996,44.953034081301446],[-85.9698638249999,44.92575706329108],[-85.97260131899996,44.91555849528724],[-85.9860073519999,44.902571435282354],[-86.0088019479999,44.89906109928094],[-86.02756252799995,44.905704980283474],[-86.04048014399993,44.91463605128692],[-86.06544623599996,44.90780675928431],[-86.07293036599998,44.887674652276694],[-86.07237494699991,44.870214257270035],[-86.06622558699996,44.83125917925515],[-86.06680270799991,44.81936288425073],[-86.07874728799996,44.79356196824083],[-86.07430976099991,44.778321082234946],[-86.08004096199996,44.75615487722652],[-86.09514851999991,44.73712913321922],[-86.12041436199993,44.72880705821603],[-86.15650282199992,44.73242901921747],[-86.16575968499995,44.72491681221468],[-86.18763617699994,44.717140527211555],[-86.22060994499996,44.71003494920883],[-86.24234727699995,44.70318192220632],[-86.25761637399994,44.68616057319972],[-86.25958062099991,44.665228634191756],[-86.24681979799998,44.63019811717823],[-86.2362669549999,44.617464555173356],[-86.22460829099997,44.59101259716305],[-86.22146918499996,44.57293005015599],[-86.22344265499997,44.5519411451479],[-86.23430202999998,44.52384110213711],[-86.24403021999996,44.49017451612399],[-86.24929429899996,44.48356251012135],[-86.25185601199995,44.449532291108085],[-86.24875271299996,44.4399508561044],[-86.24860419499996,44.41686261309543],[-86.25208062099992,44.40102941508923],[-86.25985744999997,44.38190900008172],[-86.24979668599994,44.37074960307738],[-86.23935845299997,44.36461312907497],[-86.2319184039999,44.37602697407947],[-86.21949802099991,44.37199051607778],[-86.20458333399996,44.36111608507364],[-86.20482028599997,44.350479285069405],[-86.22044379399992,44.356113780071716],[-86.23672661799995,44.352145952070074],[-86.26611029799993,44.358508257072565],[-86.26714382699994,44.3493360290689],[-86.27696465499997,44.33422820006307],[-86.29950683699997,44.31046829905375],[-86.31113850999998,44.293287038047055],[-86.32395941899995,44.26854704803728],[-86.33246826299988,44.25729433503277],[-86.34723673599994,44.24869597402937],[-86.34624511799993,44.243429589027336],[-86.35639214499994,44.21919402001778],[-86.37212863599994,44.197702593009225],[-86.38845770999993,44.18060325400252],[-86.39981458999992,44.15823970199363],[-86.41930718399996,44.13211448498331],[-86.43624728799992,44.114918303976445],[-86.45375515499991,44.102582420971444],[-86.50187269499995,44.07489063496048],[-86.51523179899992,44.05810840795381],[-86.51597995399997,44.04995628195057],[-86.50857164299997,44.03082270994298],[-86.48565823099995,44.00377572593217],[-86.46961059699997,43.98226151192345],[-86.46124715199993,43.963534569915936],[-86.46277045399994,43.956744475913275],[-86.45293606299997,43.937483136905556],[-86.44608357799991,43.90440262489217],[-86.44847493599993,43.895196081888514],[-86.4340314409999,43.85436627487211],[-86.430925701,43.81916635085783],[-86.43510877899993,43.795804805848356],[-86.44402506599994,43.77380719283942],[-86.45597968299995,43.75405323283149],[-86.47967135999995,43.72695335182045],[-86.51534220499994,43.69337479280683],[-86.53228610599994,43.67309755779847],[-86.54070828,43.64934674378887],[-86.54128119699996,43.63519662478313],[-86.53816555499998,43.61552512877508],[-86.52310248599996,43.58078310476084],[-86.49684638199994,43.542925031745256],[-86.48169935499996,43.51896235773553],[-86.46708062099998,43.488534840722934],[-86.44848049699993,43.42965137669865],[-86.42629163999995,43.373037064675295],[-86.39465521999992,43.31443707565099],[-86.34550469399987,43.24020340561999],[-86.33887600399996,43.224027190613285],[-86.3315195049999,43.21826275961083],[-86.30662516399995,43.180787986595114],[-86.28965888199994,43.151831823583045],[-86.25569864999991,43.086063323555486],[-86.25076321199995,43.07037321954883],[-86.25121175199996,43.0571169255433],[-86.24436943999993,43.049187238539844],[-86.23371039599996,43.020293195527735],[-86.22208048599992,42.96714568050524],[-86.21594007799993,42.917471472484145],[-86.21708062099997,42.90313336447812],[-86.21358303599995,42.89134815447308],[-86.21044121699995,42.86209929346069],[-86.21154907299994,42.82290631344394],[-86.21069715799992,42.77883974442517],[-86.21319173299995,42.77285558642264],[-86.20791327699993,42.757699608416154],[-86.20702080699995,42.70560488139382],[-86.20917602599991,42.690719898387414],[-86.21680284399994,42.66269608137539],[-86.22958062099994,42.635539234363726],[-86.22568006799997,42.59296463634533],[-86.23466172999997,42.56838835533481],[-86.24427259699996,42.518342782313134],[-86.24674438599996,42.49123096630127],[-86.26040866499993,42.44577930628173],[-86.27763061599991,42.41132401126673],[-86.28484605699995,42.40218609826272],[-86.28484225899993,42.39219071025836],[-86.29236382499988,42.37547928425112],[-86.29595893099996,42.36024219724439],[-86.32652506599995,42.30186274821898],[-86.35208062099997,42.26019608120077],[-86.36706393899995,42.23855816919118],[-86.39468899299997,42.205995777176966],[-86.42285386899994,42.17635819016398],[-86.46369072899994,42.136031313146106],[-86.48819715799993,42.11686817313766],[-86.49541381899994,42.09464052612789],[-86.51658610099997,42.05804059111172],[-86.53420776399994,42.033963713101066],[-86.55664171099991,42.00003766108611],[-86.57350680999994,41.95861567706772],[-86.59215969599995,41.92514942305278],[-86.61374728799993,41.89936274804124],[-86.6395480689999,41.87635710503105],[-86.67437784899991,41.851152570019806],[-86.68310017999991,41.84083573001516],[-86.70097493599995,41.831312618011],[-86.71710476399991,41.81904862000547],[-86.74346571299995,41.80454395399899],[-86.76588256899996,41.79014888099251],[-86.8154139549999,41.76464052598116],[-86.86400349999997,41.74270150597129],[-86.88624728799991,41.733807191967294],[-86.90930284399994,41.72715680196432],[-86.91662665599988,41.71654916295949],[-86.92548190699992,41.71183345095742],[-86.96586446199993,41.69830046495131],[-87.01149122499997,41.68061763094339],[-87.08124721999997,41.656584969932545],[-87.11833102799993,41.64757346792856],[-87.14682813899998,41.64699892392823],[-87.16150261899993,41.635771709923176],[-87.18434570399994,41.630179804920665],[-87.22688768299997,41.62376324691781],[-87.25636657799997,41.621008797916566],[-87.28703294599993,41.62044618991625],[-87.29058464999997,41.623776267917755],[-87.31844028099992,41.62127355491669],[-87.3198021109999,41.6253696919185],[-87.34764105999994,41.62686274791922],[-87.37544996599992,41.63186545992149],[-87.41128824899992,41.64369922792679],[-87.42116834899993,41.641552417925816],[-87.43430413199997,41.6510033729301],[-87.43346801799999,41.656309904932435],[-87.42006184999993,41.65979406293396],[-87.40991136399998,41.66907520393823],[-87.40556505099991,41.6809181949435],[-87.41448404999991,41.68756153194659],[-87.42595303099992,41.689940546947604],[-87.43874077799993,41.67995736594304],[-87.45135850799993,41.684376310945076],[-87.46754462399994,41.67270150593982],[-87.47665568099994,41.67921517794272],[-87.50400800999994,41.69155730094823],[-87.52765482699994,41.711054913957106],[-87.5240143509999,41.72377355496272],[-87.53086575099992,41.74758214897339],[-87.54041944799994,41.75748286497784],[-87.55727430599993,41.76219098098001],[-87.55903055899991,41.76698644598218],[-87.57651275699999,41.78487924099014],[-87.58001624299999,41.80395421899867],[-87.600582751,41.827767696009424],[-87.60879377699993,41.8435684770164],[-87.60583604699995,41.86716602502699],[-87.61624722000002,41.87155784302893],[-87.61593967099994,41.88233312503373],[-87.60852634099996,41.89131967103771],[-87.62374976299996,41.90545975304405],[-87.63180277599993,41.93686817305799],[-87.63660037699997,41.94030675805953],[-87.64256998799993,41.968408429072106],[-87.66845587899991,42.02814774109855],[-87.67180233499992,42.04379037410552],[-87.66930277599991,42.059645951112444],[-87.68152408299993,42.07432368511896],[-87.72576734799998,42.10869814313407],[-87.75199900399991,42.14226558014894],[-87.76820549899995,42.16690343815979],[-87.7762305539999,42.17517709216342],[-87.80055972699995,42.208458614177985],[-87.81177225799992,42.23224686218854],[-87.81821941899994,42.25142655019696],[-87.82708774199993,42.26575407820317],[-87.83450093699994,42.30168099921885],[-87.83220203099995,42.30517600722044],[-87.83125278099998,42.33103484023179],[-87.82681530499994,42.33847109223491],[-87.82569722599996,42.3552015062423],[-87.81652499799996,42.36158497024508],[-87.80393490299994,42.38662864425595],[-87.80262791999994,42.40643034826455],[-87.80431389799998,42.42769065627386],[-87.79901387599989,42.45243457928454],[-87.79830201999991,42.48334929329796],[-87.80264156799993,42.488806921300394],[-87.81265279199988,42.52660124631667],[-87.81215710199994,42.562556107332306],[-87.81383912899997,42.579699662339635],[-87.81125278099995,42.58825163734334],[-87.82013610899996,42.61373639135431],[-87.81486689299993,42.64478728136773],[-87.80403055899998,42.67353484038],[-87.78510057299997,42.700297806391546],[-87.77817876299994,42.71873557839941],[-87.77826672099997,42.736546179407085],[-87.78128960599992,42.7496147554126],[-87.77453521799995,42.76894174142091],[-87.75712524499991,42.78133648942624],[-87.76458055399995,42.788534840429286],[-87.79266701699999,42.80548877943657],[-87.82199166299993,42.83280675844816],[-87.82881663099991,42.8489338744551],[-87.84319076599994,42.87293479646527],[-87.84318578199994,42.88937359847223],[-87.84819120699996,42.89156815147326],[-87.83873023199999,42.91575109448352],[-87.84543431699996,42.933702483491004],[-87.84255388099993,42.943411142495215],[-87.84404510599994,42.96155458850284],[-87.85613574599995,42.97768685850975],[-87.88558388699991,42.999013355518706],[-87.89513610899996,43.01488195352538],[-87.89347500399991,43.03072451053208],[-87.89671242699994,43.036232594534425],[-87.86373075799995,43.071061424549114],[-87.87041249699998,43.081522307553485],[-87.87615839699995,43.09986567756124],[-87.88920679799996,43.10984234856541],[-87.90090972999994,43.12838618557328],[-87.90014358599991,43.13742183057696],[-87.88024965199997,43.17071610159098],[-87.88656460299993,43.18611649159744],[-87.89597532599996,43.196852168601936],[-87.89623089299988,43.21460716060939],[-87.90868342199997,43.23261849961687],[-87.91155105699994,43.25175586862474],[-87.901252781,43.28436817363842],[-87.88893297099997,43.30616504864748],[-87.88363579699995,43.34016732766166],[-87.87680608199994,43.369389061673665],[-87.86535775199992,43.391448794682866],[-87.85097500399992,43.409923729690505],[-87.82677135999995,43.433962628700485],[-87.80461025699996,43.4629125527124],[-87.79320899199995,43.487660274722614],[-87.79385489599994,43.5279776577392],[-87.79096381399992,43.54380529374568],[-87.792486522,43.553944996749834],[-87.788837044,43.56561003575459],[-87.77128099299992,43.59166770776522],[-87.73154480099997,43.64209956478589],[-87.70683400599994,43.6781998258006],[-87.7026416699999,43.69096946480584],[-87.70433142799996,43.71473438481553],[-87.7096016789999,43.73110536982216],[-87.70355655299991,43.74698780282855],[-87.703475004,43.77102941483831],[-87.72652394699998,43.811261619854626],[-87.729587268,43.8301982518623],[-87.72874159199992,43.85324973887158],[-87.73541388699994,43.881029414882754],[-87.72632130999997,43.90335281989183],[-87.71819207199994,43.939116708906255],[-87.69844441799992,43.96592036591686],[-87.69569722599988,43.98853484092596],[-87.6818083369999,44.02353484094006],[-87.67424028299992,44.03450841894435],[-87.65512542799992,44.05270638995155],[-87.65596944299995,44.074335621960216],[-87.64765489399997,44.10389969497208],[-87.63883348299996,44.11154048297514],[-87.61601708399996,44.125184959980544],[-87.5823882729999,44.13835987298575],[-87.56462690599993,44.14352832998774],[-87.53594760599997,44.1622376399952],[-87.52406358599993,44.17374832799982],[-87.51401089199993,44.189105859005906],[-87.50650797599995,44.21338483001548],[-87.50790832599992,44.22852399002144],[-87.52151648699999,44.25977914403371],[-87.54008056699996,44.29006099104576],[-87.54375288299994,44.29964052704949],[-87.54541944799998,44.322701507058554],[-87.53291944799993,44.34111215206575],[-87.53370903899997,44.350703352069466],[-87.52041388699993,44.36825163807646],[-87.51651964099992,44.377994747080194],[-87.51716817299993,44.39672535208753],[-87.5112485769999,44.41466100709452],[-87.50430277599997,44.426307193099184],[-87.49848056399998,44.46213469411305],[-87.48347500399994,44.49933562212751],[-87.48264723099997,44.51465151313346],[-87.47357815299995,44.53103036513989],[-87.467947253,44.55238358214809],[-87.45273451099993,44.571837114155635],[-87.43806064299994,44.6042336251682],[-87.42086975199999,44.61519486117249],[-87.41679348499994,44.6221614141751],[-87.40486565599994,44.62738615917711],[-87.37837890699991,44.664376855191335],[-87.37667222799993,44.67395435619496],[-87.353727689,44.70188594220579],[-87.34319166499996,44.719640527212555],[-87.33264166999996,44.75381261922569],[-87.32016384599991,44.76841548323123],[-87.3197307,44.78702890023835],[-87.31395141699994,44.79395571224103],[-87.35715169399994,44.8195149302507],[-87.37456549799995,44.82379037525235],[-87.38925387999994,44.8310348412552],[-87.39772928999993,44.843047102259824],[-87.40463887599992,44.85966683926604],[-87.42156351799999,44.87749792127276],[-87.44157396199995,44.88143401127436],[-87.45949401899992,44.87887935027335],[-87.48760762599993,44.854091210263874],[-87.50092315799998,44.858399750265576],[-87.51648152699991,44.84936817426213],[-87.52832041499991,44.850868418262756],[-87.53899746399996,44.84308114625971],[-87.54196536699995,44.83136171825522],[-87.56587727899995,44.8306467932549],[-87.56053483799994,44.84314625025974],[-87.55035698899992,44.85211367126311],[-87.58048424699996,44.85227249826324],[-87.59334737199998,44.843193722259755],[-87.61474273799996,44.835108598256575],[-87.63622477299998,44.81495139924897],[-87.64735276999994,44.79769052124251],[-87.65505649199997,44.793727441240954],[-87.66359442899991,44.77981074723562],[-87.68658206599997,44.76179615322875],[-87.706620349,44.73591589021882],[-87.72133239799994,44.72402488521421],[-87.71876529299998,44.7110862462093],[-87.71958055399992,44.693807193202666],[-87.72828925299993,44.68360591319877],[-87.74630289799994,44.66900426919318],[-87.75450693799995,44.65088632218615],[-87.76323828899993,44.6433381721832],[-87.78270487499996,44.63824146518129],[-87.80341174699998,44.63795256518121],[-87.83953055599997,44.619665076174094],[-87.85627666999996,44.620173431174386],[-87.86701945099996,44.60860428516986],[-87.87982272799994,44.60332067516787],[-87.88867360499995,44.59116410016314],[-87.90364305399993,44.58242983315971],[-87.90207499299997,44.56852385415434],[-87.91763610899991,44.54769608214637],[-87.92876207199998,44.53629173114189],[-87.94123430999994,44.530753672139745],[-87.96128127299993,44.5292429841392],[-88.00468317699993,44.53802635014255],[-88.03178654899996,44.55964052715095],[-88.04028424899991,44.558303450150405],[-88.04264166699993,44.57186817415565],[-88.03597500099993,44.57714595215767],[-88.02267382799992,44.57828066315808],[-88.01487293699995,44.58543520416094],[-88.01236934699989,44.62601897217651],[-88.00847499899999,44.62740908117702],[-88.00986932599993,44.64601788718419],[-88.00367143899996,44.64847299218516],[-88.00209164199994,44.673800412194936],[-87.9904194439999,44.682201833198135],[-87.9905348339999,44.698588687204584],[-87.98339333499989,44.7212865772132],[-87.97101388799994,44.737638438219534],[-87.93406330599994,44.76596105623027],[-87.90852495099993,44.81080168624738],[-87.90314809199998,44.827300303253715],[-87.86779778499991,44.841440521259116],[-87.85514638299993,44.85794212226534],[-87.85204667899993,44.866434146268666],[-87.83041944799994,44.8951689552795],[-87.84454444099998,44.91704327728773],[-87.83912161999994,44.932808658293794],[-87.81495193599991,44.953732323301615],[-87.776221535,44.964101111305546],[-87.69624711899996,44.97437956730942],[-87.67447116499994,44.974988563309694],[-87.65587805899995,44.972255408308634],[-87.64337646599992,44.98497120131345],[-87.6302232199999,44.98337655631286],[-87.62541378499998,44.99991830431915],[-87.62514753599999,45.044928748336126],[-87.62069722599995,45.05686817434048],[-87.60841033999998,45.07754783434826],[-87.59015865799991,45.086307193351466],[-87.59236958899994,45.09492006835484],[-87.609846497,45.113735850361834],[-87.61195285499996,45.1232543503654],[-87.60455173099993,45.137173757370505],[-87.59569722599997,45.139624250371604],[-87.60005832299996,45.14998788437534],[-87.58654374899999,45.157979692378404],[-87.58764166999994,45.163812619380636],[-87.57337514299995,45.17172996338346],[-87.56240770199996,45.18431541338823],[-87.53894351599993,45.19488710939203],[-87.53105017799994,45.207923811397016],[-87.51266998399996,45.21990745440137],[-87.51208608099994,45.22492386540326],[-87.48514166999993,45.25270150741357],[-87.47321065299994,45.2610182934167],[-87.46735602599992,45.27107512442038],[-87.4358622239999,45.29512636642931],[-87.43680833699995,45.30603484143333],[-87.42891391399992,45.31982390343849],[-87.41352050899992,45.33047277544234],[-87.40643981999995,45.3462218804481],[-87.39561204799996,45.34963971344948],[-87.39403055899999,45.36686817445572],[-87.36382561699997,45.38874263246379],[-87.35875773199993,45.403217865469145],[-87.35154812399995,45.41022470147173],[-87.33654981899996,45.41462750647328],[-87.32514166999992,45.42981895347889],[-87.33208611499995,45.43547379248099],[-87.33127183799994,45.44990155448631],[-87.32061387899992,45.46304344049101],[-87.30742221499997,45.47175505649436],[-87.30514723099996,45.482151581498016],[-87.28791388699989,45.501862681505145],[-87.28624518599996,45.50884367950775],[-87.26513610899997,45.539918237519046],[-87.263812053,45.549767615522654],[-87.25127814499992,45.567964298529226],[-87.23931267699997,45.57517560153194],[-87.23403110199992,45.58883391353676],[-87.22597934399991,45.59489782453896],[-87.21291944799991,45.614646020546154],[-87.18616109299997,45.64385439455684],[-87.1712954379999,45.66213564456334],[-87.14076999299992,45.67364572156753],[-87.12958611499991,45.68159046457041],[-87.1005558949999,45.68645937457215],[-87.10016242199994,45.69787925557626],[-87.09208611499997,45.70159046457765],[-87.06172200599994,45.708392968580064],[-87.07272908599997,45.71703235958311],[-87.06070821199995,45.72916051958754],[-87.059324749,45.73546246758975],[-87.04446228099994,45.74380712559281],[-87.05588907999994,45.7482828335944],[-87.06347500399988,45.757668888597784],[-87.06320875499995,45.77214866560288],[-87.05597500399995,45.77572444360416],[-87.05846557699991,45.78640023860808],[-87.05681959399995,45.814635237618106],[-87.04097500399996,45.833534909624845],[-87.02069797199992,45.8379114686264],[-86.99958055399998,45.84797935363006],[-87.02291388699992,45.85794666563355],[-87.014793092,45.86840300563732],[-86.99519721199992,45.88453819164308],[-86.98466301899995,45.90404245065003],[-86.96551269599992,45.913957272653484],[-86.95180698099993,45.90774640265133],[-86.94739949599992,45.89777380064767],[-86.94801669699993,45.875434865639754],[-86.96423339899992,45.86470712363601],[-86.97032816599994,45.854505368632296],[-86.98340393099993,45.84691096762958],[-86.98647698399995,45.836889943626105],[-87.00457207699995,45.8308903236239],[-86.99945977199992,45.81842972561952],[-86.99097649499996,45.813881114617786],[-86.98736958899997,45.797144189611856],[-86.98179294199998,45.792900821610324],[-86.98375840999991,45.77742651060481],[-86.98125813899995,45.76021561359867],[-86.97458943799994,45.75397158159644],[-86.98485833099988,45.707173146579635],[-86.98133192399996,45.69556751557546],[-86.97037312899991,45.69235679457431],[-86.96663852299994,45.68404943557132],[-86.95651570699992,45.68382814957113],[-86.94347500399994,45.694613332575095],[-86.94291029299993,45.701359480577494],[-86.92407898,45.70305076457819],[-86.91410400499993,45.696797645575856],[-86.90218017699995,45.70951655758036],[-86.87600246899994,45.710807587580916],[-86.84319308899998,45.717690250583416],[-86.84375908799993,45.73606149358998],[-86.82996039599995,45.7522641575958],[-86.82123304699995,45.755893239597135],[-86.82374728799991,45.765446665600585],[-86.816987441,45.772626095603115],[-86.80144802599995,45.77641380160444],[-86.80882147999995,45.78622988260797],[-86.80188259599998,45.794060625610726],[-86.78412258699996,45.79403010761075],[-86.77255723799996,45.81199282161718],[-86.77624159199995,45.826595889622375],[-86.78593695799998,45.83174549362422],[-86.78207492499989,45.84075896262746],[-86.78154473299998,45.85991145563427],[-86.75741753599992,45.867139238636874],[-86.74238010099995,45.86630712563654],[-86.73043063799996,45.848540944630265],[-86.71987969399997,45.84475574762884],[-86.69137437699996,45.84137216262765],[-86.66263441399994,45.83603273862573],[-86.64524943099994,45.836731998626],[-86.63119466199996,45.84801332962994],[-86.63226793200002,45.860954953634575],[-86.61168212999995,45.87653675364017],[-86.59854329499993,45.876837792640316],[-86.58683959999992,45.89350432364619],[-86.56885687999991,45.900239146648595],[-86.55619018599998,45.8974844946477],[-86.53787177299992,45.88702747664396],[-86.53010308199997,45.87598045263991],[-86.52927205499995,45.85503542463248],[-86.53824679999992,45.84002626962725],[-86.55631144299996,45.83072254462385],[-86.56024902399997,45.82010934462007],[-86.55766126899994,45.80928523461621],[-86.57735785699995,45.80105159261323],[-86.58033772899991,45.790027693609396],[-86.55968234699998,45.77537749260407],[-86.56528062699988,45.76921816360194],[-86.58358615499992,45.77831721760513],[-86.59644802599993,45.77667632060452],[-86.61649400599998,45.78324960360687],[-86.63180284399992,45.78198773560645],[-86.6334474019999,45.746063663593624],[-86.6437787549999,45.74008174359151],[-86.65003540099993,45.72794327458699],[-86.66306220199992,45.728931569587445],[-86.67152398099992,45.72024382558439],[-86.66513617699997,45.70325157057818],[-86.67410617499993,45.69284995957447],[-86.6870221629999,45.687986338572685],[-86.70426879999995,45.69199383957411],[-86.71828464199993,45.679214976569554],[-86.71808783699998,45.667411387565245],[-86.71236979199995,45.65630190356126],[-86.69591335799997,45.65509327256084],[-86.68748779399989,45.63432334755332],[-86.6682549379999,45.62252715054911],[-86.64722913999995,45.61541350354652],[-86.63328708299994,45.618028520547476],[-86.610898031,45.60003745954095],[-86.60442721999993,45.60786609954366],[-86.61735839899991,45.6176688885473],[-86.6276361769999,45.65953195256242],[-86.62153238999993,45.66622194756482],[-86.60874728799995,45.66940235456601],[-86.59411037899996,45.66494251556436],[-86.58167968799991,45.68499893957157],[-86.58458618199994,45.70436803857857],[-86.57280381999996,45.71602934858284],[-86.53625339199996,45.70767336357981],[-86.53063395299992,45.747413761594096],[-86.51513943199996,45.74740121459407],[-86.49972371499994,45.752272702595775],[-86.48765814999993,45.74658463259381],[-86.47874281199991,45.75443144759657],[-86.47637207099994,45.76463225360025],[-86.4576308869999,45.75601809059718],[-86.44819173299999,45.764356984600255],[-86.43652113299996,45.76084298759886],[-86.42949842699994,45.773984127603576],[-86.42755995099998,45.78648100860804],[-86.41624037099994,45.794096025610756],[-86.39030382,45.79602934861144],[-86.37195407499989,45.78797935360864],[-86.35678697499995,45.79157391760989],[-86.35180826899993,45.81603490961864],[-86.34680976099996,45.82069046762029],[-86.34958062099994,45.831763397624165],[-86.33903103399993,45.84840232763016],[-86.32653049099994,45.85544666563272],[-86.33487874399997,45.86703581763679],[-86.32496365099992,45.887090003643976],[-86.32311862599991,45.90867101765164],[-86.30798990999995,45.92044090165575],[-86.28560140099995,45.92531544065754],[-86.27708604699995,45.93361032166045],[-86.27777967699993,45.942302744663515],[-86.25216227299991,45.94936268166601],[-86.23074164599993,45.94656130366512],[-86.2188982479999,45.95986296666979],[-86.19686564199998,45.96300085167088],[-86.16288682799988,45.9537850176676],[-86.13540785099994,45.95685108466869],[-86.12544786299998,45.96436200367133],[-86.09319173299991,45.96631268667209],[-86.06626790399993,45.96474428667141],[-86.00661227799998,45.95309043766743],[-85.95401082399997,45.93714256166175],[-85.94187337299995,45.92871509865866],[-85.92115736299996,45.920424625655755],[-85.91732055699995,45.92879600365879],[-85.92595187799998,45.93184321865978],[-85.92291395499994,45.94766888866541],[-85.89409003399994,45.96713218567229],[-85.88029459699999,45.96863432867288],[-85.84569173299997,45.96603490967187],[-85.84012980199996,45.963500729671075],[-85.81674099499995,45.979757917676764],[-85.78735839899994,45.97714602067583],[-85.76512559799994,45.96880170067287],[-85.74245496999995,45.96449709467135],[-85.71268608999998,45.963602047671095],[-85.69571343399997,45.95825713166917],[-85.6811227759999,45.96630081867203],[-85.65470350599998,45.966199907671914],[-85.64833658899994,45.98342436767814],[-85.62959771099993,45.99389233768175],[-85.6032191309999,46.03017346569459],[-85.57291368399996,46.05102944970183],[-85.56308132699994,46.063857683706395],[-85.52306532199995,46.09114555271595],[-85.50960612099993,46.096597008717914],[-85.48260796499996,46.096239682717716],[-85.44802463199994,46.08890824071518],[-85.44340603399992,46.09525064171737],[-85.42625244199994,46.102979455720074],[-85.41428059999998,46.10238714271991],[-85.39459472699994,46.096324690717864],[-85.38821262,46.085766150714036],[-85.37491943399993,46.0790099667118],[-85.36566460599992,46.088721337715064],[-85.34391628799993,46.09439397871712],[-85.32105360299994,46.08980182971553],[-85.29688612299998,46.07354436970976],[-85.28648925899991,46.0738233007099],[-85.26080566499994,46.06214602070579],[-85.2194422749999,46.05980647470492],[-85.19360758499992,46.048475094700905],[-85.18569688699992,46.061868344705694],[-85.16721978199996,46.05510100370338],[-85.16504747299992,46.047091970700514],[-85.14121934799991,46.049643917701395],[-85.10831081899991,46.03586082369651],[-85.09796278299996,46.02880712569404],[-85.05315728199994,46.02230772969172],[-85.03526746999995,46.01525233668938],[-85.01471028699993,46.0110056806878],[-85.00295681499992,46.00578615668592],[-84.97152506599991,45.98436824267842],[-84.93935872499993,45.95835139666922],[-84.91622314499992,45.92819033165856],[-84.90775336499996,45.92242617165645],[-84.88696370499996,45.92365704765693],[-84.8703990349999,45.90759191565128],[-84.84050971199999,45.895082150646815],[-84.83375271299991,45.874084903639314],[-84.81815945199997,45.86725574763686],[-84.80327663899998,45.86996753963781],[-84.79678059999995,45.86147103963483],[-84.75365668499992,45.83889454162674]],[[-85.52681098199994,45.826365787622336],[-85.52956732899996,45.81559226861859],[-85.51848307399992,45.80561241061492],[-85.53073404999995,45.79781001461213],[-85.49452663899993,45.79101748060963],[-85.506166179,45.77759740960494],[-85.49333333399991,45.77255990660304],[-85.48385769399994,45.780266069605865],[-85.46101942399996,45.780522213605984],[-85.46725341899995,45.79646052761154],[-85.47914577999995,45.81296545161753],[-85.49735568699995,45.82214852962084],[-85.51537516399995,45.82816598562301],[-85.52681098199994,45.826365787622336]],[[-85.37429660499998,45.81656828861885],[-85.36808051299991,45.79921931661264],[-85.37737684499994,45.788100406608635],[-85.39410074899995,45.77417211660366],[-85.37444444499991,45.768671017601704],[-85.36712700799991,45.775471215604085],[-85.35486897899997,45.777982473605014],[-85.35957546699996,45.78841324560869],[-85.35087863599992,45.79453107061099],[-85.34959120099992,45.80280689561392],[-85.36345621799991,45.81821196561936],[-85.37429660499998,45.81656828861885]],[[-85.56014431499992,45.75963795059849],[-85.56874457499994,45.74942134359484],[-85.56293836899994,45.743027300592445],[-85.56324869899994,45.73306127658894],[-85.57172797399988,45.724276418585774],[-85.57454101599993,45.70798376157989],[-85.58958387699995,45.699060286576696],[-85.60518798899996,45.682274533570656],[-85.60537055199995,45.66806154756551],[-85.6106890199999,45.658776811562184],[-85.60457790899991,45.640471283555556],[-85.61025661999994,45.63076621855209],[-85.62016411799992,45.62542123455006],[-85.62249186299991,45.60427926654249],[-85.62861518099997,45.59733943353991],[-85.62299886099994,45.58437848253523],[-85.596624621,45.57804805153291],[-85.55986599499991,45.57161542153064],[-85.53416720999994,45.57785748653288],[-85.52885416699998,45.590119381537264],[-85.51021186099992,45.5957172555394],[-85.50606309799994,45.602393009541785],[-85.49042209299992,45.60767621254369],[-85.48653320399991,45.6191329175478],[-85.48969943699993,45.65219159355972],[-85.49981336899998,45.664290727564115],[-85.50557183199993,45.68186546157043],[-85.49371690599993,45.69783768457624],[-85.49900119399993,45.726282779586505],[-85.51295545899995,45.73648555159015],[-85.52095893099991,45.73767370359056],[-85.52076199099997,45.75122601659533],[-85.54397162599992,45.75145198259551],[-85.56014431499992,45.75963795059849]],[[-86.62547919499994,45.571322384530454],[-86.63789293199991,45.571960676530715],[-86.65456068299994,45.58683548653615],[-86.66096693299993,45.57442134353153],[-86.64956841399994,45.546050846521275],[-86.63888888999996,45.542837684520144],[-86.62732313399991,45.54910341752245],[-86.62125529099994,45.56313723152746],[-86.62547919499994,45.571322384530454]],[[-86.68805555599994,45.59505990653916],[-86.68227511999999,45.61462981154617],[-86.69786010799997,45.61444060254619],[-86.70145779199993,45.60261748254182],[-86.68805555599994,45.59505990653916]],[[-85.69598036099995,45.70214323957782],[-85.6973855259999,45.697498464576086],[-85.67403266099991,45.697126895576034],[-85.67313476599993,45.701984277577765],[-85.65378119699992,45.71649531758298],[-85.65334771099994,45.74301502559245],[-85.68911729699992,45.74713795059397],[-85.69795030499992,45.737469235590524],[-85.68735541499991,45.71630495558286],[-85.69598036099995,45.70214323957782]],[[-86.76893622599991,45.50847319550758],[-86.78341864799995,45.506513289506934],[-86.78290798699997,45.487692556500114],[-86.77558051299997,45.48755264949993],[-86.75773206999995,45.47849632149668],[-86.75653564499994,45.50150671050508],[-86.76893622599991,45.50847319550758]],[[-85.78130588199993,45.491304616501345],[-85.79097751299993,45.48575964049928],[-85.77703803199994,45.46709848049248],[-85.76609049599995,45.476410614495876],[-85.77461290199992,45.48998042550087],[-85.78130588199993,45.491304616501345]],[[-85.87771077599996,45.42956430047882],[-85.84654296999993,45.39636782146665],[-85.83302978599988,45.3797231274605],[-85.82776787699994,45.39034229546432],[-85.82650200799995,45.40549339146992],[-85.83141343899992,45.420346907475384],[-85.85234890499994,45.43689238548152],[-85.88268446299993,45.44438757048428],[-85.87771077599996,45.42956430047882]],[[-86.83937500099992,45.396399153466646],[-86.85457180499994,45.397825748467106],[-86.85272650899998,45.40679384747039],[-86.86009290999989,45.41156828847224],[-86.87810574099991,45.41335173547289],[-86.8859695099999,45.410473860471726],[-86.91404473299994,45.408789290471155],[-86.92406283999998,45.3971459524669],[-86.92988559399997,45.41805259547455],[-86.94228508899992,45.41617156047391],[-86.95457194099995,45.384505842462225],[-86.94404642799994,45.35781123545239],[-86.95659606999993,45.349518727449315],[-86.95447665799996,45.33919157944549],[-86.94371731299995,45.333963850443624],[-86.92900302499999,45.35383486245093],[-86.91721177899996,45.353436913450864],[-86.90814493899995,45.33858163444539],[-86.89410454699998,45.33824431344529],[-86.87800306599995,45.33197898744289],[-86.86826700899994,45.33228850344301],[-86.86513061599996,45.34490677544762],[-86.87023356199994,45.349524831449365],[-86.86417249999994,45.364231048454755],[-86.84904500399995,45.37045148045703],[-86.83937500099992,45.396399153466646]],[[-86.98208611499996,45.2943627494291],[-86.99780300599996,45.29801115943033],[-87.00453979599992,45.29464690142913],[-87.01876329299989,45.2990476724307],[-87.024537083,45.28603484142601],[-87.03645799499998,45.28825014642671],[-87.05206292099993,45.28629227442606],[-87.05986843599999,45.298683224430675],[-87.06811258999988,45.29559050542946],[-87.07037604499997,45.28306880342486],[-87.07845330199991,45.26598804741851],[-87.07631707199992,45.25302906341372],[-87.09974745099997,45.25920446441601],[-87.10752522899995,45.257934390415556],[-87.11726318399995,45.24087560740916],[-87.12318311999994,45.223671560402856],[-87.11985310999992,45.191612640390886],[-87.14591932599991,45.192173350391116],[-87.14941209699998,45.185420827388604],[-87.16677964999994,45.1835515243879],[-87.17492818299996,45.17313228038397],[-87.171262072,45.15240284237633],[-87.18928297300002,45.152675466376365],[-87.19373616599992,45.16184999937977],[-87.21232950899993,45.165905175381354],[-87.22059244899995,45.17298593138387],[-87.23726860999993,45.16864755238234],[-87.24262790299994,45.15032181537549],[-87.23935913199995,45.12840327636726],[-87.24900878999992,45.132140527368705],[-87.26040669799995,45.11345237536167],[-87.26125210299995,45.09020435635304],[-87.26896986299994,45.07776457734837],[-87.28115261599997,45.074252072347086],[-87.28430277599992,45.06301739834288],[-87.28208611499994,45.04801739833723],[-87.29380486499994,45.04632726733657],[-87.30118014899995,45.05411738733948],[-87.30950297099994,45.04350174633556],[-87.32121432899996,45.03859316333357],[-87.32201945099992,45.0310957403308],[-87.33300150599993,45.01414058132444],[-87.34299411399992,45.0115514693235],[-87.34719190899992,45.00063363631934],[-87.36145392599997,44.98684932131411],[-87.3729137509999,44.960751638304345],[-87.39889933299992,44.92509340729096],[-87.39485263499992,44.92242929128989],[-87.4065104169999,44.909243255284835],[-87.38569166499995,44.89047928527773],[-87.38570292199994,44.872145952270756],[-87.38267103499994,44.85746821826524],[-87.38735209199993,44.848557085261874],[-87.38512417299994,44.83757048525762],[-87.37566528399995,44.82962397925468],[-87.34342549699993,44.81842728325034],[-87.31360168499995,44.79465815924122],[-87.30588202699992,44.80396927524485],[-87.28207485699994,44.8146441892489],[-87.27126098699995,44.84297399625975],[-87.26269497399991,44.850094086262374],[-87.23930277599999,44.85880719326569],[-87.21903055899998,44.87103484127033],[-87.20486429899995,44.875182926271975],[-87.20601630399992,44.88619977127613],[-87.21707411099999,44.89821827228073],[-87.21597500399994,44.9068681742839],[-87.20169135299993,44.91843528628827],[-87.1715321189999,44.93128942529315],[-87.17700541299993,44.94181270029724],[-87.18843567,44.94882509729976],[-87.1890629759999,44.96900657530741],[-87.17485833099992,44.98575163831381],[-87.16489169699994,45.00321691532037],[-87.13948866199989,45.012336246323855],[-87.12596944299997,45.03991830433409],[-87.12319166499998,45.06684647334433],[-87.09907694599994,45.069896196345404],[-87.09097500399997,45.055201507339916],[-87.07903340699991,45.05795392234082],[-87.07901496099996,45.069854285345436],[-87.09678500799996,45.082384938350096],[-87.09375278099998,45.09242373035394],[-87.08014044899991,45.09411643835457],[-87.06640672599997,45.077979285348434],[-87.05736436699996,45.08684606635178],[-87.04857598299995,45.10859017935988],[-87.05749037099997,45.124918304366034],[-87.07149305599995,45.12654590836664],[-87.08348531199991,45.145145491373555],[-87.07959269299991,45.15385086737686],[-87.07120001999994,45.15682884037801],[-87.05633361899996,45.14813078837473],[-87.04902513399998,45.13602371937015],[-87.04182251099994,45.13649463937037],[-87.02875278099992,45.14606101837391],[-87.04486273999997,45.159653819378946],[-87.04637478399997,45.17120926638326],[-87.03818074599997,45.19961963939384],[-87.04096944299991,45.21098045239807],[-87.032642416,45.21322112039905],[-87.03906955399998,45.23051319440533],[-87.02685723299997,45.23352941540637],[-87.01038791299995,45.22603050040368],[-87.00323527099994,45.21131261939821],[-86.98180833699993,45.218097558400764],[-86.97844516399994,45.22749561640426],[-86.9859549979999,45.231993228405884],[-86.98111667299993,45.24783212341178],[-86.9840270999999,45.26438241641797],[-86.97041944799993,45.278054833423006],[-86.98208611499996,45.2943627494291]],[[-86.05457804399998,45.154915727377215],[-86.06475056999993,45.137999495370885],[-86.05817857599996,45.112991357361494],[-86.05903306799996,45.10074906135697],[-86.041800267,45.090759640353276],[-86.01540120499997,45.0673933483445],[-86.00957600999999,45.05822749534104],[-85.99916666699993,45.053948795339466],[-85.98443562899993,45.06046477234189],[-85.96415269699995,45.06484845334349],[-85.97868679599995,45.07504851334731],[-85.98393649699992,45.090139387353005],[-85.98045301699992,45.112367442361325],[-85.97441731899991,45.12244163336511],[-85.97664944199994,45.13847814637114],[-85.98933539599992,45.15106251037575],[-86.02299533499993,45.1580009873783],[-86.04803385499997,45.15936017237884],[-86.05457804399998,45.154915727377215]],[[-86.12208862399991,45.04742630733696],[-86.13818142399997,45.04300166533532],[-86.15668280799996,45.01325435032416],[-86.15652248899988,45.00432992532082],[-86.13444444499994,44.99644879531776],[-86.12027981299994,44.99847706131863],[-86.09352403499993,45.007054264321745],[-86.10124471099994,45.023426876327946],[-86.08781914699995,45.03213049033129],[-86.08870863299994,45.04131234733465],[-86.12208862399991,45.04742630733696]],[[-87.32960306899993,45.16000538137921],[-87.33712863599999,45.16860916838234],[-87.33422241299995,45.19288759739141],[-87.33692267599992,45.21186017239847],[-87.35264600999994,45.19813594239326],[-87.37669887999992,45.19824200839334],[-87.37734307299996,45.17821650938587],[-87.32960306899993,45.16000538137921]],[[-86.82985026099995,45.41436464847319],[-86.83150499199996,45.404367225469464],[-86.80419080999994,45.410186181471595],[-86.81035834499991,45.42353952047664],[-86.83048461999994,45.42850812147836],[-86.82985026099995,45.41436464847319]],[[-77.25333333299994,44.09324462396782],[-77.26694254599991,44.08424193796427],[-77.29772325299996,44.08193508096332],[-77.30800781199999,44.07661640896119],[-77.32874755899998,44.085036615964555],[-77.32903048999998,44.09421962696818],[-77.321252713,44.097725892969564],[-77.32212592199994,44.110185202974556],[-77.30928575299997,44.12032531197862],[-77.31386935799995,44.12920511398209],[-77.30915011899998,44.137139412985206],[-77.31177571599994,44.14865850998987],[-77.32908881299993,44.14168124198705],[-77.35927083299995,44.13898084398597],[-77.37124538799995,44.13392862498398],[-77.38289713499992,44.14310247998764],[-77.41070258199989,44.12531391898054],[-77.48624348999991,44.10772887697362],[-77.49733859599992,44.106752313973196],[-77.50010850699994,44.098697978970016],[-77.5293299699999,44.079730354962436],[-77.54059488899996,44.0778886529617],[-77.57152506499995,44.054214065952294],[-77.59403048999995,44.06199184295538],[-77.59477023699992,44.07292819095974],[-77.57543158599995,44.086964038965384],[-77.57430284299991,44.098925368970036],[-77.56083523199996,44.09832023996976],[-77.55489095099992,44.10282517697167],[-77.53407090899998,44.10453056697229],[-77.50542670399994,44.11667452797712],[-77.47310221399991,44.120578336978625],[-77.44623182499996,44.1317249839831],[-77.41236789299994,44.140870220986784],[-77.39430284299993,44.15088073199075],[-77.37632025799996,44.15408894399201],[-77.34974826399997,44.16532517699639],[-77.33454074399995,44.16785827099747],[-77.31571397599996,44.16560247999657],[-77.31619466099988,44.155068150992406],[-77.29662841799994,44.153386292991755],[-77.27441514799995,44.16398260699591],[-77.27096408399993,44.17034199499845],[-77.25691162099994,44.17913492300197],[-77.24485839799993,44.17585360600056],[-77.23043565499991,44.17949184300204],[-77.21291992199994,44.1711764819987],[-77.20197889499993,44.15893628799391],[-77.18549207899999,44.15862561899384],[-77.16668402799993,44.16624599399678],[-77.14708062099999,44.16171406599504],[-77.12513617599993,44.17032517699843],[-77.1134912109999,44.1697751819981],[-77.08902506499997,44.17532517700036],[-77.05062581399993,44.19038248200634],[-77.03638536199995,44.19993489101016],[-77.01856825099993,44.19501450800821],[-77.01959716799996,44.18618129700472],[-77.03986382399992,44.175052960000336],[-77.05030815999999,44.156570700992894],[-77.0528862849999,44.14619506298888],[-77.06429660399994,44.129241870982135],[-77.06791395399995,44.105181675972574],[-77.05331054699994,44.105235386972616],[-77.02655897399995,44.11448106097624],[-77.02183051199991,44.126695212981105],[-77.00074272999991,44.14226860398731],[-76.95603000199998,44.15672254299303],[-76.96173258499994,44.170292624998346],[-76.93172688799996,44.17942985900206],[-76.91569173199996,44.16934610499799],[-76.89167100699994,44.170960687998615],[-76.88511393199994,44.15533697699247],[-76.90595323399998,44.15088629299072],[-76.91596326999992,44.154794170992254],[-76.98535671699992,44.142857931987486],[-77.00545328799993,44.134484789984214],[-77.00680257199993,44.12421955898015],[-77.0154638669999,44.10474025697237],[-77.04318603499995,44.09337788396787],[-77.04898708799996,44.09588073196892],[-77.06515082499998,44.08475415896443],[-77.07791937899995,44.08255295996357],[-77.07819363099995,44.07503600596055],[-77.04822455499992,44.07685498896126],[-77.032240126,44.06189310195538],[-77.05846245699993,44.05400546095211],[-77.05017930799993,44.048080710949854],[-76.99608235699995,44.062817241955656],[-76.96958604599997,44.063375035955865],[-76.95347493499995,44.07530896896064],[-76.95737331799992,44.07949130096236],[-76.94014160199998,44.090575827966795],[-76.9378309459999,44.09721373996942],[-76.912414008,44.11197285497528],[-76.88746175099999,44.120536290978634],[-76.83572943799996,44.149197517990025],[-76.7934138999999,44.16731614399714],[-76.77405843099994,44.18282449900339],[-76.758445367,44.18230610700314],[-76.73070095499993,44.19764926000924],[-76.72549723299993,44.203427662011514],[-76.71125271299996,44.20448614701187],[-76.68794759099994,44.216454395016676],[-76.68663709899988,44.20588629301254],[-76.66418294299993,44.21426255501583],[-76.63191351999993,44.22166856101874],[-76.61853624099996,44.22038404201821],[-76.60677625899991,44.21280869701528],[-76.58375461199992,44.218397619017445],[-76.57432454399995,44.21088629301446],[-76.55960205099994,44.20892530201368],[-76.5467914499999,44.21920884401781],[-76.52458062099996,44.21393628801568],[-76.50124918599994,44.221731020018794],[-76.48236572299996,44.22392496201963],[-76.47626925999998,44.231740853022686],[-76.48097520599997,44.24060838002623],[-76.47215386299993,44.25018276103006],[-76.48096950999994,44.25499850303188],[-76.47378689199998,44.26590256903615],[-76.46263156499998,44.24872531002939],[-76.47124728699998,44.23703545002484],[-76.46231960699996,44.227552960021015],[-76.44739230699992,44.23560227602421],[-76.43958604599999,44.2336640710235],[-76.39266872799995,44.24921962702962],[-76.37098063199993,44.26671026803653],[-76.33820773699995,44.271975025038614],[-76.32097981799994,44.282814462042815],[-76.31460937499996,44.290317785045865],[-76.27029785199993,44.3058807320519],[-76.25916395399994,44.304625104051354],[-76.23291395399994,44.30949184305338],[-76.22112765799992,44.31918619305718],[-76.20980956999992,44.316362232055994],[-76.19715467699996,44.307572356052624],[-76.18420708599994,44.31692823105632],[-76.16069715699993,44.32394184905897],[-76.14739095099993,44.33088073206174],[-76.10125081399997,44.33976229706517],[-76.09726264099994,44.34722296306813],[-76.0804638669999,44.35281846307035],[-76.05720648899994,44.34716118206812],[-76.03983127199992,44.3522972900701],[-76.0276684569999,44.3525195940703],[-76.01237521699991,44.36421406607488],[-75.98264051599995,44.36392496207468],[-75.95848551399993,44.3691972470768],[-75.9468573679999,44.37560295507929],[-75.93680284299997,44.37560295507929],[-75.91967529299991,44.395388925087],[-75.91153998499992,44.3964454430874],[-75.89824028899992,44.416141827095124],[-75.87477077899996,44.43988640210443],[-75.83263834599987,44.47614915111848],[-75.82921223999992,44.48534867512208],[-75.80173882399994,44.4880533471231],[-75.77486355299999,44.469230409115774],[-75.75751220699992,44.44373968710591],[-75.76918321399994,44.43849547810386],[-75.78751139299996,44.42046684609684],[-75.790625,44.41214599109353],[-75.80124728699992,44.404214066090454],[-75.81701253299993,44.408740772092294],[-75.83152506499994,44.397297833087705],[-75.84857123499995,44.389593704084795],[-75.85542561799994,44.380346675081114],[-75.84412000899987,44.36999375607705],[-75.86338541699993,44.35479044107105],[-75.86291937899992,44.36530896907535],[-75.88473659899992,44.362260737073996],[-75.90391547299996,44.345705561067525],[-75.92208604599995,44.33755296006443],[-75.9387472869999,44.320880597057865],[-75.95886176199997,44.313284229054766],[-75.9664548069999,44.30304680205073],[-75.9815253359999,44.301452632050186],[-75.99557915599992,44.28425997804345],[-76.01428548199996,44.27441466803953],[-76.01250352599999,44.26702771903662],[-76.02991726299993,44.266056649036265],[-76.06439588799996,44.24383937802749],[-76.09069173199994,44.24127257802652],[-76.09534505199997,44.23278692802309],[-76.10788682699996,44.23921406602567],[-76.11600287499992,44.22855576802149],[-76.13399793799994,44.22199740401888],[-76.16469943599995,44.21717983201692],[-76.17893690299992,44.20790547201331],[-76.20153618699997,44.20253051301114],[-76.20407172299997,44.19568955700843],[-76.23623101099997,44.18060295500242],[-76.25995985199991,44.164749750996194],[-76.27215494799998,44.15889803899392],[-76.28123101099992,44.16032517699445],[-76.29538302999998,44.153410367991754],[-76.30721679699997,44.14073906298674],[-76.31875271299995,44.13309725798361],[-76.34289360899996,44.12710326598127],[-76.36569715699991,44.1100529599745],[-76.36072428399997,44.10171406597121],[-76.35930284299992,44.08810295496579],[-76.33846950999998,44.093658509968044],[-76.36124728699996,44.07313564195982],[-76.34792480499993,44.07086947495889],[-76.33744601799995,44.07519042496059],[-76.33403048999993,44.06476962095638],[-76.31489095099991,44.05866407095408],[-76.29434136299997,44.05860574895394],[-76.29486382399995,44.04509100494863],[-76.30025878899993,44.03118353394301],[-76.3076323779999,44.02689072894133],[-76.28827501099991,44.0114288959352],[-76.27662923199995,44.00662786993325],[-76.26529757999995,43.994107863928264],[-76.26672743099992,43.984981209924555],[-76.28374348999992,43.96744947091762],[-76.28117404499994,43.96119397791503],[-76.26339870899994,43.966678800917286],[-76.25434624599995,43.966164070917024],[-76.23590630399994,43.97807792992178],[-76.22100287499995,43.99470668692848],[-76.21567518399993,44.00746262793354],[-76.20069715699998,44.02308274493989],[-76.20186984599997,44.027553773941655],[-76.22985107399995,44.029502897942415],[-76.25463405999987,44.02027743393871],[-76.28312635599994,44.01322678793584],[-76.27840603299995,44.033157546943784],[-76.26384684199995,44.05220919595148],[-76.24338785799995,44.061178990955],[-76.22086100299998,44.06632038895707],[-76.20374945699993,44.0539345919522],[-76.18485866999998,44.05810281895386],[-76.16942626999995,44.06564947695672],[-76.16289387999991,44.061985332955324],[-76.14115288599999,44.06726778995747],[-76.15003662099996,44.046804397949266],[-76.16750244099994,44.032602330943654],[-76.15214029899992,44.030429139942704],[-76.13927571599999,44.03831895094588],[-76.12069173199995,44.03872727594601],[-76.12401421399996,44.02451788494034],[-76.15176052499994,44.00726921393353],[-76.17050889799995,44.004902812932514],[-76.19596571199995,43.99451842792839],[-76.20567328599995,43.986107443925015],[-76.20734456399998,43.97620177692099],[-76.19912190799992,43.9682847039179],[-76.18054524699993,43.97332993691991],[-76.16851291199998,43.958386292913936],[-76.14754448799992,43.96467460991642],[-76.13481363899992,43.96538811091664],[-76.1197797309999,43.97187045091931],[-76.08458604599996,43.99531425792868],[-76.06400526299997,43.99587862992889],[-76.04935167099991,44.00588073193289],[-76.02351670999992,44.00618590793312],[-76.02662461999992,44.00093769793094],[-76.05102186399994,44.0041804279322],[-76.06208062099994,43.99448119592831],[-76.06008327899995,43.974541688920354],[-76.08606797999991,43.97530801892071],[-76.09455729199993,43.97118075391908],[-76.10758870399994,43.95645168191318],[-76.12508707699998,43.95060295491075],[-76.13930284299992,43.94035786390673],[-76.12977864599995,43.931747634903154],[-76.12486382399999,43.91231085389546],[-76.12852349199994,43.89638250888893],[-76.14648952899992,43.88869431688592],[-76.16034071199991,43.88597852388486],[-76.18492512999993,43.874694547880274],[-76.2029139539999,43.8635830298758],[-76.23682562899997,43.86450262587627],[-76.22236382399996,43.879843405882376],[-76.22998616499997,43.88670524888506],[-76.27504964199994,43.875618619880754],[-76.29540825699993,43.859508458874124],[-76.29283854199998,43.83644178086492],[-76.279627007,43.8400465168663],[-76.26486382399996,43.836458056864885],[-76.27041395399992,43.82427937285987],[-76.25131293399994,43.8260446458606],[-76.23398627399993,43.819821229858064],[-76.23718343099992,43.81043592185439],[-76.22962917799998,43.80431992785177],[-76.22249457499998,43.785333517844194],[-76.21041395399995,43.74283066982692],[-76.20180826799997,43.6967141328082],[-76.19961018899991,43.67609822079978],[-76.18590494799997,43.68124063580185],[-76.17406900999995,43.663964566794874],[-76.16276204399998,43.65567341579149],[-76.17028266099993,43.64028835178515],[-76.19457329599997,43.636090082783454],[-76.19985839799995,43.59338079976595],[-76.2111056859999,43.55726684075115],[-76.22595350499995,43.535448128742246],[-76.23458062099992,43.52949191073974],[-76.27674289299995,43.520880799736226],[-76.2925157339999,43.51346367173323],[-76.32007622599997,43.51499104273384],[-76.32982042099997,43.51171955873243],[-76.34590413399997,43.51364284373326],[-76.36379313199993,43.52401854973758],[-76.38999104799996,43.52568494473822],[-76.41543267099998,43.52253403873686],[-76.42360677099998,43.51482516273376],[-76.43367295999994,43.513130691733124],[-76.45960693399992,43.49891397572725],[-76.46998046899995,43.49573078872595],[-76.48654866499996,43.47569742271765],[-76.50769748299993,43.468725173714724],[-76.5140413409999,43.46392523371284],[-76.53794406499998,43.459493131710914],[-76.56504665799994,43.448498665706445],[-76.56819851299994,43.444217930704696],[-76.59530029299995,43.43071220669904],[-76.60170925599992,43.42368312769625],[-76.63200547999995,43.41317504369189],[-76.65031819699986,43.389377435681986],[-76.67259006099994,43.3633151526712],[-76.69350585899997,43.34660481266434],[-76.70028428799995,43.34461628666343],[-76.69989339199992,43.331264914657964],[-76.71236490899997,43.330673958657606],[-76.71462348099995,43.339275846661295],[-76.73207655199994,43.33180310865818],[-76.73582438199998,43.33891723066107],[-76.77094997799993,43.317269145652084],[-76.79900824699996,43.3083802576484],[-76.82570882199997,43.30489365764694],[-76.84024848099993,43.30602457164748],[-76.86670735699991,43.2949831756429],[-76.87968939899994,43.2924150876418],[-76.89674777599997,43.29634710864337],[-76.91946994399993,43.28505533363868],[-76.92454264299994,43.28560302163895],[-76.94291395399992,43.27449191063425],[-76.94216823999994,43.24786823962317],[-76.93461371499993,43.23674207361861],[-76.94112114799995,43.230775954616114],[-76.95039198099994,43.24254746662103],[-76.96086073099997,43.23719251261879],[-76.96651068799999,43.246707351622696],[-76.97433729399995,43.24785359162329],[-76.99986138199995,43.271434998632955],[-77.03819444399994,43.270736214632784],[-77.04779351099992,43.27720471963555],[-77.07847140799991,43.28171304763731],[-77.10906602599991,43.28952663264047],[-77.11560302699992,43.28668185263935],[-77.13781114399993,43.28668632863936],[-77.15092773399994,43.28951917364066],[-77.16896511499993,43.28315374863798],[-77.1897390409999,43.28567287363901],[-77.2006290689999,43.28251599963762],[-77.21385606599992,43.28474730863862],[-77.26705973299994,43.276903884635246],[-77.34374186199993,43.28089178563693],[-77.38703558999995,43.275538867634836],[-77.39300320099989,43.27654187863516],[-77.41401421399996,43.27004326163244],[-77.42709065799991,43.27089219263279],[-77.44235839799995,43.26338079962971],[-77.46908691399994,43.257582595627326],[-77.48259358699991,43.252566861625155],[-77.50123914899993,43.25089178562444],[-77.52299397799999,43.238626025619396],[-77.53847873299996,43.236152880618356],[-77.55593261699993,43.23719848061876],[-77.57676812099999,43.2436307726215],[-77.63869032099994,43.275873746634886],[-77.65484754799992,43.28059189963688],[-77.67288221599995,43.29282049664187],[-77.69871717699992,43.30725517564797],[-77.71736382399993,43.30623209064749],[-77.72180826799993,43.31419785665085],[-77.71208604599995,43.321336935653804],[-77.7313909229999,43.33160711765799],[-77.76068766299991,43.342281081662485],[-77.79913669199993,43.340927050661904],[-77.82305555599997,43.34351494166307],[-77.84409600199993,43.34875338566519],[-77.87819417299988,43.350601665665934],[-77.90452921499994,43.35757106666883],[-77.925916612,43.35750311466885],[-77.96252671999997,43.368500699673326],[-77.976309814,43.36952961667379],[-78.00014160199994,43.36560302167219],[-78.00658433699994,43.36933498267376],[-78.03018147799995,43.367605653672946],[-78.03891506599993,43.372389046674996],[-78.06157158699995,43.3696949546739],[-78.07374728699993,43.373108447675286],[-78.10157226599995,43.376458056676604],[-78.15757636199996,43.3758807996764],[-78.18643296999994,43.37110364567448],[-78.21171739399995,43.37256821867508],[-78.23432495099992,43.36955375967374],[-78.27001885299991,43.37371907067555],[-78.29723849799991,43.37218708767484],[-78.35986206099992,43.37421318367571],[-78.36640421499997,43.37643377867659],[-78.41484551299999,43.37597018267645],[-78.43901055199991,43.37329535067541],[-78.45723904099992,43.37359971267542],[-78.47368991399998,43.37090779067438],[-78.48695502399995,43.375459792676295],[-78.50958604599997,43.37255289167504],[-78.53361368799992,43.37204006067483],[-78.56266872799995,43.36853704967334],[-78.59295437299994,43.36250840367087],[-78.63647745799993,43.358413622669154],[-78.66031100799992,43.35090846866607],[-78.69637044299996,43.341889100662314],[-78.73621378599995,43.33796182766079],[-78.77903510199992,43.32767007965642],[-78.80764160199995,43.3239417806549],[-78.81972222199995,43.318887798652774],[-78.83502848299995,43.317839892652366],[-78.84657294399994,43.31223645865006],[-78.864094374,43.3100459746491],[-78.90208055299996,43.30004746664491],[-78.91565700999992,43.29784708164406],[-78.9586947289999,43.284454068638375],[-78.99075588699993,43.277480598635535],[-79.00641025099995,43.27647351863513],[-79.06425476099997,43.263473979629744],[-79.09283386199994,43.26135741662887],[-79.11552273199999,43.25590860462658],[-79.12718180299994,43.258606900627676],[-79.13958611399994,43.25560844762642],[-79.15624721999994,43.24615857762249],[-79.1937131079999,43.22867132661518],[-79.20926934099998,43.22587008461399],[-79.2123148599999,43.24310844762121],[-79.21956773499994,43.242343608620864],[-79.22010599799994,43.22607719761405],[-79.24117363799994,43.21289048360861],[-79.28130004899998,43.19949231760302],[-79.31706929499992,43.18227864059571],[-79.34949422199995,43.18050834959505],[-79.36905870199992,43.18271226159598],[-79.39735833099992,43.195330669601255],[-79.41071255199995,43.19811387260247],[-79.45310980899995,43.19812947060247],[-79.46629191099997,43.194646668601],[-79.48881486699997,43.19407388760073],[-79.49919806599996,43.19642835260172],[-79.53019266799996,43.19551106260136],[-79.55930287699991,43.206719693606],[-79.58072764099992,43.20480156260525],[-79.59847500299995,43.21143635560793],[-79.62815365299998,43.228380799615046],[-79.65204254199992,43.22283066961277],[-79.665511,43.225853130614084],[-79.68220859099995,43.23391044961735],[-79.70716823999999,43.23552354061796],[-79.73343003999997,43.24576469762232],[-79.74235351599995,43.245005826622034],[-79.75965699899996,43.2537525716256],[-79.78653055799998,43.2853252446388],[-79.79213877399997,43.27902790763616],[-79.82730833299993,43.28376098063822],[-79.83178375199994,43.272847352633555],[-79.86261926399995,43.27478284463441],[-79.87787042399991,43.27060844763269],[-79.88904734299994,43.27923027363632],[-79.86840339699994,43.28618190663919],[-79.85517361099991,43.296265456643376],[-79.83236389199999,43.30671955864762],[-79.80064013999996,43.31708102265203],[-79.79281146599997,43.32495699865528],[-79.76518344499993,43.33915798066119],[-79.75347500299989,43.35144178066629],[-79.71721394899998,43.375915928676385],[-79.70976206499995,43.39185953268307],[-79.69098792199995,43.40469739568839],[-79.6905942449999,43.4131930826919],[-79.67750695099991,43.431237651699355],[-79.66542941599994,43.44111069870334],[-79.64164167599994,43.46830158971462],[-79.62612830299993,43.47828422871867],[-79.61308919299995,43.493608935724986],[-79.60374721999992,43.50004746672763],[-79.60238779699992,43.52245659173687],[-79.59812221999988,43.53586235374241],[-79.58153096499993,43.545865608746475],[-79.58003719799991,43.55351765474964],[-79.5660083349999,43.563217632753606],[-79.54705118799994,43.57194742275719],[-79.53555104599997,43.587771397763674],[-79.51040988499994,43.59068996376492],[-79.50071387399997,43.595028341766685],[-79.4861639069999,43.60980956477272],[-79.47631581599993,43.627793370780026],[-79.45680826799997,43.63746350978397],[-79.43321272099993,43.63060247978121],[-79.41099622899998,43.62724174777989],[-79.39179382299994,43.63672511978376],[-79.38054205999998,43.637435161784],[-79.35907524999999,43.64607448478752],[-79.34578185999996,43.63425984178271],[-79.32920925599991,43.64702378478787],[-79.32153367799995,43.645755745787504],[-79.31431098099992,43.66147582479386],[-79.27902445499993,43.67094875279768],[-79.25525098999992,43.69511379180751],[-79.22653476299996,43.712199565814466],[-79.22504909899999,43.716821419816306],[-79.20736389199996,43.73421955882345],[-79.18867540099995,43.74646334682839],[-79.16779188399991,43.75632513583234],[-79.15234903999996,43.75896700883349],[-79.1271910939999,43.78157456584268],[-79.11752610899995,43.79390231184759],[-79.09166666699991,43.81213351285503],[-79.08061340299993,43.81334838385548],[-79.06011359299995,43.805892599852534],[-79.04374328599994,43.815896126856565],[-79.02416666699996,43.81573716385643],[-78.99638915999992,43.82667466386088],[-78.97978244399995,43.8276706218613],[-78.96526570599994,43.839535177866075],[-78.94390767399995,43.84535793186842],[-78.92991461899996,43.85335665687171],[-78.90189595499999,43.845134136868325],[-78.89398220499996,43.852016053871125],[-78.87419603099991,43.850657139870535],[-78.83084906699995,43.85817341587357],[-78.82319742799992,43.865614143876634],[-78.81129557299994,43.86952676887819],[-78.75168402799991,43.86756116587738],[-78.73209662499991,43.869247770878054],[-78.71290920699988,43.86698594287708],[-78.69705647799996,43.87494072288041],[-78.68374728699992,43.87805975488167],[-78.67142388199994,43.88686353388515],[-78.65012234199997,43.89204250288723],[-78.61020846899997,43.89867973688997],[-78.58174302799996,43.89477518188832],[-78.53990885399995,43.89589103988881],[-78.50022393099994,43.90029852489058],[-78.48249050599996,43.895959467888844],[-78.46753322999993,43.899519647890294],[-78.44463514499995,43.90976188989438],[-78.41501627599996,43.91291265989567],[-78.39624172599994,43.91936997689821],[-78.37759033199994,43.92895853190205],[-78.33982733799996,43.93291700090361],[-78.3319420029999,43.93762721890552],[-78.29182956299995,43.94084146590689],[-78.28793985999991,43.945876391908946],[-78.25396525099994,43.95338073191191],[-78.21486111099993,43.95032449891071],[-78.203197157,43.95477518191245],[-78.16927869999995,43.953383919911865],[-78.1311162649999,43.95785074391381],[-78.11729858399997,43.95671962691327],[-78.09859524199999,43.965653816916806],[-78.08562093099991,43.967547398917596],[-78.07039211699995,43.96477572491652],[-78.06266058999994,43.968523825917956],[-78.03150471999996,43.968051209917824],[-78.00775797499993,43.96272277291575],[-77.9770171439999,43.9773305889215],[-77.96495903899994,43.97720919592155],[-77.93348022499998,43.97004183791854],[-77.89759806299998,43.98088073192295],[-77.88054443399992,43.97782205692161],[-77.86985839799996,43.9822696209235],[-77.86105278899996,43.99109462692701],[-77.81802056199996,44.00370028493208],[-77.79680826799995,44.00281947993166],[-77.78821845199997,44.00807501393387],[-77.74969618099993,44.01060295493475],[-77.73432332399993,43.99956074493042],[-77.73005778,43.99008537592663],[-77.70320258199993,43.98863592692607],[-77.67541937899992,43.998119433929816],[-77.68682454399992,44.00393628793214],[-77.6971131729999,44.0042140659322],[-77.72379692899992,43.993387310928],[-77.73819715699995,44.01369241893606],[-77.71928656699997,44.01866407093803],[-77.70288682699999,44.03143628794319],[-77.6829193789999,44.01199184293536],[-77.67070285399993,44.01783629893773],[-77.65009819899993,44.0219918429394],[-77.63569715699994,44.020319479938635],[-77.60344075499992,44.03757506794555],[-77.59055691199991,44.02487175294052],[-77.57232042099996,44.01588073193697],[-77.53537407799995,44.00920748693426],[-77.52152506499993,44.00338629293192],[-77.5264732529999,43.995310731928726],[-77.55769422699996,43.98642326692509],[-77.57125271299996,43.98474249392449],[-77.57239637599996,43.978196337921894],[-77.56345350499998,43.971147523919015],[-77.54459662499994,43.96951422291835],[-77.53194227399992,43.963542949915926],[-77.52041178399995,43.94931395991025],[-77.51205349399996,43.94894184891012],[-77.50009168799994,43.95813211591386],[-77.49431938999996,43.95391906191217],[-77.50067030199992,43.939186124906215],[-77.47927490199994,43.93976894290643],[-77.48764160199994,43.925608515900755],[-77.46053765199997,43.929769620902405],[-77.44927571599999,43.926997403901325],[-77.39969048399993,43.935652935904805],[-77.36347493499991,43.947275181909426],[-77.33681423599991,43.95159674291122],[-77.31888454899996,43.95815666491376],[-77.29604519299988,43.959473057914416],[-77.26511989999992,43.94894184891012],[-77.25132920999991,43.95915784491425],[-77.24264160199988,43.956676019913225],[-77.24602701799991,43.94472520090847],[-77.25988009999995,43.93116407090304],[-77.27238009999996,43.91081345789481],[-77.30373914899997,43.924817838900445],[-77.27888617599993,43.8982305178897],[-77.25757215699994,43.897832093889534],[-77.2433770069999,43.904491842892334],[-77.22589192699995,43.89730278388938],[-77.21403048999998,43.883364523883756],[-77.24239176399993,43.86057603087457],[-77.24205349399996,43.85671955887303],[-77.20705403599996,43.8562532498729],[-77.18447916699995,43.869180360878126],[-77.1690519209999,43.86525946187644],[-77.15959825299994,43.854186328872096],[-77.15736951999996,43.84004190586642],[-77.13855441599995,43.8456499518685],[-77.12959147099997,43.845319683868475],[-77.10794786199995,43.86087998587474],[-77.08800292999997,43.86399169387595],[-77.04793538399994,43.88893669488602],[-77.02737982899997,43.88725863488533],[-77.0087472869999,43.890325176886584],[-76.99194959899995,43.899528735890286],[-76.97619194899991,43.899844422890354],[-76.96396592899995,43.90906771689411],[-76.9400933159999,43.913668885896016],[-76.93159016899992,43.92164441789918],[-76.90100938599994,43.921441848899114],[-76.88335476299994,43.9292512969022],[-76.87158881299992,43.9282219729018],[-76.85955783399999,43.93340548490386],[-76.85847493499992,43.94139315590713],[-76.8647862409999,43.948295146909906],[-76.90269124299994,43.940265022906594],[-76.92645833299993,43.93148165690309],[-76.94422878699999,43.93065971690272],[-76.95907958999996,43.94143628790707],[-76.98238525399991,43.932536479903575],[-77.00314236099996,43.93482197590449],[-77.00660129099997,43.94226962090743],[-77.01848008899998,43.939469463906335],[-77.02061876099995,43.9285224019019],[-77.03255533899994,43.913799907895914],[-77.04931125199994,43.921161290898915],[-77.03956380199996,43.93090941890289],[-77.04235568599991,43.9496189319104],[-77.02523057699992,43.95879197391408],[-77.00904351099992,43.97254950091965],[-77.00543565500001,43.985886292924874],[-77.01569715699995,43.99866407093012],[-76.99509168799992,43.99894856293021],[-76.96507948099993,44.01718091693744],[-76.93733127199994,44.01921962693826],[-76.89930284299994,44.0350473989445],[-76.90305121499995,44.040908401946965],[-76.90125325499992,44.05423515695223],[-76.89480794299999,44.062089499955526],[-76.86926323799997,44.076737529961235],[-76.85707872199995,44.08097147096298],[-76.84345269099998,44.09395242796802],[-76.84237603099994,44.10591409797277],[-76.8503442379999,44.11326347697569],[-76.87665039099994,44.09715372196938],[-76.89293972399997,44.09337639196786],[-76.90616427999997,44.081647401963224],[-76.93742757199986,44.06038458395473],[-76.95763617599992,44.05310295495182],[-76.97898979999994,44.0481361169498],[-76.99849121099994,44.03894184894609],[-77.02166124099995,44.03379461794407],[-77.06053303999992,44.04265665194769],[-77.08905761699998,44.04615850994906],[-77.11057020399991,44.042515388947635],[-77.12113172699993,44.033184402943824],[-77.12708062099992,44.01671406593733],[-77.13235866999996,44.01697604193737],[-77.13441379099999,44.03455640494444],[-77.12820773699994,44.03808613594582],[-77.10789957699994,44.067019647957395],[-77.09541395399995,44.0747696209604],[-77.08278266099997,44.09070684996686],[-77.07724907799997,44.10501172697243],[-77.07413140199998,44.127564284981474],[-77.05881673199991,44.164263639996],[-77.06569715699996,44.17303567999945],[-77.08601833799997,44.17088073199865],[-77.09541422499996,44.16588059699663],[-77.12460232199993,44.1614362879949],[-77.13819444399991,44.15115559399091],[-77.16881266299997,44.14921406599013],[-77.18181125199995,44.14352782698785],[-77.21216905399993,44.13949184298619],[-77.22876898899995,44.13366407098386],[-77.23864312099994,44.134534974984184],[-77.27161593999995,44.121587857979144],[-77.29154188399994,44.105608582972685],[-77.28736382399995,44.09199740396737],[-77.27118896499994,44.09587374696881],[-77.25333333299994,44.09324462396782]],[[-79.36375508599995,43.62144476477742],[-79.38740803999997,43.620846891777155],[-79.39491251599998,43.633378222782326],[-79.40485582099994,43.62797077978018],[-79.39410081699998,43.620858420777246],[-79.38931084499993,43.61171155577344],[-79.37152248799997,43.61615600077528],[-79.36375508599995,43.62144476477742]],[[-76.355,43.877966845881545],[-76.3348508029999,43.88865098188585],[-76.31893391899993,43.9017588248912],[-76.32710286499994,43.904206537892094],[-76.3447637259999,43.894468446888254],[-76.355,43.877966845881545]],[[-76.43750542499997,43.88866685188593],[-76.40098551399993,43.900863913890866],[-76.38857069199993,43.90928323889416],[-76.37967095299997,43.92081196589886],[-76.39396294499993,43.92176940389915],[-76.41356553799992,43.915682910896706],[-76.43194986999998,43.90450018489229],[-76.44596950999991,43.89008008688647],[-76.43750542499997,43.88866685188593]],[[-76.3065407989999,43.91773423389757],[-76.31447997999996,43.91284152089569],[-76.31370985199996,43.90435173389215],[-76.34263617599998,43.880902501882765],[-76.32640055299996,43.8809462428828],[-76.30932807099997,43.90216572589126],[-76.3065407989999,43.91773423389757]],[[-76.96572916699995,43.98516390792467],[-76.96237277599994,43.99532137892869],[-76.96922932899997,44.00221896193149],[-76.98747233099989,43.99323980892795],[-76.98321316199994,43.97676194392123],[-76.96572916699995,43.98516390792467]],[[-76.37096462699998,44.03288546594378],[-76.35057644299997,44.03745489694562],[-76.34132568399993,44.053797534952096],[-76.36917453299996,44.05263345895163],[-76.37850992799997,44.04637782994912],[-76.37906683999988,44.03450418594441],[-76.37096462699998,44.03288546594378]],[[-76.43457573799996,44.099785896970396],[-76.41803222699994,44.10980339397435],[-76.41554877399992,44.117351611977405],[-76.40236924899992,44.11753614097748],[-76.38792480499997,44.12393072697999],[-76.37710828999994,44.13365227098394],[-76.38306694899995,44.140466845986616],[-76.37520182299991,44.15044460199054],[-76.3576516379999,44.16234598299522],[-76.33598280199996,44.18188998300303],[-76.35371012399997,44.18002549400229],[-76.36789713499994,44.19725782100909],[-76.35795735699995,44.20282517701125],[-76.34293538399999,44.20006394601017],[-76.32352511899992,44.20836825401342],[-76.30875271299993,44.202830738011265],[-76.29458062099997,44.20615851001262],[-76.26655354799993,44.20726338201301],[-76.2452210829999,44.20611476801266],[-76.21042480499995,44.21476406001602],[-76.19795464399994,44.220026783018035],[-76.18015407999992,44.233729853023505],[-76.1875708009999,44.238401959025325],[-76.19706081799994,44.233390023023304],[-76.2127577039999,44.23299919502324],[-76.21713758699997,44.22842488102132],[-76.24147894999999,44.23507466102403],[-76.26481391099996,44.22979878202191],[-76.28991780599992,44.21533073801617],[-76.2951776799999,44.2195264300179],[-76.28322509799995,44.230290455022086],[-76.29633951799995,44.23265136202302],[-76.30208062099996,44.22226962101896],[-76.3126177299999,44.22222011501899],[-76.32483127199993,44.23365851002348],[-76.33680067299997,44.23439500102374],[-76.36448947499993,44.22740403402102],[-76.39181450699992,44.22368631501957],[-76.39687282999995,44.21441887201587],[-76.40929063599995,44.21227077401498],[-76.42304606099998,44.215602955016365],[-76.43948377799995,44.208444209013464],[-76.43206380199994,44.19532470200835],[-76.44261989999995,44.19421406600783],[-76.48067002999994,44.18173617400296],[-76.50902506499992,44.1614362879949],[-76.49898030599992,44.15677984799307],[-76.51124728699995,44.14076245998674],[-76.50489095099994,44.136164070984904],[-76.488202582,44.13479240798432],[-76.47098551399995,44.138363913985714],[-76.46168456999999,44.145880731988704],[-76.45181450699994,44.13951964798614],[-76.46750379799994,44.116652216977066],[-76.45569173199992,44.11616407097696],[-76.43431504999994,44.10951164597431],[-76.43457573799996,44.099785896970396]],[[-76.75246120899999,44.104609708972326],[-76.73549289299996,44.11476711197637],[-76.71816162099992,44.11088588597486],[-76.70715196399993,44.117107538977336],[-76.69378255199992,44.111588671975085],[-76.68374457499989,44.12726711198138],[-76.68125542499996,44.13838880298576],[-76.66427761499989,44.148005772989634],[-76.65602511899993,44.157803813993404],[-76.62765190999993,44.17196959899898],[-76.61903483099996,44.17945752800201],[-76.62950710699997,44.186444358004834],[-76.64682210299995,44.19127685000674],[-76.67130805099998,44.180174488002365],[-76.68472032299992,44.17947210900209],[-76.69452826599992,44.172576627999305],[-76.72071289099995,44.17111361499873],[-76.77846489799998,44.146550287988994],[-76.78810790999995,44.14615600098887],[-76.80461127399995,44.13959458598616],[-76.81236653599996,44.127822667981555],[-76.80152506499992,44.116956171977286],[-76.78768663199993,44.12142068997895],[-76.76555040099998,44.103184673971775],[-76.75246120899999,44.104609708972326]],[[-76.51199218699995,44.1827049370033],[-76.52616075299994,44.182217945003174],[-76.52681966099988,44.17261338499929],[-76.54009250199994,44.161622648994964],[-76.55583414699994,44.152746373991405],[-76.55111111099994,44.14880017898988],[-76.52047336199992,44.163524842995656],[-76.5000301109999,44.179262080002005],[-76.51199218699995,44.1827049370033]],[[-76.28964897999995,44.19002902100626],[-76.31042507599996,44.18061394100244],[-76.31068739099993,44.16901637999789],[-76.2804150389999,44.17282443099943],[-76.26735839799994,44.17671406600097],[-76.28964897999995,44.19002902100626]],[[-76.30631890199999,44.246419808028534],[-76.29089029899995,44.2503525070301],[-76.27597764799994,44.26282266803489],[-76.25219021299993,44.26356092203527],[-76.22767442499998,44.27727769104068],[-76.21751274999994,44.27922315304144],[-76.20542209199994,44.289736866045544],[-76.19871446399995,44.30005546904961],[-76.20619411899997,44.30504489005161],[-76.22258056599995,44.30089131204996],[-76.25208875899993,44.2986560010491],[-76.26264756899991,44.3023216370505],[-76.29716118699996,44.29057677704588],[-76.30950710699993,44.27989392904169],[-76.32727973099995,44.273287009039095],[-76.34374457499995,44.25087822303027],[-76.32684109199991,44.250322668030016],[-76.30631890199999,44.246419808028534]],[[-76.05665011899995,44.322438214058415],[-76.02629448799993,44.32344210705892],[-76.03049262199994,44.30897107805321],[-76.04214870899993,44.296373761048194],[-76.02877983899998,44.29615851004816],[-76.0294911019999,44.284364212043556],[-76.01635118299995,44.28502108604364],[-75.97699110199994,44.30674092105219],[-75.95632812499997,44.316547575056106],[-75.94515841999998,44.32782470206052],[-75.93431613499993,44.3307762270617],[-75.92491617799999,44.35968132407309],[-75.94608045799995,44.35133822506973],[-75.95346028599994,44.34479064406719],[-75.98388780399992,44.326290210059916],[-75.98819173199989,44.32115851005786],[-76.00536702499993,44.324841032059425],[-75.98290852899996,44.33530795106348],[-75.97476643899994,44.34215399306614],[-75.98176486499995,44.34699184306807],[-75.99662217899996,44.347050437068084],[-76.00375271299998,44.345330738067396],[-76.02142767999996,44.33370015006281],[-76.035413954,44.332825041062435],[-76.05665011899995,44.322438214058415]],[[-75.98371744799991,44.34742227706818],[-75.97432264499994,44.34670152006795],[-75.96981770799994,44.34400898806683],[-75.94936143699994,44.34949991406898],[-75.95122531499996,44.36414360407478],[-75.96364827499998,44.36389336007471],[-75.99680012999991,44.35026258206937],[-75.98371744799991,44.34742227706818]],[[-76.0826413299999,44.27588059704008],[-76.06763319199993,44.296861160048394],[-76.08244004999992,44.301545744050266],[-76.10822238499995,44.29671616804826],[-76.12431369399994,44.28920280804535],[-76.14615885399994,44.285783076043955],[-76.15819688599996,44.26529838903595],[-76.15680826799993,44.25726962103276],[-76.14569715699992,44.25082166403018],[-76.1223909509999,44.2508862930303],[-76.0826413299999,44.27588059704008]],[[-75.89228352899994,44.39618624708729],[-75.86847683399996,44.40303147609002],[-75.85831136099995,44.41552469409484],[-75.84375379799991,44.4222146900975],[-75.84716417099992,44.435042381102555],[-75.86135172499993,44.42202595509743],[-75.87192626999997,44.416703011095365],[-75.89228352899994,44.39618624708729]],[[-84.75365668499992,45.83889454162674],[-84.73967556499996,45.847222381629784],[-84.72430284399991,45.846046370629296],[-84.70546413899996,45.84851327563025],[-84.70562201699994,45.85924189963402],[-84.71901611399994,45.86715761663682],[-84.72546441099993,45.8919776306457],[-84.73402506599997,45.89822444364796],[-84.7333211269999,45.91512039965388],[-84.71517632499993,45.91661813365441],[-84.71790825799992,45.92685698465799],[-84.73264729899994,45.93214717365998],[-84.7384068479999,45.94562814366465],[-84.72697808199992,45.9643131756713],[-84.71251356399995,45.96672948967221],[-84.70905761799995,45.973251570674485],[-84.68712402399993,45.97075713167361],[-84.68379014799996,45.976653534675656],[-84.693476563,45.98575397767897],[-84.68456895699995,45.999074324683555],[-84.69197265699995,46.02634815569322],[-84.67324164599992,46.04706948870046],[-84.65573513499999,46.05269601470248],[-84.63467176699996,46.03968423469789],[-84.61740966899993,46.035784529696556],[-84.613622234,46.02924946169417],[-84.59279839499996,46.02573526069297],[-84.56329562799989,46.03300570069556],[-84.54387993799998,46.02256970569181],[-84.53449788499996,46.00834183468692],[-84.53045979899993,45.99198064868109],[-84.53485758499993,45.97911894767652],[-84.53057400299998,45.96849774567279],[-84.51654676699994,45.96936824267309],[-84.51247775699993,45.98100717267722],[-84.51680284399994,45.990811011680684],[-84.5070589199999,45.99803560768322],[-84.48385660899999,45.99417133668182],[-84.48098253099992,45.97704978867578],[-84.46553304099993,45.96947193467318],[-84.46485541499995,45.99367647668169],[-84.47068956199996,46.00009530668398],[-84.46457221199994,46.00824041468679],[-84.45415771599991,46.00381539968529],[-84.44293050199997,46.00880712568696],[-84.41474148299994,45.997257138683],[-84.40903591699995,46.00507252068568],[-84.39359293699994,45.99738551568301],[-84.38633978999995,45.98933589368017],[-84.365116646,45.98022951667696],[-84.35618462499994,45.98561129167887],[-84.36211344499993,45.995420827682345],[-84.33056505099994,45.99670453268278],[-84.31435791099993,45.991893504681094],[-84.29712402399997,45.997140459682946],[-84.27575982099992,45.98395296667827],[-84.24931396599995,45.98324600967797],[-84.21625217099995,45.98604057167901],[-84.21042209299993,45.980484982677055],[-84.17959255699998,45.97523487367514],[-84.17305555599994,45.97005990667338],[-84.16181315199994,45.97598126567542],[-84.12043375699989,45.98368817567816],[-84.10180284399996,45.97797935367615],[-84.08690755299995,45.96861005067286],[-84.01706678699996,45.95907886766944],[-83.99964409799998,45.949582814666094],[-83.99845730299991,45.9585737686693],[-83.9784261079999,45.969084903673036],[-83.95156873999996,45.96497995067156],[-83.93265299599994,45.973807193674595],[-83.91912679099991,45.966348222672],[-83.91014160199995,45.969073442672965],[-83.89984971899997,45.982555769677724],[-83.89957383999993,45.99880271768346],[-83.90821533299999,46.01162674668807],[-83.92960232299998,46.01714602068997],[-83.93932508799996,46.024901587692696],[-83.95881944499992,46.029888431694474],[-83.96756808899988,46.01806083569019],[-83.97924994699993,46.020175127690976],[-83.98403971399992,46.02993590369438],[-84.00097520699993,46.04214052769871],[-84.01091796999994,46.04376850469929],[-84.02765842099993,46.05354640470276],[-84.03519151599993,46.065415402706904],[-84.05321641799995,46.081603417712664],[-84.07072509799995,46.09217138371635],[-84.07124376199994,46.0986938037186],[-84.06097032399994,46.11129841172299],[-84.02991319499995,46.13430534273104],[-84.05181125299995,46.14110825373338],[-84.05976345599997,46.14625941673532],[-84.06998182599995,46.14325726673418],[-84.07907959099995,46.149918237736514],[-84.08962402399996,46.146034909735214],[-84.10044352299997,46.151243445736995],[-84.12073920399997,46.17910660574673],[-84.1441878259999,46.17220566574423],[-84.14755398299992,46.18151983374758],[-84.16316460599994,46.17267834874441],[-84.16928819499996,46.18118373374747],[-84.18194688699998,46.18037878174709],[-84.19710205199988,46.16657273074228],[-84.22373643699993,46.163240448741135],[-84.24961398699995,46.174646698745164],[-84.24302788699994,46.18750124474965],[-84.27324164599993,46.19857407375347],[-84.26706407399995,46.204929121755804],[-84.25096381399999,46.20353941875525],[-84.25125379899997,46.214875749759095],[-84.23403455999994,46.21759066176008],[-84.21149793899997,46.23075713176465],[-84.2106296119999,46.246056305769905],[-84.18929172199995,46.24241789776866],[-84.1812527129999,46.250023081771396],[-84.19575602299992,46.26912350877802],[-84.22263617699997,46.29217314678595],[-84.22061984699995,46.302698795789524],[-84.22216932599993,46.325469401797406],[-84.21957492499995,46.334925222800635],[-84.22291937999995,46.352418237806745],[-84.24490478599995,46.37969423781602],[-84.25333414799994,46.393353702820725],[-84.25938340999991,46.43002309083337],[-84.28248046999991,46.45885970084325],[-84.30005099899991,46.470101571847025],[-84.30429334899995,46.478044932849755],[-84.29728949699994,46.498562684856715],[-84.28444851399995,46.49529406985558],[-84.25900851899998,46.501324016857644],[-84.23577094299993,46.530900184867775],[-84.20843560199994,46.546351676872916],[-84.18461344499993,46.54986800487423],[-84.16791937999993,46.54433556087228],[-84.1764455849999,46.53080269386767],[-84.16283610099995,46.528542273866954],[-84.13722357899994,46.53329379786859],[-84.11338704499994,46.52762067286665],[-84.10785346199991,46.522872951865],[-84.11374728799994,46.514324665862084],[-84.09839762399997,46.50723525485964],[-84.07847493599992,46.49379567785511],[-84.08002848399998,46.51097108486095],[-84.05994194999991,46.50652457285941],[-84.05319715799996,46.49350100485498],[-84.07324164599991,46.494078215855225],[-84.09796902199994,46.45669362284247],[-84.09768093599999,46.442265623837436],[-84.10543348599997,46.41340234482765],[-84.11470296299993,46.399176795822804],[-84.12522243999993,46.40181824482368],[-84.12930284399991,46.39014710181961],[-84.12261962999995,46.387117469818534],[-84.12332248299997,46.374336995814126],[-84.13306179599994,46.36776929081195],[-84.12700222499996,46.35762640080847],[-84.10399386999991,46.35575787780779],[-84.09395100999993,46.346757124804725],[-84.08188639399997,46.343367672803566],[-84.07787055199996,46.335479353800835],[-84.06446533299996,46.33125814579944],[-84.06010715099994,46.319893246795516],[-84.04462212499996,46.31360281079344],[-84.03877332999994,46.3182633367949],[-84.01649793899998,46.31492379779378],[-84.00713514599994,46.3204104177957],[-83.96838785899993,46.323244127796656],[-83.95454589899997,46.32781040479822],[-83.94135525299997,46.325261542797264],[-83.93222412199994,46.335188368800736],[-83.91493191299998,46.32881268679846],[-83.90062906999998,46.33380573580031],[-83.87992214699992,46.32646915779776],[-83.88195176899991,46.31783768479478],[-83.87259168899995,46.30079604178888],[-83.85441840399992,46.293534909786416],[-83.83114067999996,46.298353821788005],[-83.81566297799998,46.289618367785074],[-83.79493001399999,46.288721252784775],[-83.78705864899993,46.299362681788416],[-83.76466905499996,46.29252060678606],[-83.75347493599999,46.29603490978731],[-83.74870686899999,46.283290327782886],[-83.72433458199995,46.288529348784635],[-83.71624728799992,46.277389889780814],[-83.69974690799992,46.272714121779224],[-83.67411214299992,46.27105025277867],[-83.63935736799992,46.27263263977915],[-83.62480007699993,46.27498384977997],[-83.61775824699995,46.28423435578313],[-83.60368001399995,46.27716804378075],[-83.58643039399998,46.274337538779776],[-83.56513536299994,46.24964184977126],[-83.54775173699991,46.25741823777394],[-83.50039659399995,46.24601836176997],[-83.47615939799994,46.245560462769824],[-83.46087131199991,46.24016966776796],[-83.44981065599993,46.24356227376912],[-83.43047309099994,46.23770157576719],[-83.41646809999995,46.23991128576783],[-83.39180664099995,46.234361359765934],[-83.37835937599989,46.23377748976564],[-83.3626540809999,46.22519754076275],[-83.33816948899995,46.219646020760734],[-83.29577419799995,46.2155167887594],[-83.2805436209999,46.211034909757906],[-83.25173177199994,46.2112808467578],[-83.246203343,46.20554781475592],[-83.21428548299995,46.203257606755116],[-83.20410590399993,46.19631268675269],[-83.19585557799996,46.20130712575437],[-83.16154622499994,46.197712595753146],[-83.15402506599995,46.18498368074874],[-83.12344184099997,46.18686892074936],[-83.10768934499997,46.196253652752695],[-83.09376356399996,46.195790904752435],[-83.08053710999997,46.187115197749485],[-83.06398166299994,46.18517936574878],[-83.05518554799994,46.167160566742545],[-83.03232476199997,46.16966619574342],[-83.01474717999997,46.174561384745154],[-83.01016981399994,46.16881794274312],[-82.96655110799998,46.172492123744355],[-82.95578667599996,46.183559289748324],[-82.9441460509999,46.18024307974713],[-82.91655110799992,46.183900679748305],[-82.90195366799998,46.17687563474592],[-82.88379720099992,46.174823429745246],[-82.87279079899997,46.1816446507476],[-82.85865722699997,46.1834968297482],[-82.84151746999994,46.18070226774728],[-82.83501681899996,46.17544222374543],[-82.81497721399997,46.18345122374816],[-82.80413085999993,46.18187180274765],[-82.79870496999997,46.19011887375058],[-82.75573893299998,46.18943060075029],[-82.72685546999995,46.19188197575113],[-82.69600748799994,46.19930435875381],[-82.62766276099994,46.209472409757254],[-82.61694498799991,46.20337102975508],[-82.63414171099996,46.19887321375352],[-82.64238064299995,46.20185654475465],[-82.67541395499993,46.19224784775125],[-82.68761393299994,46.17602412674565],[-82.68666124199994,46.157948327739255],[-82.63970106399995,46.158647858739606],[-82.61604003999993,46.16871733674306],[-82.60380588199996,46.16474788174163],[-82.59485839899997,46.169013695743175],[-82.5499907779999,46.16644394674229],[-82.54109266599991,46.17123547774392],[-82.52589898099993,46.16881268674305],[-82.50900173699992,46.18024077374709],[-82.47424207999995,46.19131268675094],[-82.46482042199995,46.20075157075419],[-82.44705295199998,46.19767068575313],[-82.45858398499993,46.189631134750364],[-82.45457139799997,46.17320501474464],[-82.43977484899986,46.183861989748365],[-82.40955186699993,46.189084225750214],[-82.37819715799995,46.18186824274771],[-82.34978135899996,46.183748735748274],[-82.32837239699992,46.18745014474951],[-82.31854709299992,46.169607873743374],[-82.33627983999992,46.166034909742216],[-82.35503309499992,46.16612218974219],[-82.34743326899992,46.15461000973816],[-82.31329210099992,46.13911572673273],[-82.28283745699997,46.13665180473193],[-82.27943630699997,46.143729950734254],[-82.26535753099995,46.14856210373613],[-82.24474283899993,46.140154510733076],[-82.22458658899995,46.14212381073387],[-82.20785210599996,46.13879756373264],[-82.19178765299995,46.13129878473009],[-82.19635145499994,46.12414729572747],[-82.18560818199995,46.11625782372474],[-82.16646538699996,46.10994421072255],[-82.15896755699998,46.11661267472483],[-82.1448312729999,46.11241823772345],[-82.13352322099995,46.11435800272409],[-82.09702094299995,46.1072175667216],[-82.06732964499994,46.11019533672261],[-82.05620551299995,46.09989639971902],[-82.03750000099991,46.103305620720306],[-82.01282226599989,46.09544324171747],[-81.97177571699997,46.090757131715804],[-81.95389973999991,46.094071475716966],[-81.91408691499996,46.09462459071711],[-81.87202094299992,46.10102934871939],[-81.84792968799997,46.10298481272011],[-81.81192328599994,46.10148192371953],[-81.79119845999993,46.09825713171835],[-81.77200629399988,46.10533168272091],[-81.75178656799994,46.10492379772073],[-81.73124728799993,46.10855335572197],[-81.71320258299994,46.10046256871923],[-81.73176703599992,46.092253984716336],[-81.74013617699995,46.083125058713144],[-81.75855034799994,46.082759898713064],[-81.76693739199996,46.07473947171018],[-81.79322645499994,46.06128054170551],[-81.77960774799996,46.04801546670082],[-81.77738281299993,46.03660711369677],[-81.77080132499992,46.03150877969502],[-81.77786132899996,46.00479881168565],[-81.76366807799997,46.00173148968451],[-81.74431477899996,46.02071162669123],[-81.74817654199995,46.03077123769477],[-81.73583279199994,46.03642739969677],[-81.73131401999996,46.04985526970143],[-81.7570806209999,46.065902835707085],[-81.73847493599997,46.0682684567079],[-81.73679524799994,46.062106618705776],[-81.68454861199996,46.06341962070625],[-81.66246799099997,46.06635025770731],[-81.65484700599995,46.06108631470534],[-81.64104275299998,46.06975133970843],[-81.65857096399998,46.07295873770958],[-81.65461317399996,46.07936824271184],[-81.66674641999998,46.09098747171586],[-81.66680284399996,46.10464602072074],[-81.66181423699994,46.11436244472408],[-81.64254394599999,46.1130129227236],[-81.61485839899993,46.11409046472406],[-81.60098578599997,46.10187936471973],[-81.61965440599992,46.09795941571841],[-81.63041395499994,46.091034909715816],[-81.61263617699996,46.07400949170987],[-81.59473198899997,46.06825713170793],[-81.56835123799989,46.070201575708595],[-81.56596245699994,46.06018099370514],[-81.54817382899995,46.04885670070106],[-81.59904242699993,46.036613488696794],[-81.63511990099991,46.0252015756928],[-81.64458062099996,46.02966300869439],[-81.6631537549999,46.03075157069478],[-81.6701025399999,46.02604138569308],[-81.71333875899997,46.014926781689155],[-81.71854926299994,46.00800661568674],[-81.69846950999991,46.00714045968636],[-81.652267796,46.014759918689094],[-81.62960232299994,46.021034909691316],[-81.56824598599992,46.03408490369591],[-81.52630425399994,46.03724571069703],[-81.51291069999996,46.04146408769854],[-81.50544704899991,46.03120482469489],[-81.54948296500001,46.021603417691566],[-81.5947770189999,46.02262840169186],[-81.62073350799993,46.019239695690715],[-81.64205457999998,46.00945436968726],[-81.66306043899993,46.0107601156877],[-81.65713161999996,46.0024248496847],[-81.62767957999993,46.001312686684315],[-81.58403645899995,46.004929698685665],[-81.5684944669999,46.00271452868486],[-81.56180284399994,45.99792611768318],[-81.57541395499996,45.986862681679284],[-81.58343153299995,45.988807125679955],[-81.60651367299994,45.980768253677155],[-81.65650282199992,45.95493003766805],[-81.68572374199994,45.949637475666144],[-81.67878472299992,45.9430183486638],[-81.66654242699997,45.9405410666629],[-81.65494140699994,45.94814299566564],[-81.63086371599996,45.95681995666871],[-81.61684027899992,45.957101464668696],[-81.57018120699993,45.978796614676384],[-81.56742675899993,45.98327554367807],[-81.54382052999995,45.98729189467939],[-81.53208604699995,46.0038126866853],[-81.51435384199993,46.009917185687435],[-81.50513617699991,46.00289102268488],[-81.50154568199994,45.98880176867995],[-81.51484537799995,45.98803577767975],[-81.5173768449999,45.97159588967387],[-81.49415744399994,45.968318098672775],[-81.46688042599993,45.97545256567519],[-81.46047092099994,45.987391584679386],[-81.42435926699994,45.99170883868103],[-81.41419379399994,45.98927574068008],[-81.39545952799993,45.99268943668141],[-81.38625813899993,45.98937051468018],[-81.37223632899997,45.996020498682554],[-81.33991265299994,45.99353490968168],[-81.31249674599994,45.99414841468184],[-81.29072428499994,45.99741823768302],[-81.26422580399998,45.994304291681956],[-81.25033582999995,45.996286034682576],[-81.2376416019999,45.99325157068147],[-81.22407280899994,46.00180574968447],[-81.21313368099995,46.00427390968542],[-81.20514160199994,45.99964602068377],[-81.17925401599994,46.001761634684506],[-81.15370496999995,46.001381690684404],[-81.14541395499995,45.98325157067804],[-81.15567437099993,45.9693627496731],[-81.17902506599992,45.95764352466892],[-81.18458658899985,45.94466304266434],[-81.1854139549999,45.930201575659204],[-81.17208604699994,45.930768456659415],[-81.1414919709999,45.91944874165548],[-81.14541395499995,45.929907318659126],[-81.13486056899993,45.94049359566285],[-81.10999457499997,45.94437122666421],[-81.09563856399996,45.93823000466213],[-81.07476399799998,45.94065710166296],[-81.05124728799994,45.952435259667055],[-81.01433539599995,45.94742379766528],[-81.03069552999989,45.930745805659484],[-81.01846896799998,45.92993491965922],[-80.99694444499994,45.92283768465669],[-80.98280544799994,45.92348628465686],[-80.97134114699995,45.916877804654504],[-80.96301866399992,45.92373212065696],[-80.91458062099991,45.92714615565812],[-80.90344672399993,45.93909568666235],[-80.87835937599993,45.93297935366026],[-80.89153862899997,45.92759157665834],[-80.88318576499992,45.918517751655074],[-80.86988389799996,45.924381331657216],[-80.85097602099995,45.919418223655406],[-80.8330088979999,45.919602617655464],[-80.82433919399993,45.93248069665999],[-80.81108289999995,45.94270815366373],[-80.80231770899992,45.94036759166284],[-80.79622558699994,45.935201575661026],[-80.79611111199995,45.93117101765961],[-80.79969835099992,45.92212614965636],[-80.80896104699997,45.909952348652],[-80.8062527129999,45.90156869564899],[-80.79375271299995,45.901584903649116],[-80.77244683199996,45.912659936653064],[-80.76938910699995,45.92371991365701],[-80.76284233999993,45.92642607665792],[-80.74040852899995,45.91713476265454],[-80.74250596899998,45.89789397264785],[-80.73716905499995,45.8861585396436],[-80.73646267399991,45.868041880637236],[-80.72926486599992,45.85436824263231],[-80.71429144999993,45.859373667634145],[-80.71001573399995,45.849134070630384],[-80.69447428499993,45.84698454862961],[-80.69073296499995,45.837950599626446],[-80.71056260899994,45.84201866062788],[-80.72761339099996,45.83848716662667],[-80.72581705799996,45.83186451262426],[-80.70881890299994,45.81716249961905],[-80.69361111199994,45.81811546161944],[-80.682936199,45.802157549613646],[-80.65398708799994,45.7943101916108],[-80.66208062099994,45.78577910360776],[-80.64458062099997,45.778411075605185],[-80.62680826899995,45.76520157560045],[-80.6415190979999,45.756879432597415],[-80.64874728799997,45.74214045959216],[-80.63595323399996,45.732973792588865],[-80.63156846899994,45.71436824258212],[-80.61859158099993,45.704589393578715],[-80.60196397599996,45.70122418557743],[-80.60166666699995,45.684504350571466],[-80.61039822099997,45.68119522857023],[-80.59477322099995,45.66162274556322],[-80.58542643299995,45.65381343256039],[-80.58274956699991,45.642900618556425],[-80.5729134119999,45.63546545155377],[-80.53075954899997,45.63101931155213],[-80.50940755299989,45.61991823754811],[-80.51220431899998,45.61270157554554],[-80.53072753999996,45.6014106825414],[-80.51985839899996,45.589362681537025],[-80.50902235299998,45.587128930536245],[-80.51485839899993,45.571323741530556],[-80.51064724499997,45.56715476852892],[-80.48886881599992,45.55992712152631],[-80.44014160199995,45.57825713153302],[-80.42222764799997,45.58006546753367],[-80.4100070539999,45.58695938853614],[-80.40680826899992,45.59543947753926],[-80.43587131199996,45.60826832154386],[-80.4484803609999,45.615746009546584],[-80.42513617699991,45.618653181547614],[-80.42252983999994,45.613413042545716],[-80.40428656799995,45.60936268154429],[-80.39067599899991,45.59494617753903],[-80.4007302529999,45.58375517853498],[-80.41631673299999,45.5796998665335],[-80.41047254899996,45.57392044753144],[-80.39030707499992,45.571312686530526],[-80.38913411499996,45.56077639152665],[-80.37989095099995,45.54464602052081],[-80.38499186299998,45.54047263951921],[-80.38125271299995,45.52320267451305],[-80.39374728799997,45.522668888512804],[-80.38669270899999,45.502973792505614],[-80.38874620299998,45.493509681502175],[-80.39633789099994,45.48677750349969],[-80.39152235299994,45.469087277493166],[-80.39310112899992,45.454192868487794],[-80.38387858199994,45.44659134648505],[-80.37912109499993,45.43448210648068],[-80.36624131999993,45.43741803348165],[-80.36165690199991,45.43075713147923],[-80.34237955799995,45.44021256248267],[-80.33601019999995,45.43151891747954],[-80.31680230099994,45.41711265447425],[-80.30845811699994,45.404362749469556],[-80.30931586499993,45.386579410462986],[-80.31642578199994,45.378309553460035],[-80.30270182399988,45.37329287045819],[-80.30541992299999,45.366643158455645],[-80.29541395499996,45.35074078744982],[-80.28600206199997,45.347423730448625],[-80.27767144199996,45.359913150453195],[-80.26323513499995,45.35881261945276],[-80.2547829869999,45.35270150745053],[-80.24666124199997,45.35828256245259],[-80.23375271299993,45.34995085644951],[-80.23331488799992,45.341365516446416],[-80.21680989699993,45.34484180744767],[-80.20881022199991,45.3530008514507],[-80.16682454499994,45.33490691144409],[-80.15973307399997,45.33926970444564],[-80.16943630699994,45.351869395450215],[-80.18006456199994,45.357007063452066],[-80.18167589099995,45.36434864345479],[-80.19544433699998,45.36436695345492],[-80.20347493599992,45.374918304458696],[-80.19405436299996,45.378588280460015],[-80.18905870299994,45.38754552946331],[-80.17471462799992,45.38077239046085],[-80.1729454219999,45.391224728464714],[-80.15667209299994,45.398537960467415],[-80.12655761799994,45.39964595246779],[-80.12608995299993,45.40835065047106],[-80.07716579899997,45.40300614146906],[-80.07423285699997,45.38865948846376],[-80.06154730999995,45.382438921461535],[-80.05780598999992,45.373931027458326],[-80.06540744399996,45.369401540456685],[-80.0595898449999,45.35558290945162],[-80.03097493599995,45.3366393604446],[-80.04207845099991,45.32224252343935],[-80.03972439299994,45.31069209443509],[-80.04555555599991,45.30283768443211],[-80.04282931899996,45.289125932427076],[-80.05173828199993,45.28840354742682],[-80.07695095599993,45.27751162042281],[-80.08569715799993,45.26992373042006],[-80.11193901999997,45.26065466041658],[-80.11772026999994,45.25388084241401],[-80.12152506599995,45.25186274941322],[-80.14196126399995,45.253120616413746],[-80.14761664599993,45.24219559440972],[-80.12762261399993,45.22612802140374],[-80.11597493599993,45.22150209940209],[-80.09275987499993,45.22908239440476],[-80.08940049999995,45.224197004403024],[-80.1060091149999,45.20626921639632],[-80.12187717099991,45.21269052139878],[-80.13029405499996,45.207975081396945],[-80.12747667199994,45.19809972839334],[-80.13348090399994,45.17714256138545],[-80.10122341699993,45.18466873838833],[-80.08855360299998,45.19120479039065],[-80.08205457999993,45.20523582339603],[-80.07338867299994,45.20744054839676],[-80.07343695799995,45.216870751400286],[-80.05658854199999,45.21258825339873],[-80.06293945399992,45.1988332353936],[-80.05449381599995,45.189853200390246],[-80.04946234899992,45.17714052738557],[-80.02488281299992,45.19038583439035],[-80.01261556099995,45.1618881123798],[-80.01825412399995,45.15052173937563],[-80.01198621999998,45.14631261937408],[-79.99569173299987,45.14919103737509],[-79.98251085099993,45.13738317537068],[-79.97886610299997,45.127077050366765],[-79.99593207499998,45.12998259536788],[-80.01013617699994,45.127934526367106],[-80.01680284399998,45.11674447636293],[-80.03206542999999,45.11242250936131],[-80.05276801299993,45.11047386036069],[-80.08532280899996,45.114064083361995],[-80.09068196699994,45.121493283364714],[-80.10958062099996,45.11595386736265],[-80.08350206199997,45.10325706335785],[-80.06594997899998,45.101146874357106],[-80.06590006599997,45.095996728355175],[-80.09346950999996,45.08645951035158],[-80.07264214499999,45.08215734534999],[-80.04638888999993,45.073607947346815],[-80.04418457099995,45.06214595234251],[-80.02459472699995,45.06046260234183],[-80.00095648999995,45.04777298633715],[-80.0046175139999,45.026041351328935],[-79.99510308199994,45.01937129432645],[-79.97378146799996,45.01242454332382],[-79.95530381999997,45.00093989731945],[-79.95442220099991,44.99219111831616],[-79.93203233599996,44.99556704031752],[-79.93506184999994,44.97690154031044],[-79.92888888999994,44.964237695305684],[-79.93513617699992,44.95883974530364],[-79.93029730999993,44.95159378730084],[-79.92014973999994,44.95173023530089],[-79.92120225799994,44.940659135296684],[-79.91048448399991,44.933879757294136],[-79.88653320399997,44.94497933929834],[-79.88109754899995,44.95419022330189],[-79.84911838199994,44.95144052130082],[-79.84207790899995,44.93886578729602],[-79.82237141999997,44.93226191929351],[-79.83430013099995,44.92495655329078],[-79.82792209299996,44.91739375528788],[-79.83582628099998,44.90984302828513],[-79.84666612499991,44.90896995428468],[-79.83775065199993,44.89520869627953],[-79.82413248799996,44.89423403227913],[-79.80950683699993,44.88213795027459],[-79.80958170699992,44.87130678627041],[-79.82356336899991,44.873020925271085],[-79.81967827799997,44.85749046126521],[-79.81152506599989,44.84451398026024],[-79.7912527129999,44.84186817425931],[-79.77263997499993,44.83519025025673],[-79.78369737499995,44.827499006253746],[-79.78020345099996,44.813591671248396],[-79.75059787399988,44.79080724723977],[-79.73293077299998,44.78879064623898],[-79.72291395499997,44.79423620324107],[-79.71180826899996,44.782461843236575],[-79.71833279199993,44.7670265942307],[-79.70294704899996,44.76294157922919],[-79.71997450199993,44.755710269226455],[-79.7311762159999,44.73745004321934],[-79.74616210999994,44.73473126521841],[-79.75828830399993,44.75805198522731],[-79.753753256,44.763238481229266],[-79.76315375499993,44.76991830423188],[-79.77522786499996,44.75894513322767],[-79.78320041299993,44.74293791722149],[-79.80263617699993,44.739811561220336],[-79.79625434099994,44.75485387822607],[-79.80626193699995,44.75586204322654],[-79.8098583989999,44.76448848122974],[-79.82011013499992,44.76776620523101],[-79.84791232699996,44.759118879227636],[-79.859071181,44.7479935272234],[-79.87035698899999,44.75793140722725],[-79.87951009199993,44.75964052722791],[-79.89265136799993,44.75333274722542],[-79.89719672399997,44.76039492122821],[-79.88909288299995,44.77180388423252],[-79.87608072999993,44.774506927233624],[-79.86511556099998,44.78467999623738],[-79.87298068699991,44.807351573246095],[-79.89124837299988,44.81270245724814],[-79.90261773099992,44.80780486024621],[-79.92927571699995,44.80684050524586],[-79.93419053899997,44.78509354323762],[-79.94479112499991,44.76585919523031],[-79.95388183699995,44.76947600323167],[-79.94129611599998,44.78923471123918],[-79.9462196189999,44.80516149624528],[-79.93747775699995,44.815094221249],[-79.92627983999995,44.81764589825005],[-79.90549641999993,44.833662608256105],[-79.90400878999995,44.841550249259114],[-79.91286024399993,44.85571271126449],[-79.92067491399995,44.861028873266534],[-79.94418077299997,44.85950041726599],[-79.95092502299995,44.86741152326895],[-79.97637098599988,44.857513384265204],[-79.99580566499998,44.85542611726437],[-80.00401041699993,44.857715206265276],[-80.01551812099993,44.84961977526217],[-80.02373697999992,44.84963496626223],[-80.03706597299998,44.83746536925762],[-80.03957519599999,44.829112640254344],[-80.04986382499996,44.81964595225074],[-80.04486382499992,44.80662850924585],[-80.05735839899995,44.799362613243005],[-80.0740082469999,44.8008271862436],[-80.0735205089999,44.8194972972508],[-80.07858506999992,44.823251638252216],[-80.10117838599994,44.81299000024826],[-80.12322591199995,44.80964418924698],[-80.12423394199999,44.79479053724122],[-80.13041395499991,44.78079517623595],[-80.13149902399992,44.76052051822816],[-80.12722656299997,44.75026403522432],[-80.10025878999993,44.74280865822147],[-80.09032226599999,44.742228010221254],[-80.06918240099995,44.7276004602157],[-80.05541395499992,44.72853484121594],[-80.03013617699995,44.72131261921318],[-80.01852105099992,44.707423730207964],[-80.00986816499992,44.706333099207455],[-79.99598741399993,44.688586246200714],[-79.99432996999994,44.678021060196606],[-79.97875271299989,44.66689530119237],[-79.97957519599996,44.65659568618832],[-79.98668619899989,44.635367930180216],[-80.00846950999991,44.598616492166016],[-79.9941118709999,44.58807450016195],[-79.99179796099996,44.57969803515867],[-79.9945193149999,44.56117237315149],[-80.00133734899997,44.54714066214603],[-80.01652506599999,44.527973860138644],[-80.04851237099994,44.49868322412731],[-80.07235622899998,44.482509043121034],[-80.09735839899997,44.47158483511675],[-80.11370931099994,44.46992373011614],[-80.13838921499998,44.477646033119115],[-80.18242458799995,44.50020177912794],[-80.20353732699992,44.509074798131344],[-80.21199490099994,44.50605043913013],[-80.23124728799995,44.50620777413024],[-80.25016818699994,44.52216249913638],[-80.26038574299994,44.52072586713582],[-80.29342068199992,44.53297386014055],[-80.31122016099991,44.522145952136405],[-80.32053819499995,44.52433087513718],[-80.35021375899998,44.53828405414265],[-80.37702691099996,44.54047263914344],[-80.38499945799998,44.53737001914233],[-80.40537923299998,44.54040902714346],[-80.41359049599994,44.546284542145685],[-80.45006184999991,44.564835297153],[-80.45856770899991,44.5713381181554],[-80.48360026099994,44.577888004157955],[-80.49350748799996,44.588985551162295],[-80.50969075599991,44.59546463716483],[-80.53215766099999,44.59268618116377],[-80.55268880299992,44.59444046716434],[-80.55841959699995,44.60189774216729],[-80.57102647599997,44.60319277316777],[-80.5895751959999,44.610462602170585],[-80.61193250899997,44.62487897117609],[-80.62514051699998,44.64156937318255],[-80.62708604699993,44.66047928518983],[-80.62293131599992,44.66683494419239],[-80.62567545699991,44.68598465619968],[-80.63734158099997,44.70126392620548],[-80.6395806209999,44.72047928521288],[-80.65397623799998,44.72297386021389],[-80.69647949299994,44.722711951213796],[-80.71398708799993,44.71964595221254],[-80.73449164599998,44.72012419621267],[-80.74490288699998,44.723257063214],[-80.75973795699994,44.713624359210236],[-80.77313313899997,44.71341589021011],[-80.79496148099997,44.7044617612067],[-80.79818793499994,44.69835539720441],[-80.82323513499992,44.689298865200946],[-80.85153049099993,44.660463009189876],[-80.87514105999993,44.62684647317691],[-80.91070312599993,44.618533756173655],[-80.91236545199996,44.610167599170424],[-80.93035481899992,44.58987191816253],[-80.94262478399995,44.58712777716154],[-80.94611979199992,44.61325435017165],[-80.93909722299995,44.619957502174216],[-80.92458604699989,44.65992373018964],[-80.91701334699992,44.67011443119353],[-80.9157948139999,44.68566347619954],[-80.90958604699992,44.69436817420285],[-80.91124728799993,44.705042002206945],[-80.90152506599998,44.71325163821014],[-80.88763020899991,44.736579681219],[-80.88764160199996,44.76239117822897],[-80.88985297399991,44.77185745923259],[-80.89987792999992,44.78885344423897],[-80.90782335099992,44.79622974624185],[-80.92443847699992,44.79901077924296],[-80.93416720999991,44.793868635240926],[-80.95037651999993,44.79320701424068],[-80.97592610799992,44.80684606624587],[-80.99167589099993,44.809494042246875],[-81.02894856899994,44.80061342724354],[-81.08163628599992,44.78031815223575],[-81.12590440599992,44.742980777221504],[-81.13930284399996,44.74708071222309],[-81.12575629399993,44.77905160523531],[-81.08490505699993,44.802379106244224],[-81.05597493599997,44.823534841252375],[-81.03106499599993,44.83863955025804],[-81.02080132499994,44.849213823262076],[-81.01774848199994,44.860902191266554],[-81.00654839499995,44.87156042127051],[-81.00579264399994,44.88408483527532],[-81.01548177199996,44.89074811127781],[-81.02999891599994,44.89496726827949],[-81.02125434099996,44.90595101928359],[-81.01741319499996,44.917376529287864],[-80.98156195799996,44.939913557296514],[-80.96546386799996,44.944894704298314],[-80.95949598599996,44.95682721330289],[-80.99322482699993,44.96961163730761],[-80.99441677599994,44.96373395130544],[-81.00894585599995,44.95645327130268],[-81.01214518299989,44.96677390930664],[-81.02235134599994,44.97104040230821],[-81.03396647199997,44.96817351330718],[-81.05096950999996,44.9549032493021],[-81.05569118999995,44.94632930129893],[-81.05083604699996,44.93310027029385],[-81.03069010499993,44.91804181228817],[-81.04992621599993,44.91801468628811],[-81.06278754399995,44.91460783928689],[-81.06282714899996,44.897258799280294],[-81.08286675399994,44.8920736592784],[-81.10134494399995,44.89674705328016],[-81.08680881199996,44.90573848128351],[-81.0877061639999,44.91656191328767],[-81.09968750099992,44.9226924202899],[-81.11542100799994,44.92181812528959],[-81.14087782199994,44.9038459842828],[-81.14983778299992,44.90149694528189],[-81.15902506599996,44.90703703828401],[-81.14454915399995,44.92364470429032],[-81.13198296499993,44.93075896229301],[-81.12782172399989,44.939148312296176],[-81.11544162399997,44.940692230296676],[-81.11360405899993,44.94964323930021],[-81.12269856899997,44.961897200304804],[-81.16171332499991,44.9584907603035],[-81.19069281799992,44.95825150230339],[-81.21456163299989,44.961839962304744],[-81.21892578199999,44.973065820309],[-81.19377929799994,44.99761714331822],[-81.19580295199994,45.00066279831942],[-81.22569715799993,45.00742373032192],[-81.24900878999989,44.98742373031435],[-81.25335015299999,44.996500200317875],[-81.27153049099996,45.01047386032304],[-81.27684136399998,45.022366764327536],[-81.26598904199994,45.03017383833052],[-81.26958062099999,45.048769080337486],[-81.26244194999995,45.076890147348024],[-81.26766981399996,45.089677283352856],[-81.28814290399994,45.117145952363146],[-81.31277398099992,45.12246116536515],[-81.33403049099991,45.13936274937141],[-81.33397786499991,45.15722244937817],[-81.33708062099998,45.16572451138129],[-81.33177029199996,45.18254132438752],[-81.30903049099994,45.20325706339519],[-81.29645453599994,45.211091264398185],[-81.28404188399998,45.225157291403356],[-81.28958604699997,45.242696082409864],[-81.3007231999999,45.24715680341156],[-81.35082194099991,45.24015362940894],[-81.38685438399992,45.24241830440973],[-81.40579427199995,45.2346691454069],[-81.46386230499996,45.23039776940528],[-81.4886876089999,45.23880719340849],[-81.50901204499996,45.24012826540895],[-81.53340983199993,45.24714052741155],[-81.56352593399995,45.2445801704106],[-81.57791937999993,45.24684647341138],[-81.58557237499994,45.25241003141348],[-81.6054893669999,45.247913503411816],[-81.61388834699994,45.25379851341401],[-81.63856282599994,45.2501213484126],[-81.64041666699995,45.260623871416534],[-81.65796495299996,45.26586340041853],[-81.66031738399994,45.258085758415525],[-81.68832519599992,45.256423838414904],[-81.69375271299994,45.23431378540674],[-81.70396701499995,45.23509951140702],[-81.72903645899999,45.22131818040187],[-81.72568630699999,45.215194183399745],[-81.70124728799996,45.20882889539728],[-81.70265625099995,45.1981001353933],[-81.68461968399997,45.19715666739293],[-81.65791937999991,45.19949811139386],[-81.65469346899991,45.18353484138788],[-81.63509928499995,45.19133459139075],[-81.6171034079999,45.19021249439038],[-81.60868109899995,45.17903058238617],[-81.58539496599994,45.19188485739104],[-81.58373589499993,45.17271290138385],[-81.59346950999993,45.16421002538062],[-81.59011990099994,45.1557912433776],[-81.57459689799997,45.15132441937584],[-81.57404676699997,45.14357960037308],[-81.56181423699995,45.13548484636999],[-81.56542480499995,45.126040673366425],[-81.55102376399998,45.124918304366034],[-81.54439507499993,45.11531055736238],[-81.52793131599996,45.107963280359655],[-81.51537868999995,45.093539859354266],[-81.5129199229999,45.082724430350176],[-81.49587727899991,45.06833600234482],[-81.49554904599995,45.05413678333949],[-81.48455403699995,45.054940277339796],[-81.48241970599994,45.04353484133546],[-81.46888617699993,45.0468825513368],[-81.46847710599997,45.03492223833225],[-81.4631266279999,45.023644433328],[-81.44957031299997,45.01158375032346],[-81.45317816899995,45.003143402320276],[-81.44291395499991,44.99853484131861],[-81.43351399799994,44.984848046313346],[-81.43784667999995,44.97212140230859],[-81.42756618999994,44.97247988230882],[-81.41736382499991,44.98274246931269],[-81.40232259199996,44.977809607310725],[-81.39190755299992,44.982979285312716],[-81.38540364699993,44.993571733316756],[-81.36471950999997,44.98703459731419],[-81.37375271299999,44.97547928530987],[-81.35403645899996,44.96632157030641],[-81.37368381199997,44.92584508929111],[-81.37413357299994,44.908435693284495],[-81.36181640699994,44.89879023928087],[-81.36592230999995,44.892145952278355],[-81.35562825599999,44.88656991627621],[-81.35347330799989,44.87659622927241],[-81.34458604699992,44.87406801727157],[-81.34402289599994,44.86519825226807],[-81.33032714899997,44.85900847426575],[-81.33098632899996,44.844377397260196],[-81.31700520899994,44.82536820125297],[-81.30100206199995,44.82408497125251],[-81.29764702799993,44.81215354724793],[-81.28570855099994,44.80609601224567],[-81.2987472879999,44.790757063239774],[-81.29441297799995,44.778349294235056],[-81.28415039099994,44.776275591234224],[-81.28431966199997,44.76159080322859],[-81.27706977099989,44.754902435226114],[-81.28514756999989,44.7418660042211],[-81.27930121599995,44.735754757218764],[-81.28090711899995,44.721730777213345],[-81.27685709699993,44.71325163821014],[-81.2789029959999,44.69566768020335],[-81.30402615099992,44.697429426203996],[-81.30662651999997,44.688948795200794],[-81.30209743999988,44.67797969219658],[-81.28016276099997,44.662874033190775],[-81.2717968759999,44.64826181018524],[-81.27171983599997,44.62371713217561],[-81.27569769999994,44.60877871016987],[-81.29772298299993,44.577502668157855],[-81.3188894319999,44.55758133615017],[-81.34755588199994,44.53626582514181],[-81.35930284399991,44.516307193134175],[-81.38792643299992,44.48965069912378],[-81.38590874599996,44.47943748311975],[-81.38930121599996,44.46908795511583],[-81.40060112899994,44.46426021011393],[-81.40764702799999,44.45074878910863],[-81.406132271,44.43584861610277],[-81.42817762699997,44.42391719209813],[-81.44957899399998,44.42276634009771],[-81.46653049099994,44.41770150709576],[-81.48004394599995,44.41805822409588],[-81.49922905899993,44.40910029809239],[-81.50242892899996,44.40225554408971],[-81.51486382499994,44.393534841086364],[-81.531519098,44.37604881107939],[-81.53013075199989,44.370490814077264],[-81.54704481399995,44.36301265107435],[-81.55568793499991,44.35453812307101],[-81.55168891099997,44.34721743106819],[-81.55420355999995,44.336121239063814],[-81.56316840399992,44.33517953506342],[-81.57049153699995,44.34313892606653],[-81.58101345599991,44.336760752064045],[-81.59734266599997,44.33291838606261],[-81.6070849619999,44.319935665057436],[-81.60599175399993,44.30883567605313],[-81.59645182399998,44.305893239051876],[-81.59179904599995,44.28723058704463],[-81.60936577799995,44.27055822403809],[-81.60236816499996,44.26236296603478],[-81.60910970099992,44.24534907702811],[-81.61463378999996,44.2180270280173],[-81.63682617299995,44.19189475800685],[-81.64286404199994,44.17333762899968],[-81.66535481899996,44.15106793499084],[-81.67799099499993,44.143251094987626],[-81.69819173299999,44.12408497098014],[-81.71475585999995,44.11100011897487],[-81.72751519199994,44.10413868197212],[-81.74249728799995,44.09185433896728],[-81.75852267899991,44.07328934395989],[-81.74373318199997,44.05101395295102],[-81.73442003099991,44.027667327941614],[-81.73288302999998,44.01421680693624],[-81.73430284399996,43.98920459992629],[-81.7323638249999,43.9699183039186],[-81.72268663299995,43.937939408905706],[-81.72069715799995,43.901993499891255],[-81.72624728799994,43.8701960818785],[-81.72567491399992,43.84992345787024],[-81.72097656299997,43.83360184386372],[-81.7212261289999,43.816672318856895],[-81.72830620699995,43.80510764885211],[-81.71920030499994,43.78480193084397],[-81.72646321699995,43.731339744822264],[-81.72176649399994,43.70981712181352],[-81.72898329099995,43.69750700880853],[-81.72331325999991,43.68226693680238],[-81.72326497499992,43.667719139796404],[-81.71933539599992,43.644157398786696],[-81.71258572099998,43.62551075177909],[-81.71126410699995,43.59830860376804],[-81.70636556099996,43.56856006875584],[-81.70706108999993,43.52306826073712],[-81.71235839899994,43.51041689373192],[-81.71317762699991,43.48108448271992],[-81.71595920199994,43.475314354717504],[-81.71819173299994,43.44999452970699],[-81.71774902399991,43.42531896569687],[-81.71002929799991,43.39795297168551],[-81.71178222699993,43.38833708668157],[-81.72455620699996,43.359974456669796],[-81.74096950999989,43.336584970660155],[-81.77069173299996,43.3093627486488],[-81.813938803,43.27957542163641],[-81.83906792599993,43.26516705563048],[-81.87030164999999,43.24952822162392],[-81.90482476199998,43.23415522861751],[-81.93569173299993,43.22325163761285],[-81.97861165399996,43.21030323260751],[-81.99386230499988,43.208301550606656],[-82.02279351199992,43.211722503608044],[-82.0223518889999,43.20079042860359],[-82.01541937999991,43.185355586597055],[-82.02991319499995,43.165581823588816],[-82.05007649799991,43.1521858275832],[-82.06705457999992,43.13381153257553],[-82.10096408499996,43.10852371856491],[-82.11979654999995,43.09965571756113],[-82.14983615499996,43.09257048455818],[-82.148474936,43.080161630553036],[-82.15256022199995,43.07168642454947],[-82.1706906479999,43.05864768754385],[-82.195691733,43.04797358853935],[-82.24513671999995,43.03464025453376],[-82.323983291,43.023828894529245],[-82.37604166699997,43.01593718452588],[-82.40374728799998,43.00547358852147],[-82.41783474499992,43.00255312352026],[-82.42736870699994,43.019399911527344],[-82.44652560799993,43.04434674353793],[-82.46486382499991,43.07380719255022],[-82.47035807399999,43.0867876075558],[-82.48567382899991,43.102096038562124],[-82.49042480499995,43.11798199756883],[-82.49206000499996,43.135089202576076],[-82.50125325599994,43.1601966245865],[-82.51014105999992,43.20079422660361],[-82.51705837799989,43.20988059760733],[-82.52235731399995,43.224594953613476],[-82.52705674999997,43.257101463627016],[-82.52503472299998,43.27039275063261],[-82.53250868099997,43.306865460647764],[-82.5293142369999,43.31323780265044],[-82.5301302089999,43.337150834660314],[-82.53736545199996,43.353809905667255],[-82.53290690199998,43.38352507467951],[-82.53968370299991,43.40121875968699],[-82.54016384599998,43.425158917696756],[-82.53735134599997,43.433247568700146],[-82.54817708399995,43.4494945847068],[-82.54681206699993,43.456887976709886],[-82.55347493599997,43.46408497071283],[-82.55504882899997,43.479780228719335],[-82.565141602,43.49130719272414],[-82.56548502699992,43.50198644672852],[-82.57151258799993,43.51014454073189],[-82.5761805559999,43.52844694973931],[-82.58541341199998,43.54322885074547],[-82.584469944,43.55305849474946],[-82.59069715799994,43.56575163775466],[-82.5919753699999,43.578030282759755],[-82.5988297529999,43.59310732276583],[-82.60098036099997,43.6088017677723],[-82.59678873799997,43.614782127774774],[-82.60260091199993,43.63403478678261],[-82.60151909799995,43.64326194578635],[-82.60625813899993,43.66407954579484],[-82.60410210599996,43.67919700380105],[-82.61014160199994,43.698807463809004],[-82.60790256199994,43.712669226814654],[-82.61128743599987,43.72413976681933],[-82.61162706199998,43.741648175826406],[-82.61821397599994,43.74881831482934],[-82.61540310399994,43.778773826841466],[-82.6242469629999,43.78676048084471],[-82.62189887199992,43.79642709284865],[-82.62819227499992,43.80768007685313],[-82.63467176699996,43.831940330863],[-82.64671658099994,43.839541242866034],[-82.65460557799996,43.86763151987741],[-82.6795534949999,43.881590395883016],[-82.68617567399994,43.90271398589157],[-82.68284071299993,43.90700434989326],[-82.7006765419999,43.9275197579016],[-82.70075520899994,43.9358967659049],[-82.71694444499994,43.95129281591107],[-82.73839789599995,43.9895325619264],[-82.74596679799994,43.99129010292715],[-82.75719238399992,44.005125280932624],[-82.76674696299993,44.009633473934514],[-82.78373426699989,44.00962723393441],[-82.79363335599997,44.02314964093984],[-82.83130642399993,44.03797385994563],[-82.85717339499996,44.04085716094688],[-82.88961317399995,44.05054113395081],[-82.90091254399994,44.06046545095483],[-82.92309950199993,44.068156151957766],[-82.94735839899992,44.06241803295557],[-82.96399522599995,44.06844152495794],[-82.99122450199997,44.0488131609501],[-82.99925727099996,44.0465914809493],[-83.0275900619999,44.04577876394882],[-83.04453070799993,44.01805985193781],[-83.05409288299992,44.00929194793425],[-83.07013617699994,44.0021402549314],[-83.08896158899995,44.00129715593111],[-83.1167919929999,44.003829436932115],[-83.135090604,43.992702592927614],[-83.14750813899994,43.98857336092592],[-83.16967502299991,43.98637690892519],[-83.17932345999996,43.98213510092346],[-83.19697319999992,43.983243499923915],[-83.23171495299994,43.98023948492273],[-83.26177354699995,43.97521018792061],[-83.26157389399994,43.96931283591828],[-83.27120931099992,43.9532953119118],[-83.28541395499994,43.936584699905204],[-83.30886176299998,43.92051346489867],[-83.33218316099999,43.91461421389633],[-83.35211968399994,43.91324648389584],[-83.36315483999994,43.906562997893026],[-83.33854383799996,43.90479975989236],[-83.32722167999994,43.89813689188968],[-83.32903049099994,43.884683928884414],[-83.34918131599991,43.86412430487611],[-83.36939670199993,43.85181419187102],[-83.37363878099995,43.85436274887211],[-83.39096842499998,43.8485877378698],[-83.38903049099996,43.842183928867186],[-83.39745551299991,43.815914126856484],[-83.40801974899989,43.810419063854276],[-83.41730089099993,43.79911209784975],[-83.42847493599996,43.79520150684818],[-83.43099663699992,43.78556527684427],[-83.44290798699991,43.76213510083478],[-83.46900282199994,43.72801699082094],[-83.48761827299992,43.70577143981186],[-83.5070578349999,43.70854053681303],[-83.52082492499994,43.69770476280858],[-83.52618082799992,43.71081918281398],[-83.53973225999995,43.708689462813034],[-83.55068549299996,43.69883486180901],[-83.55950113999995,43.68136578680181],[-83.5815250659999,43.67000185479727],[-83.58945095599991,43.65585092179149],[-83.60319715799992,43.64492372978703],[-83.63468668699991,43.61440452377455],[-83.67151394399997,43.58882129876414],[-83.68317301499994,43.58437061576231],[-83.71407443699995,43.60789383577193],[-83.73624538899998,43.618166459776134],[-83.76525119399996,43.626401593779526],[-83.78010416699998,43.63409120978264],[-83.79604275299991,43.636164777783485],[-83.82458062099994,43.6349625207829],[-83.82364067999998,43.64283090178629],[-83.84227267899996,43.653529414790626],[-83.85277777899991,43.64598085878757],[-83.90054877499993,43.66679628779604],[-83.91341878299995,43.67845373180074],[-83.93807562999993,43.71315506581486],[-83.95347493599996,43.74908497082943],[-83.9547433819999,43.76708464483683],[-83.94219319699992,43.76762311083706],[-83.93497667199995,43.78348791184338],[-83.92596462799995,43.7904320848463],[-83.92713785899991,43.800069399850116],[-83.92200737899996,43.815722340856446],[-83.92116427999997,43.84726286786919],[-83.92411783899993,43.8556428588726],[-83.91650282199996,43.85994515987427],[-83.91781738399996,43.875693857880606],[-83.91095404799992,43.90783035889359],[-83.90024278499997,43.923268726899856],[-83.89015380899995,43.923779252899955],[-83.88949544399995,43.93464785090432],[-83.873197158,43.961868444915375],[-83.86562554299992,43.96091032891499],[-83.85268256399998,43.97795948292179],[-83.85043023099996,43.98573020792486],[-83.840609267,43.99385059592811],[-83.82670844299994,43.98938906192638],[-83.81375325599994,43.98962343692647],[-83.80129557399988,43.99583491692891],[-83.77848632899995,43.986069291924935],[-83.75878282399995,43.98625429592513],[-83.74541395499992,43.99295758392775],[-83.74901611399993,44.00132943693116],[-83.73750596899998,44.0053786449328],[-83.72105794399994,43.99615175692906],[-83.70198676299994,43.99870085593002],[-83.69569932799998,43.99141597092712],[-83.6809353309999,43.98631994292511],[-83.68003363799993,43.99440886392832],[-83.68717122499996,44.022333125939525],[-83.67542073599995,44.03152257894324],[-83.66958604699991,44.04214595194741],[-83.64711914099993,44.053251637951895],[-83.62240749899996,44.05620329795301],[-83.598518338,44.054258852952216],[-83.57963514599999,44.0493681739503],[-83.59125840999997,44.07187359895935],[-83.58828152199999,44.08607525996491],[-83.56447916699992,44.11167150497516],[-83.5689078779999,44.127163855981294],[-83.5676025399999,44.15632862299287],[-83.55294406499998,44.199549109009986],[-83.5526418739999,44.212979014015275],[-83.54635660899999,44.23397131002364],[-83.53597574899996,44.25078446103021],[-83.51168972499994,44.27207705003864],[-83.48049424999991,44.280331851041915],[-83.456223417,44.27741993204075],[-83.43912217999997,44.26619190503635],[-83.42438693699991,44.27427078903949],[-83.41930555599998,44.28827049104495],[-83.40131510499995,44.30255570105067],[-83.37850857299996,44.32433630005912],[-83.36461642899994,44.33215802306224],[-83.3385725919999,44.33179601706208],[-83.33290310399994,44.33911643806503],[-83.33513617699998,44.365168955075234],[-83.32393880299995,44.40030079108901],[-83.32042046499998,44.406074717091165],[-83.32625271299995,44.42130760009707],[-83.32708604699994,44.44353457010576],[-83.31672960099996,44.49533768412596],[-83.3187472879999,44.512946733132885],[-83.30680826899994,44.542946733144476],[-83.31319715799994,44.5610294151515],[-83.3159695099999,44.59703703816537],[-83.31347819099992,44.614509640172145],[-83.30708604699998,44.63103484117853],[-83.28680826899992,44.6587909171892],[-83.27097493599994,44.709541107208665],[-83.28443684999996,44.721938839213486],[-83.2954193799999,44.738529551219784],[-83.29846950999996,44.75239117822509],[-83.29263617699995,44.76325163822925],[-83.29680230099996,44.785167599237596],[-83.29347493599992,44.805953189245606],[-83.30041341199995,44.81961204325079],[-83.3009998919999,44.83000538125469],[-83.314275174,44.842342621259476],[-83.32154730999994,44.85851042726561],[-83.31625596899988,44.86587045326835],[-83.31954264399994,44.880201507273796],[-83.34876898999993,44.885495968275805],[-83.36489583399994,44.89067432627776],[-83.37666178499995,44.90102629628171],[-83.39840874599993,44.90624466628377],[-83.40457736599993,44.91697654528777],[-83.43125271299989,44.93102941529314],[-83.44070312599995,44.944913150298376],[-83.44516927199999,44.95774911530318],[-83.44524142899995,44.97764440631065],[-83.44957139799999,44.98954531231526],[-83.46297797399995,44.995251963317365],[-83.46164116799996,45.006452728321555],[-83.45284396799994,45.011251041323405],[-83.43885633799995,45.004090396320656],[-83.43458062099992,45.01159039632348],[-83.45639756999995,45.02325435032792],[-83.45301052599991,45.03565086233252],[-83.43764160199994,45.05492373033978],[-83.41853407199993,45.06520774734361],[-83.41041937999995,45.06551522834371],[-83.38821343399992,45.07630719334787],[-83.36821940199992,45.076057085347706],[-83.36731987899995,45.06332582934293],[-83.3569759119999,45.04993295333794],[-83.34848090399997,45.04937929633767],[-83.34012152899993,45.041290375334675],[-83.27349121199995,45.02297928532782],[-83.26335937599998,45.024328705328294],[-83.27705566499995,45.04526484833616],[-83.30860243099991,45.050375932338135],[-83.31169542199996,45.07265769834642],[-83.31764377299996,45.07658917634791],[-83.30985839899995,45.08909039635265],[-83.29846354199995,45.0910401303534],[-83.31430284399991,45.10378006635808],[-83.30984158099989,45.10961869036033],[-83.32040961499996,45.12052173936433],[-83.31322048699997,45.125457177366236],[-83.32206271799997,45.13322383336917],[-83.31645562099999,45.14201967737247],[-83.33944607299996,45.15056554837559],[-83.34754394599994,45.160963091379514],[-83.36036187099992,45.163496050380374],[-83.36785156299996,45.17227792338364],[-83.36680284399993,45.18381261938801],[-83.37847493599995,45.200751638394316],[-83.39707411099991,45.21628101640002],[-83.41292209299992,45.24131031340936],[-83.41156629899994,45.255767778414715],[-83.39190212799993,45.25190248941324],[-83.38125271299998,45.26849130241944],[-83.38689127699995,45.276161116422315],[-83.39885091199992,45.27940927142352],[-83.40709906799998,45.2872224494264],[-83.41671278299998,45.288757958426956],[-83.43331922799996,45.304631575432786],[-83.44291395499994,45.30601232643333],[-83.45041937999996,45.318780066438045],[-83.46320855099995,45.32131790843899],[-83.46318305199995,45.330618174442435],[-83.47452962299995,45.33365162144357],[-83.4851459429999,45.33003793344222],[-83.49123806499993,45.34114361944623],[-83.51870117299995,45.3468409124484],[-83.53625813899998,45.35798484645247],[-83.5468592669999,45.35252192845045],[-83.56942789799992,45.347353743448494],[-83.58235839899996,45.354923730451404],[-83.598263618,45.35194833445022],[-83.60481743799994,45.3606537104535],[-83.61484212299993,45.36464052745489],[-83.63536322799996,45.3670246954558],[-83.66400933199992,45.38399748746205],[-83.68652506599994,45.39102371946462],[-83.70105061899994,45.398678341467395],[-83.71649793899994,45.41491823747344],[-83.77346408499994,45.40741274347058],[-83.78889160199996,45.41588672947375],[-83.80979166699991,45.42043561147549],[-83.84091471399991,45.435169091480795],[-83.85798882499992,45.44641746348491],[-83.88120958199994,45.46822932649287],[-83.8929370129999,45.47325848749474],[-83.90955810599995,45.486031789499414],[-83.93950819299992,45.493031979501936],[-83.97228488599993,45.49526240750281],[-84.00077419799993,45.490993676501226],[-84.01058105499996,45.49547141850281],[-84.0375377069999,45.49470888650267],[-84.05457112699993,45.48962879450072],[-84.07986382499996,45.49130712550139],[-84.09597493599992,45.497418237503574],[-84.11347493599996,45.509362681507916],[-84.12291965099996,45.52519615051378],[-84.12838189099995,45.56207284552709],[-84.13711995499995,45.57254532553096],[-84.16641303199997,45.592018049538034],[-84.19578152199992,45.621464121548634],[-84.21445665199994,45.63458064455345],[-84.23650580599997,45.637356252554426],[-84.27262586899997,45.64546300955736],[-84.28810465599993,45.65286691355992],[-84.33043131599999,45.66460221056426],[-84.37535400499993,45.655479353560985],[-84.39407470799995,45.660765879562874],[-84.41260823599991,45.669362003565944],[-84.42874701699994,45.66936274956602],[-84.416629233,45.65169903955954],[-84.43036485499991,45.644368242556915],[-84.447086047,45.654368242560565],[-84.45931288099996,45.651945350559686],[-84.47312961199997,45.65936268156241],[-84.49164062599992,45.66434742256411],[-84.50331732899994,45.67305517256726],[-84.53753065399994,45.68811803857272],[-84.55158474499996,45.69745384057611],[-84.55605414599994,45.708431759580066],[-84.57371093799992,45.71003461058055],[-84.63226481199993,45.7319652205885],[-84.64517035699996,45.74108733159181],[-84.67895887699989,45.74871503059445],[-84.68017686699996,45.75540977359697],[-84.72255099899995,45.7677867536013],[-84.72275960399998,45.783503238607],[-84.72750271299994,45.787709917608424],[-84.75364636199994,45.78324795360689]],[[-80.91510959299994,45.875790632639884],[-80.88541937999993,45.886853526643854],[-80.9027560769999,45.89442737864651],[-80.91760796499992,45.88521235864324],[-80.91510959299994,45.875790632639884]],[[-81.65902506599997,45.84880712563031],[-81.65039388099993,45.86193388963504],[-81.65602050899997,45.88467646964313],[-81.64937066099996,45.89366688064624],[-81.65068576499992,45.900762556648765],[-81.67124023499998,45.90605952665061],[-81.6868028439999,45.90111086364889],[-81.69041937999995,45.89160667264546],[-81.70839355499994,45.87353490963913],[-81.71958875899998,45.86797426763709],[-81.72704372899994,45.85881227963385],[-81.73483561299993,45.8396551756271],[-81.761525066,45.805751570614994],[-81.78746148099997,45.78177431660634],[-81.78261935799996,45.774665008603854],[-81.79041937999995,45.7565849035973],[-81.77433810799994,45.73717145159032],[-81.78812934099994,45.72299325558533],[-81.79577039999995,45.72208152658493],[-81.80541937999996,45.73158490358837],[-81.80347222299994,45.74438160259299],[-81.8113460289999,45.75095942859533],[-81.82875271299994,45.756307125597196],[-81.83629123299988,45.76443700860018],[-81.83819769999994,45.78743620860836],[-81.84319715799994,45.79909046461255],[-81.83125271299991,45.82714602062253],[-81.82207519599993,45.83381539962498],[-81.81400878999992,45.864058522635716],[-81.81928873799993,45.872412201638745],[-81.84131564799992,45.87558860663986],[-81.85321831699997,45.88401918964292],[-81.87398925899996,45.887712155644145],[-81.90867621599995,45.8835138186427],[-81.91810004399994,45.89276871464595],[-81.90022460999995,45.908096134651366],[-81.89369574699997,45.9232260036567],[-81.8933778219999,45.93332426966042],[-81.88403103399993,45.94405642066415],[-81.90151746999999,45.95678489566868],[-81.90581434499991,45.96731874967236],[-81.90179199299993,45.97601212267544],[-81.92538031799995,45.9807466196772],[-81.93632649799994,45.98844237367982],[-81.94894802599994,45.981549198677456],[-81.96627929799992,45.9818462016775],[-81.97910264799995,45.98733261867949],[-81.99655164999994,45.97015674867331],[-82.00511067799991,45.971317840673734],[-82.03006618999996,45.96274280867072],[-82.0449321839999,45.96264664467077],[-82.0575944019999,45.95853307866932],[-82.05570095599994,45.94961943666612],[-82.07486382499997,45.9427015756637],[-82.09688856399998,45.92516875265744],[-82.12345269199994,45.911572018652635],[-82.12492621599995,45.897425154647586],[-82.11097493599992,45.89245092464589],[-82.12430826899995,45.878534909640905],[-82.13381727499996,45.85719335663326],[-82.15197319999997,45.8292077196233],[-82.16000542599994,45.82755434562279],[-82.16214301299985,45.841533295627706],[-82.17612630299995,45.84707094662972],[-82.17038628599992,45.87209597163858],[-82.18481553899993,45.89104725164529],[-82.19407552199988,45.897079559647466],[-82.20225857299994,45.91204293865279],[-82.21398166299994,45.91852934865505],[-82.21531738399995,45.938272661662076],[-82.23489203599995,45.94107315766307],[-82.23651204499996,45.93545378666104],[-82.25151258799995,45.92191964765634],[-82.25601942399999,45.91044442765226],[-82.27098958399992,45.912731754653024],[-82.28813585099988,45.927538747658296],[-82.28707845099991,45.962671736670764],[-82.28221950999995,45.98622293167911],[-82.29057128999992,45.991529056681046],[-82.30992187599998,45.98591049967887],[-82.31653754399994,45.979348236676614],[-82.34115017399994,45.97606128967543],[-82.35065266999996,45.977972910676215],[-82.37615180199995,45.973710486674655],[-82.39728624199995,45.960773068670036],[-82.42222927599991,45.961093231670205],[-82.43618109899991,45.95668255966863],[-82.44709689799997,45.943513546663986],[-82.44985839899992,45.929640459659076],[-82.45956380299997,45.92212818465642],[-82.47465983199994,45.943118784663774],[-82.48678331199991,45.94687916066508],[-82.50024468399992,45.93877925366236],[-82.515413955,45.91814157165493],[-82.51471408499997,45.905459415650476],[-82.55706868599998,45.911245412652484],[-82.58291937999996,45.8959612606471],[-82.59367024799994,45.87938655264118],[-82.55825683699996,45.86575157063635],[-82.54251736199994,45.85774843763355],[-82.51580566499993,45.855473792632665],[-82.50321397599996,45.85050681963094],[-82.49668185799996,45.83641230962582],[-82.51317111599995,45.805595727614836],[-82.53512532599994,45.781901743606376],[-82.54346082999996,45.78088354160606],[-82.5479806869999,45.79736269561196],[-82.54841579899991,45.81646330861882],[-82.55677517399994,45.82021859762009],[-82.56729220999992,45.816064680618624],[-82.58466742699994,45.81894879561964],[-82.58582519599997,45.844101111628625],[-82.59259819999991,45.84991823763071],[-82.60913845599993,45.84453798762871],[-82.61746853399995,45.829194902623236],[-82.63355631599991,45.82351158062124],[-82.64487413299997,45.82747635662271],[-82.64902398099991,45.83459495462524],[-82.65007432799996,45.857320512633414],[-82.67204589899995,45.864673689635936],[-82.68626681899993,45.85713245663333],[-82.72742458799996,45.84397341262855],[-82.73023600299993,45.83840524362668],[-82.74488335599993,45.832608666624516],[-82.75775716199995,45.8344220216252],[-82.75898383299993,45.851192922631135],[-82.77496853399994,45.875858653639874],[-82.81249620299997,45.890251963645],[-82.84007378599992,45.91353626565334],[-82.82612684499998,45.93990521666272],[-82.80525065199994,45.963712453671114],[-82.79764160199994,45.9823005406777],[-82.80816243599995,45.99741823768302],[-82.82284179799991,45.98566232367886],[-82.83879665899994,45.987492835679475],[-82.85206434499997,45.97856067967637],[-82.85777289599997,45.967953990672676],[-82.88101725299995,45.96051251566995],[-82.90902343799993,45.96430015467133],[-82.94022081199991,45.960055159669785],[-82.94856825199994,45.94997472866623],[-82.94393988799996,45.94081857366301],[-82.97903591699995,45.93029251865925],[-82.99066460599991,45.9207571316559],[-83.00096896799992,45.926556420657946],[-83.00427517399996,45.94432890866422],[-83.0428396279999,45.95683833566869],[-83.056952041,45.9578104896691],[-83.086965062,45.913367469653245],[-83.10431260899995,45.914492279653736],[-83.11569118999992,45.92267953565658],[-83.11082465399991,45.93519879566099],[-83.11765136799993,45.94939360566614],[-83.13729871999995,45.9613071256703],[-83.15485243099992,45.95754702166887],[-83.15955186699995,45.960750078670074],[-83.17868598199992,45.95977412666979],[-83.19429144999995,45.949390350666],[-83.19676540899997,45.94329429466392],[-83.21456651599993,45.92802017965853],[-83.22596950999996,45.90719491665105],[-83.22596950999996,45.89141197064545],[-83.21862196299998,45.874237762639424],[-83.20152398099998,45.86744075263696],[-83.17847819099995,45.87286223363881],[-83.16727539099998,45.863096134635356],[-83.14986599499996,45.8668570526367],[-83.12529839499992,45.865941932636474],[-83.10661241399997,45.869944821637795],[-83.08488172799994,45.862190440635054],[-83.08371093799994,45.85502131863256],[-83.06987847299996,45.84772395562981],[-83.06224012699991,45.83631268662582],[-83.0448399529999,45.83659270262597],[-83.03989095099993,45.84907378163039],[-83.00999674599996,45.842308238627936],[-82.99532931899991,45.83571128762553],[-83.01096896799996,45.82938133162338],[-82.99050727099996,45.82437780462162],[-82.98255859499992,45.832696014624474],[-82.97239095099998,45.823812686621366],[-82.95991970599992,45.82898263562328],[-82.95711317399993,45.83714045962622],[-82.94376410699988,45.83244054862451],[-82.93744574699994,45.822516232620885],[-82.95223795699997,45.820430186620264],[-82.95379720099999,45.80662450861526],[-82.94017523999995,45.810414656616636],[-82.93609266599995,45.82062875462024],[-82.92348632899993,45.816032196618615],[-82.92057345999991,45.80880712561597],[-82.90848632899994,45.80186234261354],[-82.87268988799997,45.79564441961136],[-82.86666124199995,45.788665456608875],[-82.84738878099992,45.8012757946134],[-82.84324598599991,45.80797379261583],[-82.82740505699994,45.80433067161432],[-82.81680826899995,45.79313329761042],[-82.80537814799995,45.79003176260928],[-82.795031468,45.79935345861271],[-82.75763400699994,45.77657357860453],[-82.74485080399995,45.78075265560605],[-82.74346950999995,45.78797935360864],[-82.71174207999994,45.77464602060376],[-82.69180447099993,45.78465741360741],[-82.67547526099995,45.78437841460731],[-82.66890245299994,45.77420948360366],[-82.65348632899996,45.76799576560145],[-82.64751790399998,45.76020157559865],[-82.63422526099997,45.755479353596975],[-82.61381998799999,45.76259401859958],[-82.60273057799995,45.76064631859881],[-82.59633355099997,45.753705739596356],[-82.57461317399998,45.7513126865955],[-82.56294162399993,45.755189775596904],[-82.5491981339999,45.74659046459372],[-82.53502604199993,45.752973792596066],[-82.51953016599997,45.74908144559467],[-82.50841200199991,45.74039498959162],[-82.51291395499996,45.73067615858802],[-82.4998909509999,45.722979353585316],[-82.48416883799996,45.7245292395859],[-82.47929958799995,45.71894357358389],[-82.48441786099994,45.708353905580104],[-82.45222222299992,45.69692439457596],[-82.43658420199993,45.697139238576014],[-82.42086480099991,45.70574234757902],[-82.41072374199996,45.70521805557885],[-82.38989095099996,45.69575713157553],[-82.37988878099995,45.701170881577426],[-82.36297526099997,45.697348521576004],[-82.35483723999994,45.68710119357237],[-82.32584418499991,45.68813404357269],[-82.31574924099989,45.6803458225699],[-82.31864095099995,45.668951101565845],[-82.29261827299996,45.66093298056288],[-82.2868077259999,45.668077009565536],[-82.26972710599989,45.66757618256534],[-82.26458984499995,45.65906388056226],[-82.27511881599995,45.65216548355971],[-82.26658040399994,45.645769609557526],[-82.24005696699996,45.64015227255535],[-82.21784885099999,45.638524261554856],[-82.21540310399996,45.62740141855082],[-82.19681315199992,45.6259999155503],[-82.19683105499993,45.61075767354472],[-82.18624783099995,45.61188404354514],[-82.17258355099992,45.60621828554322],[-82.14955023999991,45.60664790554333],[-82.13708604699997,45.60079517654117],[-82.13263075199993,45.59324600953851],[-82.11415744399994,45.5993486435407],[-82.09797146299995,45.59802377354016],[-82.09140842099995,45.591811615537864],[-82.09933539599992,45.578529348533245],[-82.08680067399995,45.571573578530504],[-82.07575954899991,45.57713910253257],[-82.07647949299994,45.55337126752406],[-82.05044650699995,45.55242379752369],[-82.03930392899993,45.558245805525736],[-82.02780924599992,45.555766354524906],[-82.00877495699993,45.557786346525575],[-82.00392578199991,45.58584346253577],[-81.99191514799995,45.59575157053934],[-81.96408257499996,45.60209603954163],[-81.95339735299993,45.60055537654109],[-81.93324381599996,45.60941490054424],[-81.92921169799996,45.620070960548134],[-81.91822428499991,45.631307125552176],[-81.90176378099994,45.638323863554746],[-81.89500325599994,45.652125471559735],[-81.8640825749999,45.67101456456654],[-81.84927083399995,45.66862402056568],[-81.84521267399998,45.68600310257197],[-81.82613064299991,45.68242705357068],[-81.81178168499994,45.68883493057297],[-81.80070583799993,45.68282337457085],[-81.78521701499987,45.692945987574454],[-81.76159722299994,45.698295447576406],[-81.75347819099993,45.69285762257445],[-81.74681966199995,45.67917218356949],[-81.74951931499997,45.672425154567065],[-81.78511935799995,45.66363961856392],[-81.79370225799991,45.65884544256213],[-81.8069297969999,45.64252966055625],[-81.81602267899993,45.63655187655417],[-81.83807128999992,45.631953759552395],[-81.86046549599996,45.61890715554773],[-81.88179579099992,45.601064612541286],[-81.88309624599995,45.588436981536645],[-81.88902506599997,45.5741124375315],[-81.90585015299996,45.571128225530494],[-81.90936415,45.57653838153231],[-81.89762478399996,45.59909053254055],[-81.90753526599994,45.601555335541455],[-81.91705837799992,45.5961544025395],[-81.94214464099997,45.59345291853844],[-81.95478244399997,45.58503298353549],[-81.98550075999994,45.570272715530095],[-81.98762207099998,45.56493864952815],[-82.00201551699996,45.56087750652668],[-82.01250271299995,45.55368512352413],[-81.99586425899993,45.550652083522955],[-81.98186089499995,45.551492198523306],[-81.97516872899995,45.54325713152035],[-81.94928493999996,45.544329383520676],[-81.93715657599994,45.570751570530206],[-81.92208604699991,45.56441713852799],[-81.92608561299993,45.55924379852615],[-81.91985839899993,45.55035551952292],[-81.92572211499996,45.54360320052039],[-81.9014355479999,45.53521730951738],[-81.90426269599999,45.530692434515714],[-81.86765353799991,45.52300715851294],[-81.84416666699994,45.51505990651005],[-81.80920084699991,45.526668250514206],[-81.79171495299994,45.538042694518396],[-81.77986382499992,45.55770157552562],[-81.76567599899994,45.572988644531115],[-81.75905978799989,45.584071136535165],[-81.72989095099993,45.605473792542924],[-81.71541395499995,45.60852934854393],[-81.71426920699993,45.61885988754774],[-81.69865614199995,45.64509869755719],[-81.66360568699994,45.6706099005664],[-81.64707899399994,45.68769879557262],[-81.65415527399995,45.69682551757583],[-81.66791992299994,45.69629566457573],[-81.6682362199999,45.70652732757937],[-81.62652506599993,45.72297379258529],[-81.61422037799997,45.7308524815881],[-81.5956407339999,45.74972841759481],[-81.58638020899994,45.76358658559981],[-81.57787217999999,45.78440072660734],[-81.57971245699997,45.804362681614464],[-81.59735460099992,45.805007144614684],[-81.62755045699997,45.78936824260904],[-81.64657769199991,45.7921404596101],[-81.65346950999997,45.789362545609144],[-81.69624674599997,45.78915278860893],[-81.704497614,45.78669334260817],[-81.71480577299997,45.7973404516119],[-81.71296006999991,45.804348439614394],[-81.68432345999997,45.81629301961871],[-81.66664062599992,45.82766481962276],[-81.6593326829999,45.8355407276256],[-81.65902506599997,45.84880712563031]],[[-81.46444444499997,45.576836232532514],[-81.47297417599998,45.575286821531975],[-81.48516113399994,45.558669728525935],[-81.47860026099991,45.55444738452438],[-81.45650390699994,45.55059620152295],[-81.45243543899994,45.564863440528185],[-81.46444444499997,45.576836232532514]],[[-80.45760742299994,45.56685189852888],[-80.45485839899996,45.56046551852653],[-80.439038629,45.552134966523504],[-80.42301215399992,45.55820247052566],[-80.42780381999992,45.57047379253015],[-80.43375325599995,45.57244048053097],[-80.45760742299994,45.56685189852888]],[[-80.44569715799993,45.53427987751703],[-80.44652506599992,45.527423797514516],[-80.4575981999999,45.524084903513334],[-80.47376410699997,45.51131695950871],[-80.44180826899994,45.49400209950234],[-80.43045952799996,45.49156306650146],[-80.42291937999993,45.49694548550345],[-80.42125271299992,45.508430064507586],[-80.43126247899993,45.51540041451014],[-80.42679144999994,45.52605132051399],[-80.42986382499993,45.53611032151767],[-80.44569715799993,45.53427987751703]],[[-80.43007975299994,45.48894058950052],[-80.44458062099991,45.486590464499656],[-80.44818467999995,45.47601503849577],[-80.43988010099993,45.471312686494095],[-80.42735297399996,45.47326303149478],[-80.42375325599991,45.48324234749841],[-80.43007975299994,45.48894058950052]],[[-81.75137966699992,45.4673127134926],[-81.73386067799999,45.4730478484947],[-81.70293240099994,45.52290156751289],[-81.70927571699997,45.528318912514806],[-81.72576877299998,45.52703391851438],[-81.75402560799994,45.51861683151132],[-81.78620279999993,45.51605850951046],[-81.81088541699995,45.50276105150558],[-81.8170638029999,45.49270157550183],[-81.81041937999993,45.486890893499776],[-81.82491807799991,45.47774097749641],[-81.82958062099988,45.4638398134913],[-81.82594184099993,45.44765688448542],[-81.81967556499995,45.444956010484475],[-81.8058832469999,45.45158490348687],[-81.80097493599996,45.43909046448223],[-81.78862141999996,45.44454985548433],[-81.75137966699992,45.4673127134926]],[[-81.59294270899991,45.552719886523704],[-81.58380479699994,45.57541092653194],[-81.59588975799994,45.57501840253186],[-81.60568684999996,45.56932768752975],[-81.59903537399995,45.55213544052351],[-81.59294270899991,45.552719886523704]],[[-82.94018391999991,45.6366024685541],[-82.94431586499994,45.64493132555721],[-82.93320475299998,45.65524341856095],[-82.93237141999994,45.667794756565414],[-82.93818413699992,45.67676041356871],[-82.93536024399995,45.68493003757163],[-82.97206814299992,45.69052824957376],[-82.97590386399997,45.678687090569305],[-82.9673969189999,45.66827998556556],[-82.97533582999995,45.66496781156437],[-82.96331542999995,45.64224652455619],[-82.94018391999991,45.6366024685541]],[[-84.41727891799995,45.721911984584914],[-84.40607123599995,45.72208796858497],[-84.39347493599993,45.72744990758695],[-84.39415445999992,45.735313676589655],[-84.38654188399994,45.74269601459233],[-84.37090223599994,45.74612659759361],[-84.3696120879999,45.7565686955973],[-84.35517578199995,45.770509938602345],[-84.39252766999992,45.7839985056072],[-84.40383327999996,45.784789588607424],[-84.41130995099994,45.79983889161285],[-84.43311794799995,45.78631322960809],[-84.49373372499997,45.80527264761474],[-84.50320800899992,45.810768253616764],[-84.5391338439999,45.808070092615715],[-84.5776969409999,45.81981725762002],[-84.59047770299993,45.81231067961733],[-84.58133816299994,45.80199444961366],[-84.54966417199992,45.789737301609286],[-84.52373236799991,45.76100798559899],[-84.50764539999996,45.75315940759608],[-84.50448893299995,45.7412399875918],[-84.48197048699996,45.72964602058766],[-84.46726698199988,45.73203459758849],[-84.45315239899998,45.7276047335869],[-84.43398952999996,45.72850127158718],[-84.41727891799995,45.721911984584914]],[[-82.9750217019999,45.76445294560017],[-82.99949218799993,45.76404916460004],[-83.00998372499998,45.752334483595725],[-83.00393825999994,45.74385310559276],[-82.98271647199994,45.74351178359265],[-82.98219075599994,45.75536216659689],[-82.9750217019999,45.76445294560017]],[[-83.13346679799997,45.83603741862577],[-83.12472222299994,45.83061546162386],[-83.10733778299992,45.83446786562528],[-83.10388292199995,45.84453086762891],[-83.11530436299991,45.84584990462917],[-83.13235568699997,45.84130515962768],[-83.13346679799997,45.83603741862577]],[[-84.61707004199997,45.84686546162961],[-84.6027072489999,45.85046524763091],[-84.60710394999991,45.85971309163426],[-84.62883734899997,45.88211780864215],[-84.6462041569999,45.884227386642955],[-84.65014133099994,45.859045502634004],[-84.63724012699997,45.85158910863134],[-84.61707004199997,45.84686546162961]],[[-83.47646918499996,45.87298186263894],[-83.47624186299997,45.88708234064396],[-83.46576605999996,45.89686017264743],[-83.45193576499994,45.895309268646905],[-83.44088161999997,45.88823502364438],[-83.43711968399994,45.87994827964146],[-83.42654351199997,45.88272571864238],[-83.4101898879999,45.87579144663993],[-83.3638113069999,45.85104731963112],[-83.35583333399995,45.849226573630546],[-83.33885525299996,45.862830495635286],[-83.32858452799996,45.86093657463459],[-83.30346679799999,45.87186017263851],[-83.29037760499992,45.89277257964598],[-83.26411132899989,45.90528254965039],[-83.26319281799994,45.91578357965409],[-83.26783203199992,45.9316257976598],[-83.2623665369999,45.94571081266478],[-83.26608886799993,45.958479570669255],[-83.27647949299993,45.958867347669354],[-83.28716254399994,45.952524980667114],[-83.29250759599994,45.96096159967012],[-83.30587673699993,45.96561044367183],[-83.31042860299992,45.95737944566888],[-83.32659722299995,45.96063255167002],[-83.34070258299994,45.97936546167662],[-83.34443033899996,45.99008760968042],[-83.36233778299997,45.99342006168156],[-83.38210340799994,45.98628318667896],[-83.40972764799993,45.98553184367876],[-83.4356770839999,45.967183387672364],[-83.43401584299994,45.95447756366791],[-83.44518012199994,45.942730397663716],[-83.46144585599993,45.94042238766282],[-83.47373589499995,45.931524478659725],[-83.48265625099997,45.90462791365016],[-83.49122395899992,45.90040143164862],[-83.49167209299998,45.89252165764585],[-83.48127115999992,45.88393075564282],[-83.47646918499996,45.87298186263894]],[[-83.58153049099997,45.91632401265438],[-83.56700683699995,45.923422061656815],[-83.54903618799992,45.91686281765456],[-83.5379454219999,45.923093624656694],[-83.52804606199994,45.917701575654824],[-83.51010281099992,45.929953773659136],[-83.5137353519999,45.93716663666171],[-83.49791124199997,45.950359656666365],[-83.49958062099992,45.96013518366982],[-83.48135850799997,45.97184871167404],[-83.47248426699998,45.98488629567857],[-83.48742838599998,45.99940093068371],[-83.50623426699993,45.99489016068212],[-83.51834906799994,46.00927306168723],[-83.53036946699994,46.006377621686205],[-83.54075954899996,46.01751240069005],[-83.54263753299992,46.036887366696945],[-83.55518744699998,46.06006363670497],[-83.56959716899996,46.06575157070706],[-83.57622857099992,46.084340912713564],[-83.58628852099997,46.09047379271574],[-83.59813123999997,46.0903291737157],[-83.63655897399995,46.103806447720345],[-83.66083333399996,46.09977466871895],[-83.68093234699991,46.10161236971965],[-83.71931396599993,46.10074319471939],[-83.72879069099996,46.089099450715146],[-83.72101426899997,46.082033071712765],[-83.70679362099995,46.07657374771087],[-83.68392578199996,46.07299223870961],[-83.67211669999996,46.05195514970218],[-83.68840033699993,46.045861467700064],[-83.68935980999996,46.03446793369611],[-83.71267795199998,46.03941378169785],[-83.72822157199994,46.03436559769603],[-83.73823052399997,46.02324092369207],[-83.76016357499998,46.02658490369329],[-83.77384006199996,46.01056036068763],[-83.77918348599994,45.99919900568367],[-83.79423611199994,45.9959570896825],[-83.79597629199998,45.98763935367962],[-83.80737494699996,45.98297935367796],[-83.81691921699993,45.992969181681445],[-83.82494222099994,45.991655026680945],[-83.83281928199995,46.00534053268581],[-83.82486382499992,46.01680880068986],[-83.82971137199996,46.02326591369208],[-83.84314046299991,46.026818600693375],[-83.87817572799999,45.98864460267983],[-83.87886501799994,45.97756031367599],[-83.86107964499996,45.976044132675476],[-83.83254801499999,45.963614051671065],[-83.81816324899995,45.96463978167142],[-83.80263617699997,45.95214602066696],[-83.80205240999996,45.94053353966296],[-83.78620198599995,45.93267994266017],[-83.76957790899992,45.95449472066789],[-83.75681776299992,45.94889983166585],[-83.74893826,45.94067378466295],[-83.73928249899993,45.93919632666239],[-83.72486897899992,45.94519011466449],[-83.71596245699999,45.93554154166115],[-83.70500217099996,45.93447518966073],[-83.69746337999995,45.9428223576637],[-83.68924424999992,45.93516319166104],[-83.67430826899991,45.94103490966311],[-83.65396647199992,45.94266319166372],[-83.63067247299993,45.95811254566917],[-83.61977294999997,45.943647145664066],[-83.63147216899992,45.93760330966189],[-83.6313264979999,45.929149600658896],[-83.61761908699995,45.93159046465974],[-83.61789930599994,45.94229325066345],[-83.60182915699994,45.93889372766227],[-83.60791937999991,45.929923797659214],[-83.60319173299993,45.92444365465725],[-83.58153049099997,45.91632401265438]],[[-84.37671468199991,45.93210417765989],[-84.37660942999995,45.94030689566285],[-84.35707194099994,45.93857885466226],[-84.34490885499993,45.944568505664286],[-84.35661078599998,45.957587575668974],[-84.37278835799991,45.96509442567167],[-84.37471164399993,45.974820512675],[-84.38756022200002,45.98767149867958],[-84.40502197299995,45.98180873367748],[-84.417149523,45.97308630067436],[-84.42060085799994,45.958022485669076],[-84.40105170399991,45.94298525366373],[-84.37671468199991,45.93210417765989]],[[-84.62741943399998,45.95664817666855],[-84.61289957799993,45.966981632672244],[-84.62001383499995,45.974636051674906],[-84.63547770299992,45.98039688867701],[-84.64160129199996,45.9716447856739],[-84.62741943399998,45.95664817666855]],[[-84.33680013099996,45.96687075167226],[-84.34816189299993,45.965780595671845],[-84.35374376199995,45.958874942669354],[-84.32174533499993,45.955018063668014],[-84.31697292799998,45.96588008367181],[-84.32855034799994,45.9712258136737],[-84.33331732899993,45.98510876867869],[-84.34765380899997,45.991881398681045],[-84.3510300029999,45.984438704678425],[-84.33768147899995,45.975289195675266],[-84.33680013099996,45.96687075167226]],[[-83.76994222099994,46.04353992769923],[-83.74973090399997,46.04457752569959],[-83.74252929799997,46.054545176703144],[-83.74985324499994,46.063262149706205],[-83.76231038499994,46.06566150970699],[-83.77436279399993,46.049099382701264],[-83.76994222099994,46.04353992769923]],[[-83.94349175399996,46.06181954970574],[-83.93564995699995,46.06898856970821],[-83.92380642399996,46.07158368270902],[-83.90572726899995,46.081014869712426],[-83.89070122699992,46.083896033713394],[-83.88956380299996,46.09406594871692],[-83.8960145409999,46.104079512720475],[-83.89222357899995,46.11827703572546],[-83.87847520699994,46.13101822672987],[-83.89319173299997,46.14932467073631],[-83.87850857299998,46.15711072173906],[-83.86104492299992,46.15347214473774],[-83.85626926099992,46.14604623473518],[-83.83718722999998,46.13554489873153],[-83.81666802399992,46.13480783173129],[-83.809030491,46.144335554734575],[-83.81366916299996,46.148934452736206],[-83.81247233199997,46.16233590774082],[-83.79718424599996,46.167992306742775],[-83.78683268299989,46.18453157974866],[-83.79951660199995,46.197759694753174],[-83.7890304909999,46.20686824275632],[-83.77264160199996,46.21257652175838],[-83.78090359199994,46.22766705676353],[-83.79613796699991,46.22702171176339],[-83.80982042199994,46.21770157576014],[-83.82267089899993,46.235735158766396],[-83.84068603599997,46.23824600976726],[-83.84197347099993,46.250941423771664],[-83.83235243099992,46.251595381771864],[-83.83592502299992,46.262088409775515],[-83.85143961699997,46.264661278776465],[-83.87731580999997,46.25445820177284],[-83.8937228739999,46.26211763877557],[-83.90540717299996,46.27695952378071],[-83.92084228599995,46.29084748078549],[-83.93295654399995,46.29603019578722],[-83.94852539099998,46.28663478278406],[-83.97475070599995,46.309627590791926],[-83.99256537599993,46.31151344179259],[-84.0045806209999,46.300473792788836],[-84.01672987299997,46.299111657788345],[-84.03039822099996,46.29242815578596],[-84.053843859,46.288743259784766],[-84.07446506199992,46.29661041978751],[-84.08020317999991,46.30983316079203],[-84.09632704099991,46.31747330479469],[-84.11374620299992,46.31246928679297],[-84.10680826899994,46.288556847784704],[-84.11034803699992,46.27274630077921],[-84.09486382499993,46.25654394277361],[-84.10373670899992,46.24015206976792],[-84.093021648,46.22859045176395],[-84.08411404199988,46.227932932763686],[-84.07633029599997,46.21594267875944],[-84.07766547399993,46.204594852755534],[-84.07120035899995,46.19111398375087],[-84.05513482099992,46.17948407374683],[-84.03067030199995,46.17104677774393],[-84.01304497699988,46.16026847774008],[-83.99576687399991,46.15449804373813],[-83.99333143499994,46.14370424773431],[-83.98097493599991,46.13158490373005],[-84.00074218799995,46.12683880972851],[-83.97873670899999,46.11491789772431],[-83.96825276799991,46.10569043372104],[-83.95455946299995,46.087586558714705],[-83.95336669999993,46.0717839467092],[-83.94349175399996,46.06181954970574]],[[-83.98057156099998,46.07017519570859],[-83.97542697599991,46.073187754709565],[-83.99989230799997,46.09500165171736],[-84.01318413699991,46.08870092471508],[-83.99310411299992,46.07442995571003],[-83.98057156099998,46.07017519570859]],[[-84.20910590399997,46.322377224796284],[-84.21052490299996,46.30507392779033],[-84.20458604699994,46.304090464790114],[-84.21013617699995,46.28433357178317],[-84.20044135299996,46.275485134780105],[-84.18760877899996,46.27045678777839],[-84.17821723199995,46.25833627377421],[-84.17595269199992,46.24365586076914],[-84.14654161299995,46.22744102376355],[-84.13068684999996,46.23246425076525],[-84.10153049099992,46.25451608377291],[-84.11494791699991,46.26516675177658],[-84.12486463799998,46.27884768078133],[-84.12917263499995,46.30418730779002],[-84.13767144199991,46.31606852979422],[-84.15155761799996,46.32214045979618],[-84.18221950999998,46.325273122797356],[-84.20910590399997,46.322377224796284]],[[-84.13652506599995,46.325201575797315],[-84.11482476199993,46.32052794479566],[-84.11914849299991,46.33373868180029],[-84.13031521299992,46.352343858806634],[-84.14067572799992,46.363719421810536],[-84.15263509199995,46.369045247812444],[-84.14852810399996,46.374756731814344],[-84.15973442999993,46.38985157381958],[-84.17243272599993,46.39479969382125],[-84.17957492499991,46.40658595482527],[-84.18971110099993,46.410771915826736],[-84.1931545689999,46.42828843783269],[-84.18485405899997,46.43887881683642],[-84.18543158699995,46.447131354839065],[-84.176588,46.45949162684349],[-84.15007161499993,46.47056886384711],[-84.14864583399998,46.48936104585359],[-84.13631103599994,46.509489053860456],[-84.11847493599994,46.51592085186263],[-84.13322211499994,46.53005718786741],[-84.15051567999993,46.52873305586698],[-84.16041395499995,46.52380712886533],[-84.1816937939999,46.522448057864835],[-84.19594943699995,46.5280146378667],[-84.20119330599992,46.53587251886943],[-84.21721354199991,46.53401212886873],[-84.24153049099986,46.508295146860064],[-84.2578971359999,46.49409091385522],[-84.28329264399997,46.4890175788535],[-84.28556532199995,46.47120381584732],[-84.27574625699998,46.458534909843024],[-84.25879069099992,46.45881268684318],[-84.24399712499995,46.45266369184108],[-84.24569173299992,46.44388882883811],[-84.23319797199989,46.41911893082957],[-84.23282606399994,46.40456591182462],[-84.22654351199998,46.39131305982001],[-84.18540120499992,46.36720844581182],[-84.17153238999995,46.36439870981084],[-84.17874728799995,46.35245092480672],[-84.17452826699993,46.334762241800576],[-84.15225667399991,46.32631268679774],[-84.13652506599995,46.325201575797315]],[[-83.95931694999996,46.31145291579266],[-83.96123345299996,46.30013375878866],[-83.94472222299996,46.28978212878513],[-83.92411132899994,46.30813073779141],[-83.93591552799991,46.31753918879472],[-83.95126709099992,46.319078138795184],[-83.95931694999996,46.31145291579266]],[[-82.37846571299994,46.14848740373597],[-82.39765191099994,46.14390929173445],[-82.42683593799994,46.144879208734785],[-82.4472428389999,46.13927970773282],[-82.48170193199994,46.13929564473281],[-82.49799479199994,46.14234133273389],[-82.50020236599991,46.1368241277319],[-82.48018066499995,46.13471800773123],[-82.47156195799988,46.1305035987297],[-82.44178765299993,46.12845118972896],[-82.4359700529999,46.12456497972767],[-82.40896538699994,46.13345118973072],[-82.38939832999993,46.128116750728964],[-82.38384982699995,46.134355119731076],[-82.37078830399996,46.13483692473122],[-82.3687554259999,46.146916663735496],[-82.37846571299994,46.14848740373597]],[[-82.27828450599998,46.13597628173161],[-82.24434027899993,46.12584241072811],[-82.22926486599991,46.1259952027282],[-82.23252170199999,46.13713795073204],[-82.25146755699993,46.13719515373206],[-82.27346191499998,46.1414251277337],[-82.27828450599998,46.13597628173161]],[[-82.2652300359999,46.12652013872835],[-82.26926486599992,46.13047379272978],[-82.29060546999993,46.12499005572789],[-82.28995496999991,46.118837338725704],[-82.27000000099996,46.11644879572486],[-82.2652300359999,46.12652013872835]],[[-82.21962131199993,46.11902502172565],[-82.24346679799994,46.1177261257253],[-82.24957790899995,46.10897103972223],[-82.24222222299994,46.105059906720854],[-82.21275336499994,46.11520049072443],[-82.21962131199993,46.11902502172565]],[[-82.27016276099992,46.108551490722014],[-82.28983127299995,46.11130712572297],[-82.30180284399992,46.1199237977261],[-82.31402506599991,46.11578425872463],[-82.30843587299995,46.102990000720034],[-82.30050727099992,46.099019935718665],[-82.27009277399998,46.10431076772054],[-82.27016276099992,46.108551490722014]],[[-81.84722222299996,46.06394879570639],[-81.88211317399997,46.05409046470291],[-81.89639160199994,46.054631846703224],[-81.90597493599991,46.048183550700855],[-81.92465115099994,46.04643302770025],[-81.93625271299993,46.05043198370172],[-81.95077419799998,46.04908320870123],[-81.95736924999991,46.0285241266939],[-81.95665581699994,46.01172633568808],[-81.93709906799992,46.00242010168476],[-81.91678765299997,45.98906822068001],[-81.89320258299992,45.98796256867972],[-81.88727159399996,45.99560901968236],[-81.87226562599993,45.994593089681985],[-81.85600206199996,46.00040051668408],[-81.84482476199994,45.99629647868252],[-81.82188422399992,45.99406303268179],[-81.8127229829999,45.98394879567825],[-81.81013888999993,45.97352365167456],[-81.79653862899991,45.97421300967487],[-81.80146050399996,45.9831731406779],[-81.77425944099997,45.98991823768036],[-81.76730794399995,45.98202472967754],[-81.74872016099991,45.98019601467689],[-81.73503797799997,45.97242590067423],[-81.73347819099992,45.990360470680514],[-81.73933919399994,46.002361304684705],[-81.75160590399997,46.0079460216867],[-81.75767523999995,45.9974019276831],[-81.76669270899998,45.99325713168156],[-81.78516221899996,45.99864633268342],[-81.78679253599991,46.00440204968546],[-81.77956108999993,46.01535758868929],[-81.79681369399998,46.023279680692056],[-81.80208604699996,46.029646020694315],[-81.78906087299994,46.03591856969662],[-81.79323513499997,46.05214045970231],[-81.80323079499996,46.04851303870094],[-81.81988010099997,46.048812686701076],[-81.82824056099993,46.06159046470555],[-81.84722222299996,46.06394879570639]],[[-81.84779568199994,45.96825157067273],[-81.85971354199994,45.960335174669986],[-81.87355794399997,45.945751570664726],[-81.86778645899992,45.9402321616628],[-81.87617567399995,45.9206449626558],[-81.86986111199992,45.909904877652075],[-81.85747124599995,45.92590992265771],[-81.83158691499995,45.935403602661104],[-81.84931857699992,45.95052831766649],[-81.84779568199994,45.96825157067273]],[[-81.622607423,45.9416935466633],[-81.61297254899995,45.93019350565918],[-81.60150282199999,45.92832840665853],[-81.584901802,45.94793947766553],[-81.57349934999995,45.9543291796678],[-81.57306640699989,45.96449377167137],[-81.58639214499992,45.964893755671476],[-81.59731662399994,45.95320308166741],[-81.61747667199994,45.947283349665284],[-81.622607423,45.9416935466633]],[[-81.53320475299992,45.96491070967153],[-81.53352376399994,45.95335288866741],[-81.52473958399999,45.94992773166627],[-81.50889973999992,45.95555849566822],[-81.50091308699993,45.967038055672305],[-81.52594509599997,45.97153404167386],[-81.53320475299992,45.96491070967153]],[[-81.35208333399996,45.96880142967296],[-81.3326470279999,45.97045127767347],[-81.29554741799991,45.969841197673276],[-81.27905056499998,45.94992630766625],[-81.27072970999996,45.956304616668504],[-81.24926378099997,45.953821706667604],[-81.24132812599997,45.95984519866967],[-81.22104546499995,45.960201575669814],[-81.2149126529999,45.95020157566637],[-81.19915527399988,45.955124535668034],[-81.19917263499993,45.97963747567673],[-81.17778374599996,45.97843257367634],[-81.17569715799989,45.98492379767863],[-81.1590294059999,45.99517729768226],[-81.17088758799993,46.001029348684206],[-81.21352050899998,45.99632309668252],[-81.22344889399992,45.993338172681526],[-81.24010850799993,45.97356963167455],[-81.25036512699991,45.976536007675655],[-81.23569769999992,45.99072878368063],[-81.24698296499996,45.995466027682376],[-81.26368869399994,45.99354189468161],[-81.29491970599996,45.994760359682104],[-81.3622379569999,45.991263248680795],[-81.39235839899999,45.98634191567906],[-81.38681966199992,45.9765908036756],[-81.35431098199993,45.9763014976756],[-81.35208333399996,45.96880142967296]],[[-81.772390951,45.92324044865681],[-81.74031901099991,45.92318707665669],[-81.75294542199995,45.93354569166047],[-81.77662380699996,45.93833851166206],[-81.78791395499994,45.92550648065759],[-81.772390951,45.92324044865681]],[[-82.19990288699995,45.99047304668049],[-82.19521864199997,46.00006024568397],[-82.197030166,46.01307131368849],[-82.21118381199994,46.02219508569173],[-82.21211317399997,46.03541608069641],[-82.20102376399993,46.038373810697415],[-82.20834255699997,46.05137185770202],[-82.22400282199996,46.05130190370189],[-82.23791232699992,46.05492942670331],[-82.24985839899992,46.04622767870016],[-82.25678548299997,46.034951908696186],[-82.26168457099995,46.0124610636883],[-82.24663682799994,46.00707057368641],[-82.23608344299998,46.01239324668831],[-82.22576063399995,46.008345293686894],[-82.22550889799996,45.9998417736839],[-82.20764594299999,45.98957064168026],[-82.19990288699995,45.99047304668049]],[[-82.35792046499992,46.04181154769871],[-82.3418560119999,46.04428994769947],[-82.32708604699994,46.07321355870975],[-82.34435818199997,46.07574956971051],[-82.34791395499997,46.060911075705285],[-82.3432204869999,46.05771822470416],[-82.35956814299996,46.047165042700556],[-82.35792046499992,46.04181154769871]],[[-82.41905164999997,46.063516564706305],[-82.4012418629999,46.062695438706044],[-82.38682128999992,46.070688636708816],[-82.38854003999992,46.08416045171353],[-82.39557725799995,46.08991572771559],[-82.42123155499996,46.08094867971236],[-82.43291124199996,46.069743439708425],[-82.41905164999997,46.063516564706305]],[[-82.14271647199993,46.05921863870476],[-82.15116644999993,46.06509510370685],[-82.16034722299996,46.063050323706044],[-82.17401692799996,46.04644336970026],[-82.15767469699995,46.03392380469581],[-82.13991916299995,46.03505888969627],[-82.12898491799992,46.042190338698845],[-82.11400119399998,46.043885589699414],[-82.11600531799996,46.050441104701676],[-82.13632649799996,46.04981339270138],[-82.14271647199993,46.05921863870476]],[[-82.03295084699991,46.0429148596991],[-82.0503607859999,46.04052390969817],[-82.05866427999996,46.03558670769639],[-82.071588,46.020202287691],[-82.05790310399996,46.011949283688175],[-82.02993760899992,46.01381519668881],[-82.02236870699996,46.02070450569125],[-82.02676920699994,46.02761504169361],[-82.01986653699998,46.03611615369661],[-82.03295084699991,46.0429148596991]],[[-81.98290744399998,46.038684072697485],[-82.00486382499994,46.029368242694176],[-82.01385470999998,46.02825157069386],[-82.02067491399997,46.01661789668985],[-82.01527777899993,46.00533768468574],[-81.99928168499994,46.01461930068904],[-81.98577148499994,46.01616888168961],[-81.97786566899995,46.03303113169549],[-81.98290744399998,46.038684072697485]],[[-82.55911621199994,46.12735245472865],[-82.54030544799994,46.131868242730185],[-82.54766276099991,46.14271815673401],[-82.58120931099994,46.152696014737565],[-82.5977528219999,46.149105214736245],[-82.61537652,46.14937315973629],[-82.62922037799996,46.140302351733204],[-82.6124386939999,46.13860140373257],[-82.60893012199995,46.13403343073101],[-82.58915364699999,46.13123781772997],[-82.55975260499989,46.13456755673116],[-82.55911621199994,46.12735245472865]],[[-82.97911512699994,45.97158239467391],[-83.00611111199994,45.95960777166971],[-82.97757704099996,45.95778668566897],[-82.97014431499994,45.96336733367097],[-82.97911512699994,45.97158239467391]],[[-82.62788682799999,45.961879364670445],[-82.65739583399996,45.957649899668944],[-82.66675130299993,45.96120743567018],[-82.67684407599994,45.95740765766889],[-82.69617784399995,45.956373789668575],[-82.7106787119999,45.94445158966428],[-82.70263075199992,45.92409616165703],[-82.71653645899993,45.92296843565658],[-82.72290744399996,45.93231169666],[-82.73099555199994,45.93074723065943],[-82.73819173299995,45.91928726965538],[-82.73489095099993,45.91381268665338],[-82.71293511399995,45.912723955653],[-82.69640245299996,45.897454722647666],[-82.68460829099996,45.89214602064572],[-82.66520128099992,45.89130712564545],[-82.64805555599995,45.887282128643946],[-82.62226074299991,45.8952898056469],[-82.61970594699993,45.901654890649134],[-82.60419813399993,45.898797902648084],[-82.59073784799993,45.90075808064879],[-82.58888183699996,45.907071082651115],[-82.57709526999997,45.913513885653295],[-82.570635851,45.937471744661764],[-82.57255479699994,45.95834163166917],[-82.59136881599991,45.95711557066875],[-82.60892361199993,45.96189740367035],[-82.61700249599993,45.97097624767379],[-82.62788682799999,45.961879364670445]],[[-81.06015353799994,45.93382326666057],[-81.04681803499994,45.931006900659604],[-81.03097493599994,45.941835554663356],[-81.03095811699995,45.949634423666105],[-81.04388509199998,45.94979080966614],[-81.04875271299991,45.94030085966285],[-81.06015353799994,45.93382326666057]],[[-81.61685818199996,46.06009890170502],[-81.6083854169999,46.05141180170201],[-81.59900933199997,46.05875578870459],[-81.56816189299997,46.05979311470501],[-81.5731429039999,46.06936268170825],[-81.58934733199999,46.0671175037076],[-81.62369845999993,46.07186268170914],[-81.63842176699995,46.064057539706496],[-81.61685818199996,46.06009890170502]],[[-81.64105685799996,46.0862786767143],[-81.63098741399992,46.09848048671851],[-81.65359917599991,46.101142771719516],[-81.66182617299992,46.09226147871636],[-81.64105685799996,46.0862786767143]],[[-80.33627495699994,45.424362681476865],[-80.34848524399993,45.41886212547483],[-80.339025066,45.41381268647299],[-80.3565473099999,45.40436817446949],[-80.35112901599994,45.39042299746437],[-80.3375981999999,45.37714595245956],[-80.31821451899994,45.39716087246692],[-80.32236382499994,45.40946759447142],[-80.3400211599999,45.420403127475375],[-80.33627495699994,45.424362681476865]],[[-80.09683593799996,45.33107010644253],[-80.09428168499994,45.3269500974411],[-80.10646538699993,45.312278466435615],[-80.1270079219999,45.31160545243535],[-80.13314290399993,45.31686817443736],[-80.15711317399996,45.32460390544022],[-80.18401367299994,45.328242957441475],[-80.19284613799991,45.320526214438694],[-80.20218967099999,45.32079341343872],[-80.21527994899998,45.313935910436236],[-80.22511447599999,45.29967307943095],[-80.21430284399993,45.27480003242175],[-80.2026302089999,45.26548484641833],[-80.1935617409999,45.2448054574107],[-80.18050130299993,45.24432178741057],[-80.16496148099993,45.236123138407336],[-80.15431369399994,45.25408212341402],[-80.16500434099996,45.2641529234179],[-80.14242350299993,45.268716590419544],[-80.14625271299994,45.27575163842215],[-80.12989095099992,45.28047386042382],[-80.11203938899996,45.27747988242275],[-80.09427625899995,45.2866069444262],[-80.06958604699994,45.28974781342739],[-80.07819335999991,45.295670122429534],[-80.066019424,45.30281923743211],[-80.05645670699992,45.313356618436025],[-80.05885796499987,45.323320540439674],[-80.04846950999992,45.3335165304435],[-80.06321614699993,45.337679399444944],[-80.07610297399994,45.34613629544812],[-80.09124186299991,45.34549054344787],[-80.097925348,45.3390959574455],[-80.09683593799996,45.33107010644253]],[[-80.09069444499991,45.27725798542268],[-80.12163357299991,45.27299122142103],[-80.13525607699995,45.26888558941954],[-80.13645236599996,45.2580300124156],[-80.12486870699992,45.25758092941535],[-80.1208333339999,45.25339323941385],[-80.11433539599994,45.258234005415666],[-80.10746093799996,45.26906069341962],[-80.09069444499991,45.27725798542268]],[[-80.26647569499991,45.259946516416235],[-80.24986653699992,45.271618744420564],[-80.2582004129999,45.28103714742409],[-80.26879665899993,45.2820704044244],[-80.27266547399991,45.258528059415774],[-80.26647569499991,45.259946516416235]],[[-81.71763563399995,45.28849089542686],[-81.70926269599994,45.29362571542881],[-81.71107964499998,45.30943626243463],[-81.73077582499992,45.317933984437666],[-81.73507432799991,45.327499413441295],[-81.75194118999994,45.317503754437524],[-81.73927191899995,45.311627017435356],[-81.74298285699993,45.299303612430826],[-81.73679796099994,45.2922876894282],[-81.71763563399995,45.28849089542686]],[[-80.22777777899992,45.32811546144146],[-80.23347222299998,45.317173621437455],[-80.21458875899995,45.31664356543729],[-80.21005045699997,45.322015472439276],[-80.19577419799995,45.322434309439366],[-80.19439181899996,45.33074906144247],[-80.21541178499993,45.3257475694406],[-80.22777777899992,45.32811546144146]],[[-81.41779025699995,44.95002993130036],[-81.40861111199997,44.93839323929592],[-81.39790201899994,44.94376501129784],[-81.39504937099997,44.9593551533038],[-81.41463921499994,44.9585341633035],[-81.41779025699995,44.95002993130036]],[[-83.43249240499992,43.83732824386509],[-83.42205837799995,43.83266895486335],[-83.42179362099995,43.82530838686037],[-83.43670572999991,43.82211421385902],[-83.44633789099998,43.834731129864146],[-83.45243760899996,43.83376053486381],[-83.46070258299994,43.81407683285586],[-83.44893391999994,43.811520951854774],[-83.43436306499996,43.81989578885817],[-83.41480957099995,43.815201506856255],[-83.40724663699991,43.821381519858775],[-83.41269531299996,43.83198997286307],[-83.42492350299995,43.841029414866654],[-83.43249240499992,43.83732824386509]],[[-80.03722222299994,45.16061546137936],[-80.04957465399993,45.17047562338307],[-80.07121365099992,45.176290782385195],[-80.07985839899997,45.16850228938229],[-80.07498914999992,45.16269608238007],[-80.08653917199993,45.15534853437741],[-80.05369737499996,45.15408375037692],[-80.03290690199992,45.13853145037116],[-80.02320312599991,45.12601205436649],[-80.00589952299995,45.12942392036768],[-80.01676920699995,45.1380724663709],[-80.01525553499991,45.146774858374215],[-80.02432779999995,45.15570742137748],[-80.03722222299994,45.16061546137936]],[[-79.87317382899994,44.935949120294886],[-79.85347764799994,44.935780256294976],[-79.84933702299995,44.92687400629153],[-79.83468044799994,44.92919741129239],[-79.85105143299997,44.94269350529745],[-79.8663210729999,44.94919659830002],[-79.87666666699994,44.946832367299216],[-79.87317382899994,44.935949120294886]],[[-79.84737847299994,44.90064136728154],[-79.85653049099992,44.90075150228158],[-79.87126519199992,44.89327523827873],[-79.8794482429999,44.863041405267346],[-79.87986382499993,44.84131248325907],[-79.86596950999996,44.845142100260496],[-79.85402452299991,44.88965531127742],[-79.84252387199993,44.88653600727635],[-79.83811740499992,44.8718948942706],[-79.82596950999994,44.88186817427443],[-79.84737847299994,44.90064136728154]],[[-80.10744466199995,44.87101205427035],[-80.12078938899997,44.87066266227022],[-80.12040798699995,44.88381058427517],[-80.13768608999996,44.87609397727231],[-80.12155870299992,44.86888938726956],[-80.12816894599996,44.86069846926645],[-80.12877604199994,44.841904524259235],[-80.11291124199991,44.839370751258265],[-80.09932183199994,44.84351625925988],[-80.09675184499993,44.8611182552666],[-80.10744466199995,44.87101205427035]],[[-80.15537977499994,44.84155418225912],[-80.15725965799997,44.855445648264485],[-80.16922417599993,44.85897049626572],[-80.17672634599995,44.87349306627128],[-80.20079047399996,44.85831687726555],[-80.21236762199999,44.85630122526483],[-80.237838,44.881435367274264],[-80.23972981900002,44.8637764042676],[-80.23322753999993,44.859778059266134],[-80.24684136399998,44.83751094225765],[-80.23536783899993,44.8256227862531],[-80.21596462799992,44.815206662249125],[-80.21535047799998,44.805109005245235],[-80.19282497899997,44.79125958623998],[-80.18282063899993,44.793130652240656],[-80.19068684999998,44.80400671024485],[-80.18820204099993,44.811317773247566],[-80.17267849499994,44.8210048662513],[-80.15626247899996,44.82391570025239],[-80.15101074299996,44.82885547925432],[-80.15537977499994,44.84155418225912]],[[-80.96469672399994,44.829726925254654],[-80.96426920699997,44.84775983026151],[-80.97063476599993,44.853241872263595],[-80.98820475299993,44.84548688126059],[-80.99539225299998,44.82434240425263],[-80.9830555559999,44.821171017251416],[-80.96469672399994,44.829726925254654]],[[-80.92426595099991,44.82791730125402],[-80.89487738799994,44.829184390254376],[-80.88947753999999,44.84967986026218],[-80.90037055199994,44.85991369326618],[-80.91042209299991,44.86020408426624],[-80.92504720099997,44.84281896625966],[-80.92426595099991,44.82791730125402]],[[-80.95902181099994,44.885256032275684],[-80.95845486199993,44.8971580232802],[-80.97621799099993,44.906403629283666],[-80.98327365499992,44.89955629828114],[-80.98402235299994,44.886955115276315],[-80.97941406299994,44.875095442271856],[-80.97055555599998,44.867004350268815],[-80.95902181099994,44.885256032275684]],[[-80.19841742699997,44.905397634283446],[-80.19354492299993,44.89828595328061],[-80.18102973199993,44.89362544427897],[-80.16370822599997,44.89894404828097],[-80.16039442399989,44.90737937728411],[-80.16410102099996,44.91630203928753],[-80.18835774799996,44.91159555028576],[-80.19841742699997,44.905397634283446]],[[-80.01349880699996,44.89353863927884],[-80.00017523999995,44.89489375527941],[-79.99222602099991,44.90016054628139],[-79.99240180199992,44.91310352628626],[-80.00062066099997,44.919979204288886],[-80.01010850799997,44.912817339286185],[-80.01690104200001,44.8978504332805],[-80.01349880699996,44.89353863927884]],[[-83.18000000099991,42.00894879408993],[-83.17041937999996,42.02133974409545],[-83.17998101199994,42.02718908209811],[-83.19314019199997,42.027101734098025],[-83.20655978799994,42.039390688103545],[-83.18862467499991,42.04070931910404],[-83.18430826899998,42.04912837310775],[-83.19097927599995,42.06105518511301],[-83.19063313899994,42.07263640211818],[-83.18566840399994,42.08661263912439],[-83.17311035199994,42.093106780127314],[-83.16730740099996,42.088079382125],[-83.14342122499994,42.082417490122474],[-83.13146484499997,42.07026118511708],[-83.11880045699995,42.065142913114904],[-83.11277398099998,42.049974184108144],[-83.05401421499995,42.03129037409985],[-83.04265733599992,42.03048660809949],[-82.99961263099989,42.017718054093855],[-82.97152181099995,42.00403831208774],[-82.93648057799999,41.98406869407902],[-82.917967123,41.9810451480777],[-82.88347493599996,41.99075706208195],[-82.81743923699997,41.99798362408517],[-82.80615993999997,42.00057422808627],[-82.74478841199992,42.02522700609724],[-82.71650987499996,42.03215137610028],[-82.68987955799994,42.03268495910048],[-82.67751790399996,42.03637826410214],[-82.63558865099998,42.0348960591015],[-82.621252713,42.03047928409957],[-82.61046332499996,42.031852168100144],[-82.59399793899995,42.02575163709748],[-82.56458062099992,42.00297928408733],[-82.54070149799993,41.977166567075884],[-82.51930284399994,41.941034840059814],[-82.50793999599995,41.91069684104634],[-82.50429741799992,41.93994868505936],[-82.50066569099992,41.98567730907973],[-82.4853797749999,42.02852995709875],[-82.48258843399998,42.040357485103925],[-82.47235297399999,42.0499126071081],[-82.45541937999992,42.07214595111791],[-82.43761990099995,42.08967172112575],[-82.41150824699994,42.11009408513469],[-82.36824164599994,42.13296490714485],[-82.35543511399997,42.13657384814646],[-82.3058859599999,42.15696447315536],[-82.25956814299997,42.17270693216224],[-82.22183105499991,42.18721078416864],[-82.18013075199994,42.20685705117733],[-82.16294921999996,42.21797087518216],[-82.09403049099997,42.247145951194945],[-82.05782714899993,42.25760005219963],[-82.00395507899998,42.26502328420286],[-81.95967230999992,42.263797427202284],[-81.92875596899994,42.260972991201136],[-81.9077739809999,42.25638775919912],[-81.90766493099996,42.26189611420151],[-81.93378635099998,42.2624305102017],[-81.93981174099996,42.27582921920753],[-81.92831814299996,42.29241070821482],[-81.90036838199995,42.30798036922162],[-81.88643391999993,42.31976612222688],[-81.84919596399996,42.3332516372326],[-81.84791395499997,42.3210294142274],[-81.85876030899995,42.300394920218345],[-81.87126410699992,42.28212370721034],[-81.87713324699992,42.26864741620443],[-81.87033528699997,42.25372581219789],[-81.85140408099994,42.25516976819855],[-81.84479709299997,42.260548729200835],[-81.84011447599991,42.278592077208764],[-81.84183485299995,42.30474442122018],[-81.83954481399994,42.3329714172325],[-81.8308794499999,42.35875049724382],[-81.82148980099997,42.374162281250555],[-81.80643988799993,42.390110903257494],[-81.77546006999995,42.41045948226634],[-81.71169379399994,42.4430384212805],[-81.67667209299995,42.467426441291124],[-81.62817328599985,42.49523812830308],[-81.6118261729999,42.50598140030778],[-81.57903049099997,42.53436817332003],[-81.54874403299989,42.553102982328184],[-81.54054362099993,42.55995600933118],[-81.50201985799997,42.5770626723385],[-81.46582899399992,42.58368647834136],[-81.46208604699997,42.592423729345214],[-81.44041937999995,42.60353484034995],[-81.39566569099996,42.60742264435163],[-81.38709743999989,42.61734967335583],[-81.35048231399998,42.641271927366205],[-81.32261827299996,42.650534894370104],[-81.30195583799997,42.65513911537213],[-81.27557454499996,42.657735686373265],[-81.24525879,42.66369732937582],[-81.21422417599995,42.6583105023735],[-81.20481608199997,42.664650834376175],[-81.19189236199995,42.66521696937652],[-81.16557508799994,42.66212099437523],[-81.12357042199991,42.66355572737575],[-81.08427191899993,42.66008838837433],[-81.03099555199998,42.65821230337347],[-81.01156087299995,42.65438065137179],[-80.98501302199998,42.66049393337453],[-80.94576768699991,42.66160612937492],[-80.90827962299994,42.66016922637426],[-80.84148437599995,42.652417218370935],[-80.8179557299999,42.642729718366795],[-80.79325737899993,42.643854935367315],[-80.7579139549999,42.634368173363185],[-80.71041395499992,42.615757062355236],[-80.64653049099992,42.589084970343734],[-80.63014160199998,42.58325163734121],[-80.60891113399994,42.579064625339356],[-80.59264051699994,42.579162010339424],[-80.54256727499993,42.573491166336964],[-80.48762478399993,42.57464649333747],[-80.48611111199992,42.57839323833903],[-80.47431043899992,42.57801482033893],[-80.46846842499993,42.59606630734677],[-80.45414605099992,42.61093772635304],[-80.45236653699996,42.61825977535622],[-80.41518608999996,42.652097665370874],[-80.39725965799995,42.66093040237472],[-80.37538031799994,42.66163813837499],[-80.37892089899995,42.66955426337841],[-80.35546006999994,42.683529143384376],[-80.34909179799993,42.677582691381886],[-80.34388020899995,42.66353212737576],[-80.33184570399999,42.66951465737834],[-80.32613335599994,42.693347394388574],[-80.31469835099995,42.70570280939391],[-80.2915250659999,42.720196081400076],[-80.27055284399994,42.73920758340816],[-80.26177842999991,42.75161345341356],[-80.24016655899996,42.76238683641816],[-80.23430826899992,42.7740903954231],[-80.21303819499994,42.783616763427226],[-80.19934895899995,42.781869258426504],[-80.17338704499994,42.78775087742901],[-80.15813368099995,42.78571881342811],[-80.12266872899994,42.78991830342993],[-80.08791178499993,42.789190493429615],[-80.07279676699991,42.79153125943061],[-80.06988010099991,42.79777529143325],[-80.04848036099999,42.795184688432094],[-80.03786675399992,42.79928055443391],[-80.03442491399991,42.80712804743721],[-80.02478027399997,42.807521927437406],[-79.99807888499994,42.80028668443434],[-79.98540093399995,42.791568151430496],[-79.97812228799992,42.802259883435205],[-79.96312174599996,42.81097326243893],[-79.94893174999993,42.80714595143727],[-79.91965006599996,42.8193613914425],[-79.89208062099993,42.816034840440985],[-79.87325575199998,42.82463347344477],[-79.84333496199996,42.823176496444084],[-79.83532769199994,42.829630760446825],[-79.81865397199991,42.83505909144914],[-79.80305501399995,42.83384517044868],[-79.78708604699995,42.84353511145275],[-79.77333658899991,42.84449160045309],[-79.75266113399994,42.84188119445206],[-79.73413628599994,42.85498286545766],[-79.71569715799995,42.85351232545709],[-79.70544216699992,42.86075109446012],[-79.69657063899992,42.85993756345975],[-79.66071940199998,42.84409093845307],[-79.64622341699997,42.84206104445211],[-79.64036675399996,42.83643984244974],[-79.60824327299996,42.84351259645277],[-79.59159342499996,42.8571220794586],[-79.57671115499991,42.85636578645826],[-79.55594021299994,42.84712669145437],[-79.55021104699996,42.84143333245193],[-79.532232531,42.85404780645726],[-79.51985568699992,42.852843108456774],[-79.50269694099993,42.84567541145366],[-79.478843317,42.843053611452575],[-79.47010796499991,42.85994949945978],[-79.45264377299996,42.87037376146418],[-79.43743706699993,42.87578391746642],[-79.41372612899994,42.87361296546567],[-79.39569173299998,42.8696459514639],[-79.38178873799993,42.86059837146009],[-79.37027777899993,42.867011945462764],[-79.352780491,42.86175207146054],[-79.34754720099993,42.85644065645824],[-79.32762098599993,42.87437359846589],[-79.29652072599995,42.87758784546726],[-79.28323296499993,42.871420582464616],[-79.27208604699993,42.871287932464575],[-79.26171386799993,42.878565222467685],[-79.22846191499997,42.873675356465526],[-79.22069173299992,42.86824078646334],[-79.21179741799992,42.87159609246469],[-79.1962315549999,42.867951344463236],[-79.17712402399995,42.87408497046576],[-79.1560584859999,42.87495031346621],[-79.13713487499996,42.864090395461474],[-79.12386176299997,42.863316198461234],[-79.11335232299996,42.857336923458696],[-79.09576280499991,42.83531272644928],[-79.08708604699991,42.84240202745228],[-79.093579645,42.85567676745801],[-79.08428168499992,42.861323468460306],[-79.06638129399992,42.862449499460794],[-79.05764160199993,42.85881261845932],[-79.03468044799993,42.874048891465804],[-79.00541558199993,42.86769038446311],[-78.98994140699988,42.87879986846781],[-78.97041992299992,42.879056487467835],[-78.96759223199996,42.88374561546984],[-78.94819335999995,42.88210471846926],[-78.93043836899992,42.884345929470165],[-78.91987521799989,42.89878983147629],[-78.90985243099992,42.90592307847929],[-78.90198350799992,42.89538922347481],[-78.88514322999998,42.88024707946836],[-78.88322374199998,42.867477168462926],[-78.87236436699995,42.85269608145667],[-78.86607204899992,42.85241613345661],[-78.85791992299993,42.83931961645101],[-78.86985785699989,42.833476517448496],[-78.87204644199994,42.82193571944361],[-78.85347547799992,42.79135059543048],[-78.85460069499999,42.784321786427505],[-78.86574761399994,42.77200814742226],[-78.90491862099995,42.74709196941154],[-78.91819118999993,42.73658497040718],[-78.94525282199997,42.73124235940487],[-78.99077039999997,42.7047639523934],[-79.00844726599993,42.703817772393],[-79.02404676699992,42.696290374389854],[-79.04779134199995,42.69170676938791],[-79.05319173299992,42.6760294143812],[-79.06138617699995,42.66983638137842],[-79.06403483199995,42.644620180367646],[-79.07842122499993,42.64026850936579],[-79.08799913299998,42.62938933236106],[-79.11096788299994,42.613293683354186],[-79.1235866979999,42.59253657634518],[-79.13035698899995,42.58919646134381],[-79.13597493599991,42.57022863333558],[-79.14676215399993,42.5546603283289],[-79.16009006199988,42.55403315832861],[-79.18893391999995,42.5455039703249],[-79.19671386799993,42.54605572732509],[-79.22481825199998,42.53520828832052],[-79.24791937999997,42.533534840319675],[-79.27930284399993,42.51214052631047],[-79.31452908099999,42.50429357530704],[-79.32785644599993,42.49084441030122],[-79.34041937999993,42.48714595129961],[-79.35763129399999,42.49126677330136],[-79.36023817399996,42.48233502429754],[-79.38205457999995,42.46686708829079],[-79.3910639109999,42.46410938428958],[-79.409329428,42.451557029284224],[-79.41753526599993,42.454031802285265],[-79.42579372899993,42.43190506527571],[-79.45062608599994,42.41273053226739],[-79.4784749359999,42.402423729262836],[-79.50830566499991,42.38376541725471],[-79.56733724,42.352695539241196],[-79.59027126799997,42.34252870923671],[-79.59806098199992,42.342704490236784],[-79.61022894999998,42.33396561223293],[-79.63617675899995,42.31995682322682],[-79.67073459299993,42.305196895220305],[-79.69486599499993,42.29289736121509],[-79.77344238399995,42.26436817320246],[-79.78319715799992,42.26436817320246],[-79.82002983999996,42.24477941419397],[-79.83096625499994,42.24355193019345],[-79.84560384199993,42.23521615518982],[-79.87302951499998,42.23214052618843],[-79.90224826499997,42.21617861118139],[-79.92997938399995,42.20746903017762],[-79.98346408499994,42.18130149616617],[-79.99318630699997,42.17491260716333],[-80.01537055199998,42.16606793415951],[-80.06147352499991,42.14493620715004],[-80.08153537399991,42.14322993514941],[-80.10263888999992,42.12963482914336],[-80.1467637809999,42.11381370313634],[-80.15096950999992,42.11491830313693],[-80.13958604699997,42.13964595114769],[-80.12368869399991,42.15165712715307],[-80.12928602499996,42.15633160615508],[-80.14403591699991,42.13576275914604],[-80.15347276599988,42.11601503713738],[-80.16854492299994,42.10409473613203],[-80.18781521299996,42.093824282127564],[-80.21358344299996,42.08288732512268],[-80.24082302599994,42.07599496311965],[-80.26652506599996,42.06047358811269],[-80.33098036099996,42.03491260710149],[-80.36374186299994,42.0274351220982],[-80.3743028439999,42.02227507409586],[-80.40870714099995,42.01104162109093],[-80.43815321299994,42.00521208608835],[-80.45167806099994,41.99912376108566],[-80.51678114199996,41.97769879407612],[-80.56097493599992,41.966868173071305],[-80.58270779199995,41.95739551706712],[-80.6361523449999,41.94262609406056],[-80.66041395499994,41.93741830305829],[-80.71003906299993,41.922147036051435],[-80.75297037799997,41.9158623140486],[-80.77330512199995,41.908005326045235],[-80.79421441099994,41.91044184904621],[-80.82470323399994,41.89382238303882],[-80.8470708559999,41.8881621180364],[-80.90318088199996,41.867757388027236],[-80.95186794799997,41.86158225702451],[-81.00307128999995,41.85294944502058],[-81.0139181869999,41.84735536901814],[-81.06983723999996,41.831340829010976],[-81.14874077799995,41.80342036499849],[-81.17680067399992,41.78917557299209],[-81.21098307399991,41.77536914998597],[-81.22027343799994,41.769695863983344],[-81.24455349499989,41.76159039497978],[-81.27507595599995,41.75847950097835],[-81.28348415899994,41.762253372980084],[-81.30088324699997,41.750346905974745],[-81.32403049099995,41.74159039497076],[-81.35766221899996,41.72278939696222],[-81.36637261399993,41.7194663719608],[-81.40971354199996,41.694269431949515],[-81.43566460599996,41.67659039494165],[-81.44427246199996,41.67394933594043],[-81.451827258,41.6633454949356],[-81.47595377699997,41.64047874192541],[-81.48903428899993,41.63100825592104],[-81.51371202299998,41.618541892915395],[-81.52362738799995,41.61746658891493],[-81.54544216699993,41.60346919290861],[-81.55748914999995,41.592237096903546],[-81.5906532129999,41.567445429892345],[-81.6270833339999,41.54408279988188],[-81.63310872499994,41.547870776883585],[-81.64498752299994,41.53481359387758],[-81.66028700199996,41.527896275874426],[-81.66541341199996,41.53206185787634],[-81.68043185799998,41.52031652387103],[-81.70169433699994,41.50888748686587],[-81.70958604699993,41.50093501286232],[-81.72029785199996,41.49831999586114],[-81.73011610299992,41.49020204885745],[-81.7429541019999,41.48767980485624],[-81.76847330799995,41.49158442685798],[-81.78348144599993,41.49612272986008],[-81.81630371199995,41.4950962548596],[-81.8401464849999,41.49020747385741],[-81.86246527899992,41.482983081854066],[-81.87187011799993,41.482569670853955],[-81.95034396799993,41.49433399285924],[-81.97208875899994,41.50715137586515],[-81.99407877699996,41.51435786486829],[-82.01233723999994,41.51586122886905],[-82.05281575599997,41.50633920186469],[-82.06437283099996,41.50160070286256],[-82.11736382499996,41.489368172857034],[-82.18791937999998,41.46757780884709],[-82.22861436699998,41.44619705783739],[-82.25516547399994,41.43418750883197],[-82.28753906299994,41.428571189829384],[-82.33089898099995,41.431029413830586],[-82.36232855999995,41.42717958782876],[-82.372280817,41.421376636826125],[-82.39164767899997,41.4163321488239],[-82.42371527899991,41.40051400581662],[-82.46115993999994,41.385931215810054],[-82.48639756999997,41.38075977480762],[-82.50150390699996,41.381278979807924],[-82.52912977499996,41.38917665781151],[-82.54512478399991,41.39768414481539],[-82.55957519599997,41.400184687816534],[-82.57010959299996,41.40770801681988],[-82.59282931899993,41.414882495823214],[-82.60013509199995,41.419620993825376],[-82.61195583799997,41.418526158824825],[-82.65154459699994,41.43603266983277],[-82.66955349499993,41.44630719183758],[-82.66844726599999,41.45241179284031],[-82.69285807399993,41.454896601841334],[-82.70234863399997,41.46321474384523],[-82.71589192799993,41.45855057284308],[-82.72993381199996,41.44965029083902],[-82.74332736599992,41.450677308839424],[-82.75463161999994,41.444074661836424],[-82.76648980099992,41.44629905383747],[-82.78745171499997,41.459287877843344],[-82.8059423839999,41.457696080842666],[-82.80868815199992,41.47294022184958],[-82.81661892399995,41.4690941928478],[-82.82931423699992,41.47242915384932],[-82.82525607699993,41.455450529841734],[-82.86512532599993,41.43964595083439],[-82.89422146299992,41.43409202283194],[-82.9241487639999,41.41853483982483],[-82.94402506599991,41.420479283825784],[-82.95677571699997,41.42658496982853],[-82.960413955,41.43464595083219],[-82.97742784399995,41.44622960983744],[-82.98269585599995,41.43260493483128],[-83.01208604699994,41.443251636836116],[-83.03199815599999,41.45457867684121],[-83.03432237499995,41.4665790018467],[-82.99528483199995,41.47020476184831],[-82.97347493599995,41.46881261784771],[-82.97414116799992,41.47706131485147],[-82.96598958399994,41.48072939285314],[-82.95680826899996,41.49297928385875],[-82.93709147199993,41.48659582085571],[-82.92285970099992,41.48854514785674],[-82.88240071699992,41.488507170856636],[-82.86496582099991,41.492960295858666],[-82.85291937999988,41.49936817286158],[-82.8365364589999,41.50297385886316],[-82.82566243599993,41.491108081857796],[-82.8154730909999,41.502608189863],[-82.77859158099992,41.50677648486492],[-82.76878852099995,41.50240745286296],[-82.74908040399998,41.51211665386728],[-82.7296457259999,41.5121898958673],[-82.7112738719999,41.52774924887437],[-82.71125542599998,41.53660070287837],[-82.72800618599994,41.54372526888167],[-82.75014051699996,41.54645530388289],[-82.76623643699995,41.5427297178812],[-82.77866102499995,41.53614660187828],[-82.81819932799992,41.532601679876635],[-82.80819173299993,41.544084969881894],[-82.82207790899997,41.55771289988796],[-82.83062337299998,41.54726422288328],[-82.82331651599995,41.54006532987995],[-82.83483127299993,41.53214595087649],[-82.83875271299996,41.5439856858818],[-82.82467447999993,41.56425044289094],[-82.81462456699992,41.56453852889105],[-82.83395290899992,41.586815546901136],[-82.84739583399991,41.58520204890036],[-82.85953450599999,41.57672006089657],[-82.85265679299994,41.5629570398903],[-82.85742241799994,41.547303827883304],[-82.870688477,41.53199892387629],[-82.89188910699991,41.5206990108712],[-82.90655164999995,41.517123706869526],[-82.93266547399995,41.51468609786856],[-82.96948730499994,41.52402908887269],[-82.99209472699991,41.53507455287778],[-83.03833333399993,41.56188173588988],[-83.06660698899995,41.595331714904944],[-83.08286295699997,41.60550749590958],[-83.10236924999992,41.6129684339129],[-83.13276584299994,41.615108189913926],[-83.15479058199995,41.6195076049159],[-83.21652506599995,41.637696080924094],[-83.24060926699993,41.636836163923675],[-83.24851345599993,41.64512934892738],[-83.23747395899994,41.65071745692994],[-83.27541937999996,41.670473858938934],[-83.28322970999994,41.676012052941374],[-83.301781142,41.67567242694111],[-83.30902452299992,41.679345928942794],[-83.30514160199994,41.68764725294648],[-83.33146050399995,41.70431229195405],[-83.35225477499995,41.68737055994646],[-83.38264051699993,41.686735794946195],[-83.39231825199991,41.69157845994833],[-83.41420247499991,41.6890486199472],[-83.43476074299993,41.6926293489488],[-83.420308703,41.70373340695376],[-83.45493218399994,41.69812197095121],[-83.46747233199993,41.6911731859481],[-83.47782769199995,41.69903234395165],[-83.46809353399996,41.72115202696166],[-83.45458713199996,41.72876812996497],[-83.45274739699994,41.73531923596803],[-83.46928656799997,41.74102941397051],[-83.47876681899999,41.75228212697557],[-83.47403483199994,41.766875225982155],[-83.45055284399993,41.76004579897911],[-83.44289767899993,41.765597013981484],[-83.44321885899991,41.793749683994086],[-83.44097493599998,41.80825706200059],[-83.4320806209999,41.82216222700685],[-83.42099555199997,41.82986133701032],[-83.40984266599995,41.82826628500966],[-83.39939778699991,41.84860699701864],[-83.38360568699991,41.86944792602809],[-83.37062445799991,41.87661752203117],[-83.35581325999993,41.87381587302993],[-83.34777777899995,41.883948794034524],[-83.33597819099994,41.89118078203758],[-83.33202528299995,41.91335417604749],[-83.34653049099992,41.897973859040725],[-83.35240776999994,41.91345128904759],[-83.34034505299992,41.91604297804878],[-83.33344238399998,41.927140526053634],[-83.32610026099992,41.92409365105229],[-83.31518174999992,41.936775400057904],[-83.3020741109999,41.94354460506098],[-83.28483127299991,41.944640526061484],[-83.26805284399991,41.93785721405848],[-83.25461968399998,41.94367752606103],[-83.25791395499994,41.957355912067065],[-83.25011393299992,41.977985795076215],[-83.23685926699994,41.98183833407792],[-83.21208062099998,41.99908497008566],[-83.21409233999998,42.011798729091325],[-83.20725368999993,42.022912010096256],[-83.19904405499993,42.017004349093526],[-83.19156738399991,42.02603402609749],[-83.18019042999997,42.02634354209766],[-83.17125271299994,42.02099143709536],[-83.18000000099991,42.00894879408993]],[[-82.6337554259999,41.82042503100607],[-82.64513346399997,41.82186003500677],[-82.65554741799997,41.813209319002894],[-82.6842865679999,41.80513694499929],[-82.68936252299991,41.76371713098066],[-82.68554253599993,41.74437142797207],[-82.68086371599995,41.73649002596848],[-82.6687868929999,41.733203350967],[-82.66101291299994,41.741273012970574],[-82.64923556899996,41.74540495697249],[-82.63848687099994,41.74240528197119],[-82.61936252299994,41.751103741975136],[-82.62708875899992,41.76741559098227],[-82.629881728,41.790584535992814],[-82.62569987099991,41.79800966599599],[-82.6337554259999,41.82042503100607]],[[-82.82102105099989,41.72488954896327],[-82.83290907199995,41.71478321195868],[-82.82669216699992,41.708272252955766],[-82.81146321699995,41.70757075595549],[-82.81265408099993,41.72300044296237],[-82.82102105099989,41.72488954896327]],[[-82.80271158899993,41.66431880193611],[-82.81288574299994,41.65390918893136],[-82.83286404199994,41.657724292933125],[-82.84374457499993,41.64704395392832],[-82.82596679799993,41.63463781292272],[-82.81359212299995,41.64430632392708],[-82.81208875899992,41.65270476193078],[-82.80297254899993,41.65381532993131],[-82.80271158899993,41.66431880193611]],[[-82.67854058199995,41.61883323391566],[-82.6974093979999,41.61095454491209],[-82.70921712299997,41.620149965916134],[-82.72261121999995,41.6166343409146],[-82.72314127699997,41.61051726191186],[-82.73427842999992,41.60094640690742],[-82.72477322099992,41.595083775904854],[-82.70258409399993,41.591420581903215],[-82.69469401099997,41.58512446690038],[-82.68545247499995,41.587549596901525],[-82.68001464899997,41.59521615490491],[-82.67854058199995,41.61883323391566]],[[-80.09777777899991,42.159782127156625],[-80.07846950999989,42.159513844156486],[-80.08328016599997,42.16825163716042],[-80.09957519599996,42.17187387016195],[-80.11535536099994,42.166623219159696],[-80.11736979199998,42.1576792631557],[-80.09777777899991,42.159782127156625]],[[-80.12597764799993,42.53923281132212],[-80.09738823899994,42.54114036332298],[-80.08476237099991,42.5484143973262],[-80.11039333799988,42.55401525432855],[-80.13534016999995,42.551315330327384],[-80.1373665369999,42.556450150329596],[-80.15367350299994,42.55437088632873],[-80.17709852499993,42.55462696232879],[-80.19038140299995,42.558248924330414],[-80.20585503599995,42.55520421932914],[-80.20705946299995,42.54768333232588],[-80.14778754399995,42.53877653932211],[-80.12597764799993,42.53923281132212]],[[30.884383138000207,61.749659557626885],[30.902322049000137,61.752423772627125],[30.917700195000176,61.735757105625844],[30.88646647100012,61.72257622462507],[30.904405382000164,61.71632622462449],[30.94063313800012,61.71840955762469],[30.973950195000096,61.70867377262402],[31.01482204900009,61.70382622462378],[31.05104980500016,61.70174289162355],[31.07395019500018,61.689923772622755],[31.09478352900004,61.682992891622185],[31.07922363300008,61.672287324621394],[31.07292209200022,61.656924097620276],[31.07950032600007,61.64062364261918],[31.09801432300009,61.61498480761738],[31.08436686200013,61.61424289161734],[31.08322482600021,61.604553221616555],[31.105200195000176,61.600340439616296],[31.132299805000233,61.599659557616256],[31.13949652800022,61.60583089061659],[31.171072048999967,61.5975762246161],[31.18747558600017,61.62967936061834],[31.20004340300022,61.61840955761761],[31.215633138000104,61.61632622461744],[31.23754340300008,61.607992891616824],[31.247927517000054,61.61313069561717],[31.239919705000148,61.646873642619724],[31.2635335290002,61.648257105619656],[31.277010091000196,61.645180933619606],[31.271166992000182,61.63437499861864],[31.27116970500014,61.59687499861597],[31.282283529000207,61.5878404396154],[31.304210069000135,61.594090439615954],[31.322051324000032,61.58771565661537],[31.32396647100012,61.61632622461744],[31.346129015000205,61.60174289161633],[31.354191081000117,61.61407063661728],[31.32674424900017,61.63485242961885],[31.360527886000057,61.63295084461859],[31.3583631730001,61.617171222617436],[31.370876736000245,61.61424289161734],[31.39478352900016,61.635076224618736],[31.408357747000025,61.632820636618646],[31.401958550000078,61.621362303617936],[31.420998806000163,61.59631483161616],[31.450024414000037,61.582820636614954],[31.462839084000166,61.569165037614226],[31.429106988000285,61.57129313061422],[31.41841091600003,61.55703667361318],[31.453116862000222,61.55450710561296],[31.471156141000165,61.56284043961372],[31.493774414000022,61.54532063661234],[31.489244249000024,61.5317396366113],[31.547819010000236,61.510818140609885],[31.570979818000186,61.507864039609835],[31.5458875870001,61.49312472760862],[31.551907010000154,61.48376735960793],[31.53747558600008,61.480737303607754],[31.541780599000102,61.46496174960645],[31.559383138000157,61.46424289160648],[31.56465115000008,61.454611543605694],[31.57942708300004,61.443409557604966],[31.587166341000106,61.4635416656065],[31.58127170100005,61.47150200560708],[31.607283529000142,61.491326224608464],[31.630216471000093,61.48715955760824],[31.65413140200013,61.46606987660668],[31.654500326000175,61.45729030860597],[31.66877441400009,61.44532063660518],[31.672583008000117,61.42812499860399],[31.662833659000164,61.41770968860316],[31.685343424000166,61.40559760060222],[31.702316623000222,61.3879055436011],[31.73229980500014,61.38090955760039],[31.74686686200016,61.36700710559931],[31.77603352900013,61.36075710559884],[31.823966471000112,61.36007622459897],[31.8447998050002,61.355909557598494],[31.864529080000064,61.34312472759771],[31.858138021000116,61.3316989455969],[31.82287326400023,61.33992377259736],[31.807283529000124,61.33992377259736],[31.76561686200005,61.35034043959816],[31.753133138000184,61.35799289159886],[31.73436686200006,61.3586737725988],[31.71453993100016,61.373257105599876],[31.68020019500005,61.377423772600245],[31.660465495000096,61.372298175599724],[31.684366862000108,61.35659043959858],[31.70621473500023,61.34940321059804],[31.6916965060002,61.338004555597124],[31.711450195000058,61.33159043959682],[31.741710069000128,61.33575710559713],[31.77087673600022,61.32465955759634],[31.78438313800024,61.32465955759634],[31.791796875000163,61.31298692359549],[31.821120877000048,61.306590439595055],[31.853116862000263,61.2878404395937],[31.87603352900027,61.283673772593346],[31.914643012000163,61.28379313059331],[31.908542209000125,61.29752197159425],[31.93438313800016,61.29757622459426],[31.94686686200003,61.28992377259363],[31.978133138000253,61.28507622459343],[32.003116862000184,61.27325710559253],[32.03021647100007,61.2725762245924],[32.0677001950001,61.26284043959177],[32.09686686200018,61.25867377259134],[32.151049805000184,61.24757622459053],[32.16450466600003,61.240014646590126],[32.20521647100003,61.23299289158939],[32.229191081000124,61.22448730358886],[32.22698567700007,61.217068140588324],[32.2750244140002,61.205737303587505],[32.27497558600004,61.196346027586685],[32.28754340300003,61.19340955758643],[32.332299805000105,61.19132622458638],[32.35521647100011,61.185076224585806],[32.37186686200016,61.17534043958522],[32.38854980500014,61.1746595575852],[32.46354980500013,61.151742891583474],[32.512475586000164,61.12551269358135],[32.52396647100022,61.12257622458123],[32.55521647100022,61.10174289157956],[32.57077365500009,61.086865232578454],[32.57092013900029,61.0775010835778],[32.58438313800008,61.07465955757755],[32.597856988000274,61.0618652325766],[32.598017036000044,61.02344156757368],[32.5790418840001,61.0015543605719],[32.59749620200006,60.97818060857026],[32.60620117200011,60.98186848857058],[32.60450303800019,60.99270697557147],[32.62728678400009,60.9912258555712],[32.6272271050002,60.982801647570696],[32.617000326000145,60.97187499856977],[32.62103135900002,60.967074922569346],[32.647941081000056,60.959903969568835],[32.67093370200013,60.936975096567075],[32.68133680600021,60.91708441656563],[32.69688313800003,60.91424289156523],[32.71247016100017,60.90050455556421],[32.69785698800024,60.897456866564205],[32.70837673600021,60.88924289156353],[32.72087673600015,60.892007105563565],[32.76146647100017,60.87674289156234],[32.79479980500014,60.853826224560706],[32.81885036900013,60.83072509655878],[32.8135335290002,60.803826224556865],[32.80624457500016,60.79723714055617],[32.816333008000065,60.786458331555295],[32.81841634100021,60.77187499855425],[32.810750326000175,60.75937499855321],[32.81841634100021,60.75104302155284],[32.81448296400009,60.742191567551984],[32.82049967400013,60.732290308551065],[32.81445312500005,60.71715359054991],[32.82497558600011,60.70259602754876],[32.85103352900006,60.69409043954825],[32.88854980500014,60.69132622454779],[32.919783529000085,60.6774237725468],[32.93854980500021,60.6746595575466],[32.956190321000065,60.65769720954528],[32.96008029500007,60.64479302154416],[32.957999674000234,60.6218736425424],[32.9420003260002,60.6010430215407],[32.941333008000235,60.59270697554011],[32.8927164710002,60.544090439536106],[32.84896647100009,60.523257105534434],[32.81561686200013,60.52257622453454],[32.80420193100014,60.51606987653384],[32.81036617500006,60.50130853453272],[32.78021647100024,60.51007622453341],[32.73436686200005,60.51075710553354],[32.711450195000054,60.514923772533834],[32.70521647100003,60.52049289153418],[32.65521647100007,60.53299289153528],[32.62484809000023,60.53784043953567],[32.612315538000246,60.51714545253401],[32.58545193100019,60.5098198765333],[32.60383300800015,60.492708331532064],[32.602416992000144,60.47812364253086],[32.628116862000184,60.456590439529144],[32.665633138000025,60.43924289152772],[32.680200195000054,60.4211737725262],[32.69175618500008,60.4204196495261],[32.693416341000216,60.38854030852361],[32.687470161000135,60.37758788952264],[32.67497016100008,60.36925455552191],[32.65414225300009,60.36198730352137],[32.647751194000136,60.34631483152006],[32.62604980500004,60.33367377251894],[32.608289931000286,60.33090955751893],[32.595667860000155,60.34326849851988],[32.58112521700007,60.3276123035186],[32.60619303400011,60.305617945516666],[32.605015734000176,60.29109564751552],[32.63091362800008,60.25937635451294],[32.632999674000246,60.24479166551189],[32.62533365900015,60.236458331511],[32.62674967400011,60.226040308510164],[32.60813802100017,60.20256076250814],[32.59479980500004,60.19409043950762],[32.54896647100003,60.17325710550567],[32.49372558600021,60.159903969504576],[32.4978081600002,60.150386554503726],[32.461450195000225,60.15174289150397],[32.4468831380002,60.14617377250342],[32.4156331380002,60.13992377250306],[32.35936686200023,60.13715955750274],[32.33739963100009,60.132808429502255],[32.3415625240002,60.11997035950132],[32.3264902750002,60.118086328501064],[32.320779080000136,60.1328667515023],[32.29896647100019,60.127423772501885],[32.27186686200014,60.12465955750162],[32.2364501950002,60.129507105502036],[32.22604980500017,60.13924289150283],[32.204142253000036,60.14855821250372],[32.210083008000026,60.155208331504234],[32.196866862000206,60.162840439505],[32.170890299000064,60.18812933850695],[32.172941081000204,60.19532063650758],[32.1531331380001,60.210076224508796],[32.13228352900006,60.210757105508854],[32.12501356300015,60.21732720150942],[32.129226345000234,60.22662353351033],[32.09270019500024,60.23575710551089],[32.08284776500022,60.2622992605133],[32.05728352900018,60.24757622451187],[32.058357747000166,60.22759602751027],[32.045789931000115,60.22465955750999],[32.015616862000236,60.225340439510205],[31.99162326400011,60.231590439510555],[31.9582899310002,60.22882622451039],[31.941357422000067,60.231590439510555],[31.93229980500012,60.22325710550987],[31.903927951000075,60.22049289150961],[31.883289931000267,60.22742377251019],[31.874761285000083,60.22465955750999],[31.848038737000078,60.23713243151121],[31.82501085100005,60.242297361511405],[31.81009385900011,60.25242377251245],[31.798966471000195,60.24200710551147],[31.768652344000255,60.24415147451181],[31.751033529000203,60.25450710551249],[31.71877441400005,60.24842936051197],[31.70450032600007,60.23437499851078],[31.687163628000235,60.23020697551046],[31.67913682700003,60.21300455550906],[31.658148872000027,60.190062118507136],[31.631274414000245,60.17551269350593],[31.607299805000082,60.16909043950538],[31.557299805000294,60.15242377250391],[31.541701931000148,60.1452365435034],[31.537160916000175,60.13537190650248],[31.545876736000192,60.13090955750212],[31.567700195000096,60.13924289150283],[31.608458116000175,60.13905436050291],[31.582999674000067,60.1135403085007],[31.570293511000106,60.0900037964987],[31.52604980500012,60.075340439497445],[31.49142795100022,60.07465955749743],[31.49591200100019,60.066235350496605],[31.545779080000038,60.018124727492605],[31.54616699200011,60.009373642491866],[31.562166341000193,59.98645968849003],[31.562166341000193,59.969790308488406],[31.554500326000156,59.96145968848776],[31.552053494000063,59.948421222486836],[31.539398872000053,59.93172878548516],[31.519799805000165,59.92117377248429],[31.4697998050002,59.906590439483004],[31.44479980500006,59.902423772482706],[31.40412326400019,59.902423772482706],[31.38512912300013,59.89757622448233],[31.36771647100005,59.910076224483355],[31.34378526500017,59.90893012048312],[31.344783529000207,59.91700710548392],[31.324660916000024,59.93068576248507],[31.328116862000233,59.93575710548544],[31.314539931000237,59.94825710548668],[31.299989149000055,59.94311930148608],[31.28328993100024,59.94617377248659],[31.271883138000252,59.93992377248584],[31.224848090000133,59.94200710548612],[31.216501194000042,59.92964816448513],[31.214488390000103,59.917074922483906],[31.18328993100027,59.919090439484116],[31.173659939000174,59.914717609483816],[31.158167860000212,59.92451849848459],[31.132299805000233,59.92882622448498],[31.087456597000084,59.92882622448498],[31.061450195000244,59.93575710548544],[31.031726627000232,59.95785877248746],[31.06354980500004,59.96700710548813],[31.08020019500003,59.98299289148968],[31.100029839000115,59.99022894849024],[31.089919705000106,60.00312635449142],[31.120798069000216,60.02559678649318],[31.122580295000088,60.032290308493785],[31.094799805000036,60.0496595574953],[31.086450195000058,60.05034043949544],[31.068725586000088,60.063012693496354],[31.073250326000224,60.09062499849889],[31.08968370200006,60.10885823450047],[31.052096897000123,60.144410534503415],[31.05591362800021,60.14895697550363],[31.052107747000093,60.17657063650596],[31.03992241800017,60.16912977250535],[31.014539931000115,60.16840955750533],[30.98330891900008,60.17759602750617],[30.96354980500012,60.19757622450784],[30.93739963100012,60.240108234511446],[30.939683702000135,60.25989176251285],[30.93091634100011,60.26562635451339],[30.919083659000197,60.282290308514874],[30.920857747000067,60.28907063651529],[30.892000326000304,60.33020833151874],[30.897583008000193,60.33645833151929],[30.889919705000242,60.348956975520466],[30.887524414000158,60.36615396952169],[30.86872016100011,60.3953287745241],[30.825713433000082,60.43947075552772],[30.79170193100009,60.46309678652951],[30.786450195000153,60.47534043953062],[30.769428168000218,60.491655814531896],[30.760251194000148,60.507851832533206],[30.72715657599997,60.51731906353401],[30.7187472870001,60.52566324753467],[30.72512478300007,60.53280436053536],[30.704220920000232,60.55062526953667],[30.695600043000066,60.56417778753789],[30.656328668000068,60.575431313538644],[30.63926052500011,60.57257622453845],[30.620933702000062,60.58905842953979],[30.602053494000128,60.598421222540495],[30.588549805000184,60.59409043954024],[30.561450195000248,60.596173772540425],[30.542700195000176,60.60242377254087],[30.533352322000216,60.61108127054154],[30.535319010000197,60.61834852254221],[30.512261285000243,60.618409557542215],[30.52077908000023,60.63395860354335],[30.51877441400018,60.647403969544406],[30.510392253000138,60.65064154554467],[30.52296006900019,60.662840439545825],[30.524932183000093,60.674555120546664],[30.510392253000138,60.67759602754691],[30.50799967400019,60.688543021547815],[30.494083659000065,60.70520833154898],[30.50013020800003,60.73076307355108],[30.512543403000045,60.7336737725514],[30.543774414000094,60.72551269355066],[30.537833659000277,60.74687499855226],[30.54549967400021,60.755206975552845],[30.544086372000095,60.76562499855364],[30.531114366000047,60.788030326555536],[30.539586046000185,60.79723985355624],[30.52266438800018,60.81626247655773],[30.491541884000178,60.823445636558276],[30.498120117000262,60.830809189559034],[30.48438313800022,60.8350762245593],[30.45828993100025,60.8350762245593],[30.445703125000083,60.8474297405601],[30.427118598000042,60.85476345356072],[30.433498806000046,60.86618516556161],[30.450336372000088,60.86979302156183],[30.431285265000266,60.881846786562775],[30.402143012000238,60.92245686656601],[30.391701931000117,60.92559678656619],[30.36047092000007,60.95062526956819],[30.35815701000024,60.96206597056909],[30.3332899310002,60.964242891569135],[30.30729980500013,60.974659557570014],[30.288533529000063,60.977423772570305],[30.2435384110002,61.026653373574],[30.211466471000055,61.039242891574844],[30.179123264000165,61.04409043957522],[30.181323242000126,61.056902396576284],[30.155200195000244,61.06284043957687],[30.151885308000136,61.080841741578176],[30.106206597000263,61.082992891578286],[30.042206489000076,61.102503796579654],[30.03525119400023,61.11201849858032],[30.01563313800023,61.118409557581025],[29.996866862000104,61.11909043958096],[29.98646647100002,61.12465955758135],[29.956125217000075,61.12744683058154],[29.95616319400011,61.13291558058209],[29.91979980500008,61.141326224582734],[29.889436849000163,61.14421929158288],[29.87504340300018,61.16909043958468],[29.900043403000097,61.1642428915844],[29.906461589000113,61.17669270658532],[29.88436686200003,61.19200710558637],[29.91252441400007,61.1869873035861],[29.926033529000048,61.171173772585036],[29.971866862000176,61.152423772583575],[30.02087673600004,61.14757622458307],[30.03539225300017,61.15676269358377],[30.037578668000148,61.164152016584374],[30.004123264000214,61.16909043958468],[29.987261285000105,61.16632622458449],[29.97712673600012,61.1815904395857],[30.009366862000032,61.17325710558499],[30.026033529000188,61.17742377258533],[30.03538682700008,61.184912107585866],[30.00728352900029,61.18992377258633],[30.01872016100009,61.203662107587284],[29.99162326400028,61.21075710558799],[29.959366862000245,61.214923772588115],[29.93941786000016,61.228685165589205],[29.894783529000165,61.24409043959031],[29.908412001000045,61.25165201659098],[29.927126736000048,61.23924289158996],[29.944783529000226,61.235757105589606],[29.982299805000082,61.23507622458981],[29.98528645800007,61.24951307359062],[30.03020019500025,61.235757105589606],[30.048966471000025,61.23507622458981],[30.071883138000032,61.22882622458914],[30.082999674000064,61.23854030858984],[30.074660916000198,61.249595810590705],[30.090633138000097,61.25034043959077],[30.099663628000084,61.261459688591486],[30.095605469000077,61.26629367259193],[30.058249240000066,61.27135552159233],[30.07325032600022,61.28229030859312],[30.085568576000238,61.28575710559337],[30.123950195000244,61.27674289159279],[30.13114963100003,61.2838582345934],[30.10007866800015,61.287931313593624],[30.081225586000187,61.294262693593915],[30.117700195000047,61.31007622459512],[30.15417751700005,61.29936930159451],[30.15439724400011,61.28995225559369],[30.17396647100003,61.28924289159363],[30.186450195000184,61.27742377259272],[30.22296006900007,61.27674289159279],[30.244799805000238,61.281590439593],[30.205910916000214,61.29121364859374],[30.237543403000075,61.29825710559422],[30.257299805000052,61.29825710559422],[30.267003038000205,61.30729166559514],[30.267700195000206,61.32117377259594],[30.290616862000206,61.32117377259594],[30.275287543000218,61.34340955759777],[30.292700195000126,61.34757622459804],[30.31771647100015,61.348257105597995],[30.359383138000055,61.3586737725988],[30.36283908400014,61.36212022459899],[30.339618598000243,61.381846786600406],[30.32495659700004,61.378826224600225],[30.295789931000115,61.378826224600225],[30.261450195000123,61.38575710560088],[30.262432183000215,61.39747178660173],[30.248950195000077,61.40034043960193],[30.24758300800022,61.40937499860251],[30.235356988000152,61.41504313060302],[30.256293403000022,61.425340439603744],[30.276033529000127,61.41492377260285],[30.296093750000118,61.4142428916028],[30.302034505000158,61.419368488603254],[30.29825032600024,61.43437499860439],[30.332999674000227,61.43854030860474],[30.33091091600022,61.44748670660524],[30.354245334000034,61.450431313605534],[30.354269748000203,61.45585666060583],[30.328879123000203,61.45799289160605],[30.321883138000196,61.46424289160648],[30.301972114000076,61.46496581860655],[30.282299805000203,61.47882622460765],[30.26978352900017,61.47950710560759],[30.223950195000157,61.50034043960927],[30.203827582000137,61.51818576261029],[30.21671006900021,61.52117377261066],[30.235441081000207,61.514070636610235],[30.23772243900021,61.50662841660955],[30.262451172000166,61.50895182160969],[30.264746094000028,61.516219074610255],[30.28770345100019,61.509975855609866],[30.272951931000303,61.4994032106092],[30.28114963100017,61.48802490060827],[30.30820855000007,61.4838623036079],[30.319493273000145,61.50638427560944],[30.330200195000028,61.510757105609905],[30.35011122000014,61.510034178609935],[30.345545790000127,61.49757622460893],[30.32883843300004,61.50659043960948],[30.325130208000072,61.483820256607736],[30.357283529000085,61.471173772606974],[30.381366645000128,61.47045898260692],[30.42674424900002,61.487099879608095],[30.443793403000196,61.487840439608256],[30.466710069000047,61.47882622460765],[30.482283529000078,61.487840439608256],[30.47709147100005,61.49231906360842],[30.489922418000216,61.50151909560931],[30.476844618000026,61.50450710560943],[30.465633138000154,61.498257105608936],[30.448022461000107,61.50377604060927],[30.47811686200003,61.5149237726101],[30.504505751000064,61.5161024296102],[30.576033529000135,61.5420071056121],[30.600170898000215,61.54210476161219],[30.629405382000186,61.552423772612734],[30.622941081000253,61.56615396961389],[30.60728352900014,61.569090439614016],[30.58953993100022,61.579507105614866],[30.570743815000235,61.57958034761487],[30.55210774700009,61.59009602761556],[30.556613498000107,61.60014105761634],[30.576866319000086,61.59413519861583],[30.612849935000206,61.594090439615954],[30.588549805000184,61.585076224615165],[30.598950195000093,61.579507105614866],[30.673190647000176,61.553826224613054],[30.69155544700016,61.56419948861377],[30.662399631000028,61.56927490061405],[30.622856988000198,61.58795979661537],[30.614653863000175,61.609974499616996],[30.606225586000104,61.62032063661774],[30.618874783000138,61.62344563661804],[30.643793403000068,61.622576224617916],[30.677411567000153,61.62742377261825],[30.671883138000055,61.61632622461744],[30.680200195000058,61.61284043961723],[30.708376736000215,61.61215955761715],[30.710343424000087,61.622264267617865],[30.694799805000063,61.630909557618565],[30.664225260000194,61.630909557618565],[30.656372070000206,61.64755181061971],[30.682299805000177,61.648257105619656],[30.666327582000065,61.66419270662086],[30.686466471000248,61.66492377262091],[30.694921875000038,61.672701007621434],[30.710503472000028,61.63583441661885],[30.732299805000135,61.63299289161858],[30.743793403000037,61.62674289161819],[30.760460069000086,61.63784043961894],[30.773950195000058,61.63299289161858],[30.772577582000167,61.615013290617505],[30.798041450000145,61.613028969617154],[30.788533529000066,61.62950710561845],[30.80864800300008,61.63575710561897],[30.814482964000092,61.62135823461774],[30.831469727000233,61.5983561186161],[30.846172418000148,61.60568576261658],[30.828827582000084,61.624435762617956],[30.83751085100016,61.63188069561846],[30.81660698800021,61.64629313061952],[30.812524414000226,61.664070636620835],[30.82294108100012,61.674487303621625],[30.810356988000198,61.68379313062214],[30.812524414000226,61.691153969622775],[30.795629883000114,61.69419080762303],[30.791493056000146,61.704638670623694],[30.800024414000124,61.71717936062468],[30.793155924000136,61.73325737662571],[30.755200195000153,61.735757105625844],[30.767700195000206,61.74549289162687],[30.80313313800025,61.74617377262665],[30.793804253000182,61.75479193662717],[30.8114664710003,61.770492891628265],[30.830200195000145,61.75450710562715],[30.884383138000207,61.749659557626885]],[[30.84796006900024,61.706590439623895],[30.829066298000093,61.6921915676228],[30.842716471000184,61.687159557622394],[30.862600369000234,61.67344156762148],[30.849899631000195,61.67030842962133],[30.849899631000195,61.65677490062047],[30.86790093300021,61.644321016619536],[30.867000326000095,61.62604030861807],[30.876033528999976,61.61075710561698],[30.944089084000204,61.60681423461688],[30.93229980500013,61.61840955761761],[30.912730577000154,61.619118922617815],[30.910373264000043,61.630909557618565],[30.946866862000032,61.635076224618736],[30.913549805000063,61.65174289162002],[30.914656576000024,61.66106906362062],[30.94479980500023,61.66215955762078],[30.987475586000123,61.641153969619246],[31.00591634100005,61.64687499861966],[31.004131402000215,61.65773654362034],[30.9898708770001,61.657992891620395],[30.966791450000127,61.67880316662191],[30.931190321000198,61.681709796622],[30.931214735000133,61.695236543623096],[30.90212673600024,61.70450710562382],[30.871866862000157,61.70174289162355],[30.84796006900024,61.706590439623895]],[[30.99567599800013,61.67963867062188],[31.01028645800022,61.67121310662131],[31.02813856300003,61.670499672621304],[31.03337673600015,61.68282877462217],[31.029115126000132,61.69102376162269],[31.015611437000132,61.694083657622926],[30.995822483000033,61.68893771562258],[30.99567599800013,61.67963867062188]],[[31.00655924500017,61.64270833161927],[31.018459744000037,61.62883843161826],[31.033211263000222,61.63366156561868],[31.044772678000133,61.6274115656182],[31.058363173000203,61.632680933618516],[31.020955404000063,61.65241156561997],[31.00655924500017,61.64270833161927]],[[31.007329644000148,61.626774087618166],[30.989862739000095,61.6135443776173],[30.998920356000042,61.602392576616644],[31.009722222000107,61.60208333161639],[31.014716254000117,61.62452528061797],[31.007329644000148,61.626774087618166]],[[30.750130208000197,61.59753689061611],[30.72265625000005,61.59145372061576],[30.714626736000074,61.5972818996161],[30.694778103000036,61.600333657616375],[30.68318956200011,61.59010416561554],[30.709388563000118,61.589249672615416],[30.728111437000106,61.581583657615],[30.769083659000046,61.58372124461519],[30.750130208000197,61.59753689061611]],[[30.530200195000244,61.51632622461027],[30.51841091600005,61.509120007609816],[30.56978352900006,61.49200710560845],[30.606366645000037,61.49412434760869],[30.586466471000215,61.51632622461027],[30.56771647100009,61.52049289161053],[30.530200195000244,61.51632622461027]],[[31.595521376000193,61.43437228560425],[31.589577908000134,61.42777506360382],[31.599688043000068,61.41979030860326],[31.619810655000155,61.416338431602945],[31.651022678000228,61.39199489860123],[31.67638888900006,61.38749999860097],[31.68093804300002,61.39270833160128],[31.658553060000088,61.40461968160211],[31.658498806000065,61.418237303603085],[31.6364393450001,61.425328232603576],[31.621893989000057,61.4350884316043],[31.595521376000193,61.43437228560425]],[[31.56008300800005,61.40727945860244],[31.56144477000003,61.37883300660027],[31.537822808000044,61.35520968859863],[31.548944770000166,61.34616699059788],[31.58230523000003,61.33924967259742],[31.58438856300017,61.33299967259689],[31.60832790800021,61.32224934759608],[31.601055230000092,61.31216633959535],[31.62605523000025,61.29341633959403],[31.629220920000133,61.285906302593325],[31.649305556000115,61.283333331593276],[31.660625543000148,61.29416368159409],[31.637456597000206,61.323421222596096],[31.645876736000215,61.32758788959653],[31.633338759000086,61.3360839825971],[31.637719727000214,61.341267902597515],[31.66471354200013,61.34204643959758],[31.659361437000086,61.3565836575986],[31.645876736000215,61.36730143059945],[31.62188856300019,61.37883300660027],[31.611444770000105,61.379500324600265],[31.58647189700013,61.395499672601616],[31.567694770000227,61.39616699060153],[31.56008300800005,61.40727945860244]],[[30.937377930000135,61.34414197959784],[30.96236979200006,61.35246310659821],[30.983007812000032,61.36562499859937],[30.976925998000127,61.37135552159973],[30.986444770000155,61.38508300660088],[31.00620659700013,61.38813476460089],[31.01448296400025,61.40165879860203],[30.985232205000045,61.410750324602574],[30.97286241300009,61.402572969601955],[30.939249674000113,61.3957492386015],[30.948250326000053,61.37748345160012],[30.91015353700009,61.379500324600265],[30.906583659000148,61.371276853599724],[30.88314073400005,61.36623535059935],[30.885305447000178,61.358740232598755],[30.932305230000217,61.349666339598066],[30.937377930000135,61.34414197959784]],[[30.400393338000185,61.22948811658912],[30.446912977000068,61.23364257658964],[30.447504340000137,61.245480684590575],[30.42685004300017,61.24822590959061],[30.400393338000185,61.22948811658912]],[[30.60177137600021,60.86770561956168],[30.58647732200012,60.85241156556061],[30.59785156200013,60.84008110755953],[30.613888889000066,60.83541666555922],[30.631168620000093,60.85255804956049],[30.622943793000218,60.8639526355614],[30.635104709000135,60.87187364256215],[30.61887207000012,60.88366156556305],[30.60177137600021,60.86770561956168]],[[109.7451416015586,55.86611388698906],[109.7304546440933,55.856411158398366],[109.76323513454467,55.85055833196124],[109.7865505642322,55.83889692321746],[109.7943028428779,55.811092099232106],[109.79099121093357,55.80166388844243],[109.81097384982245,55.789736851731504],[109.82344129773905,55.78934298000024],[109.85544650607254,55.779152779193076],[109.87596950954463,55.76388610642079],[109.90514160155855,55.756092103462876],[109.9268082682255,55.73890789257726],[109.91988769530872,55.719447222950976],[109.95643825954481,55.72603072921819],[109.94676052517002,55.71614137239179],[109.9330219183989,55.71787336363003],[109.92377061631561,55.709726848736295],[109.89108669704477,55.71004295998306],[109.89622558593373,55.70099741419191],[109.91903049044765,55.69583611183659],[109.94539062499611,55.685297222268],[109.95736382378095,55.674447222944586],[109.96125271266968,55.66138610640629],[109.94811523437123,55.651777256985575],[109.92110568576003,55.64514444787545],[109.91236382378082,55.6350190036736],[109.91067165798215,55.618146512894285],[109.90133680555172,55.61295606625183],[109.89847493489214,55.601941661953546],[109.85974500867677,55.57903889773568],[109.83399088541285,55.546500682941655],[109.81430284287802,55.53916388416652],[109.85218749999615,55.52695081721606],[109.86985839843375,55.524741242834224],[109.86985839843375,55.514185687277106],[109.85396647135025,55.50618896282933],[109.82791937933638,55.50029679838635],[109.84374728732257,55.488630131717855],[109.84143500433652,55.47538319703716],[109.88041395398925,55.460830550821996],[109.90032714843352,55.45952480537923],[109.88712402343366,55.44916944513445],[109.86225260416292,55.450895078544036],[109.84277235242659,55.44292222562403],[109.82569715711422,55.430574576153944],[109.83096950954484,55.424741242819685],[109.8168082682252,55.40751902059501],[109.82374728732258,55.39779679837127],[109.81625271267,55.38305277303286],[109.80541395398927,55.37249721747569],[109.81847764756583,55.36055555351996],[109.81792209201014,55.35111110907413],[109.80569715711412,55.33833055080397],[109.78069715711422,55.32335235391611],[109.78865722655871,55.30732764145698],[109.77439019096843,55.296108328575514],[109.75736382378089,55.28985249632634],[109.77024576822525,55.28147894760545],[109.7959695095447,55.258074542220065],[109.78931532117677,55.24923271821692],[109.7909695095447,55.23751898666154],[109.78514160155872,55.22557454221517],[109.78874728732255,55.21835231999191],[109.7782242838504,55.206125011505],[109.7515250651004,55.19305833398548],[109.7387858072876,55.17918721310672],[109.7170806206559,55.16778055620407],[109.71430284287798,55.141941661885774],[109.73903428819044,55.1255563672871],[109.74736382378101,55.11333055077038],[109.7240304904476,55.10585231997496],[109.73625271266968,55.09278055619255],[109.7365250651004,55.080830550765405],[109.74847493489193,55.071113889522685],[109.74985839843355,55.062219439651685],[109.76847493489186,55.05194722285313],[109.77069715711414,55.0297194396467],[109.75347493489198,55.019719439645016],[109.71516493055157,55.005852794677644],[109.69989095051723,54.991958344805774],[109.70069715711429,54.979163884083306],[109.689302842878,54.97083611172967],[109.689302842878,54.96305277296966],[109.71958604600307,54.9388916672802],[109.722261827253,54.928398164132034],[109.71403049044744,54.92567450419224],[109.70652506510042,54.90613009772216],[109.67880371093376,54.89072896110954],[109.66708062065595,54.888891667272645],[109.66041395398929,54.857497217397864],[109.6809695095447,54.839741208822964],[109.67100911457952,54.82502136018782],[109.65893825954463,54.82191982481414],[109.63763617621146,54.81028055614919],[109.62125271266984,54.78751898659269],[109.63930284287795,54.75168565325356],[109.63514160155864,54.73471943960074],[109.62874728732254,54.728891599430604],[109.62347493489187,54.69360839629997],[109.61736382378092,54.68416395185412],[109.59754123263502,54.671766219647246],[109.57309733072532,54.667411971599705],[109.55541395398907,54.65972493275287],[109.54125271266992,54.64277506295853],[109.52877983940579,54.6341804991551],[109.50319173176693,54.62389159941381],[109.49958604600302,54.58001898655969],[109.5040304904474,54.55166937718005],[109.50347493489193,54.537219507386055],[109.49291937933634,54.512796764326595],[109.49541395398923,54.50085231988024],[109.48930284287798,54.484724932724774],[109.48819173176695,54.46777506293039],[109.49652506510039,54.45807454209553],[109.49625271266966,54.44610839626014],[109.48014160155854,54.42221950736746],[109.46096950954471,54.40333061847557],[109.46791937933642,54.38999728513989],[109.47096950954467,54.36721950735832],[109.50014160155848,54.354447154925694],[109.50125271266965,54.34055284068735],[109.49211805555173,54.32307440643965],[109.45633897569064,54.30980224389396],[109.449045138885,54.301699894717366],[109.46096950954471,54.29354030812748],[109.4615250651003,54.27527506289881],[109.47125271266975,54.270002710467374],[109.47544108072513,54.25594007483128],[109.49125271266973,54.24833604379702],[109.50569715711421,54.23305826601677],[109.51569715711405,54.21472493268024],[109.52096950954461,54.18749728510638],[109.53903049044736,54.1750027104514],[109.55541395398907,54.15918565315713],[109.55403049044746,54.1513861739891],[109.53125271266963,54.12360839620672],[109.51152506510037,54.11111382155173],[109.48652506510024,54.07778048821277],[109.48125271266967,54.06583061841911],[109.46236382378076,54.037775062858785],[109.42985839843345,54.01611382153568],[109.39236382378077,53.9830528406272],[109.3531917317669,53.956669377081056],[109.34569715711413,53.94638617395414],[109.32152506510016,53.93305826596584],[109.29267578124613,53.90946600793217],[109.28072048610709,53.905297171125945],[109.26514160155862,53.89110839616691],[109.25152506510027,53.88361382151283],[109.24347493489199,53.87196343088578],[109.24708062065586,53.866407875329216],[109.22318793402405,53.84888970041303],[109.2118603515587,53.822290986215776],[109.21656521266964,53.81696655045098],[109.19910536023912,53.80983276138704],[109.18319173176702,53.80722493261055],[109.16596950954457,53.78944715482973],[109.1632004123224,53.78021240005381],[109.18152506510017,53.772241208646214],[109.19618326822516,53.77201958321209],[109.20178602430161,53.75638563138653],[109.21208062065574,53.74196343086306],[109.19780381944052,53.731391599263986],[109.18453938801683,53.706750485978446],[109.16103841145446,53.687906627468024],[109.178767903642,53.68083604369961],[109.19180826822519,53.6811138214773],[109.20125271266978,53.666108396127385],[109.182671983503,53.649183889831036],[109.15470703124616,53.64097588201701],[109.16596950954457,53.63251898639921],[109.1403483072878,53.61932223617982],[109.11623643662794,53.616947154799256],[109.06820149739184,53.61968776894907],[109.00122775607241,53.63027506278771],[108.99455349391974,53.62417453110262],[108.97045735676686,53.63333604369108],[108.96541395398911,53.640002710358836],[108.97791937933624,53.64805284056868],[108.98041395398921,53.65861382147335],[109.0023394097182,53.667216523297824],[109.01508300780853,53.66703870754247],[109.02430284287793,53.67611382147648],[109.0359695095446,53.70194715481432],[109.04903049044765,53.70610839613465],[109.04134494357231,53.712997908939506],[109.0411056857599,53.724866669792426],[109.08152506510015,53.74203002700039],[109.05923936631547,53.74430989353713],[109.03910156249599,53.7499650042153],[109.01569715711406,53.760536564546875],[109.03958604600291,53.76610839614503],[109.03785970051688,53.773859318455614],[109.01403049044757,53.78275878677301],[109.0148583984336,53.790836043718826],[109.04068630641953,53.800460474059136],[109.05847493489186,53.797481008997906],[109.06766167534323,53.815826549365504],[109.04767957898922,53.81981946928817],[109.03736382378088,53.834425453448695],[109.0398583984335,53.841092120116706],[109.03291937933635,53.85692545345263],[109.03403049044738,53.869724932621466],[109.02339246961407,53.87110839616343],[108.98596950954465,53.86611382150982],[108.95625271266975,53.85721950727214],[108.93774522569059,53.8550027103968],[108.9171240234334,53.85777506282777],[108.89355685763496,53.85335706695025],[108.88158637152388,53.84532158517807],[108.86521538628067,53.8400678145609],[108.85767198350293,53.830295000974054],[108.83238715277388,53.81863050444433],[108.78957356770454,53.790119897885454],[108.76652506510025,53.77694715482754],[108.75374728732235,53.76166937704701],[108.74458604600291,53.73444172947284],[108.71403049044731,53.705830618356735],[108.69985839843349,53.697502710369214],[108.69125271266961,53.6833523197416],[108.69096950954474,53.66946343085021],[108.6718082682251,53.6575189864038],[108.66485839843381,53.640018986400555],[108.6524376085029,53.629790036745945],[108.6429226345446,53.615555010701726],[108.6234749348918,53.59471950722577],[108.59874728732242,53.58055826590384],[108.58236382378084,53.56444172944264],[108.55430284287792,53.541113821452356],[108.55180826822526,53.526941729435826],[108.54347493489188,53.5155528405451],[108.52683159721833,53.50613064002238],[108.51403049044745,53.49457058142666],[108.5361056857599,53.49681097856236],[108.54985839843357,53.50305826588989],[108.60983506944068,53.525258244192514],[108.61383897569056,53.52963649940159],[108.68374728732259,53.555002710343786],[108.70429253471816,53.55883517562207],[108.72791232638494,53.558523218156836],[108.74194281683623,53.56459038395644],[108.75992458766956,53.56528808360937],[108.77121690537797,53.575815969896],[108.8168082682252,53.58527506277967],[108.86596950954468,53.59833061833759],[108.87534016926702,53.596146916080215],[108.90680826822526,53.57861382145902],[108.93625271266961,53.555002710343786],[108.96236382378066,53.52472493256045],[108.97958604600306,53.49333604366609],[108.98625271266962,53.468613821439284],[108.98903049044739,53.447780488102],[108.98625271266962,53.38527506274344],[108.97822916666262,53.37613009746399],[108.96374728732239,53.36972493253229],[108.95043945312095,53.35389539693909],[108.93390462239206,53.34605387133014],[108.91031738280877,53.34844590692069],[108.89958604600304,53.33055284051112],[108.87201280381537,53.32436007792325],[108.85655761718346,53.313069387817016],[108.82577094183638,53.31117892557702],[108.799329969614,53.285008406909014],[108.77983235676679,53.28507703755143],[108.76545355902378,53.27668836567502],[108.74514160155849,53.26944172938886],[108.72688693575986,53.26804307487472],[108.67556532117669,53.29226887783059],[108.66955783419746,53.302492130870604],[108.65214572482232,53.29639159918541],[108.63207465277372,53.29987982618262],[108.61964409721827,53.29806857401214],[108.56321289062093,53.26740749544752],[108.54708062065565,53.26583604362423],[108.53347493489197,53.257692326174755],[108.53698350694047,53.251832408639075],[108.52069715711414,53.23388617382669],[108.49117404513487,53.218848467660784],[108.46903049044762,53.210275062711126],[108.43429904513488,53.18777831791545],[108.43958604600293,53.18055284048333],[108.42933539496123,53.16945827667935],[108.41514160155862,53.16333061825793],[108.38160210503075,53.144062768861986],[108.35791937933641,53.140747881708464],[108.35680826822522,53.13471950714145],[108.31291937933615,53.11249728491518],[108.29208062065567,53.10889159915036],[108.28180826822528,53.102241208524276],[108.29374728732249,53.0897412085219],[108.29398708766972,53.067780488031616],[108.31514160155861,53.068336043587294],[108.33041395398897,53.043630097402016],[108.32736382378084,53.035275062678224],[108.29822428385023,53.008069387759846],[108.28374728732233,53.003907875172295],[108.28125271266968,52.98777506266917],[108.26323784721819,52.97361490641646],[108.23152506510012,52.96611382134555],[108.21301649305167,52.94872314208874],[108.21811821831214,52.93650417507255],[108.2129193793363,52.92860839599123],[108.18458604600285,52.91555284043304],[108.1598583984336,52.90889159911236],[108.14180826822512,52.89749728487403],[108.1165250651001,52.88833604355286],[108.107679578989,52.8805582657735],[108.0766417100656,52.87301052271649],[108.04514160155838,52.858052840422],[108.00789523654123,52.84476209606183],[107.99096950954451,52.83694715465403],[107.97069715711397,52.80583061818968],[107.95569715711399,52.788052840408405],[107.93014160155846,52.77138617373849],[107.89985839843364,52.76278048797294],[107.87736382378078,52.753330618179454],[107.85544623480489,52.7377916099298],[107.82479736327728,52.728725040917546],[107.79932969834681,52.71488633648778],[107.75791937933627,52.704441729280894],[107.71896511501338,52.70111382129409],[107.67708062065564,52.70471950705877],[107.65791937933618,52.71303656435208],[107.6282571072008,52.705836043517394],[107.60746148003071,52.708005911139175],[107.5999273003432,52.713559296557065],[107.54283637152376,52.709933537007664],[107.51903049044726,52.69499728483472],[107.49252739799942,52.69273057476474],[107.4342111545098,52.671496037000146],[107.40489176431873,52.662400713647656],[107.39152506509997,52.65305826572916],[107.38847493489185,52.64471950704686],[107.3688302951349,52.62867756910971],[107.35407497829448,52.62252631042793],[107.3251416015584,52.60471950703898],[107.27567599825989,52.59198567457123],[107.22371527777358,52.58201958298929],[107.19791937933621,52.57388617369948],[107.15957872178404,52.56898600008735],[107.12819173176665,52.56305826571129],[107.099897189666,52.54529839157579],[107.05014160155831,52.52249728480028],[107.01027506510013,52.50647352177632],[106.95736382378071,52.48221950701445],[106.89318386501327,52.459059513520174],[106.88263617621107,52.45194715457784],[106.89028917100288,52.443749997458106],[106.8784749348917,52.41555284033436],[106.87569715711378,52.39166395144066],[106.85374728732215,52.36500271011571],[106.85069715711403,52.35527506254434],[106.83458604600288,52.33833061809639],[106.8094411892319,52.32187201349225],[106.78819173176663,52.31889159899516],[106.77154676648883,52.30972493232664],[106.7475195312459,52.31730224352617],[106.72876953124586,52.33083007556017],[106.70055013020432,52.337355683200364],[106.69545220268697,52.346091306032],[106.6789805772529,52.34672146011199],[106.66377956813817,52.35251383207499],[106.64507893879805,52.34742160117123],[106.62944986978754,52.35318901653689],[106.60514160155844,52.34498100872291],[106.59708062065549,52.346669376778635],[106.56363308376314,52.343519691448215],[106.5656971571139,52.35500271011372],[106.54210286457912,52.35138563112002],[106.5271676974786,52.343058265666826],[106.51566433376311,52.35221950698813],[106.50180826822503,52.348347436674814],[106.50903049044717,52.340830618096874],[106.49657226562094,52.33529676392909],[106.48780978732246,52.323848467485966],[106.50291937933615,52.31639159899465],[106.50458604600277,52.30555284031207],[106.49236382378052,52.29138617364229],[106.45930284287776,52.30944172920177],[106.45903049044723,52.320558265662214],[106.45278320312076,52.330144311671155],[106.42864718966617,52.31738498007123],[106.41770290798186,52.32282714587103],[106.3999991861939,52.32281439630506],[106.38611653645421,52.33069986722678],[106.37236382378074,52.3222195069821],[106.39874728732212,52.313737247865674],[106.39606336805132,52.30698594578103],[106.35843560112431,52.29696560072677],[106.34458604600269,52.29885362156051],[106.34791937933602,52.282219506973775],[106.32596950954445,52.28611382121067],[106.31663194444018,52.282170407581454],[106.29193305121122,52.28624999742602],[106.27715060763472,52.28577717841547],[106.26775173610683,52.27694172919506],[106.27327473957925,52.270622013481926],[106.26244411891957,52.256036781274034],[106.24930284287774,52.25361382120414],[106.24165717230493,52.232502710088546],[106.25511935763464,52.22500325262184],[106.27069715711399,52.2286083958517],[106.2784426540756,52.21640272093595],[106.27764539930148,52.20669758855542],[106.26652506510008,52.20085231945708],[106.27737060546461,52.1943115208445],[106.2680528428777,52.17070285113476],[106.27935519747841,52.163613821185386],[106.30211697048217,52.16442626693208],[106.30869547525629,52.15701307248608],[106.29569715711392,52.136941729165905],[106.27489067924925,52.121402720916144],[106.26165147569054,52.118567163189965],[106.25596652560347,52.111944441834375],[106.24125271266932,52.10807454165993],[106.23502604166245,52.09222493228161],[106.2190304904472,52.104724932284114],[106.2195860460029,52.08416395137713],[106.2129193793362,52.0574972847049],[106.17236382378046,52.013886173584616],[106.18485839843328,52.00446343052703],[106.1548583984333,51.988613821148746],[106.18236382378063,51.971391598922786],[106.19652506509993,51.95307454162721],[106.1895507812458,51.931832679643705],[106.14763617621105,51.91555826557761],[106.11625271266931,51.90029676383823],[106.10347493489161,51.90110839578297],[106.0829193793362,51.86444172910834],[106.04778320312077,51.83180012753888],[106.00763617621112,51.806669376665454],[105.98541395398897,51.78861382110602],[105.97430284287792,51.77361382110269],[105.95958604600268,51.74777506241652],[105.9368141004732,51.72807562664839],[105.92747856987425,51.729201114929865],[105.90154717338986,51.71861436362563],[105.86818033853746,51.7180853922712],[105.8554541015582,51.721685652688706],[105.82778333875437,51.703189016399996],[105.79768853081191,51.69389458280418],[105.77512532551668,51.690876462143784],[105.7618008083724,51.69505669217941],[105.72533786349423,51.69158609756059],[105.69881049261744,51.67628553332117],[105.60152506509989,51.65805826552196],[105.57713731553388,51.64933647732577],[105.54110365125437,51.64915744086736],[105.5093028428776,51.64028048774041],[105.45091512043844,51.610393334956],[105.40925862629796,51.60517794867019],[105.398983018659,51.60141926811374],[105.3759695095443,51.59944715439799],[105.35278808593324,51.592262095802774],[105.32549696180119,51.591888018111746],[105.30244357638468,51.58313747557512],[105.27412719726148,51.580622827136935],[105.24096950954447,51.5813915988386],[105.22768242729614,51.576670461684714],[105.17331203884136,51.574386390503705],[105.16789713541237,51.567592228175805],[105.15434678819031,51.570396590155504],[105.11690158419704,51.55675428329485],[105.09423638237433,51.55477755803418],[105.06823798285176,51.54778157278944],[105.0384876844575,51.546398380514844],[105.02363267686195,51.53870415308264],[104.99005913628042,51.53305826549453],[104.96393269856361,51.53247856714372],[104.94630750867628,51.52669623207292],[104.9300055609767,51.515133460803014],[104.89440823024755,51.498825138316846],[104.8733266872786,51.49937689612934],[104.83756395127637,51.491492510276984],[104.81045118543402,51.47168565263356],[104.77519944932287,51.45816026200563],[104.74999721950529,51.45780218908897],[104.73125264485242,51.46358615176376],[104.71171101887592,51.46315402285749],[104.69634609645827,51.46852348900444],[104.64652499728311,51.47694172902363],[104.62496724446191,51.483330617914056],[104.60865268282996,51.47853081322544],[104.57108615450947,51.47273274464778],[104.5200506591755,51.45783148596385],[104.51160766601123,51.45725667042559],[104.46797410752616,51.471081540220325],[104.4532241482163,51.48081949595157],[104.43325290255652,51.488046600987985],[104.41399807399733,51.48994764265503],[104.39041388617191,51.48750270992884],[104.36543687608064,51.47963025984034],[104.3333349609333,51.48225612789636],[104.30949734157558,51.4882788058492],[104.26350338405621,51.49332058102387],[104.24458611381937,51.5011138210431],[104.21936815049497,51.504441729029935],[104.2031916639498,51.509441729030875],[104.195141669375,51.51750270993554],[104.17736389159734,51.52750270993769],[104.16178175184024,51.53027506236891],[104.13049543592223,51.526682397437476],[104.11601867675355,51.527034231204965],[104.09100189208543,51.54470838485472],[104.07130832247833,51.553538951262865],[104.04391947427943,51.55672851289558],[104.0188279893619,51.55134792478682],[103.97278333875423,51.57792208928907],[103.95874721950526,51.58416395126964],[103.93791944715292,51.5991693766202],[103.91822413126204,51.60554171820142],[103.88875408596022,51.60685655110106],[103.84007301330132,51.613622772890764],[103.82544635348407,51.62248616264962],[103.78344171311684,51.63801893175023],[103.73721666759475,51.65207790527761],[103.73347500058895,51.65833604329986],[103.71096944490631,51.67055284017752],[103.70236388888185,51.68805826552855],[103.70819166659868,51.69998100858679],[103.70930277770998,51.71528048775669],[103.71999444537265,51.72542208932138],[103.72997389898944,51.728886173523556],[103.80834427727149,51.72555826553674],[103.83979204813215,51.72983452421816],[103.86233881632043,51.73512179635473],[103.88260258992078,51.73120740833325],[103.93217961628807,51.744719506860335],[103.9483008151542,51.743248966495386],[103.97313235812277,51.74855821128819],[103.99443634032758,51.7500412299518],[104.00319166394962,51.75389159887623],[104.0250545247352,51.75583061797394],[104.04563184949647,51.7527804877649],[104.0645425414998,51.756663951307424],[104.11184183756086,51.758151852783364],[104.12956390380431,51.76471896432993],[104.15682447644957,51.76836778160521],[104.16567148843961,51.77304877118933],[104.19210744221573,51.775841468672525],[104.216602240664,51.78637044002912],[104.2418083360418,51.78471950686914],[104.29828267414922,51.793557397495874],[104.3351028103255,51.794946828919805],[104.34779981824659,51.79748616268764],[104.35983520507386,51.79064832631483],[104.37925862629788,51.80128905982389],[104.40564758300351,51.802709958261694],[104.42842868380649,51.79417046173206],[104.45482482909715,51.799348141854836],[104.50495090060338,51.79361951772167],[104.52217848035603,51.79502142744407],[104.5494989691797,51.80166395131722],[104.59051988389325,51.79886311581306],[104.59941250270843,51.794126245152306],[104.61927964951838,51.79081379940501],[104.62828002929265,51.79916395131649],[104.63787584092442,51.79833604333031],[104.65208055283851,51.810836043332934],[104.68122117783848,51.81751627336911],[104.70125278048634,51.82888617354522],[104.70985833061633,51.847780487785386],[104.72950453016061,51.86581759716424],[104.76160169812937,51.8650599474246],[104.77756429036036,51.87257812233927],[104.79861626518658,51.87224500601991],[104.81514166937518,51.87500271001343],[104.8073638915973,51.896113821129],[104.79333889430988,51.91125542269473],[104.74002387152359,51.928158363236555],[104.72891045463979,51.934849986501824],[104.71540608723528,51.93705159240529],[104.70766323513033,51.94443603251084],[104.69628160264318,51.94581732591392],[104.68286329480907,51.96206298563963],[104.67014166937508,51.96916937670015],[104.65236389159718,51.984447154481096],[104.62745042588544,51.987697480002595],[104.60911675346802,51.99686441793855],[104.60231635199227,52.00385850431168],[104.595141669375,52.03139159893542],[104.57434163411023,52.04386826994503],[104.54469930012584,52.055683319860776],[104.54125278048609,52.06333604338669],[104.52763610839418,52.07359211977772],[104.52230963812502,52.08317355424155],[104.50571445040798,52.086652829415854],[104.48063442653647,52.09891872568583],[104.47209730359816,52.09371690276802],[104.47263610839404,52.07600911196576],[104.45819166394965,52.0552804878294],[104.45284166123696,52.03506103253016],[104.43096944172743,52.040002710048356],[104.44378289116332,52.05279513626646],[104.45569722493063,52.08333061804362],[104.45333889431015,52.10347764495769],[104.43454271104179,52.10308078080818],[104.43326178656247,52.112575680983774],[104.45002990722223,52.11170464148709],[104.44706319172741,52.12306938758324],[104.43062411837694,52.14439479991413],[104.40507629394108,52.16083061805981],[104.39625278048611,52.181669376744765],[104.37427402072068,52.19835828733844],[104.34985833061658,52.20055826563748],[104.34930277506088,52.20946343056996],[104.31874247232639,52.23027750392491],[104.33736389159729,52.24858425306059],[104.34847500270837,52.235821394985024],[104.37223334417963,52.23443847397779],[104.41240437825086,52.2111772977577],[104.41347500270842,52.20212022310305],[104.45354492187073,52.18257812240465],[104.44736389159715,52.16636989757486],[104.46716769747853,52.15389159896132],[104.4734393310503,52.146371525174814],[104.47680833604164,52.13136989756756],[104.5187472195052,52.10555284027052],[104.53846971299474,52.09611951778598],[104.55483350965272,52.108199595913426],[104.56430277506072,52.101925453116976],[104.55780388725697,52.08528048783573],[104.57617913139768,52.06139159894187],[104.58656860351122,52.065552840262164],[104.59847500270831,52.05972493227474],[104.595141669375,52.04970323088395],[104.62181125216586,52.03305555292888],[104.63347500270828,52.01442545309858],[104.65107835557308,52.00194172913767],[104.66116739908416,52.00054877123808],[104.6632026502778,51.99128499085409],[104.68930277506091,51.98386989753652],[104.72291944715289,51.95444715447468],[104.72708055283861,51.94527506245895],[104.74043613009574,51.9447189643685],[104.74930277506087,51.93416395134555],[104.76534823947064,51.93484456115469],[104.78893866644545,51.92435872130871],[104.81014166937511,51.90194715446362],[104.82680833604182,51.89000271001664],[104.83041388617197,51.87942545306999],[104.82736389159724,51.86998100862332],[104.85378607855478,51.85970160323925],[104.88137071397131,51.84006211755801],[104.89533813476146,51.84034694828729],[104.9251416015582,51.848608395771606],[104.94962429470073,51.86168456764939],[104.97238837347675,51.8683466227724],[105.00069715711373,51.87166395133209],[105.02883802625445,51.88676377772426],[105.03908610025603,51.88840548779406],[105.06814643011722,51.90243760585264],[105.09490193684478,51.905552840228296],[105.10799058701842,51.90024278163344],[105.13558607312949,51.897438148386186],[105.16390001084653,51.90028374300509],[105.16696736653226,51.90487223041913],[105.19183620876322,51.91473605420603],[105.21734659830298,51.917775062453146],[105.22389851887596,51.91472493224409],[105.2506971571139,51.926941729121666],[105.25958604600291,51.936663951346034],[105.25958604600291,51.94863009718177],[105.27263617621094,51.97111382114502],[105.28627590602876,51.98140841750126],[105.31570515950096,51.98614094788442],[105.37096950954447,52.01639159893232],[105.40048990884998,52.02668511021924],[105.42825697156687,52.025002710045264],[105.44291937933632,52.030552840254835],[105.4579193793362,52.0427750624795],[105.46263617621116,52.05500271005159],[105.49544108072489,52.070841740002805],[105.5037472873222,52.079724932278964],[105.52236382378055,52.08805284026681],[105.55125271266928,52.10749728471541],[105.58847493489148,52.139163951388625],[105.59460923936219,52.14974175087001],[105.60514160155837,52.15305284028047],[105.61263617621096,52.161947154518344],[105.63434095594192,52.1744642443647],[105.6551416015584,52.200830618068245],[105.66096950954442,52.219724932308175],[105.68319173176666,52.245836043424724],[105.70784220377186,52.261648217907094],[105.73391886392805,52.282959253067666],[105.74903049044718,52.28721950697479],[105.7605499945705,52.305144311666055],[105.77791937933614,52.314441729202585],[105.78985839843335,52.332780487886964],[105.80458604600277,52.34166395143044],[105.80596950954451,52.34750271011223],[105.83096950954432,52.368352319491486],[105.83180826822502,52.38057454171612],[105.85072035047334,52.40113063981058],[105.86374728732245,52.411113821236356],[105.87903049044718,52.41777506255698],[105.89347493489156,52.432775062560054],[105.90708062065545,52.457502710134484],[105.93213663736569,52.47678520796836],[105.95226196288661,52.48589816369916],[105.95752292208805,52.4923722305408],[105.97434095594194,52.4969642444307],[105.98138617621105,52.5031401884423],[106.02819173176663,52.52278048792536],[106.0545860460027,52.52583061813432],[106.07699245876334,52.537328827772036],[106.10544080945753,52.542941892009345],[106.17226236978745,52.564711097742965],[106.19044949001312,52.56418402526019],[106.20125271266954,52.57027506258775],[106.27374267577699,52.6036127362055],[106.29377251518702,52.60722873012976],[106.31242865667986,52.6178105986214],[106.34996636284312,52.62832763421384],[106.37210584852022,52.62833984124504],[106.39369466145415,52.63175916633245],[106.40985839843329,52.6394471546153],[106.44347493489163,52.64944172927011],[106.47291937933618,52.67499728483072],[106.47458604600268,52.68159586339104],[106.50544623480492,52.69418049881019],[106.50847493489155,52.69929280349858],[106.56433512369375,52.73695827659639],[106.57708062065569,52.747518986233814],[106.57331732855505,52.75847004960408],[106.57569715711394,52.77389159908616],[106.5567860243014,52.776669919399204],[106.56453369140216,52.78610839596358],[106.58213053384992,52.78163438337586],[106.59391899956181,52.77148518632524],[106.61267333983953,52.77779676401745],[106.62263617621126,52.802780487980684],[106.63390679253064,52.80905788598551],[106.65889431423187,52.81485568329549],[106.69045111761727,52.82474120847104],[106.69899197048193,52.831660696319815],[106.72791937933619,52.83499728486195],[106.74518961588136,52.85502441160199],[106.76403049044715,52.86638617375706],[106.7598583984335,52.882497284871235],[106.76069715711384,52.898074541818715],[106.76751139322505,52.90763888643842],[106.7651416015583,52.91446343071063],[106.78598307291259,52.930308699810965],[106.7965573459162,52.93279160996781],[106.8004465060722,52.94368109564688],[106.84671685112431,52.9543462432183],[106.84819173176686,52.965836043567755],[106.8710017903603,52.97056938775259],[106.92643825954462,52.99073106310384],[106.91002360025622,53.000490448956356],[106.90903049044725,53.016947154688566],[106.9001361762111,53.02111951797063],[106.86596950954458,53.025830618232],[106.85509819878062,53.03471950712249],[106.83152506510007,53.04500271024948],[106.81763617621128,53.04471950712436],[106.80856662325981,53.036444767539436],[106.76277235242651,53.02542208958603],[106.76347493489169,53.04167860000583],[106.78485839843327,53.04835231962508],[106.78125271266958,53.059741208516144],[106.79599175346824,53.06028103056491],[106.81403049044724,53.07250271025473],[106.80458604600288,53.083900822236046],[106.81844916449245,53.087391219372115],[106.81903049044728,53.09411051190806],[106.8410153537286,53.091625160345046],[106.865991753468,53.0958365861271],[106.87903049044718,53.10971950713673],[106.87736382378066,53.133352319641205],[106.90263617621115,53.14750271026884],[106.92932807074256,53.154520396902164],[106.94500542534303,53.152355683360014],[106.9611056857599,53.17069986739129],[106.97956244574254,53.171952580065046],[106.980413953989,53.18444715472013],[107.0062527126696,53.2049972849323],[107.01041395398889,53.218020288407004],[107.01850368923198,53.22780273198522],[107.0368039279474,53.23517605012897],[107.06016493055134,53.23779730663996],[107.08378282334655,53.2455729142803],[107.09374728732226,53.26111382140107],[107.1114116753432,53.27292778624706],[107.12576470268698,53.2786466447551],[107.13843749999585,53.27856933355709],[107.16847493489165,53.28749728494762],[107.19458604600283,53.29749728494955],[107.23660319010014,53.32074299892948],[107.2510565863675,53.33138617384472],[107.26672173393676,53.32685166863555],[107.27627604166257,53.33696397332488],[107.2922808159681,53.3383525909468],[107.3044216579821,53.348580998066666],[107.32556098089862,53.35207790561928],[107.3337472873223,53.36055826586387],[107.3461222330688,53.360839298850074],[107.38444986978749,53.37957790562434],[107.39891493055136,53.38444715475712],[107.4183116319403,53.396440427328834],[107.4310565863675,53.39528048809256],[107.44041395398897,53.405836043650034],[107.47041395398894,53.41889159920794],[107.48670166015216,53.419728730284525],[107.50337293836401,53.42478705276798],[107.52403049044729,53.43499728497489],[107.52579671223553,53.453981659978155],[107.54569715711392,53.4580528405345],[107.54874728732243,53.47213677065852],[107.53894748263484,53.47160020381823],[107.52819173176675,53.48110839609437],[107.5212527126696,53.49890787526415],[107.53459038628078,53.50749864132476],[107.53541395398888,53.52389159922707],[107.56291937933638,53.54333061832772],[107.58374728732237,53.565836043678935],[107.58625271266965,53.57890787527846],[107.61625271266968,53.61110839611762],[107.61930284287786,53.62639159924529],[107.6312760416626,53.63779717107897],[107.66541395398899,53.65305826591679],[107.67641845702722,53.65400580280922],[107.73902859157572,53.68443589721568],[107.74943901909312,53.69264444756444],[107.86116970485699,53.75271117934588],[107.90596950954449,53.77222493260451],[107.94625271266949,53.78333061837035],[107.96374728732229,53.800558265942726],[107.97600179036048,53.8052916101277],[107.99152506510018,53.820280488168464],[108.0141612413153,53.829311114255106],[108.05404676648914,53.827520207136914],[108.07267550997868,53.83363213205097],[108.07736382378066,53.839441729491284],[108.07514160155858,53.851581079536686],[108.09652506510014,53.86555826595414],[108.12731418185363,53.875381670903664],[108.13430284287813,53.884169377068524],[108.14841878254805,53.88904812055889],[108.16403049044737,53.90083061839078],[108.17374728732233,53.91333604374015],[108.19763617621129,53.928352319784345],[108.19096950954462,53.93610839617462],[108.19291937933633,53.959741208678714],[108.20541395398911,53.9908360437535],[108.21848958332923,54.00973334193385],[108.23841010199243,54.011040579347366],[108.24948404947514,54.0158981639835],[108.26069715711397,54.033886173969236],[108.25903049044757,54.04224120869289],[108.2717941623224,54.047950708476776],[108.27847493489176,54.05666395175089],[108.27471082898904,54.065694442203814],[108.29420572916257,54.09038994459513],[108.29263617621126,54.10946343092653],[108.28374728732233,54.11916395176151],[108.28236382378071,54.13593546326603],[108.2968315972181,54.14501939338923],[108.31958604600297,54.1513861739891],[108.3449945746488,54.16875555875768],[108.36724826388483,54.17110839621467],[108.37819173176695,54.19944715490014],[108.39061414930148,54.20937784609085],[108.40767523871118,54.21696505854891],[108.4190304904474,54.22999728511344],[108.4202663845446,54.251249997790595],[108.4545860460029,54.27416395178739],[108.46909776475292,54.28753539818729],[108.48270236544748,54.28806599714561],[108.50226182725311,54.29395371958587],[108.50485839843344,54.303623044674346],[108.49291937933621,54.316213241074],[108.49736382378063,54.32221950735094],[108.50374728732243,54.34946343096655],[108.50277235242665,54.36125555878968],[108.51791937933638,54.37055284069242],[108.51207573784336,54.3866685633512],[108.52014160155844,54.388330618472914],[108.52708062065584,54.40138617403072],[108.51971082898909,54.41458333115089],[108.534302842878,54.43444715493887],[108.55140028211417,54.45041666449023],[108.5468082682251,54.45696343098425],[108.560697157114,54.464719507374355],[108.5662527126696,54.474997285153854],[108.58548339843355,54.49757513889003],[108.59210286457937,54.49750325303944],[108.62958604600288,54.520275062938815],[108.6379584418364,54.53112928386081],[108.66541395398899,54.53946343099754],[108.66319173176689,54.550558266068855],[108.68686089409334,54.56726969185279],[108.69985839843349,54.571685653224975],[108.69819173176685,54.578336043850996],[108.7090304904475,54.591963431005965],[108.7293098958293,54.60960014975887],[108.7429193793364,54.6116639518425],[108.7420806206557,54.62416937719177],[108.76493055555154,54.64924438262099],[108.77625271266965,54.65416395184935],[108.78985839843357,54.679741208797815],[108.80041395398922,54.710002710538646],[108.8145762803781,54.71399264652023],[108.81708062065582,54.72779676436092],[108.80874728732249,54.74778055613938],[108.81930284287785,54.75778055614088],[108.84180826822525,54.764441661827846],[108.85236382378075,54.775552772940614],[108.85263617621132,54.7844634310366],[108.83596950954473,54.80471943961185],[108.83652506510043,54.81222500059402],[108.85125271266958,54.82416388405931],[108.85208062065574,54.83139166726353],[108.86412272135017,54.845918916072215],[108.90374728732252,54.8622412088266],[108.9107004123225,54.88944498487243],[108.90625271266968,54.89946343105452],[108.91238715277392,54.90529723910672],[108.9410020616279,54.90973612257089],[108.94862250433624,54.916805553453],[108.94278320312117,54.93125555888056],[108.91497395832948,54.939481605973945],[108.9069330512113,54.94791666456898],[108.91708062065567,54.958058333949914],[108.94079969617648,54.9719750277453],[108.95442979600288,54.97475361932565],[108.97791937933624,54.98583055075095],[108.98874728732255,55.00028055617854],[109.00176161023903,55.0064727084148],[109.01354871961416,55.02367892586535],[109.03821451822544,55.02759188973301],[109.0691324869752,55.02813422100486],[109.10347493489182,55.035274995202954],[109.107330729163,55.04121527569427],[109.10874728732239,55.06787984004314],[109.0937472873224,55.07666388409817],[109.09291937933618,55.083463607406465],[109.1131917317669,55.1041694450833],[109.1330669487807,55.11902777570619],[109.13874728732236,55.131669445087475],[109.16569715711427,55.15527499522123],[109.16569715711427,55.176963431096965],[109.17125271266991,55.18360832855872],[109.17319173176686,55.20176872895215],[109.16819878471817,55.21038031478241],[109.17847493489194,55.217774995230535],[109.17458604600311,55.23363009777208],[109.18652506510034,55.27778055622043],[109.19263617621124,55.28751898666899],[109.1868082682252,55.29519219088024],[109.19125542534333,55.31277777573513],[109.18236382378086,55.33113013169489],[109.19791937933654,55.342219439693515],[109.2038661024266,55.35800720011244],[109.21958604600306,55.36221943969641],[109.22096950954472,55.36918568725596],[109.21014160155852,55.37613013170157],[109.22625542534328,55.39388888685816],[109.21041395398936,55.40221943970244],[109.20622395832949,55.41556559042036],[109.18152506510017,55.428052773039376],[109.17763617621125,55.444447222911634],[109.18520887586399,55.44947828302508],[109.16014160155855,55.475574576160604],[109.17574164496125,55.4869707892698],[109.19180826822519,55.49416388416009],[109.20791937933643,55.50777499527315],[109.20347493489184,55.520280556256],[109.18824707030845,55.5264937995294],[109.17985839843357,55.534719439721506],[109.21014160155852,55.55638610639144],[109.20763617621131,55.57194722292997],[109.21888292100294,55.57677195030696],[109.24985839843356,55.583336111820614],[109.28171874999612,55.587736288823116],[109.29413465711404,55.5935445977433],[109.30558973523902,55.59152396107841],[109.34442057291272,55.597324911871404],[109.35485839843363,55.61779678144901],[109.35266764322517,55.63235502255343],[109.36791937933646,55.641663884181284],[109.37083062065577,55.65647360708382],[109.38891927082953,55.66462636112695],[109.4132552083294,55.66989347470727],[109.42680826822509,55.67694166196409],[109.43208062065575,55.68611388961304],[109.48458604600302,55.72333055085949],[109.50905381944045,55.74668611116556],[109.53131347655851,55.75780941235528],[109.56096950954473,55.76761895723796],[109.56572970919746,55.77445883659268],[109.62096733940585,55.77585455802844],[109.6140304904474,55.79444166198062],[109.62152506510041,55.8069472187247],[109.64403049044755,55.81527499955546],[109.6426323784684,55.823889543895184],[109.65485839843355,55.83019221638831],[109.65137369791285,55.83792034376311],[109.6718082682252,55.84138610855096],[109.68014160155855,55.84877610539853],[109.70505099826003,55.85258796071523],[109.71096950954467,55.861669442544006],[109.73457139756566,55.86831373919114],[109.7451416015586,55.86611388698906]],[[108.64348253037785,53.843621416992086],[108.65459364148904,53.85153428591698],[108.66014919704467,53.86195475032849],[108.65120062933636,53.864696720815054],[108.61951660155847,53.86554524512073],[108.596068250864,53.857960067168065],[108.60460720485713,53.85000284602956],[108.64348253037785,53.843621416992086]],[[107.78791937933629,53.412219507192994],[107.76651502820778,53.40636040345919],[107.75567735459678,53.398063691217935],[107.7306174045101,53.39507242602654],[107.71596950954454,53.381391599201066],[107.70903049044739,53.36805284051811],[107.69736382378072,53.360018986349885],[107.69569715711388,53.35166395162614],[107.67685275607242,53.34002631056504],[107.66786729600283,53.3284480770559],[107.63830023871128,53.31441351759152],[107.6362527126696,53.30777506272921],[107.6023638237807,53.29277506272642],[107.55535264756536,53.28048231098813],[107.5426361762113,53.28029676411302],[107.53401285806882,53.27205484787889],[107.51030544704463,53.269617510639],[107.49929497612446,53.27544840256702],[107.48819173176685,53.26583604362423],[107.49152506510023,53.25679687261561],[107.4729193793364,53.243052840495075],[107.43401394313828,53.23007920768018],[107.41425754122854,53.23410427278519],[107.39008761935361,53.21433023849315],[107.36437879773887,53.20668049890845],[107.34152506510002,53.202619083977076],[107.32933837890215,53.19168402538129],[107.30361653645434,53.1837445722549],[107.26441243489184,53.180873749771735],[107.23274549695762,53.17470594378079],[107.20791937933625,53.16474120853587],[107.21116373697508,53.1570361304097],[107.19668565537783,53.14986951799494],[107.16645426431886,53.159890948118296],[107.14207275390231,53.1512679012418],[107.12050103081178,53.15221950714466],[107.10943901909319,53.1490332007206],[107.11625271266955,53.13638617380837],[107.08125271266947,53.11555284047122],[107.06842719183622,53.11197482397755],[107.05447265624586,53.1164298478498],[107.01758517794718,53.11747151451667],[106.9820806206556,53.111113821373166],[106.984737141923,53.10400254750018],[106.97058159721809,53.093058265814236],[106.95330837673202,53.09469427926945],[106.94625271266963,53.082241208520436],[106.92403049044724,53.07649088299859],[106.93409857855487,53.06574896676377],[106.93109456379788,53.05446098933115],[106.9087443033813,53.046944442020624],[106.94063205294741,53.032229544014456],[106.92625271266957,53.026237248006396],[106.93763617621111,53.00666395156155],[106.95861111110713,53.000972219789716],[106.99105251735703,53.011177569184106],[106.99772786457918,53.01796983264016],[107.03958604600273,53.02888617378808],[107.07123996310342,53.041675073530065],[107.08835828992636,53.04060058351245],[107.18538275824255,53.0563351755294],[107.23452989365921,53.06227159046106],[107.26993570963144,53.061671818325486],[107.30541097004793,53.06416883438507],[107.38952067056873,53.07666395157503],[107.40957709417994,53.07545247154007],[107.41411810980486,53.08128960261744],[107.43847493489191,53.09527506268961],[107.45565999348558,53.11414767554038],[107.49291937933609,53.131663951585274],[107.49492106119395,53.14019937910427],[107.52347493489168,53.151663951589114],[107.52939453124593,53.16102538822276],[107.55994140624601,53.16923312476946],[107.58236382378071,53.186108396039906],[107.58899034287798,53.19470024717004],[107.60923204209665,53.20465684439416],[107.62472303602034,53.20759385611345],[107.64358940971827,53.21796250845912],[107.69652208115916,53.22656412521419],[107.7247995334162,53.22682454188094],[107.73458604600302,53.229997284937006],[107.74652506510012,53.2533360436218],[107.75708062065556,53.26720323112447],[107.75152506510015,53.2777750627237],[107.75125271266961,53.29000271029537],[107.74374728732244,53.30221950717263],[107.74319173176679,53.32194715474567],[107.74985839843345,53.324880911256635],[107.74763617621134,53.33750271030414],[107.77096950954467,53.369447154754404],[107.7931917317669,53.39109917298762],[107.78791937933629,53.412219507192994]],[[74.98386718750015,46.83114230282615],[74.9958165147571,46.82446505673021],[75.00888617621553,46.80174017608023],[75.00055826822933,46.794163949949414],[74.9805045572919,46.79334282364685],[74.97220214843782,46.783310814094975],[74.97507378472235,46.77183457711194],[74.98601562500016,46.765836041953705],[74.99468858506964,46.76821885445466],[75.01426974826414,46.766863873985244],[75.02511827256978,46.775844993780055],[75.03225477430588,46.7872973592351],[75.0266710069447,46.79751789960313],[75.04511610243105,46.80505045168897],[75.05792751736129,46.803336041966205],[75.07166395399327,46.809447153079375],[75.05968587239613,46.821091847093754],[75.07779025607681,46.82814561228699],[75.08927842881968,46.82326469865683],[75.09687608506957,46.80414251983102],[75.08955186631988,46.79886881106195],[75.1066341145837,46.768111975114174],[75.12410915798648,46.754954694293765],[75.14548448350729,46.74362684055731],[75.17276801215296,46.74549722901289],[75.1763085937502,46.75358967693217],[75.1897336154517,46.751806907834364],[75.19338650173638,46.737937007656235],[75.20990776909747,46.731280649147],[75.23354275173642,46.72892767605589],[75.25749728732663,46.71249728325517],[75.27331705729205,46.704411074485286],[75.28063476562517,46.69472493081874],[75.29302680121549,46.70168022596002],[75.30864583333369,46.69625813394427],[75.32744845920168,46.69389159748532],[75.35000271267391,46.69471950547161],[75.38370822482665,46.70360839436331],[75.41077148437519,46.70478189696794],[75.42756076388922,46.70883788655268],[75.46419487847254,46.711433372664615],[75.48365939670161,46.71775878499313],[75.5190180121532,46.72055283881346],[75.52996365017388,46.718041988118195],[75.55361436631966,46.72748589003112],[75.55665256076418,46.73665960965226],[75.58414008246561,46.74361002198101],[75.60022298177125,46.74467501764102],[75.60151746961827,46.751164817990436],[75.6255582682295,46.76194172771625],[75.6371375868059,46.75889159750692],[75.6552067057296,46.7713354451673],[75.67275661892387,46.76410834013029],[75.6858474392364,46.768602426503385],[75.68713487413214,46.78027506105572],[75.6935378689239,46.78802001548545],[75.71214789496554,46.7895806166144],[75.72625813802118,46.78094671904205],[75.73775770399328,46.78776393909659],[75.74852430555575,46.80415906714005],[75.765838758681,46.805699865751706],[75.77996310763916,46.793640675209446],[75.79237413194465,46.79505696210236],[75.80528049045171,46.78889159751698],[75.81325466579888,46.77478026938726],[75.8264073350698,46.76667859837755],[75.82886230468779,46.77944335532626],[75.83850151909746,46.78694172772462],[75.85074544270861,46.78559814048454],[75.85129774305595,46.80170165611495],[75.85997395833373,46.79940239396142],[75.87805284288231,46.809169375301394],[75.89290147569488,46.80552191436276],[75.89814453125024,46.81779269344667],[75.91020290798639,46.82581759579318],[75.92827202691011,46.82210747209402],[75.94052571614624,46.83027506107246],[75.97355251736138,46.816265186935766],[75.97307942708362,46.81110785186462],[75.94185167100737,46.80972872860028],[75.9270111762157,46.800990121826565],[75.94078233506984,46.79093939482668],[75.94568359375042,46.78222818605639],[75.97004828559052,46.77771538223536],[75.96891981336842,46.765836855755786],[75.94971950954891,46.76861409099977],[75.93547526041709,46.760014644382395],[75.96113009982668,46.75491183405076],[75.97150390625023,46.76295084229997],[76.00486219618078,46.76140705974738],[76.01222493489608,46.770792639177564],[76.03455674913232,46.78851128067647],[76.04016276041706,46.79888617217304],[76.05899034288235,46.794287919133346],[76.06055284288226,46.78055283883378],[76.07681966145879,46.77226562094884],[76.07830295138915,46.78188421904246],[76.09594726562545,46.79303791913295],[76.12977376302126,46.79285454239687],[76.13795030381976,46.800775006809076],[76.1510677083337,46.80527397599474],[76.17317925347265,46.80700086401596],[76.19739637586831,46.797325571044055],[76.21164713541714,46.78612005888757],[76.24110785590324,46.786861703853035],[76.25695963541703,46.77833604195785],[76.27465928819474,46.776743160012984],[76.28554741753504,46.766380475547614],[76.31389377170163,46.75767496339193],[76.3291151258685,46.74844834663537],[76.34138454861159,46.728898650448265],[76.3525233289933,46.717477209472264],[76.36435112847266,46.69822210963938],[76.3711083984378,46.704125972488576],[76.36499728732677,46.71441460096418],[76.34050618489611,46.73535399984279],[76.34562282986155,46.73974473335115],[76.36564887152828,46.73821668430553],[76.38310872395857,46.7197062133792],[76.3872129991324,46.703149138720846],[76.37305826822949,46.69114094644255],[76.38666286892413,46.66869085962954],[76.40105957031284,46.66583061657294],[76.41888617621548,46.65805283879244],[76.44750271267401,46.65139159747096],[76.4680371093753,46.64000243731083],[76.48783203125032,46.632431636526995],[76.51278049045169,46.61528048634763],[76.5191715494795,46.616027556660356],[76.51444715711851,46.63677110050423],[76.52046929253515,46.65522786049301],[76.55079155816014,46.65381564261053],[76.57076009114633,46.66178547768263],[76.57689398871571,46.67114338784205],[76.59915581597265,46.67636664088196],[76.62822862413236,46.66696071639968],[76.64028049045173,46.666669375253804],[76.67801486545181,46.65000270858148],[76.67493923611153,46.66042968341133],[76.69075249566013,46.66364637178051],[76.7007899305559,46.66000379365418],[76.7166639539937,46.66348171249228],[76.72460123697947,46.64889159747004],[76.70558539496572,46.653052838790934],[76.70333062066005,46.634719505451294],[76.71458387586841,46.62704887827869],[76.76100368923647,46.61742485483784],[76.76916395399343,46.61305283877736],[76.8272195095492,46.594719505437766],[76.84228949652824,46.59379692514232],[76.86038519965318,46.57898925369632],[76.87795247395873,46.57288682313877],[76.88990397135467,46.5743438001358],[76.89990288628519,46.5604185614158],[76.93511935763927,46.54929768467602],[76.93793999566014,46.55542697070221],[76.92272569444475,46.569616966366894],[76.914719509549,46.57221950543015],[76.89807508680599,46.586922738942256],[76.88498914930607,46.608441836171615],[76.8697195095491,46.60777506099783],[76.85861816406285,46.61452175153826],[76.86249728732683,46.62161485049899],[76.8410150824656,46.62780354407748],[76.83480848524341,46.65071532793932],[76.82752983941003,46.65638617212539],[76.81087456597258,46.65353894990206],[76.80820692274347,46.66796983098331],[76.80231119791705,46.67694172768774],[76.78946397569496,46.681126026734304],[76.79280164930587,46.68860839435834],[76.81262695312529,46.68006184487633],[76.82065755208384,46.689160152171105],[76.84075032552111,46.689428435591324],[76.85080837673671,46.68170708142199],[76.8639013671878,46.65840955537253],[76.87636773003504,46.65940510658813],[76.88444118923648,46.650603023251776],[76.88444715711853,46.64198513045381],[76.90444173177121,46.63249728322832],[76.9280257161463,46.628058264129685],[76.93025553385456,46.623610021940635],[76.95486816406282,46.6164990193341],[76.94702582465317,46.60620577931317],[76.96415039062532,46.60081786698508],[76.97166395399358,46.60666394988631],[76.9607166883685,46.616655269334125],[76.93985839843799,46.623711475933746],[76.94785590277814,46.6280528387824],[76.95860839843792,46.62083604190493],[76.97052137586851,46.63722628713619],[76.99880262586844,46.654105356152286],[77.0092805989587,46.65388318818348],[77.05579318576423,46.64151719425573],[77.07035807291724,46.62966823591838],[77.07708279079907,46.6295618991128],[77.09051974826434,46.61920463999476],[77.09832356770879,46.59687499588998],[77.11611436631983,46.58364664302094],[77.12857204861147,46.56305636523614],[77.14019694010453,46.56163790820436],[77.13921278211836,46.55254909526729],[77.12945855034758,46.54861409092571],[77.13453342013945,46.53783175585252],[77.15564724392395,46.53636718336947],[77.18703016493089,46.55058105056173],[77.2144471571184,46.548891597436096],[77.23236599392406,46.552539872177],[77.24044108072957,46.54806070550882],[77.24773166232693,46.55748046462653],[77.24251573350739,46.56880289301577],[77.24405219184064,46.58264485265606],[77.28150390625046,46.60748507618868],[77.31117404513942,46.61819769555003],[77.35933268229208,46.61797362870961],[77.39354871961844,46.61194715301303],[77.41116753472255,46.61996337480402],[77.44072428385454,46.62409803192351],[77.46833062066037,46.63889159746669],[77.48715820312555,46.64077500675548],[77.51091959635454,46.630358340085344],[77.52302517361153,46.62222574459657],[77.55032823350757,46.63482340085071],[77.59567003038251,46.62750270857382],[77.60690375434065,46.63444172767345],[77.61767198350765,46.63396538218722],[77.62889160156305,46.62333061655863],[77.64891927083391,46.63310871986047],[77.63287597656296,46.63648843991373],[77.61222493489623,46.651669375248886],[77.5969536675352,46.655522185579876],[77.58890950520873,46.66543402369083],[77.612170681424,46.66944172768524],[77.62690755208381,46.66807454018479],[77.63953559027834,46.65940429278604],[77.64054253472295,46.652821990266595],[77.6594471571186,46.647502708580674],[77.67637315538235,46.64638807099353],[77.67124186197957,46.656428761100976],[77.68554144965333,46.65999701197026],[77.69055935329925,46.65366671682922],[77.71271213107677,46.64688666040333],[77.7174191623269,46.64976806231409],[77.73889160156305,46.642224930801106],[77.74855143229217,46.635565317083724],[77.75779188368108,46.63583061656284],[77.77583062066007,46.65389159747171],[77.79326226128525,46.65210150415525],[77.81520779079915,46.639530432102305],[77.82847384982698,46.63790689694543],[77.84371365017422,46.64946098766126],[77.86203070746576,46.64639566647962],[77.88010742187537,46.655543615701355],[77.903768446181,46.64656032576778],[77.92773166232713,46.62305283878071],[77.94137478298654,46.61722493079275],[77.97164550781304,46.62497395423276],[77.9837277560768,46.622820633919545],[77.99349121093807,46.60695312089351],[78.00643337673654,46.60163628061379],[78.0313677300353,46.59854952931066],[78.04348958333371,46.58089572071094],[78.09416286892412,46.59634710960516],[78.09426866319491,46.60348713781928],[78.10692437066007,46.604708383479334],[78.12255533854209,46.61226345075627],[78.13667317708375,46.60683810353221],[78.15544108072966,46.59103840734632],[78.15312608506996,46.5689661959673],[78.15830837673656,46.558077252821256],[78.19513020833392,46.547020123911174],[78.20272732204903,46.55138400195095],[78.21726942274353,46.54851670594303],[78.22792643229228,46.52646972242852],[78.22335177951436,46.5229771551531],[78.23189832899351,46.5098668035861],[78.23550292968807,46.48327365036523],[78.26008083767402,46.46587022153994],[78.27354871961859,46.46388617206016],[78.3038264973963,46.448330616499184],[78.33110839843795,46.45722493073846],[78.33999728732687,46.45750569245713],[78.31868543836849,46.485175505834576],[78.31796766493119,46.498722326585735],[78.32769531250062,46.506525874765515],[78.34825303819503,46.505028207664346],[78.34721082899364,46.520002166002904],[78.35329861111165,46.52950900194341],[78.33790527343808,46.569208980255574],[78.33362630208381,46.603261172107345],[78.34044704861174,46.6089507337412],[78.3524376085074,46.60666937523352],[78.36398600260475,46.61988606360607],[78.36029676649349,46.64079725067911],[78.35173719618096,46.65033419729682],[78.3586745876741,46.653783361794545],[78.36039442274364,46.682916391318265],[78.37998155382013,46.669146317528906],[78.38785861545192,46.65732258705623],[78.38044162326446,46.63645724416719],[78.3669585503478,46.62390814477059],[78.37199815538243,46.61498480492387],[78.38889160156327,46.606947153011376],[78.39184190538235,46.60005424936337],[78.40524739583385,46.59723578148033],[78.4145893012157,46.602643225058564],[78.40004394531292,46.61318575978433],[78.403758680556,46.632552079235296],[78.41662706163251,46.64280245901307],[78.42772732204907,46.633130963784154],[78.43203667534785,46.6227962198571],[78.42694173177141,46.61416394988884],[78.45050238715338,46.59981146507495],[78.46748263888942,46.60372748070123],[78.46559895833383,46.615572370028346],[78.4790858289935,46.62749429928575],[78.49675672743098,46.63664713132008],[78.48706814236157,46.65671711830599],[78.48792697482683,46.67093776718228],[78.50433973524349,46.680229759372985],[78.52350260416716,46.683196881769746],[78.53598470052128,46.69881103108054],[78.56138997395878,46.711380475529154],[78.5735698784727,46.72093803846644],[78.57194715711859,46.725754390464566],[78.58192491319488,46.74499674073142],[78.6129665798616,46.75614040392958],[78.63436523437565,46.7507435397785],[78.65524359809092,46.738620058871696],[78.67885253906302,46.73523382840169],[78.69213921441032,46.72839110921551],[78.70499457465337,46.73347764350543],[78.73386338975746,46.736894255919665],[78.76348198784768,46.718130421277976],[78.77939832899352,46.70434434271443],[78.79803059895883,46.68420708142286],[78.81611382378537,46.65694715302829],[78.82277506510478,46.639185651286176],[78.77416937934078,46.61920735266828],[78.78741048177137,46.61250270856878],[78.7991042751741,46.61777506100114],[78.81321126302143,46.614409989385436],[78.82608127170204,46.6188915974598],[78.83652180989645,46.628594017168034],[78.84997016059077,46.622502708572235],[78.86278049045193,46.62583604190669],[78.89345431857703,46.618330616556925],[78.92164713541717,46.62304741343343],[78.93526095920191,46.640935325766016],[78.92287055121592,46.644738765437346],[78.9127804904519,46.658058264139726],[78.89772135416712,46.66305283879423],[78.88155110677144,46.656088863097395],[78.84391764322963,46.669998368310594],[78.80499565972286,46.693427187762744],[78.79180881076456,46.70297661267918],[78.76777506510467,46.72638617214879],[78.75778808593799,46.74260199246688],[78.75600043402817,46.75273654108127],[78.77587293836866,46.76492105714428],[78.77949164496589,46.783424746386665],[78.80712673611171,46.79083061661484],[78.81866807725743,46.78870767824604],[78.83301161024372,46.793312712969744],[78.85482910156314,46.79226453588609],[78.88231553819497,46.8027750610632],[78.89909776475758,46.79686251765848],[78.93382432725747,46.767626677804955],[78.95249728732693,46.742497011998005],[78.96870334201446,46.74146809489693],[78.98364746093803,46.748869896114655],[79.01423719618111,46.74344427762322],[79.00902235243103,46.758767899590275],[79.02278428819494,46.75897487658677],[79.02574055989629,46.76992159968069],[79.00084960937569,46.781251352288685],[78.99850911458394,46.78999728328114],[79.01415852864648,46.8102650241734],[79.02991644965347,46.82241753068792],[79.04399902343812,46.819877654384854],[79.05443196614658,46.810327958201334],[79.06873209635472,46.80971950550993],[79.08730740017425,46.80264241132362],[79.09620496961873,46.806968040665325],[79.10941297743125,46.80137532147944],[79.12140082465339,46.809458275041095],[79.13688693576438,46.80725178632506],[79.15555881076438,46.793891597518616],[79.17084092882011,46.77469916044628],[79.16976562500048,46.76119492867087],[79.19283203125046,46.74781385227759],[79.21633897569505,46.71967013482018],[79.21194769965345,46.70530761311402],[79.22369249132008,46.681849768054036],[79.239407552084,46.66135497638052],[79.22706922743104,46.650413949901086],[79.22714192708389,46.63731146508762],[79.2325683593757,46.62102186004737],[79.22884765625048,46.60865830752587],[79.21446831597274,46.593888342243176],[79.1971006944452,46.609441727665036],[79.16924479166732,46.60448865691678],[79.14470920138956,46.59426377627103],[79.11583116319514,46.58929822722427],[79.0932790798616,46.58927272809223],[79.06083062066033,46.5866693752269],[79.04960232204911,46.58786729189396],[79.05085720486181,46.57497232661172],[79.06196831597286,46.551040848739056],[79.06307345920214,46.51732231574137],[79.05896213107701,46.492937278840834],[79.05389160156305,46.47916394984298],[79.0370079210075,46.44590901276581],[79.00863878038263,46.41937852230521],[78.98601562500062,46.40157090511159],[78.97249728732696,46.39611381960642],[78.94401095920193,46.379460987569345],[78.92410427517409,46.37555310996377],[78.90746039496605,46.36632920588073],[78.88713433159778,46.36083604181635],[78.84092827691023,46.362510303969685],[78.79829210069492,46.372174746247346],[78.76790907118131,46.3724715127405],[78.74341959635478,46.3796904797569],[78.72137803819507,46.37890434694409],[78.6848318142367,46.393330616480284],[78.66642144097283,46.38565890423809],[78.65403917100753,46.374186193730715],[78.63922146267414,46.370259056142544],[78.61897026909787,46.37167805570904],[78.57856879340324,46.386947152936465],[78.5382134331603,46.413050397303145],[78.52835394965331,46.40805989165896],[78.49611382378515,46.40778048627697],[78.47505588107697,46.410619570479405],[78.46636935763938,46.40013725710781],[78.45524468316016,46.3964016342765],[78.42841796875062,46.40105359825382],[78.4172249348963,46.39024630658337],[78.41778103298661,46.37468098539764],[78.42212619357684,46.36818603096821],[78.41528049045183,46.353255204140154],[78.4180685763893,46.34161756307725],[78.43617784288266,46.328297793107176],[78.44948133680604,46.32722357435687],[78.45878200954911,46.32158772366056],[78.46348741319495,46.30567192504389],[78.45745225694509,46.29474636080401],[78.44083333333388,46.28527397581818],[78.42901258680597,46.2890478473473],[78.41610839843798,46.28694715290209],[78.40916178385457,46.29172824014321],[78.38026692708382,46.30360324014737],[78.38384277343805,46.3119417275635],[78.394120008681,46.317577849527225],[78.37679470486171,46.32782551663146],[78.36620171441028,46.3400333616877],[78.35610297309086,46.346380475405226],[78.34977050781305,46.35689506959274],[78.33437337239633,46.36031412341349],[78.31999945746568,46.358282873412655],[78.30949598524347,46.36605169937023],[78.27944715711847,46.35694172757883],[78.26532118055599,46.35609645848145],[78.27140842013941,46.33974391941319],[78.25975640191007,46.32916313598949],[78.24529134114623,46.32609157565873],[78.21722113715339,46.325830073922454],[78.18219021267402,46.32888861341997],[78.14492187500059,46.33891845283318],[78.09944173177126,46.338891597364544],[78.07450575086848,46.33273572713657],[78.11459038628526,46.32361083564031],[78.16017957899345,46.322308209771855],[78.15750271267414,46.31500270846728],[78.1386984592019,46.31607367200926],[78.12648437500059,46.312502708466425],[78.06371473524352,46.31520154744301],[78.05244411892426,46.31222493068859],[78.00078613281299,46.34855848104829],[77.97224446614625,46.36313096369214],[77.90944715711845,46.403058264053044],[77.88355902777835,46.41687201188771],[77.86679687500053,46.423395720657275],[77.8224972873268,46.433619516233755],[77.79412163628518,46.43385931658106],[77.76190538194481,46.42604166249848],[77.75544108072954,46.417505149908735],[77.77726671006997,46.42029676232284],[77.81569390191034,46.420774735413275],[77.82801486545185,46.413058264056694],[77.84138888888948,46.41979681657624],[77.84888726128531,46.4052693643143],[77.82303602430619,46.40110839426073],[77.76623589409779,46.414432233241115],[77.74197048611164,46.41029703358684],[77.74198567708373,46.39396321196665],[77.72834418402823,46.39030869807662],[77.72253146701432,46.379447966735945],[77.70503092447973,46.38195800362915],[77.69363769531293,46.37367512602219],[77.67790201822953,46.37773165814176],[77.69831976996579,46.39083061647941],[77.71682074652834,46.39687201188083],[77.72803059895887,46.39608615033538],[77.7370627170144,46.406127654245125],[77.72500271267398,46.411947152945004],[77.70286621093818,46.4163134723909],[77.65812500000033,46.41825466162778],[77.64654405381998,46.41202310780615],[77.59646755642427,46.42416394982419],[77.58304741753521,46.417457406853195],[77.55513726128511,46.426390512324915],[77.54803276909774,46.43292588559118],[77.51506998697954,46.449352751916145],[77.46980523003528,46.46614040383168],[77.4254166666671,46.49689588344275],[77.41322808159771,46.50703857007816],[77.40582573784775,46.51942463779085],[77.39637586805605,46.51749185784214],[77.38866156684084,46.508222109575165],[77.36357476128507,46.50517225063324],[77.33896375868109,46.488774138648346],[77.31752224392396,46.482608231528346],[77.28298448350739,46.46555826407447],[77.27913357204905,46.47950194897507],[77.26938096788231,46.49149440774648],[77.25381347656285,46.491205236739475],[77.24727539062535,46.47903374150964],[77.23217122395866,46.47194715296551],[77.22003689236156,46.475163298800055],[77.18691514756978,46.472411562688066],[77.18065592447964,46.47559624150844],[77.16901475694482,46.49221950540306],[77.16051323784764,46.4905140475031],[77.14166937934061,46.477497283175964],[77.12479871961847,46.47151258265291],[77.11775824652813,46.46141465513215],[77.12249728732684,46.45615179705742],[77.11233669704899,46.44417181658449],[77.05805284288238,46.455552838723875],[77.03809787326428,46.464487843067175],[77.00525878906296,46.46345485695583],[76.93845323350735,46.47270344636872],[76.92318142361142,46.47676106355746],[76.90249728732675,46.48641357007112],[76.8942003038198,46.48724717467221],[76.88711805555583,46.47388237432038],[76.86309027777838,46.47611897371357],[76.84944715711855,46.481391597413165],[76.81949544270873,46.48147948803821],[76.79696072048641,46.506087506709875],[76.79290310329891,46.518809674682956],[76.77504069010469,46.5163915974253],[76.76254231770866,46.52464734829603],[76.71705023871567,46.527298172949756],[76.69828993055586,46.54029486349234],[76.66999728732686,46.535552838751045],[76.6431548394101,46.54264837911804],[76.6294742838546,46.54388617208731],[76.62156738281291,46.53474391947995],[76.59876790364623,46.52611381965066],[76.57059624566006,46.53277506097245],[76.54572916666694,46.52778428406093],[76.52697591145896,46.52841308180419],[76.50213595920172,46.534358448559736],[76.46423285590303,46.533950191181155],[76.45203721788249,46.5359054863207],[76.44526529947959,46.544772131288944],[76.40309624566021,46.5405582641],[76.38639865451431,46.54292832703491],[76.33394965277819,46.55936523025221],[76.28411621093801,46.57167154536063],[76.27372721354192,46.57629366992807],[76.26834418402817,46.58612494163291],[76.23365668402823,46.5750344468375],[76.21861382378516,46.559719505425996],[76.19728569878502,46.5588704385855],[76.19576822916713,46.528676482411996],[76.18414930555616,46.52149576409363],[76.14751573350736,46.527702632585196],[76.13973904079899,46.54386392816369],[76.1256684027781,46.54444172764299],[76.14025390625045,46.52474717468496],[76.13146484375045,46.52219834655905],[76.11924045138926,46.53494845507046],[76.1206136067712,46.541322695524016],[76.10502224392405,46.54586398241782],[76.09904513888932,46.53975178623516],[76.07475206163217,46.54138617208642],[76.06266059027809,46.54999457052689],[76.04276204427129,46.54805500889424],[76.0566585286461,46.53054714213479],[76.07192762586834,46.52827907572781],[76.06004231770872,46.519950625204125],[76.06153211805598,46.498201221984836],[76.04832356770874,46.497996957662096],[76.04331814236156,46.51403672546254],[76.00955674913216,46.514028858709004],[76.01260796441011,46.525375972428186],[76.02944173177127,46.53083061652738],[76.01528049045174,46.54162597243377],[76.00471950954909,46.541130095697426],[76.00107421875025,46.5305582640967],[76.00777506510445,46.525206972862115],[76.0044807942712,46.51618570549808],[76.01043511284763,46.501941727628555],[75.99824273003497,46.496226938130086],[75.99095214843794,46.5075222397834],[75.98111545138926,46.504647348289154],[75.97325141059054,46.51879394117596],[75.96476508246563,46.520797250638395],[75.96451334635441,46.53046603319384],[75.94390299479193,46.54805636523097],[75.91463053385449,46.55346408007662],[75.9282421875003,46.54034396288475],[75.90706542968792,46.53770290385597],[75.88444661458362,46.55045355490203],[75.87152289496566,46.56580701627873],[75.86472493489606,46.54555283875448],[75.87226291232668,46.538886172085604],[75.8547336154516,46.53638345941117],[75.84378363715314,46.51866346157519],[75.83305284288247,46.5152750609665],[75.82656575520866,46.522205670777886],[75.80679633246562,46.52823811435621],[75.79493923611136,46.5263804754667],[75.76946180555598,46.506950136918455],[75.76099500868084,46.513303761052576],[75.7691883680559,46.51988741990893],[75.78044379340297,46.519724930759644],[75.79181640625022,46.52808701843605],[75.80307996961828,46.54282822937863],[75.79849283854207,46.55120171028421],[75.77538736979187,46.55002332486712],[75.73102322048639,46.543039546652906],[75.67846462673634,46.52683322069266],[75.66687120225711,46.49940809047489],[75.65390787760452,46.477502708523026],[75.63671495225712,46.48226372197956],[75.62611382378492,46.47333061650773],[75.61965874565993,46.48153618291686],[75.62870117187518,46.498434240648216],[75.60834526909758,46.48946261521121],[75.61025553385441,46.47956406920081],[75.59988878038217,46.469175885603526],[75.58251030816005,46.46914713126328],[75.5766075303822,46.476006940293345],[75.56145236545166,46.46750135218292],[75.54825520833363,46.46833061650606],[75.53473307291699,46.46480251320621],[75.52115451388914,46.47318820114307],[75.52546278211825,46.48076578361092],[75.54630479600735,46.486817215904644],[75.56055284288213,46.4828987588721],[75.56343207465302,46.49448268899749],[75.57778049045163,46.50305283874006],[75.58249728732658,46.51577066643536],[75.55481608072938,46.52719509135258],[75.51236599392391,46.55941758485291],[75.49326280381973,46.58008354623157],[75.47232042100715,46.597334794067145],[75.46521592881963,46.607333709001075],[75.47266221788215,46.62047498504722],[75.48664767795157,46.62583061655946],[75.50003580729191,46.624105356142294],[75.49777506510452,46.608330616553516],[75.5133474392365,46.5991644924185],[75.52262966579893,46.606478674278556],[75.51610080295177,46.612850744593345],[75.51287055121554,46.63270371769036],[75.50257595486153,46.6546223917427],[75.50239257812541,46.67769612221935],[75.49683159722247,46.68138617213374],[75.47625379774323,46.67690429279188],[75.4590315755213,46.670112843136955],[75.44102593316006,46.65407985702046],[75.4048133680559,46.62591525197618],[75.39448621961844,46.61234754363839],[75.38946940104199,46.59679415821636],[75.3894916449655,46.574134924267646],[75.40110839843777,46.55221950542351],[75.42151475694482,46.54886555576966],[75.43393771701409,46.54030191644361],[75.44102050781275,46.530769852638414],[75.44405598958372,46.51514431009836],[75.42337999131986,46.51242865254533],[75.41837619357665,46.50420925150085],[75.4026676432295,46.51646077060222],[75.40243218316006,46.50345377189994],[75.3893440755212,46.50465738518151],[75.375598415799,46.499737137783995],[75.35944715711827,46.53115478102397],[75.35194444444464,46.54146348328438],[75.32878743489601,46.53731010871703],[75.29060438368094,46.52384765211513],[75.24863606770856,46.495863711133474],[75.24501953125018,46.48002603751694],[75.235902777778,46.48141031486116],[75.22274739583355,46.476672630397815],[75.21891872829877,46.46625135218245],[75.2381580946183,46.465162756261826],[75.25194607204894,46.457212452439784],[75.25242133246559,46.451496035336994],[75.22969075520852,46.453002382993894],[75.22968641493094,46.462700733691605],[75.21059895833349,46.46368679054953],[75.20048285590315,46.47048176668032],[75.17115776909759,46.46963107223561],[75.16903754340302,46.45444172761237],[75.1552810329864,46.44974174931229],[75.1559195963544,46.44418293854626],[75.17312662760439,46.43444715295276],[75.16920681423642,46.42500243723765],[75.15722493489606,46.42220241553545],[75.14224175347242,46.432200516667315],[75.14499728732659,46.43967610260727],[75.13930067274323,46.46787217466561],[75.13166829427114,46.47393554272317],[75.1463628472224,46.480258242378156],[75.15114420572938,46.48942735045427],[75.14251844618093,46.49723116990141],[75.09360839843764,46.47722493074509],[75.07440104166699,46.46241020634764],[75.06477484809056,46.45008408872202],[75.05041449652794,46.42044948584726],[75.04236111111136,46.41196098758042],[75.0463970269099,46.40167507177836],[75.03721950954888,46.3977804862735],[75.01535156250014,46.38084797758718],[74.99552137586822,46.383340924636656],[74.98724121093801,46.38898111561076],[74.93176595052095,46.40216687950414],[74.91957899305572,46.40784314903738],[74.91785427517392,46.41649901926603],[74.90499728732658,46.416113819613116],[74.89124565972268,46.408267953725144],[74.8787418619795,46.39417073149795],[74.87168131510451,46.355519744071444],[74.8600840928821,46.32333251532781],[74.85676595052111,46.26630397798165],[74.85123155381983,46.25868543414225],[74.8265592447919,46.243458654623],[74.79519802517393,46.21753471798225],[74.78687500000036,46.20012667761153],[74.78560546875025,46.176682938454036],[74.80250271267391,46.1419471528516],[74.80555284288214,46.129207352499996],[74.80444173177113,46.11485351134901],[74.79171875000014,46.11378363287645],[74.78084526909737,46.107795948412615],[74.76973578559056,46.09387450743546],[74.74755154079881,46.08750270838815],[74.74061686197945,46.09221245231342],[74.71446343316,46.08916394970815],[74.72081380208363,46.11081542541011],[74.70364691840298,46.10694715283937],[74.67510525173628,46.105885683654904],[74.65436631944475,46.09417642800836],[74.64505642361128,46.08253064892469],[74.61948187934057,46.07780815543332],[74.60771267361127,46.058190371138124],[74.5994010416668,46.05331623919212],[74.58819986979198,46.03721652130448],[74.57118326822957,46.03619194448123],[74.56115831163213,46.024482146299896],[74.54388075086831,46.019458546037775],[74.54834472656268,46.00751437285661],[74.52611382378494,46.00389729386214],[74.53785373263918,45.996701384571516],[74.5157123480904,45.990558263909605],[74.51006781684036,46.000528695770655],[74.46088080512185,46.02441405819232],[74.44555121527793,46.035756560366515],[74.43944173177096,46.04833604170764],[74.40982855902796,46.04208007382351],[74.38392144097247,46.02584336591861],[74.34378417968759,46.01889322485705],[74.32916937934056,46.02134276912869],[74.33519314236123,46.031269255677316],[74.32825520833342,46.039192432763485],[74.30377685546893,46.0253146658315],[74.2677856445315,46.00876572919379],[74.24779188368085,45.99363036677522],[74.23639051649315,45.97752875001607],[74.22473795572945,45.95255533420862],[74.22534912109387,45.9339358138029],[74.23582790798623,45.92263345919812],[74.25725992838552,45.90748914495653],[74.273522949219,45.881793344166184],[74.27800699869829,45.86769639320617],[74.28666395399323,45.82083061627997],[74.30050130208342,45.798524572435205],[74.28223904079873,45.80055880637672],[74.26594862196202,45.793098682676145],[74.24091254340286,45.78907470264004],[74.22610839843757,45.779169374945575],[74.21554172092044,45.75528916660356],[74.22694173177098,45.75334906243624],[74.2263916015628,45.739441727361914],[74.22170762803842,45.721447749490736],[74.21055284288212,45.71416937492222],[74.21821099175372,45.69639159713807],[74.22858588324674,45.69388915573077],[74.2674522569447,45.71715440096489],[74.28655327690986,45.69745035364872],[74.27936116536472,45.68723089834997],[74.25365641276066,45.703896479953336],[74.24522623697942,45.70047878246925],[74.23666585286482,45.690023053299015],[74.23471327039954,45.67908473949293],[74.24242974175358,45.66005099382633],[74.24985215928831,45.648815370992374],[74.26490695529536,45.64418727854275],[74.2711249457468,45.63248127810449],[74.27002468533006,45.62365776464655],[74.2534152560765,45.600022781999115],[74.21777506510426,45.58194715265231],[74.20130126953138,45.57836208320651],[74.18618787977442,45.59653428373385],[74.17719753689248,45.59754855239738],[74.15553738064244,45.58498805977132],[74.13618245442723,45.556198725993625],[74.12083604600701,45.550275060626795],[74.10555284288216,45.54805826375103],[74.08835259331624,45.53862846774064],[74.06357014973975,45.50103949203247],[74.0663861762154,45.48638617171456],[74.07616590711824,45.47468966563392],[74.07869656033,45.46487738264421],[74.07806911892362,45.44197807708025],[74.06915852864597,45.42054253019742],[74.07218044704886,45.40287217428825],[74.08240749783012,45.38678276455998],[74.08194417317719,45.37219454840891],[74.07713433159739,45.36286566385682],[74.06561225043424,45.353180876526835],[74.0516417100697,45.333920351346165],[74.0769520399308,45.32301214821707],[74.09469156901069,45.30057019942406],[74.12853895399337,45.30991915776086],[74.133939887153,45.319997282764675],[74.14441379123281,45.31863009526415],[74.15222520616334,45.30916937477445],[74.15231553819466,45.28143825497263],[74.1386314561633,45.23974120634601],[74.13911024305582,45.21182074192586],[74.14252658420162,45.19449272542642],[74.13987223307304,45.1591498434688],[74.14382405598985,45.14603243895007],[74.14219238281265,45.13312553790361],[74.1458363172745,45.118052838245184],[74.1426676432294,45.099971783551034],[74.16280978732641,45.093102751430244],[74.16057047526067,45.08278265594029],[74.14445448133694,45.08023762555737],[74.13769259982647,45.07370876270776],[74.13546739366329,45.06220702659222],[74.1222713216149,45.05616101964551],[74.1153870985246,45.061004769647326],[74.10334743923619,45.057241206277816],[74.0989067925348,45.04406792068265],[74.08449164496544,45.04491644498857],[74.0694881184897,45.052773975373455],[74.03309190538221,45.055902773117616],[74.02756998697924,45.06320963075949],[74.0124972873266,45.07083061600522],[73.98861382378487,45.08652017764322],[73.99610812717037,45.108608393797205],[73.99172390408009,45.13220377141018],[73.99967502170153,45.12864311602683],[74.01184922960071,45.13221950491718],[74.03237982855916,45.12796657522798],[74.00279188368074,45.14942545110417],[74.00430013020848,45.160283198503976],[74.01277506510435,45.16302571152578],[74.01069525824676,45.17156737819572],[73.99300130208343,45.17448567246774],[73.99218044704895,45.17958821153195],[73.97680501302102,45.18372883653359],[73.97252360026062,45.19536783393369],[73.97927951388901,45.19944172716428],[73.99500271267391,45.199163949386666],[74.00960123697939,45.20994465685575],[73.99916937934034,45.21972493029697],[73.9794645182294,45.22529133654896],[73.9769750976564,45.21194769505101],[73.96322916666692,45.21394802057256],[73.96112494574673,45.22832193550848],[73.92660047743084,45.23905110217908],[73.92380099826413,45.243523215896055],[73.90564778645847,45.249296870412095],[73.88785536024331,45.25009765166242],[73.88670627170163,45.24360893638222],[73.90102864583355,45.239183480651384],[73.92337565104185,45.23983560738768],[73.96025960286475,45.22649196588975],[73.96261555989592,45.21361381918362],[73.9088951280383,45.21794541640736],[73.89447428385432,45.21361381918362],[73.87665934244819,45.22673068116759],[73.87919677734408,45.23800726537325],[73.87402669270847,45.24622395374432],[73.84110839843754,45.268934999759765],[73.8173857964411,45.27234266035121],[73.79832763671901,45.28916666209363],[73.79999050564254,45.2955577211237],[73.81388617621538,45.302502708105486],[73.82808186848973,45.30333224369592],[73.83005208333346,45.31190700498393],[73.81138617621544,45.31305283831769],[73.80947564019112,45.32388454405071],[73.79746880425358,45.32555880620434],[73.77719238281269,45.33527506054803],[73.7680528428822,45.332775060547085],[73.75474826388916,45.341069873918215],[73.73926025390635,45.34187499544631],[73.70972493489597,45.353352317499116],[73.71774115668408,45.36115505187698],[73.72715277777797,45.35584580708337],[73.7522892252606,45.35565374979172],[73.7438978407119,45.36262640604438],[73.72960774739624,45.36222764302324],[73.71530110677094,45.38101724806481],[73.68577121310783,45.38780272983827],[73.67639160156274,45.411974279326195],[73.6866639539931,45.41418565085476],[73.68331651475717,45.426017248081344],[73.67610812717054,45.433020286278506],[73.67889160156267,45.443891597046246],[73.66094862196184,45.43676160572429],[73.6605485026043,45.44770507361025],[73.64987413194456,45.45908772335394],[73.66171793619804,45.46551160573476],[73.64754286024328,45.47405272986987],[73.64429307725715,45.49046549029248],[73.62425455729175,45.49703233057265],[73.61471950954888,45.50721950505554],[73.59222547743069,45.51775552936486],[73.58252549913203,45.52527451808306],[73.5636159939238,45.53239718518627],[73.54529052734387,45.55687716566396],[73.52334174262165,45.56643120212574],[73.49697428385431,45.571386171745566],[73.47309922960085,45.56378471774974],[73.45145155164948,45.564169374867944],[73.44220893012175,45.56860812269945],[73.43019911024311,45.580966792408745],[73.4219129774308,45.59661376507072],[73.41395589192717,45.622686084958616],[73.41738064236132,45.658441835839575],[73.42858696831627,45.67250325077517],[73.4456863064238,45.68285779721988],[73.45139133029518,45.67691487187053],[73.46543267144114,45.67442870650512],[73.47902886284737,45.663391651379655],[73.51442735460074,45.666363927856295],[73.52019856770839,45.67315510624429],[73.51195936414939,45.69052082890685],[73.51470675998272,45.70711533846135],[73.50429768880213,45.71187608065056],[73.5048933919274,45.722661399664844],[73.52912923177098,45.73246934237667],[73.54494140625002,45.731690262515336],[73.55023708767368,45.739986160955816],[73.56114664713562,45.74310329420345],[73.55309136284751,45.75227647128995],[73.53448513454877,45.7488915971569],[73.50289306640632,45.76940130853571],[73.47687852647583,45.76142903205723],[73.47555284288217,45.76609727207623],[73.44360839843773,45.765275060704454],[73.41835340711827,45.780002165744406],[73.40862304687516,45.78028265619587],[73.39975640190993,45.79045192703286],[73.39988145616331,45.80576822478138],[73.40577907986113,45.81026258242184],[73.4306062825521,45.80358669266255],[73.45192437065987,45.80998616098087],[73.46668592664945,45.82526366749674],[73.46333062065986,45.836669374966064],[73.47760606553835,45.83984944224148],[73.49462266710088,45.83914468963704],[73.50678141276055,45.828435868018694],[73.53184787326427,45.80118326384224],[73.54808458116332,45.813886171832934],[73.55739339192723,45.79362738276321],[73.57000271267366,45.79276203988093],[73.58054389105911,45.79735134109788],[73.58206651475706,45.8062787499552],[73.5957131618926,45.811007482595755],[73.58808295355908,45.83599364796921],[73.59333604600698,45.858689231744755],[73.59862006293429,45.865049095028276],[73.61332519531288,45.86165255639854],[73.61833604600713,45.86778048608829],[73.60227728949667,45.87540554034437],[73.60676866319466,45.88508924260483],[73.62221435546894,45.88337971569451],[73.63341932508688,45.88614881291766],[73.63775282118067,45.90025173175943],[73.64468044704863,45.89917561413757],[73.64583062065992,45.91692545138351],[73.63365125868067,45.932978782552425],[73.63416395399325,45.949169375006086],[73.64330322265634,45.95633842882792],[73.64849473741329,45.97006347223569],[73.66389160156268,45.973886171889795],[73.6752750651043,45.98089680557281],[73.67805826822921,45.990558263909605],[73.71721950954866,45.974447152792706],[73.72131456163203,45.98372178387242],[73.71548638237869,45.997133242210545],[73.73305284288223,46.00606499134567],[73.72889160156271,46.018809945777235],[73.71352647569455,46.03554144534912],[73.66290093315983,46.04334879127194],[73.65152994791679,46.049774843791546],[73.63805826822949,46.078853077308764],[73.64835205078145,46.08889132601011],[73.64571994357672,46.111744787389625],[73.62831081814244,46.119995112913536],[73.63194173177094,46.13016085727453],[73.64277967664952,46.136930876808215],[73.66617377387166,46.13563231995001],[73.6698486328126,46.14576388462369],[73.65722520616333,46.153319494435486],[73.66783311631951,46.16653021492616],[73.69945475260442,46.17018391501432],[73.70701524522588,46.17638617196082],[73.73352539062505,46.17289740242838],[73.73456651475713,46.188999019187406],[73.751186794705,46.202928598185395],[73.74252604166695,46.21884955088184],[73.72019097222254,46.21466660817213],[73.71354546441,46.226374778749076],[73.72557535807304,46.2267021984541],[73.73495930989594,46.239997283094105],[73.75376736111139,46.24328341590773],[73.7533306206598,46.22987901052101],[73.74831434461828,46.22194715287952],[73.76055284288208,46.21666394975257],[73.77257975260443,46.21638617197483],[73.76829264322939,46.202447098619096],[73.77016547309056,46.19335720061262],[73.7846321614587,46.19260090720962],[73.80081380208354,46.18032361770874],[73.80366048177092,46.16778591154136],[73.81728868272573,46.16491942933533],[73.83323567708355,46.15658582473175],[73.84207600911488,46.17960638680583],[73.85528021918415,46.193767628130054],[73.87131537543411,46.2019417275253],[73.88126410590303,46.19953097448632],[73.89056369357644,46.206658253134606],[73.92180419921897,46.206060379870536],[73.95065565321187,46.19538546667231],[73.9593872070314,46.18789713116629],[73.98229709201398,46.17759168411404],[73.99507812500012,46.16889159730549],[74.00310791015642,46.18739474401334],[74.01214626736136,46.19392089418931],[74.02188259548626,46.20903048620833],[74.05150716145847,46.211716033084386],[74.05499755859398,46.231129824323766],[74.04338894314245,46.232862137692344],[74.04556369357658,46.218347434996296],[74.03064371744806,46.216013721887876],[74.0195062934029,46.22496391720344],[73.99960422092035,46.224252925449676],[73.99255316840294,46.23973388248638],[74.00508761935775,46.25045328353171],[73.99534695095495,46.26190510645228],[73.97224772135439,46.25305880653611],[73.9558897569446,46.256168344297535],[73.95265407986129,46.28033528224],[73.95543592664939,46.299700245354224],[73.9641148546009,46.2969471529055],[73.97527425130221,46.30108045368803],[73.97313557942734,46.30736137816954],[73.98833604600713,46.316669375134474],[73.9773494466147,46.33177299927167],[73.97744873046895,46.34887694893035],[73.99454074435772,46.35333061646666],[74.01495605468779,46.35126600058047],[74.01952690972234,46.38259331178907],[74.0335202365452,46.39075140640992],[74.03578640408011,46.403296979330925],[74.05023546006964,46.40345946848046],[74.05715277777783,46.425454911196205],[74.06841145833351,46.43477457265775],[74.09699028862883,46.442289763632644],[74.1211300998265,46.45335286042444],[74.16028049045148,46.44889159740213],[74.1752156575522,46.4422582966186],[74.18513970269117,46.43363389340385],[74.21860839843771,46.436342226738084],[74.21815890842042,46.44845729835682],[74.22297173394102,46.45592067726573],[74.24111382378479,46.46360839428221],[74.25324788411473,46.47576144333144],[74.26234537760428,46.4800520791835],[74.2755582682293,46.47888590079779],[74.2850699869793,46.493356658181185],[74.30763888888902,46.498964568339375],[74.32286105685796,46.493638233702185],[74.33250271267394,46.50051486130871],[74.33593505859392,46.50981092250976],[74.34689019097243,46.515869136487396],[74.36277506510436,46.500552838739246],[74.36018174913221,46.518489036661926],[74.36567654079879,46.525002708539276],[74.3841172960071,46.52700303406069],[74.38281982421904,46.55118407790569],[74.3852647569445,46.560780703343035],[74.40105007595513,46.575823563591214],[74.44211181640648,46.57943250456455],[74.4578626844621,46.5881982380745],[74.47456380208354,46.593004010645544],[74.49475721571206,46.592638070975404],[74.50436387803842,46.601934403443686],[74.52751491970497,46.598612734605794],[74.54151285807306,46.61637532141739],[74.53085611979185,46.623218854405856],[74.52917399088557,46.63449625241303],[74.53525851779528,46.656105410406475],[74.55060546875029,46.65170301240146],[74.5516639539934,46.669114850515044],[74.54566921658022,46.70362711181136],[74.54785508897584,46.712770720755366],[74.57055881076417,46.7280422593889],[74.57342176649342,46.74167344428938],[74.58694715711823,46.74501410184255],[74.61110839843768,46.73166937527565],[74.62913519965291,46.731114633521905],[74.64474772135446,46.74528591173842],[74.64314344618077,46.75657877198525],[74.65863118489602,46.76913112659025],[74.66851996527805,46.753837615300526],[74.68972493489599,46.76055283882686],[74.70995930989612,46.77527506105408],[74.73953776041697,46.76877223987128],[74.74393229166697,46.764499778932525],[74.77322157118073,46.77080077719841],[74.79213378906285,46.76531656495703],[74.80627766927097,46.75694715306178],[74.83857042100725,46.766941727717956],[74.86304958767393,46.762894689956326],[74.86293511284747,46.78316053197685],[74.85977701822947,46.802024464274844],[74.8652750651043,46.8072249308564],[74.88180609809059,46.81005099422532],[74.90033094618094,46.80624782582134],[74.91082411024331,46.800646426080014],[74.94166666666689,46.79027343345495],[74.95896158854187,46.807943789363556],[74.95029459635451,46.81358615047653],[74.95250922309059,46.82522270646995],[74.97182671440999,46.82690998945666],[74.98386718750015,46.83114230282615]],[[75.58487033420164,46.68229464652634],[75.60940646701431,46.678724496785605],[75.60151421440996,46.69254502630416],[75.5841677517364,46.692109099654694],[75.58487033420164,46.68229464652634]],[[75.54169921875022,46.678106821004135],[75.51119032118089,46.68040364175138],[75.50545301649328,46.67827663437228],[75.50486490885436,46.653040631759566],[75.51404242621572,46.63273247203046],[75.51740397135448,46.61265082054816],[75.52416395399331,46.606601829660534],[75.52093695746548,46.59574815127155],[75.54263888888943,46.592638884777394],[75.55526963975723,46.60693792992103],[75.5550027126738,46.61497802323979],[75.57081488715306,46.62811658661228],[75.58941677517396,46.6286113782791],[75.62441351996563,46.624702144336865],[75.63417263454897,46.63860975067835],[75.63049750434055,46.650190154328094],[75.60500759548641,46.651348194693185],[75.58721299913216,46.659730627421574],[75.5761328125004,46.66164713132849],[75.54169921875022,46.678106821004135]],[[75.75749728732664,46.65944172768191],[75.76637532552127,46.63472737220482],[75.76706705729195,46.62617159963251],[75.77767903645854,46.6143793361737],[75.80159559461845,46.593540848753285],[75.80658257378514,46.59693548851142],[75.77099066840304,46.63918348114728],[75.75749728732664,46.65944172768191]],[[75.9188313802087,46.61407714433324],[75.93739691840312,46.591069874360144],[75.95503146701424,46.58025525847114],[75.96034071180581,46.57371961393772],[75.97669650607679,46.56654106575816],[75.98463107638918,46.55644395203942],[75.99553222656289,46.551760792315626],[76.0117784288197,46.55475911045898],[75.97233561197964,46.57453287348648],[75.9443283420141,46.59406385222577],[75.9188313802087,46.61407714433324]],[[74.07155843098985,46.31756184475286],[74.0419080946183,46.31573702921413],[74.02796766493077,46.30768988294385],[74.03236490885428,46.29895290377421],[74.052176920573,46.28978216809399],[74.05541503906271,46.276963971475],[74.04528049045149,46.268247879892115],[74.06375786675363,46.26184162988998],[74.06496826171883,46.245686573460716],[74.08652777777792,46.24458332910253],[74.09914279513917,46.251927079105286],[74.10271457248291,46.259440099941166],[74.08850667317735,46.29160454222652],[74.08925184461826,46.301251894660396],[74.08426323784732,46.31569416897089],[74.07155843098985,46.31756184475286]],[[73.74172688802088,45.49510687484289],[73.73240559895845,45.48945718951085],[73.69166178385427,45.49488958968651],[73.6849468315976,45.49018961138621],[73.69219563802088,45.480888396105065],[73.69101535373284,45.45769910573186],[73.69885172526062,45.44611815954718],[73.72596191406272,45.442865663886266],[73.74111626519101,45.431917313187775],[73.75164523654519,45.40734428800513],[73.77697048611128,45.41718803800867],[73.76222954644118,45.431898324472414],[73.76025417751742,45.4449031530362],[73.77652126736128,45.455951601391035],[73.78619873046897,45.4787613887257],[73.77836452907997,45.49151610878248],[73.7694390190973,45.49888345904556],[73.75363850911478,45.505418289777126],[73.74172688802088,45.49510687484289]],[[73.86526936848969,45.39747124112664],[73.85119601779536,45.396081809702395],[73.84042751736143,45.39076334181853],[73.84607286241334,45.380277773238355],[73.858875325521,45.378305659522155],[73.87308051215302,45.36942762132452],[73.87716064453151,45.35904947461928],[73.89048339843764,45.36212998677327],[73.90203640408014,45.394392899111445],[73.87550374348967,45.39833061612683],[73.86526936848969,45.39747124112664]],[[73.92081895616342,45.36366753017653],[73.93901177300353,45.34675672287864],[73.95447943793425,45.36452853278104],[73.94043538411483,45.3647705032672],[73.92407416449662,45.36954806403292],[73.92081895616342,45.36366753017653]],[[76.18138292100724,46.556082081379614],[76.16608506944472,46.55222330316645],[76.15157497829892,46.55558864604962],[76.15214301215308,46.543357200733006],[76.18532172309067,46.54444715299025],[76.18138292100724,46.556082081379614]],[[76.83203233506994,46.57039767383239],[76.83305013020879,46.56644476584492],[76.79579698350739,46.55892604839443],[76.84216634114625,46.53055012607594],[76.86464572482673,46.531949865659556],[76.86864854600742,46.54302761088911],[76.8464279513892,46.562591955513845],[76.84609754774334,46.570158687287154],[76.83203233506994,46.57039767383239]],[[59.598047417535376,46.31583604180077],[59.649097764757705,46.32333170152553],[59.69258192274379,46.326107580432904],[59.71640299479248,46.325297033557526],[59.73849772135486,46.32193548841758],[59.757897135417295,46.31333956827563],[59.80000868055624,46.27968125663218],[59.81180392795199,46.255624724505786],[59.81263780382011,46.235823020939925],[59.806539171007664,46.2031648720569],[59.81084255642423,46.189705399396004],[59.83092502170206,46.152312821257944],[59.83453993055622,46.13572699225918],[59.832360568577265,46.122514372896944],[59.820128580729936,46.111086692771295],[59.771800672743765,46.08110513894147],[59.765521918403394,46.07373453346999],[59.78179416232717,46.06165092886506],[59.78290093316029,46.037532276512835],[59.798196614584,46.01359455949056],[59.800351019965944,46.00063096356595],[59.80655598958413,45.9994734657356],[59.808317599827035,45.98207491972259],[59.839408637153426,45.96744547093248],[59.88889160156321,46.001402719208556],[59.90482150607703,46.00767876087737],[59.912365993924304,46.018104921905376],[59.92725694444517,46.02668565107503],[59.94869574652848,46.048212072523576],[59.96216145833408,46.04746445967604],[59.974937065972824,46.05848388242301],[59.97810275607719,46.065916879387466],[59.99472873263955,46.07574652348809],[60.02280761718834,46.08110839414973],[60.03277506510477,46.07774793407916],[60.034980468750675,46.062207840757736],[60.02846842447986,46.05010253476381],[59.98620442708402,46.03381184465392],[59.98086588541736,46.02167235897261],[59.96604058159812,46.01770317494339],[59.94695746527844,46.02195257815673],[59.92448079427168,46.009221458360685],[59.91278049045218,45.99472493057765],[59.92003472222302,45.973260900622115],[59.920657552084094,45.95832464844672],[59.89544216579941,45.95250921875714],[59.89290852864656,45.93865640842237],[59.92679090711884,45.92525118923354],[59.921477322049256,45.91226562065258],[59.92455891927159,45.9018090776803],[59.92114474826457,45.89200791665245],[59.93946668836867,45.890001080714256],[59.93739257812564,45.87333061629848],[59.96670844184092,45.86611490449044],[59.98253146701473,45.86886392792885],[59.99670898437579,45.863315154055485],[59.99521484375078,45.85279215057951],[59.978581271702176,45.858608394070984],[59.96932779947981,45.85111381941557],[59.95718153211867,45.84932996524834],[59.93024685329925,45.838981386685546],[59.92528049045215,45.82423746306918],[59.94067003038275,45.823093528607004],[59.95034288194512,45.83051730248117],[59.97221354166737,45.83056368919994],[59.97513834635503,45.847146262990634],[60.04935329861189,45.85193792965895],[60.08338758680617,45.84554036021238],[60.10507866753533,45.830326601526345],[60.11919813368138,45.82665743919855],[60.130275065104854,45.818052567233735],[60.147398003472915,45.82484618702784],[60.148907877604806,45.83416394961787],[60.17556966145913,45.836388884514534],[60.18669813368137,45.84694091359812],[60.20908311632024,45.84399305118401],[60.24737467447994,45.823808860638586],[60.25868326822984,45.81490776471516],[60.25852267795204,45.80248182070029],[60.24492784288269,45.798275006462724],[60.24938747829929,45.791744787276336],[60.24701985677147,45.77866183371273],[60.25844780816037,45.76164414707454],[60.25583062066044,45.741607254706295],[60.24845757378541,45.74253471781436],[60.239214409722976,45.75311984151598],[60.22422688802157,45.759175071552924],[60.19703016493127,45.76249728292554],[60.19705186632012,45.754726015561694],[60.22007052951455,45.75087890184502],[60.22088704427148,45.7439217078322],[60.185588650174225,45.741091032917936],[60.16114420573,45.7485820810977],[60.1499153645841,45.745558263822346],[60.107780490452235,45.751386171810516],[60.04666395399369,45.750280486046236],[60.017831488715885,45.74862304246933],[59.970479058160535,45.741161291164474],[59.87597222222292,45.72118679028931],[59.865960286459085,45.71565537752688],[59.8294471571188,45.70944172735099],[59.7788427734381,45.71055283846248],[59.75918565538262,45.70030083108031],[59.74029947916744,45.684244787237795],[59.74345052083417,45.67271266917801],[59.73071451822983,45.61973388226671],[59.73314290364668,45.60706054241832],[59.74280653211866,45.58885741741156],[59.75661349826448,45.57086533841209],[59.79093261718822,45.568617617057185],[59.84414550781316,45.57303249336088],[59.90148491753553,45.5804185610717],[59.91097439236176,45.584146045882164],[59.971164822049275,45.59671928807428],[60.0183631727437,45.5975027082133],[60.06181260850764,45.6161694291403],[60.0926925998271,45.62770615874524],[60.11814995659783,45.62866156239132],[60.14089572482714,45.626091575411195],[60.18396158854251,45.61589219389713],[60.199218207466,45.61444715266391],[60.220949978299366,45.61638617176187],[60.228792860243686,45.613058263774555],[60.24972222222293,45.61592067697007],[60.26890082465347,45.603449702573144],[60.27721733941058,45.602542313249934],[60.290764973959014,45.58422091567381],[60.293692491320265,45.57355902330883],[60.30360839843831,45.56715955499061],[60.30331108941044,45.55679307278192],[60.291589626736815,45.551143658717514],[60.29168402777873,45.54135606105758],[60.30565592447983,45.52243055106797],[60.31453993055624,45.51603759316652],[60.288336046007586,45.51439262788795],[60.30394368489652,45.492730572758596],[60.31577256944524,45.48420165565478],[60.323263346354835,45.461232634379],[60.3267881944451,45.44258056188952],[60.336134440104956,45.4157644268971],[60.36300075954927,45.37783907966101],[60.37738009982716,45.361091032779676],[60.37882812500083,45.34310058138435],[60.386157226563164,45.3362852602012],[60.39281575520909,45.30998154925397],[60.40388617621613,45.30022189213221],[60.40555284288263,45.29023708310086],[60.39707194010481,45.284954965043426],[60.389525282118825,45.269213320072154],[60.393608398438175,45.26062662302038],[60.388199869792615,45.24390895808356],[60.379981011285736,45.24250270808312],[60.367681206597865,45.248755963293746],[60.36779459635482,45.22439886693057],[60.37188693576462,45.21090114557137],[60.36100151909806,45.20861381918164],[60.33581868489659,45.220831701130585],[60.337913411459105,45.23012260825216],[60.33100368923676,45.239786779262595],[60.31805826822988,45.24411512127818],[60.302224934896685,45.21523708307304],[60.3074631076397,45.20478135390238],[60.29286024305634,45.20470973931908],[60.29305284288267,45.2192182028661],[60.28498046875073,45.22583007352833],[60.26996961805621,45.21205077664828],[60.264759114584066,45.201421978901216],[60.274251302084004,45.17693087646158],[60.270603841146674,45.168312712395746],[60.27006130642434,45.14190700492067],[60.282497287327075,45.12275281654545],[60.27796332465339,45.11134927921488],[60.28804904513954,45.10345051619099],[60.308905707465954,45.0744015795482],[60.30964409722297,45.06986598926879],[60.328486328125734,45.045232200196914],[60.338729383681546,45.037392030923144],[60.345319552952056,45.02188530348678],[60.36860839843824,45.00110839375672],[60.38605414496596,44.991609695836495],[60.40787217882023,44.95316622794012],[60.41741319444514,44.93347004737701],[60.429082031250736,44.89837456125259],[60.432929144965954,44.896311844238035],[60.440669487847856,44.87477375829243],[60.45708984375095,44.85855793797368],[60.463579644097926,44.83312336765141],[60.47532389322981,44.82046766018131],[60.47981879340362,44.80652234767605],[60.51377441406327,44.76728786415407],[60.53878851996614,44.74685654904207],[60.540874023438214,44.742042095915366],[60.56424316406316,44.71755750389195],[60.56599880642425,44.7044010368732],[60.574431966146676,44.69345539884796],[60.594554036459144,44.67529296394522],[60.59700086805623,44.66311197435721],[60.58072048611182,44.645857742579736],[60.53513075086903,44.61888779899304],[60.51291666666731,44.61166937451105],[60.49834364149386,44.61118760367749],[60.494471571181414,44.602686627111716],[60.48219943576458,44.59468858023359],[60.47071397569534,44.57759385366445],[60.472626410590976,44.554806852787536],[60.466669379341056,44.53220322864692],[60.47148111979242,44.512169591486504],[60.48304524739654,44.503433154850974],[60.47705674913288,44.49696776856379],[60.47692599826456,44.48258029025948],[60.466038953993966,44.4767187451184],[60.46465983072987,44.44591145343977],[60.45016059027847,44.430283740760025],[60.44802842882012,44.42058593259655],[60.42125596788274,44.39062391001536],[60.40346950954931,44.37443413136324],[60.39986870659812,44.36166937441379],[60.37363226996599,44.34063259055132],[60.34734971788269,44.326107308427574],[60.311241319445216,44.32037597161995],[60.27593261718835,44.305277772829086],[60.26372884114663,44.30497069817623],[60.250838758681255,44.2905788795941],[60.23101019965367,44.28704101066917],[60.2293088107645,44.26944715215522],[60.20923339843823,44.241853293637405],[60.190990125868716,44.21223144032712],[60.171182725695125,44.200489361329396],[60.15945638020918,44.20555283789388],[60.15107042100772,44.202860780601206],[60.12931640625083,44.178057178160884],[60.11687662760489,44.179997282328166],[60.10986653645902,44.17444986479137],[60.097503255209006,44.145465489779816],[60.06583930121593,44.13175943508695],[60.031624891493834,44.12376410088234],[59.999317491320184,44.09636121458684],[59.95286187066034,44.07351399235535],[59.90042426215343,44.05542208696626],[59.88811414930619,44.05847438731463],[59.86966851128539,44.052063797034364],[59.83641927083407,44.04597872758751],[59.81291666666744,44.04458332828132],[59.764520941840885,44.048193896859125],[59.76157986111207,44.05042534217261],[59.700863715278444,44.0545784454729],[59.67739583333395,44.060097108669446],[59.6339588758687,44.061931961100726],[59.62680664062559,44.06075737342682],[59.61136990017421,44.06639159651933],[59.59440104166749,44.077263992356954],[59.56905707465353,44.07860839339905],[59.566034071181136,44.06958983870795],[59.538445095486686,44.07262369287586],[59.511884494358355,44.06783799408928],[59.484457736545885,44.06779730398511],[59.465577799479895,44.06520127533827],[59.43630533854225,44.06531412256048],[59.39412190755268,44.068701709367325],[59.34395345052137,44.081790359546225],[59.28364095052138,44.103349061811706],[59.23000135633754,44.12791720418259],[59.21408013237902,44.14024305054171],[59.176368001302706,44.16598469551719],[59.14635769314298,44.18404947417015],[59.132399631077064,44.20192599327438],[59.103769531250684,44.229466683389525],[59.093953993056125,44.243349061867335],[59.07874891493117,44.254942486350906],[59.07044108072972,44.27495550719214],[59.057063259549295,44.29155001674727],[59.04506618923671,44.30119085876496],[59.0243508572056,44.31180121033163],[58.973752441406994,44.31590114522926],[58.9430995008687,44.31260850199865],[58.9079001193582,44.30340060268944],[58.872811957465785,44.30195203498063],[58.8267732747401,44.3081287927955],[58.78672743055603,44.30152560268866],[58.734155273438205,44.30431260355804],[58.64967963324711,44.31176269036641],[58.59680284288266,44.32072536398096],[58.570133734809694,44.319779183425055],[58.53194335937559,44.322536887419254],[58.51909749349011,44.321109478564516],[58.46559461805624,44.32042045946694],[58.39102837456646,44.32363280755847],[58.34132269965352,44.33084634922804],[58.305595974392986,44.34288465218413],[58.276548665365056,44.365337994206776],[58.26491400824721,44.37761772511444],[58.242189398872135,44.41756726940093],[58.226464572483216,44.46102213052906],[58.22453342013954,44.5047808111015],[58.23029432508746,44.522344287670784],[58.24788519965324,44.55157388837662],[58.26534776475745,44.56684786841728],[58.292823350694945,44.58543076773001],[58.30527669270895,44.60772026426634],[58.30477349175408,44.61708278597139],[58.29399359809088,44.64501193094742],[58.277958441840944,44.676553272105416],[58.261670735677555,44.69664658808543],[58.25041232638938,44.71453829816174],[58.23112765842069,44.752261279946936],[58.214447157118684,44.794752056872944],[58.21638617621591,44.801495220938016],[58.21121717664977,44.853066944047924],[58.21528754340341,44.88145019058645],[58.22896267361163,44.91131618452139],[58.23963243272618,44.92820746056952],[58.27194173177139,44.965712343396135],[58.272796223958935,44.976870112497544],[58.29530951605949,45.044790576932904],[58.31140787760501,45.07282009083227],[58.3228152126743,45.085585932850954],[58.346025933160305,45.09800183997368],[58.36298014322966,45.13869031655133],[58.366746961806086,45.16469237819301],[58.379054904514355,45.20788085477163],[58.39863986545201,45.232619895579475],[58.39946614583414,45.25954101104091],[58.40881808810831,45.282221132577035],[58.41922824435823,45.29981716122936],[58.453557400174304,45.34117566818912],[58.46899712456662,45.35541394944427],[58.48981391059111,45.36727375847648],[58.504444986979806,45.38016167080763],[58.53506374783047,45.41152234790248],[58.54364664713597,45.44007676414569],[58.546647406684585,45.47413166867189],[58.55899061414983,45.493803163904744],[58.558613823785244,45.51478488049225],[58.56453260633758,45.531031354022524],[58.57964762369863,45.546752382674086],[58.59377821180624,45.57101290785642],[58.59704427083391,45.58691487183809],[58.62085937500052,45.59945529067929],[58.62724717882014,45.609555388339245],[58.62644341362908,45.643305388351465],[58.63567816840334,45.66234157542432],[58.63528049045198,45.682664926126186],[58.64265462239654,45.724530431783585],[58.65689371744862,45.75675401035412],[58.669638671875596,45.79296711800606],[58.68563123914998,45.81790038624402],[58.72729953342064,45.86313177731919],[58.73628879123322,45.87012125214816],[58.75604275173679,45.87766872393894],[58.77649007161522,45.877139210049926],[58.78572265625064,45.89721516491808],[58.79786865234445,45.91035969617275],[58.814769694010984,45.92139132595097],[58.83495469835134,45.92858533637024],[58.866557888455475,45.93468695312585],[58.89655381944505,45.935830616320736],[58.90296603732696,45.932841792534894],[58.93361382378544,45.93028048611037],[58.953387315538855,45.92532470268857],[58.9698676215283,45.92575249131728],[58.97861382378534,45.92971950520746],[58.97103298611171,45.95204589410418],[58.98682698567761,45.96904811850257],[58.999551866320296,45.973906516941774],[59.02778049045207,45.96611381945642],[59.038135036893095,45.95641004341132],[59.068725857205486,45.953886985684775],[59.1179847547752,45.95916394966225],[59.153923611111665,45.95333251519841],[59.18248399522628,45.94663519531754],[59.191706271701996,45.95667751302964],[59.21369818793471,45.972061085083574],[59.22376573350776,45.97641411242878],[59.25027506510492,46.002780486136174],[59.2809814453131,46.011355789958685],[59.30585774739649,46.01268554256317],[59.32254177517421,46.00683132164108],[59.33680718316043,45.99636745444976],[59.34979220920201,45.97680826390469],[59.35395426432365,45.96223659506266],[59.3524753146707,45.950742996968394],[59.34097954644159,45.938894581165535],[59.32945149739658,45.932675234375104],[59.30481825086865,45.91300102646892],[59.28593126085133,45.887185868039595],[59.261561957465844,45.86776258244246],[59.24499728732723,45.834447152743074],[59.23133029513957,45.795515403597165],[59.22741916232713,45.77743516270532],[59.22868869357699,45.761207406623015],[59.243752441406784,45.744591738214375],[59.25215630425429,45.74097655809161],[59.28387396918464,45.73972493048689],[59.30105278862919,45.74382269524526],[59.31750976562557,45.75641411235053],[59.353047417535265,45.76415743917617],[59.369675021702164,45.759169374938146],[59.393661566840876,45.76675563796188],[59.433613823785436,45.75750270827099],[59.46278049045213,45.7441693749329],[59.45218505859451,45.73635714619741],[59.4500046115457,45.70972520174345],[59.46631754557371,45.73229817267167],[59.48178873697981,45.74858832024697],[59.50560465494852,45.76114067485224],[59.535838216146495,45.7816639495991],[59.57863009982695,45.76815998909083],[59.58505588107709,45.77234754334587],[59.57793457031317,45.79999999561284],[59.58228298611169,45.81124022999167],[59.59681694878537,45.82945501949466],[59.611325412327126,45.8401139279186],[59.61864474826449,45.851477317679624],[59.63509819878533,45.89104139104436],[59.662083333334074,45.94028781033271],[59.67097493489654,45.961385629350595],[59.680892469618634,46.001178652368104],[59.687347547743734,46.0396538585449],[59.6823057725702,46.0485137218293],[59.682022569445095,46.06260280603562],[59.68758789062566,46.08093044276075],[59.69344455295203,46.08811468755498],[59.690467122396626,46.09624728304396],[59.67110243055624,46.124903967081764],[59.654369574653465,46.13717664503736],[59.62652886284804,46.168090002253095],[59.59692599826463,46.19678222231515],[59.56547363281332,46.23050021277824],[59.53502061632014,46.2736512544598],[59.51565700954927,46.29113280828538],[59.49744086371605,46.30162054700428],[59.4862698025181,46.31184624145219],[59.50508219401097,46.32558783216878],[59.52645887586856,46.33663953573162],[59.55179904513967,46.34027506090655],[59.57237738715338,46.33582681871737],[59.594194878472805,46.316126840412025],[59.598047417535376,46.31583604180077]],[[59.141070149740344,45.65904486318351],[59.132706976997085,45.652224930455326],[59.11384602864637,45.65916394955508],[59.105298936632714,45.651493864916894],[59.10414171007017,45.632820904840656],[59.110280490452155,45.62916937489147],[59.120552842882546,45.61285671212522],[59.10033772786517,45.60857882583887],[59.08925835503528,45.59444959406297],[59.07335449218812,45.581947152652106],[59.049027777778505,45.597497282866115],[59.04486490885489,45.58817626506762],[59.03360839843804,45.58110839397128],[59.02635253906311,45.58664740221978],[59.01635579427148,45.57805826376198],[58.98468343099016,45.58305419475326],[58.98004069010482,45.59249728286423],[58.96779920790004,45.596050614028734],[58.96473605685833,45.610956755527184],[58.94946533203182,45.58786295126546],[58.943508300782135,45.59042914050239],[58.92261745876788,45.578056907425086],[58.91367811414983,45.57912868476922],[58.89534830729236,45.56507649292383],[58.878049316406816,45.5555560936148],[58.835340169271475,45.51199679455384],[58.82465169270887,45.505891380054976],[58.79611626519152,45.49809054454878],[58.79111382378539,45.49221950504997],[58.76737901475759,45.47898816823965],[58.76721950954924,45.4708691361186],[58.75955376519165,45.4480693856763],[58.732836100261125,45.41460394512581],[58.73843939887211,45.40634548158113],[58.72845350477489,45.392178814909194],[58.735275065104815,45.37608832011163],[58.72763292100763,45.363579639551475],[58.739328613281884,45.351792530172105],[58.746482747396435,45.35059135829668],[58.75036838107695,45.33979274718169],[58.74627034505267,45.31694552495096],[58.73972493489646,45.30910210046891],[58.742072482639465,45.297519526679906],[58.736611870660326,45.292273215913994],[58.73268174913248,45.2634917488895],[58.740278862847845,45.24718152752927],[58.75256483289984,45.23114637127337],[58.77679958767414,45.22305066814546],[58.77925211588597,45.2075027080701],[58.78911783854227,45.20915526883472],[58.78892768012208,45.19762749105259],[58.83221950954929,45.17265678791821],[58.82797146267416,45.164105355623434],[58.79686523437551,45.148258458916104],[58.791110839844286,45.13998154919076],[58.80053276909791,45.12522243460192],[58.79098768446231,45.12057019935721],[58.777280544705434,45.121449105607404],[58.76044270833405,45.108613819144345],[58.74750271267431,45.11015678789498],[58.743283691406816,45.09873914466144],[58.71284884982709,45.090235997957],[58.68208224826441,45.0624728686062],[58.658949110243555,45.0327023607825],[58.64948106553889,45.02449109775874],[58.655603841146544,45.015793181088824],[58.652323404948504,45.00116753004162],[58.66277750651118,45.00251627136144],[58.6708059353304,45.00944443976675],[58.68391194661524,44.99944389722833],[58.676348741319934,44.98694715243195],[58.662491590712406,44.97250108037808],[58.66014594184087,44.9644417270762],[58.66805148654573,44.957924799990444],[58.70466471354216,44.971636822565245],[58.71550265842086,44.97886718281092],[58.75055284288254,44.979495438019384],[58.750405544705416,44.99751084601229],[58.759738498264426,45.01373643195602],[58.77017388237914,45.021640620327126],[58.799383951823465,45.03326008647715],[58.82250271267424,45.030558263559435],[58.849842936198804,45.024447152446086],[58.84544949001805,45.03629719585335],[58.829634331597795,45.04483723491909],[58.837855088976525,45.05086859342828],[58.8631396484381,45.059431961486936],[58.89077365451447,45.06414333301658],[58.91033528645886,45.064845372947396],[58.958675401476405,45.05526800749241],[58.98262722439302,45.04333495627264],[58.98721950954923,45.03750270800657],[58.94978841145887,45.02771972189169],[58.93657443576449,45.04040038595899],[58.92640245225749,45.04112521234826],[58.89619439019174,45.02616373230785],[58.8831575520839,45.01277994324046],[58.872389865452064,45.010272890287936],[58.869042154948424,45.00028048577036],[58.85555284288261,45.00139159688187],[58.84261203342072,44.98827853264086],[58.83490288628531,44.97391275572577],[58.812529839410445,44.97277506041276],[58.80408094618122,44.96456379738887],[58.810762803820126,44.946149626374854],[58.808613823785436,44.93099012116081],[58.811612413195114,44.918594287822756],[58.78739149305607,44.89741047705092],[58.77084174262204,44.88997449614519],[58.765847167969355,44.89499674007085],[58.752988009983184,44.88497341107401],[58.75038221571258,44.86244899700287],[58.758052842882655,44.85065754734561],[58.76041992187566,44.81460828517916],[58.75916558159793,44.78885904471796],[58.75340169270908,44.77321288585787],[58.75724690755265,44.756388884115175],[58.765330132379,44.75850531206737],[58.78278727213613,44.800548497847295],[58.79732177734428,44.80992078517748],[58.80944715711871,44.80889159680889],[58.82841986762219,44.80123588934085],[58.836080729167236,44.78392631902159],[58.84636121961864,44.77883191797798],[58.860830620660415,44.75444172699638],[58.87525933159793,44.743957243485376],[58.87808024088615,44.706250537741965],[58.88313422309107,44.70339246482409],[58.88444715711859,44.687464730442926],[58.89027940538251,44.67530327210492],[58.88864149305612,44.654481874527406],[58.87811496310819,44.64363769049547],[58.859724934896406,44.63494465663804],[58.85759901258744,44.62462293354373],[58.84840494791741,44.62088866704928],[58.84586968316029,44.611978619302775],[58.8229020182298,44.602502707840735],[58.81173394097283,44.61148057242756],[58.81416395399384,44.62745930507261],[58.82958468967075,44.63737955247236],[58.81016248914983,44.655328228694465],[58.800371365017945,44.6461745828577],[58.79128824869842,44.6451133849406],[58.772513834635966,44.673734261687684],[58.76193874783046,44.67942436585644],[58.75294921875058,44.67472493009089],[58.745578884549154,44.68628146221333],[58.73666937934091,44.68916394919355],[58.702350260417184,44.682224930093746],[58.688328450521404,44.686050342421545],[58.665483669705495,44.70405978253267],[58.673374837240154,44.72550672264501],[58.647542317709046,44.736407330288124],[58.62169731987904,44.72336045528315],[58.60168050130261,44.6939838276677],[58.60033935546931,44.68067762106544],[58.60663601345572,44.663926318975584],[58.61666232638959,44.66555555074714],[58.619691569011124,44.67551811585498],[58.628855794271544,44.68052354120416],[58.65675998263952,44.67306043356254],[58.66179090711859,44.669329964811055],[58.702014702691585,44.65183539015156],[58.72209337022621,44.63086316792119],[58.7198361545146,44.60452907502915],[58.71478759765693,44.589747173981664],[58.712239583333876,44.56679090227136],[58.734227159288764,44.562282981262676],[58.74211317274359,44.54159830243532],[58.74201958550402,44.518961041141736],[58.7344582790805,44.48165255588415],[58.728147515191615,44.468130420462266],[58.714315321181104,44.454879552401565],[58.70055799696251,44.455525711256016],[58.694216851129106,44.47026529459504],[58.676831597222815,44.479997282446085],[58.661362575955536,44.47555663574294],[58.66944173177143,44.46723957844799],[58.660002712674164,44.46004068521608],[58.66445583767421,44.452641596671626],[58.65892333984431,44.44516167045336],[58.6604324001741,44.435623367498216],[58.668366699219405,44.42480956541061],[58.69524522569504,44.41781412269955],[58.69475016276095,44.4074370610636],[58.74577582465331,44.386159391784446],[58.76992350260475,44.37172905323709],[58.80807535807354,44.35524250809181],[58.83108127170208,44.34139159662794],[58.85545030381996,44.34159775982252],[58.87004204644147,44.33791991693917],[58.874075249566644,44.34522243430309],[58.9352549913201,44.359724387433815],[58.984281412761206,44.361592334483156],[59.004151204427615,44.36966145340996],[59.01083821614655,44.378370220774464],[59.02899061414995,44.37679090219744],[59.05181315104226,44.366683480318386],[59.066299099393056,44.36716796382571],[59.07061930338597,44.37381672684919],[59.06330240885477,44.38420572424897],[59.05565266927163,44.415097108809604],[59.0383995225701,44.442078445625675],[59.0277460394971,44.465424257266704],[59.01380967882015,44.47466796386758],[59.00071750217075,44.477754443903564],[58.9778822157125,44.475571826715125],[58.96083604600767,44.482192377933],[58.96478678385478,44.49532822863261],[58.981148274740164,44.50576279894906],[58.99275092230975,44.52520995607484],[59.00387179904571,44.550832785945765],[59.01825168185838,44.55355088490511],[59.0499937608514,44.5472010585138],[59.06970974392437,44.52475639704686],[59.0744417317714,44.51527506023755],[59.08951633029567,44.497855355369666],[59.099596354167254,44.494109695645925],[59.11457790798663,44.50453884061529],[59.12049452040004,44.5263199821169],[59.12004421658059,44.53864311580227],[59.129839409722805,44.5446972607699],[59.141326497396605,44.52224608888611],[59.14087944878526,44.494344070646],[59.14274251302146,44.4850748649134],[59.150796983507504,44.47420084147153],[59.168008897570004,44.465002707787534],[59.17446858724014,44.47347601508247],[59.170087890625545,44.47860622341766],[59.162249348958994,44.510200190443896],[59.161342773438086,44.52582898819299],[59.15472493489653,44.56250270782541],[59.14229763454915,44.59693358891503],[59.13574055989641,44.63328450038733],[59.12586208767418,44.65671494744508],[59.12259901258737,44.67358994745147],[59.12333062066028,44.696947152321634],[59.132807074653435,44.706879335485276],[59.148201768663846,44.71351833288349],[59.16610053168467,44.72600639712441],[59.17123019748321,44.74368597612423],[59.17779405382004,44.75208007334967],[59.188198784722886,44.756842443143114],[59.19632324218803,44.76880967405045],[59.219638129340986,44.79273002996248],[59.244125976563176,44.81238931816433],[59.25201036241402,44.82350205688388],[59.26860839843823,44.86305826349618],[59.28965277777838,44.89341904909799],[59.29909369574732,44.92263291629648],[59.307382269965906,44.937063797378414],[59.345280490452126,44.982775060416465],[59.36706732855957,45.016652013554264],[59.37555609809085,45.04061360210493],[59.38868326822973,45.07114474360952],[59.40424994574715,45.114063580431086],[59.40752902560819,45.13273816811169],[59.41428439670204,45.151385629056186],[59.419814995660424,45.23468749540656],[59.41261067708411,45.268095156009274],[59.39178059895908,45.32734700064923],[59.38155137803874,45.37060329406794],[59.3813601345492,45.38746093296301],[59.37333062066046,45.409441727241955],[59.37275906033046,45.44231010833044],[59.37527642144176,45.455013016321175],[59.38715277777833,45.466687007210844],[59.3889423285596,45.48108940521966],[59.384887695313175,45.48734971338163],[59.38999728732721,45.50303656234569],[59.38526855468814,45.51695067910422],[59.38380398220555,45.550861269394304],[59.34185356987905,45.55122910793613],[59.31437798394164,45.547217334931226],[59.31256998697979,45.544361432152336],[59.35017550998321,45.5355973262464],[59.36117811414994,45.52048176634517],[59.364284667969336,45.504666065384406],[59.356261935764564,45.490699594025216],[59.34183756510491,45.47481716129364],[59.34015733507003,45.464516597053795],[59.32597900390692,45.45388590043537],[59.349163953993745,45.392829314041435],[59.34882595486192,45.377592768896896],[59.33918185763939,45.34301106315498],[59.32315809461886,45.306202794912245],[59.33673149956665,45.29059352841343],[59.33295817057365,45.276530485873536],[59.32195095486179,45.274135737608766],[59.314806857639724,45.295466575290206],[59.31367106119863,45.310015186406666],[59.30555040147647,45.32666666210735],[59.30335123697983,45.33969183572339],[59.279154459636004,45.374706484173664],[59.27194715711863,45.39512911872976],[59.29131510416744,45.41703233054338],[59.29638617621606,45.417858068390856],[59.28870659722292,45.439150928641766],[59.29217013888955,45.44530707013703],[59.2927750651047,45.46658229800945],[59.29047770182343,45.48317192475158],[59.30248182508751,45.53174722858874],[59.29764295789988,45.54644747816001],[59.29151448567773,45.605606820629475],[59.29360839843814,45.62132622167675],[59.283484429254365,45.64359320302169],[59.275778266059596,45.654559999900584],[59.25801703559085,45.65833061622152],[59.24496473524363,45.65516845259184],[59.240822211372105,45.64519015397719],[59.229059516059905,45.64162081803842],[59.222889539931145,45.65056667307626],[59.20843505859443,45.651984858840656],[59.184760199653496,45.637172575849206],[59.17154812283041,45.6389325584887],[59.14981906467074,45.65949353939908],[59.141070149740344,45.65904486318351]],[[59.0951999240458,44.42026420950613],[59.07443901909788,44.400838753769364],[59.07728678385473,44.394403206891795],[59.09579264322986,44.3907644265084],[59.11847222222286,44.375138883967566],[59.12525824652841,44.38161783362289],[59.12071831597291,44.39334851939138],[59.1244501410597,44.41167154457228],[59.10278727213602,44.42326225638231],[59.0951999240458,44.42026420950613]],[[59.185611707899895,44.32447210877424],[59.16101264105959,44.29400064608857],[59.15806098090353,44.28435817646683],[59.16867051866375,44.27837293340881],[59.18920193142418,44.30152668775812],[59.196023491754026,44.32090006016159],[59.185611707899895,44.32447210877424]],[[60.61089816623296,46.772926699508474],[60.63772956000464,46.77279540610569],[60.67018961588587,46.76057155627509],[60.721794297960514,46.75286810575175],[60.7499479166671,46.752603891341984],[60.78470865885464,46.74358181017571],[60.8060959879561,46.70532470295808],[60.80493530273485,46.69236056449881],[60.78012152777812,46.660364579245055],[60.78481547037802,46.64959390866864],[60.78325242784331,46.63530462914986],[60.771447279188806,46.588536779741624],[60.76958902994829,46.57612738303608],[60.77677924262179,46.56678764778984],[60.7938635932079,46.55973008485341],[60.801353081597476,46.54972601583959],[60.82166978624183,46.53195773241345],[60.82814351399782,46.51842121982204],[60.83916388617654,46.50666394985263],[60.87749586317319,46.48089870461833],[60.89277316623299,46.47342121980677],[60.91769734700557,46.46612114384936],[60.95059529622432,46.46191975495899],[61.03033494737445,46.46167968334431],[61.06313903808642,46.45997585304864],[61.083771837022866,46.45596489384599],[61.10334798177116,46.448093528825865],[61.12934922960101,46.434447152953055],[61.13851684570346,46.43475341380397],[61.14831854926261,46.444746360855866],[61.1666251627608,46.451109750615075],[61.19365844726593,46.45618109393272],[61.222446017795555,46.457594668152026],[61.236793891059506,46.46491427535935],[61.26722425672791,46.495444060526104],[61.28000366210989,46.51888834221797],[61.2822654893667,46.53448458788297],[61.269677463107925,46.55566215950482],[61.273613823785055,46.574609642150115],[61.28884345160628,46.58214653451378],[61.2936393229171,46.59258354623608],[61.313336046007414,46.57638617209861],[61.324725748698306,46.58336452496558],[61.32265652126783,46.60081406924233],[61.33012790256116,46.606538895633165],[61.35381510416721,46.604493539729646],[61.36291748046938,46.60635470509485],[61.37318413628503,46.58623100717139],[61.37096177842914,46.57606607661238],[61.36111260308212,46.5761225002235],[61.35153740776958,46.55768500021725],[61.34950168185809,46.54486436219214],[61.321275499132405,46.51399766296288],[61.30068101671054,46.49555934915454],[61.265986328125436,46.483288027535714],[61.264120958116614,46.43946749800687],[61.261124267578396,46.433005909463],[61.26821899414102,46.41457790381429],[61.2721093750003,46.39516329877297],[61.27249443901963,46.373575842168336],[61.266050889757246,46.34436278877281],[61.25682590060802,46.33161322279617],[61.241300862630624,46.30175455308105],[61.23454725477473,46.273786074338744],[61.22090671115488,46.25466715072104],[61.19199598524345,46.23760307736445],[61.16130316840308,46.22502223968641],[61.14097764756975,46.22384738074517],[61.13637518988748,46.22032280392095],[61.11275838216175,46.22583061642302],[61.095372246636764,46.22043673621275],[61.08906473795611,46.21432915157518],[61.096386108398804,46.205863168499214],[61.085950656467496,46.19958332908731],[61.046579793294754,46.19081515417101],[61.01583095974428,46.18972520191377],[60.9968055555559,46.18618679045417],[60.95760830349433,46.16447210945705],[60.94725158691448,46.162814123345356],[60.92208116319472,46.14230088549093],[60.91111606174093,46.13878526048971],[60.88626356336833,46.143948563442954],[60.864075656467364,46.153997662838904],[60.82864101833809,46.13861381951743],[60.830303344726936,46.118360455795155],[60.816954956055156,46.10795789502763],[60.79745286729627,46.102804086432],[60.79042778862891,46.108327361173515],[60.767241617838806,46.10915852436827],[60.779488050673194,46.11779486334702],[60.787254638672266,46.13236951612981],[60.799398668077735,46.14326225701914],[60.806342705620914,46.15433593323822],[60.823926866319866,46.172125918053446],[60.83353339301249,46.19524983299213],[60.826681789822324,46.21976751963256],[60.79689520941882,46.26132730697332],[60.77368937174508,46.28950547538587],[60.74558261447516,46.333919809168556],[60.737605658637506,46.34972140422607],[60.73384779188416,46.37354139121347],[60.735586140951,46.38220729833456],[60.7144852701826,46.38833061647889],[60.70030334472682,46.385552296165486],[60.694725002713085,46.37333061647376],[60.6831631130645,46.36853379572551],[60.68242818196649,46.35695963122502],[60.666554090712275,46.353934186345555],[60.652501152886586,46.35975341377825],[60.64028055826854,46.35260931655345],[60.625705362956296,46.33677978095769],[60.616629774305856,46.33651719415207],[60.600571085612394,46.32572753486023],[60.60028998480958,46.32093125664674],[60.5704873996314,46.30913763685096],[60.569974907769335,46.29824299709036],[60.54034037272181,46.30555826401993],[60.48463677300373,46.327206484513496],[60.4613501654735,46.34012911906651],[60.443423631456476,46.352527393810334],[60.41362616644988,46.38190158001838],[60.40497494167771,46.397004661620755],[60.39727762858114,46.39448513037009],[60.38202334933851,46.401663949816815],[60.36519188774986,46.40416394981771],[60.35726301405197,46.40111381960832],[60.34944722493527,46.41278048627899],[60.328188883463845,46.41125542117446],[60.308630133735164,46.395558264050884],[60.29977318657796,46.39690347889513],[60.27775424533457,46.38356119373425],[60.21856955634256,46.38038356786511],[60.19307959662574,46.371663407271846],[60.16336324056032,46.366941727582784],[60.14937684800913,46.359298498413416],[60.12745903862873,46.3624772093521],[60.08828013949961,46.37762993288166],[60.073672705756564,46.38896836604519],[60.062552295261355,46.409407005375016],[60.03749722374847,46.41471950537681],[60.0005582046511,46.44305853533448],[59.983874994649064,46.46779133699221],[59.98248179329796,46.49688204880766],[59.997241611481,46.56214490690274],[60.01271565967163,46.58076171463481],[60.03851817660881,46.59850558399848],[60.06428287082281,46.608178435564284],[60.094710439046544,46.61112629797839],[60.1121414354115,46.61683159311929],[60.13308915880013,46.632652448159284],[60.17385669284425,46.655884870042094],[60.196354607476565,46.66404893254491],[60.220293646918726,46.68372883706542],[60.25360027737116,46.700018170838206],[60.2729215833878,46.700550126133585],[60.29548285590322,46.69400525850987],[60.31099012586856,46.6847081122394],[60.33610375298427,46.66040038653666],[60.35417534722246,46.636397022813405],[60.36694732666041,46.61000243730096],[60.37971920437327,46.579175071839195],[60.38778344048431,46.55222221809733],[60.40026299370691,46.49919731573564],[60.401638726128915,46.45184705530273],[60.413717820909824,46.484928923803785],[60.41713046603758,46.50013752840953],[60.4280527750654,46.5258360418731],[60.45572109646292,46.565319277563674],[60.459163241916606,46.59869004580411],[60.464719441732086,46.607775060998094],[60.52412716335766,46.58110839432247],[60.53289204915398,46.57445746116044],[60.56270806206629,46.56235676671201],[60.577460937500405,46.56205565994093],[60.60868570963573,46.56621039084526],[60.63582899305594,46.57534640430308],[60.66571289062539,46.58860839432509],[60.68346143934513,46.5906949828674],[60.692808837891114,46.60541829016418],[60.73012091742651,46.62607502845226],[60.74691134982669,46.62697536482402],[60.766305541992665,46.64040472680771],[60.765352105035,46.64845214434517],[60.752201877170535,46.65605495467769],[60.729316338433414,46.66387803410731],[60.707446763780915,46.67438367647197],[60.65251905653247,46.70988362223038],[60.61921644422783,46.72325981581131],[60.56561509874177,46.739465056702215],[60.55598944769991,46.74413899333557],[60.54902899848126,46.753683535439464],[60.545727844238726,46.77198838570608],[60.55412821451848,46.77649630671453],[60.57813137478342,46.782458763313784],[60.589630805121935,46.78186631539701],[60.59829460991778,46.77318386096683],[60.61089816623296,46.772926699508474]],[[31.911805555555706,-2.722361108092187],[31.909082980685923,-2.728642032564609],[31.896128336588728,-2.720040144553116],[31.89295383029537,-2.713680010011275],[31.88309258355042,-2.718847924502334],[31.87510389539938,-2.733186032125497],[31.875293646918628,-2.745540632806565],[31.87016764322919,-2.769194604134968],[31.866133626302194,-2.767097164901111],[31.870283067491524,-2.73305012717783],[31.86801961263041,-2.718747013044067],[31.875828043619833,-2.704335663233318],[31.87129896375876,-2.694495982254531],[31.85968370225714,-2.693503957516071],[31.85417195638036,-2.685283200146363],[31.843275010850896,-2.685307614208963],[31.840032145182306,-2.69571451523936],[31.82865410698792,-2.692995873748933],[31.82279391818599,-2.70185600828823],[31.81975206163213,-2.71833251651671],[31.824829372830095,-2.727026906698066],[31.83775675455752,-2.73746012066251],[31.834875759548652,-2.74372178515232],[31.8252830674914,-2.74756537238765],[31.834370524088563,-2.771052785556436],[31.843620741102654,-2.781624617142243],[31.84789930555576,-2.794594180930174],[31.84596720377607,-2.803254391424258],[31.852150472005402,-2.810438093673327],[31.847753770616464,-2.815848792452143],[31.83314765082479,-2.817358666582522],[31.82481146918417,-2.801931420505489],[31.813758816189242,-2.813008351916709],[31.817583143446136,-2.822790524215261],[31.814649929470644,-2.83428466482777],[31.80887586805567,-2.838153751195214],[31.807477213541745,-2.855482581471613],[31.817991129557523,-2.854646264197842],[31.817434624566026,-2.86193901592638],[31.8012032063803,-2.853852264632844],[31.80307929144988,-2.84721570865069],[31.79397189670157,-2.841931149194433],[31.78670979817724,-2.843713104487843],[31.78029486762153,-2.863874237278246],[31.77373942057307,-2.855288354041194],[31.781190185546905,-2.848883460385041],[31.776652018229356,-2.832269690871809],[31.776887885199812,-2.817323401825614],[31.782295464409906,-2.802033688300617],[31.779727511935846,-2.793965111920318],[31.787663845486236,-2.783566891445633],[31.781403672960153,-2.767249074623202],[31.79110582139759,-2.76508653122269],[31.78212320963564,-2.751803382365418],[31.781116400824715,-2.744798445307289],[31.789683159722305,-2.7428038164033],[31.790579833984395,-2.729525821626095],[31.769503851996596,-2.718905433182738],[31.762280273437508,-2.733932559902422],[31.756118977864677,-2.72968831077523],[31.75638102213565,-2.716658796900184],[31.76333808051231,-2.706715220522496],[31.763945990668446,-2.69629584119356],[31.772092420789985,-2.689461260037841],[31.783608398437647,-2.685307614208963],[31.77530978732642,-2.673061791739543],[31.766645372179024,-2.674374997033124],[31.76330796983512,-2.65928357994927],[31.770032416449737,-2.658050127259594],[31.79021931966167,-2.648004011819218],[31.802736952039993,-2.655552839935742],[31.81035603841167,-2.648336043068815],[31.82249688042538,-2.645849063904901],[31.816751437717237,-2.633780107754812],[31.8210965983074,-2.622220320440794],[31.82836561414945,-2.621525604730081],[31.83994439019107,-2.63347004916103],[31.844779459635554,-2.622829044398795],[31.856370307074762,-2.629814721474484],[31.86138617621537,-2.617252058727813],[31.855259060329953,-2.606641435909566],[31.847268473307512,-2.605558265337804],[31.835067138672002,-2.611758894671314],[31.830882839626952,-2.603931203707619],[31.815434570312732,-2.602502709785603],[31.811290011935792,-2.612538245798912],[31.797677001953275,-2.612157657691357],[31.788673095703306,-2.620519474088838],[31.77785630967901,-2.621053056987396],[31.760116509331734,-2.634631616000458],[31.75195448133695,-2.629747718436326],[31.750285101996724,-2.61839083910821],[31.745836046007067,-2.61182345630294],[31.74278049045148,-2.57950710434194],[31.748280300564367,-2.572311195061644],[31.749245198567902,-2.563392466772587],[31.744595811631996,-2.55732882745649],[31.727475043402876,-2.562383352190544],[31.717566324869953,-2.551479760622619],[31.713013780382077,-2.541163191623113],[31.71363064236112,-2.531713864376878],[31.719712456597453,-2.526726342680916],[31.718608398437706,-2.514441728978904],[31.73580837673615,-2.500286726824422],[31.73872355143232,-2.51090331752462],[31.74969238281267,-2.507224932111584],[31.757443305121623,-2.508340654767029],[31.795448947482726,-2.501309947309452],[31.799479980468792,-2.494782983340568],[31.799727105034883,-2.475452199941925],[31.79415161132823,-2.468598630070924],[31.79391018337696,-2.451458330610535],[31.79121514214415,-2.429273000773671],[31.78004001193591,-2.425921221263515],[31.76838473849846,-2.415298662681414],[31.751694471571284,-2.416978621446917],[31.74805826822927,-2.410885142720998],[31.758224962022716,-2.388568248214183],[31.75531439887158,-2.375505639721564],[31.774411621093854,-2.373554956129978],[31.776397162543446,-2.365291881052221],[31.76308539496534,-2.357780487831316],[31.749498969184174,-2.353153209190275],[31.756933458116468,-2.341235077693232],[31.749263916015877,-2.332794051226826],[31.74138888888893,-2.33741617578744],[31.719751654731112,-2.329832082914102],[31.711202392578347,-2.334466414506191],[31.716386176215284,-2.344692380206722],[31.71596232096374,-2.354929196601641],[31.705358344184212,-2.349210880635876],[31.69802693684915,-2.349723575947466],[31.699238009982707,-2.36280164667996],[31.683533799913384,-2.36642225214473],[31.65828613281252,-2.379695906644076],[31.64056057400176,-2.369880097192943],[31.63605224609387,-2.354707571167968],[31.628360053168468,-2.344782169702937],[31.651614312066158,-2.308452688406301],[31.65647176106785,-2.298085934945419],[31.657502848307384,-2.283613278711356],[31.65545572916687,-2.257299530910381],[31.66360839843759,-2.239609372509668],[31.664188774956752,-2.225702851257236],[31.668845350477618,-2.202828773591828],[31.682495117187557,-2.197047252330843],[31.676415608723975,-2.19125623671191],[31.68149753146713,-2.17042398847097],[31.69611463758701,-2.147776690319066],[31.690534396701427,-2.140250106125943],[31.67727796766502,-2.132640242853067],[31.690773790147766,-2.121754012396301],[31.693870171441063,-2.104045136547496],[31.701865776909756,-2.090391436476016],[31.702808702257133,-2.075847708193447],[31.692341715494987,-2.075925561925779],[31.68861382378486,-2.064485132250777],[31.691108262803883,-2.051664222976803],[31.697497287326485,-2.04365722428792],[31.694511718750157,-2.037474227332867],[31.696999647352644,-2.023570690021804],[31.70439792209202,-2.014057343678222],[31.684368489583388,-2.01427788404254],[31.670871717665133,-2.037463376638393],[31.660071207682446,-2.046928708659137],[31.64376383463542,-2.043794214305164],[31.63311645507809,-2.044408906144723],[31.628731418185843,-2.052929685215206],[31.62530219184037,-2.076335175640733],[31.621741536458387,-2.086860891774875],[31.606499701605966,-2.092180444720553],[31.603713921441113,-2.08397542085807],[31.60958970811646,-2.062850203867379],[31.619202609592037,-2.053376462558481],[31.61195827907994,-2.046974010308469],[31.608714870876785,-2.027887638801679],[31.611695014105923,-2.005995548982122],[31.624717339409756,-1.975102808130547],[31.625583089192727,-1.963946395382554],[31.634597981770924,-1.958092174468881],[31.644312201606112,-1.95762179686543],[31.644919433593767,-1.948700627170441],[31.655073513455026,-1.935012747411274],[31.667506646050406,-1.926300182316716],[31.670153672960108,-1.91593234378652],[31.687934434678883,-1.901686195798701],[31.69027506510423,-1.891712780010893],[31.688763020833328,-1.872342120310298],[31.696662462022687,-1.866975638111412],[31.70170260959202,-1.85523247406183],[31.700244683159717,-1.842686358624309],[31.701626383463804,-1.81899902141075],[31.703792588975823,-1.809510631664488],[31.702725694444496,-1.794506562670639],[31.704879557291804,-1.774265948543788],[31.713827039930724,-1.760945093523809],[31.725836046007032,-1.733891599630113],[31.727497287326628,-1.722006969651729],[31.72560221354183,-1.70174234836363],[31.726113823784885,-1.68674560358854],[31.730286051432472,-1.671931286113498],[31.728857828776142,-1.655558266383499],[31.744436848958458,-1.645571558495305],[31.745784098307293,-1.628114554391346],[31.75661756727441,-1.614854598893905],[31.75927205403656,-1.606991371905995],[31.752224934896045,-1.596545679643034],[31.75444091796896,-1.586142305088883],[31.745242784288216,-1.572036131059183],[31.754799940321384,-1.566450329199262],[31.753384874131996,-1.538447399542542],[31.750295003255303,-1.521453313190164],[31.744447157118206,-1.515291881990326],[31.748330620659882,-1.50638617453497],[31.772695041232854,-1.507036266765101],[31.770797661675484,-1.49689317324316],[31.753569742838575,-1.493556855972455],[31.75085232204862,-1.478330619010423],[31.75384602864596,-1.465906302618073],[31.75979098849831,-1.460165878362323],[31.771669379340437,-1.462497285694799],[31.779169379340313,-1.472219507906285],[31.783316650390642,-1.483037921522657],[31.790663655599076,-1.487340357498797],[31.803876953125094,-1.47961479869662],[31.801930474175435,-1.462785778533013],[31.81641316731793,-1.446447481025126],[31.803700629340305,-1.43140529896712],[31.808336046007014,-1.424169377751265],[31.81169677734402,-1.404526636887686],[31.81608954535602,-1.396193710464612],[31.812684461805695,-1.383205022328001],[31.818609483507085,-1.374458684447103],[31.817947455512176,-1.354373642151683],[31.81481716579873,-1.345107556007373],[31.824994845920283,-1.334468178849163],[31.838832058376795,-1.328303356807382],[31.847497287326455,-1.314053817977689],[31.846097683376914,-1.303925101626179],[31.85467515733523,-1.293503280891321],[31.859231635199876,-1.277774656776734],[31.864848225911537,-1.269511174798079],[31.867230360243184,-1.252519394218047],[31.864892849392447,-1.250108505548689],[31.87118191189239,-1.219003904888985],[31.86333604600713,-1.211418726946047],[31.869337565104388,-1.201170110420619],[31.869072808159952,-1.189283581571196],[31.87669352213561,-1.18024413930713],[31.87720987955742,-1.172508001077907],[31.8711406792537,-1.159362791674036],[31.873724636502004,-1.151901447281408],[31.870137396918437,-1.140300427328999],[31.861475287543442,-1.142552082057081],[31.85668782552085,-1.136176756543681],[31.857973497179096,-1.11696099050607],[31.866941731771078,-1.101685654151253],[31.86359849717888,-1.093283012016631],[31.848102213541722,-1.076771510299094],[31.850204128689366,-1.063954127500589],[31.85509914822052,-1.058953720605382],[31.867780490451484,-1.060002711489628],[31.87667466905395,-1.038347302442312],[31.859180501302095,-1.034152559608542],[31.84309299045162,-1.034197183089247],[31.837753499349102,-1.021447481497578],[31.842502712673763,-1.011113822655218],[31.837375217014028,-1.00291924258619],[31.828118896484455,-0.99905191945685],[31.82719224717885,-1.02350395935997],[31.81561523437517,-1.032053221503358],[31.821512044271003,-1.043543428738775],[31.8136138237848,-1.049515244053326],[31.81639160156254,-1.059169378156874],[31.809033474392375,-1.061590439352404],[31.79606947157145,-1.05840603180382],[31.790566677517464,-1.069962157007736],[31.774762641059056,-1.070655109481159],[31.765887044271043,-1.051456840188362],[31.764169379340323,-1.034806585215631],[31.76899509006086,-1.025211858663774],[31.78078084309896,-1.019467636664914],[31.789441731771035,-1.002252060512165],[31.785546468099145,-0.997364907739746],[31.779207492404737,-0.979084471562047],[31.780858968099146,-0.972214896917278],[31.767845052083548,-0.965358750006511],[31.780302870008878,-0.940850557759587],[31.77013739691841,-0.938529187319414],[31.764540337456765,-0.923967284123864],[31.76378119574662,-0.914223360523574],[31.766941731770938,-0.897219508546043],[31.77334730360257,-0.876122503361178],[31.764422064887242,-0.874993759872901],[31.75063991970507,-0.85753675576908],[31.735275065104183,-0.851113822833229],[31.71416395399308,-0.864441730804686],[31.70130276150189,-0.857347953685954],[31.695010172526164,-0.838417696545612],[31.694961615668607,-0.819650064187906],[31.69699761284727,-0.806655408169312],[31.70649061414952,-0.778244492402348],[31.726303168402804,-0.742617051036152],[31.74416937934035,-0.721113822978622],[31.760190022786674,-0.69539754154022],[31.779739176432543,-0.671900905281731],[31.80330390082468,-0.650257296364978],[31.806986083984555,-0.645015054617349],[31.785499674479293,-0.633755899356492],[31.783336046007086,-0.62508436345037],[31.78536743164073,-0.609245876054841],[31.788886176215442,-0.601435139301218],[31.787483723958527,-0.584066568357218],[31.79239488389782,-0.575469088440613],[31.818308376736233,-0.545062119616139],[31.82083062065982,-0.534163885578793],[31.845552842882,-0.489997218961522],[31.865078531901194,-0.472724405395515],[31.912885335286486,-0.435403102811514],[31.931057671441007,-0.417567748556273],[31.942699788411684,-0.403386094383804],[31.962224934895964,-0.383891804583156],[31.97638617621539,-0.35804131361845],[31.98221611870679,-0.354325018592219],[31.982780490451482,-0.336974351293767],[31.996636555989763,-0.320579087640402],[32.01234266493078,-0.304762233816916],[32.0347193739151,-0.299724866743463],[32.032031114366355,-0.278122422648614],[32.01690524631084,-0.273034260762105],[32.01892469618076,-0.261996120583457],[32.006142306857726,-0.265829874376929],[31.998117268880318,-0.254550916598757],[31.989164496527852,-0.250098876672866],[31.98223795572943,-0.236745469570016],[31.989453125000118,-0.207229614025752],[31.981669379340474,-0.186386108189688],[31.966679958767426,-0.176284654207965],[31.958891601562637,-0.185558335838174],[31.952516411675386,-0.187476263895983],[31.938358289930594,-0.198292982091279],[31.931327311198,-0.219031168374478],[31.934621988932463,-0.229075791844202],[31.943583848741408,-0.236081678338143],[31.94751397026926,-0.26082044784151],[31.932224934896,-0.282219441415898],[31.927240125868074,-0.273313869594241],[31.913907877604345,-0.279163885863549],[31.904169379340313,-0.261696573600322],[31.908921847873387,-0.237204928662341],[31.92055284288204,-0.24042629638881],[31.917218560113035,-0.230277777519963],[31.919515923394332,-0.20712626116133],[31.923501112196224,-0.20063198490988],[31.91408799913211,-0.195692274086392],[31.906113823784782,-0.177117716272973],[31.91553059895835,-0.155040350846229],[31.917375623915063,-0.140426635584814],[31.929256863064207,-0.13085700126363],[31.945845675998328,-0.127965087747221],[31.957106255425458,-0.112949557707547],[31.967597520616547,-0.102602606764243],[31.98280314127623,-0.093123168840418],[32.00085625542556,-0.088047553069481],[32.03805826822924,-0.088052774966267],[32.0538045247398,-0.09289998361974],[32.06197238498282,-0.098308376625854],[32.07555826822921,-0.096113891493727],[32.08333062065992,-0.088298271927404],[32.07124362521722,-0.074794718340118],[32.063602837456756,-0.070563896947634],[32.05190077039947,-0.057780558203231],[32.050309787326505,-0.068692830326239],[32.029985622829884,-0.072220187635873],[32.01971394856781,-0.048322550401314],[32.01945176866342,-0.039571160165643],[32.031789686415095,-0.039687194779492],[32.05137885199662,-0.043897196402136],[32.07525851779525,-0.035859103692166],[32.0892503526478,-0.025284559433141],[32.09552408854177,-0.025802781817612],[32.10041408962678,-0.038458150184389],[32.12362969292547,-0.057236022884817],[32.14278049045146,-0.060552774997122],[32.14691908094624,-0.066381327236569],[32.16448391384574,-0.07638753246635],[32.17135769314239,-0.071392347467493],[32.186292588975846,-0.07142605243705],[32.19095838758693,-0.077488369324858],[32.20139309353317,-0.072566731689148],[32.203934190538455,-0.060495707125969],[32.21189168294285,-0.049448343857121],[32.21976833767365,-0.047439337782963],[32.224489474826555,-0.032420857710743],[32.21106892903663,-0.016199476435503],[32.21139160156269,-0.00714402939692],[32.216780192057506,-0.002140367293002],[32.210581461588724,0.006458129875972],[32.234136555989714,0.002245720755336],[32.249163275824905,-0.003858337397666],[32.257487521701535,-0.012304619668983],[32.257470838758984,-0.025732252303792],[32.261429036458594,-0.034112209705381],[32.26825032552091,-0.036855909517765],[32.28722493489602,-0.029458685947623],[32.29693929036472,-0.013365410683444],[32.2982736545141,-0.005878465433568],[32.307219509548695,-0.000156724717327],[32.30610839843763,0.00762105305178],[32.290281032986286,0.016652560745722],[32.274927300347315,0.030548536478867],[32.26621066623277,0.030144653287117],[32.26531222873291,0.019284159321402],[32.26019775390631,0.015558336028962],[32.23444512261301,0.023880411757682],[32.23985148111984,0.036386108358111],[32.2643259006079,0.036565619534115],[32.25800726996545,0.049726053818732],[32.28643364800353,0.041318664505018],[32.289147406684314,0.037236328083707],[32.30584147135431,0.028863525358698],[32.320973849826544,0.028854370085325],[32.32803900824666,0.014158494721993],[32.334975043402835,0.018879869228353],[32.34857042100708,0.015280558251521],[32.36432101779542,0.021477152483041],[32.36998969184042,0.017803887241937],[32.37146050347229,0.008352728940681],[32.381628689236315,0.015343526187748],[32.37636881510434,0.029714219802233],[32.379967719184094,0.040261264332894],[32.37853678385426,0.061231621568183],[32.364724663628685,0.072226053793399],[32.36998453776061,0.087763875227875],[32.39553032769117,0.093352016768777],[32.3997132703995,0.088080545963065],[32.39632541232669,0.071272515111665],[32.41533691406277,0.07567230216193],[32.4209879557294,0.085487908162143],[32.432061631944634,0.080409138907885],[32.43689398871549,0.084935167006144],[32.44668158637176,0.118406880564561],[32.46024115668416,0.119196777210855],[32.46403510199667,0.110275912691739],[32.45506049262161,0.087831522525844],[32.45057020399321,0.084554307631557],[32.441125217013955,0.066408114889245],[32.41779676649338,0.048336113770179],[32.41885525173626,0.035985887275684],[32.42888210720514,0.026934441430728],[32.44638319227454,0.020409274608627],[32.453575032552294,0.034415317073413],[32.46903401692719,0.038698526975308],[32.47082519531273,0.045263570099533],[32.479953884548706,0.053052775006143],[32.48305853949665,0.060836012030873],[32.47968668619802,0.066874287848833],[32.48835177951412,0.074375440726646],[32.484724934895944,0.084948323473512],[32.49685112847243,0.081828104563812],[32.49666937934045,0.072273898574067],[32.504325358073004,0.058383721181121],[32.50414171006969,0.052509019581488],[32.53026638454889,0.05498606357822],[32.52977213541692,0.069664611738949],[32.53275390625026,0.076395399220498],[32.55999050564264,0.060036315851219],[32.559170193142506,0.053053995709284],[32.54889160156273,0.043157619852307],[32.5560812717016,0.038891669336245],[32.5638921440975,0.044384901209642],[32.57372721354192,0.044160529193805],[32.5773174370662,0.051947224877152],[32.56077175564252,0.061697218084613],[32.56333062066,0.078581203797073],[32.55723632812521,0.091103922424726],[32.54916395399317,0.099719441620687],[32.54638129340293,0.114676954353481],[32.552374945746635,0.117897033560029],[32.564719509548745,0.103052774950244],[32.57371446397582,0.099127604056209],[32.58316487630219,0.103099500753161],[32.57140136718772,0.120490756430394],[32.57036566840304,0.127689819193639],[32.58474093967038,0.13419823525615],[32.59718587239603,0.135427008583892],[32.57983723958346,0.151337212287878],[32.57619520399328,0.159999084294156],[32.579214138455136,0.176637301778098],[32.56670138888905,0.186392415156639],[32.56676052517389,0.196924200898153],[32.57511284722249,0.201941663728555],[32.59036458333349,0.193140258573513],[32.616385904948174,0.203346693023912],[32.62360839843779,0.215258771868221],[32.61772379557299,0.22230265274661],[32.6251657443579,0.235754563810134],[32.63741210937513,0.248699069275311],[32.63726209852455,0.271723225608046],[32.6391693793405,0.284557240486588],[32.651181911892586,0.290552774740664],[32.6723285590279,0.283641662280922],[32.67455485026062,0.274372558287346],[32.66972493489607,0.26641879581813],[32.662759060329954,0.24496353122082],[32.64956570095512,0.242432521973254],[32.64850667317722,0.231598900430568],[32.64333604600705,0.22182340809121],[32.6499823676217,0.215288882545072],[32.65998589409742,0.213524864806106],[32.67232747395854,0.227072245026755],[32.68199598524319,0.22908981297666],[32.68644666883711,0.223143123801485],[32.67781032986135,0.200020989088799],[32.669169379340474,0.196257595267032],[32.66531819661486,0.188080545851484],[32.655836046007096,0.184079250554098],[32.657224934896135,0.169458685791992],[32.66500271267387,0.160002780311976],[32.67234944661482,0.168886108210239],[32.68046902126746,0.158836805378764],[32.68981852213562,0.162608947572682],[32.702752821180695,0.176801655889935],[32.710542805989746,0.180853440824647],[32.712549370659815,0.199088880528675],[32.717038574219025,0.202148606816638],[32.729702690972424,0.19891069178102],[32.73490125868079,0.191277567332148],[32.72944715711833,0.184463466862305],[32.744661729600864,0.179486117692566],[32.741405164930654,0.167222052493726],[32.72857611762174,0.160537177013028],[32.719422743055816,0.151925048658619],[32.71739284939252,0.140267198194273],[32.703063693576546,0.131936102826042],[32.68788709852441,0.137035386674616],[32.678108452691106,0.123355136310009],[32.66356689453152,0.120592515599255],[32.67087239583344,0.1107245889067],[32.66622558593764,0.098313564614849],[32.65811523437509,0.089775119257654],[32.666206597222356,0.084243096151857],[32.67065212673623,0.093188069557921],[32.68111409505224,0.08722479916498],[32.68716905381956,0.098249375975881],[32.69803059895855,0.086523878213076],[32.70145751953141,0.097110595594928],[32.709713812934126,0.108619452461717],[32.719163953993295,0.103608228779994],[32.72583007812517,0.108036125910571],[32.72553656684056,0.118841484785228],[32.73499728732662,0.116595831846965],[32.739430338541865,0.106380682932729],[32.75166395399332,0.125258755014437],[32.762349989149584,0.113943956036392],[32.769858398437805,0.11947272393388],[32.77883707682315,0.113336113697451],[32.788584255642604,0.119939914145764],[32.788602701823265,0.140824822162925],[32.800535481770964,0.135524800467381],[32.80199842664956,0.149854430985363],[32.821255425347374,0.135561116385347],[32.83027343750018,0.147375657658985],[32.84556016710098,0.145083007650679],[32.854686414930654,0.133429463555633],[32.85968912760438,0.141855909401523],[32.84896131727452,0.144034084583265],[32.84482394748278,0.180431586170166],[32.851614040798836,0.184009060124499],[32.85598551432315,0.169481540066959],[32.86720838758691,0.164152696214406],[32.87305284288203,0.177470092575401],[32.873847113715385,0.197982618323058],[32.893047688802305,0.188219739915832],[32.89024712456625,0.180540771282893],[32.901850585937666,0.176520521178883],[32.880506998698074,0.146324225368471],[32.88859781901067,0.136363118337596],[32.89833034939255,0.13640092622591],[32.89404893663231,0.125336303571186],[32.87958251953148,0.12628679049511],[32.872960611979465,0.118386501604346],[32.896663953993304,0.108684590536431],[32.89527506510427,0.087007039291226],[32.89194715711835,0.079752129360346],[32.89609157986138,0.070014275367334],[32.902502712673815,0.06581922735737],[32.908950195312734,0.073811035074307],[32.93360053168414,0.077049085743192],[32.94391547309038,0.075637851207039],[32.952919108073154,0.081194288375343],[32.958252224392595,0.088924085729969],[32.96864501953155,0.082227003217931],[33.00083875868086,0.102911105571081],[32.99662516276066,0.122728881699113],[33.00502305772585,0.128640746926833],[33.012235785590576,0.123639899221967],[33.01194444444467,0.110829603283734],[33.03061604817731,0.119048902590875],[33.03512234158018,0.127610202223548],[33.03362413194458,0.134450446084842],[33.05154785156276,0.134385952269816],[33.05473931206615,0.142221543895188],[33.045840115017654,0.147584262259411],[33.07161322699676,0.168254835152952],[33.088810763889285,0.184114888303625],[33.08776204427096,0.192755737089537],[33.09777506510443,0.203869866037713],[33.09945773654527,0.210570000307493],[33.082328287760674,0.208613891368761],[33.06666395399321,0.21027499705269],[33.05812608506967,0.217834353733593],[33.04665852864599,0.220813327118944],[33.06653320312524,0.256544782564072],[33.082521430121744,0.259425879294747],[33.0841010199656,0.25086201957668],[33.09861382378489,0.249835018302997],[33.111775444878724,0.252629173844717],[33.11444173177108,0.244752129175521],[33.1127981228301,0.216897718399349],[33.11492594401079,0.21087955027474],[33.130235460069684,0.217143384903412],[33.13984971788209,0.237651604281147],[33.15194742838553,0.248330654290861],[33.15644612630223,0.262839897709979],[33.151140679253615,0.26714053653983],[33.14133680555585,0.299635755416289],[33.16330349392388,0.318330552487414],[33.187351616753745,0.31722500235843],[33.189705132378606,0.331388193396153],[33.203303493923784,0.329169446789595],[33.20887532552098,0.336914146894802],[33.22055284288228,0.346113891215108],[33.241674262152905,0.355323231618141],[33.260826280382275,0.369175024679939],[33.27054606119816,0.37134166252199],[33.2725336371529,0.381262562644094],[33.251686197916904,0.391385658674999],[33.237775065104344,0.394441663513465],[33.226058756510554,0.391188091265383],[33.22432345920157,0.397780557823988],[33.20973497178835,0.402536586735758],[33.19183620876749,0.405034713292949],[33.199063042534874,0.414449394610896],[33.21237657335081,0.415242571896793],[33.22165093315999,0.418886107930794],[33.227833116319744,0.410836113364972],[33.233999023437825,0.423700611913168],[33.233052842882095,0.430558331326584],[33.24083062066012,0.436947220208564],[33.253518337673825,0.441655094924977],[33.248720160590494,0.449469871018977],[33.250818142361304,0.461383041290483],[33.26743896484385,0.462531587296],[33.276237250434235,0.47290000015007],[33.28400173611123,0.476108333267985],[33.290591091580154,0.46867205461499],[33.28392496744823,0.455895260195939],[33.284794921875346,0.448854259413438],[33.29764702691,0.43605639514991],[33.311860622829954,0.427222221745066],[33.33595431857668,0.444163889918621],[33.346364746093904,0.443863868218002],[33.359765896267604,0.450017021524284],[33.36502468533013,0.459122127443995],[33.35028049045156,0.469141849417667],[33.35623209635446,0.476473897825832],[33.361580674913334,0.470439872216313],[33.373057996962075,0.484163779141872],[33.382813042535076,0.489383443047334],[33.40110324435789,0.481990733138207],[33.4036083984377,0.472522976665464],[33.38511800130249,0.467704333736645],[33.36876953125011,0.448354737523054],[33.360005154080056,0.43316388823559],[33.361334635416945,0.421580233632944],[33.34569851345503,0.419231939907139],[33.344775119357905,0.406747359775164],[33.35163899739604,0.404478547386193],[33.36138509114602,0.389443884520615],[33.3633740234377,0.380280557843549],[33.33935167100714,0.386053703724607],[33.33480848524334,0.373922118723026],[33.3239548068579,0.376628468410727],[33.322927788628704,0.386227094430799],[33.30611382378504,0.367046525333304],[33.30999728732655,0.362502780085591],[33.32459391276068,0.37202402709099],[33.324766167535024,0.35570955872545],[33.33306884765659,0.363375574342009],[33.34171006944467,0.364653209702854],[33.347871907552424,0.359931470680921],[33.36079264322933,0.367497219099435],[33.37184109158022,0.353094600707073],[33.35937825520847,0.34015730078136],[33.359724934896064,0.32776365455469],[33.369724934896055,0.327774996921282],[33.386647135416816,0.336341772763508],[33.39444118923643,0.330855559933229],[33.401636827257164,0.332497219138212],[33.40930745442739,0.321022202874983],[33.42162706163229,0.316731227945232],[33.43054823133706,0.328949347234823],[33.425747341580006,0.340557267550693],[33.43194173177118,0.34805833565727],[33.447957899305834,0.352120318549309],[33.46732123480928,0.368232701208213],[33.475920952691354,0.362228935685272],[33.45950710720506,0.348505740306325],[33.459903700087125,0.341723700247707],[33.45155490451418,0.334649335699752],[33.467121310764306,0.323168860180762],[33.46583062066003,0.312774996938029],[33.4723963758683,0.31119603440183],[33.47869303385448,0.317583329588159],[33.48671332465295,0.309143981588339],[33.48859429253514,0.295972425342232],[33.49697998046901,0.295894029074967],[33.50361382378486,0.290869055529185],[33.511686197917015,0.274725460169604],[33.5009187825524,0.274961225414577],[33.50056532118077,0.267221747206039],[33.49216796875015,0.267129618028526],[33.48234890408014,0.276319444136188],[33.472641601562835,0.278235914131616],[33.44193549262184,0.273030547790802],[33.44555284288231,0.283336113507453],[33.433021647135604,0.284466128561478],[33.42725938585084,0.278978016859772],[33.41212103949681,0.288567267201672],[33.40166937934065,0.284358893183071],[33.421386176215606,0.273762444084542],[33.42349148220507,0.263803185062508],[33.437230360243284,0.250263773321185],[33.452110460069605,0.249097493211457],[33.45277533637181,0.24415254353707],[33.42472764756974,0.241787109105022],[33.42609212239603,0.232261742226667],[33.43259168836829,0.221228027096781],[33.441284722222406,0.217583736600644],[33.45102213541702,0.220190039494887],[33.46510091145848,0.214325679963659],[33.46194715711823,0.207818569375283],[33.47519259982657,0.200025939718203],[33.47544243706625,0.189249165641679],[33.48026936848982,0.17972523987105],[33.48888617621544,0.177202453415865],[33.4844417317712,0.195836113605426],[33.49882785373285,0.219889678709638],[33.49876953125039,0.193196885635308],[33.51381754557326,0.192235446291547],[33.51983344184048,0.200877956590309],[33.52820719401058,0.196674838376452],[33.5257587348093,0.184526129622622],[33.516380750868386,0.168319328968021],[33.524832085503654,0.168625759360468],[33.532545030382096,0.19034501796252],[33.53959879557311,0.197705450896953],[33.54390570746557,0.189851989534258],[33.54473036024342,0.178625318539825],[33.55270209418421,0.178052774866498],[33.5652983940974,0.1697250025233],[33.56925537109391,0.177784457538154],[33.57583062065993,0.179147643843188],[33.563754611545335,0.193463405817034],[33.57767849392394,0.206939578355334],[33.58982259114606,0.202780015507148],[33.602234700521024,0.204533080826379],[33.60332004123301,0.214680022953729],[33.61869656033008,0.218336113580093],[33.622784288194616,0.226481153447458],[33.62262071397606,0.238123626443248],[33.61744845920162,0.252107543663869],[33.62300618489603,0.260354088386678],[33.617938910590624,0.279750976250083],[33.62360731336831,0.286613887890698],[33.61920355902805,0.298872561650846],[33.6013107638891,0.316663885822617],[33.61055284288227,0.323330552481975],[33.62583604600712,0.316663784097345],[33.63344455295168,0.326348639230079],[33.63904296875034,0.32537265317404],[33.64329616970502,0.314887406739271],[33.65819878472257,0.318030920733169],[33.66165852864622,0.30857976243207],[33.67275878906287,0.305002780149844],[33.680635579427246,0.321663885817305],[33.69054768880226,0.317710028399516],[33.69616400824685,0.324589877295922],[33.70498101128493,0.326941663588973],[33.70971923828148,0.316957804007991],[33.728993055555804,0.316126589952235],[33.73588894314264,0.317904883135652],[33.74995930989621,0.310836113476653],[33.75980441623301,0.315321977051301],[33.762796766493466,0.308608330275994],[33.72527479383706,0.298891618182903],[33.723651529948086,0.288863881106564],[33.70265163845522,0.281987982541106],[33.6866601562503,0.258596801469119],[33.6939114040801,0.257241600597139],[33.699673665364735,0.263773481286415],[33.716647949219116,0.262814245990452],[33.7247648111981,0.256255069023013],[33.73539876302095,0.258330552554568],[33.74166395399329,0.25175409924715],[33.73637505425381,0.242168036296502],[33.725264214410004,0.2403055485056],[33.72029947916702,0.222136128495549],[33.72353976779533,0.215927157690818],[33.708330620660035,0.210558335811033],[33.70444173177117,0.206391669148976],[33.705041232639125,0.194906649901822],[33.71111382378495,0.18720245340436],[33.71921929253506,0.18395477274396],[33.72776475694485,0.191377970164005],[33.73666395399317,0.189635450363434],[33.746989474826655,0.19271806483525],[33.751512586805745,0.178972506853473],[33.767481011284936,0.197497219289393],[33.77738172743073,0.18685424783835],[33.78590955946202,0.202756754331289],[33.769447157118236,0.213254580789523],[33.784413791232964,0.218596309841726],[33.791669379340476,0.218058335802593],[33.78716715494829,0.243307732204506],[33.79380099826425,0.242689819064961],[33.79955159505249,0.231436682548968],[33.80647922092055,0.22859878514555],[33.806950683594096,0.217211795140602],[33.81830186631976,0.213906944884151],[33.80393798828146,0.202076856599971],[33.81777262369809,0.185946688974338],[33.80722222222254,0.174142252410131],[33.81388264973981,0.161550564055864],[33.807711046007114,0.144962124133052],[33.811369900173986,0.140002780334255],[33.82271837022591,0.142369316790327],[33.82555284288213,0.153613891430284],[33.83129014756963,0.158550889580072],[33.8351226128475,0.171533338567247],[33.83166395399337,0.177736985750037],[33.82702880859398,0.19795084613324],[33.838336046007214,0.206386108168139],[33.839924858941174,0.19418236604846],[33.85246853298628,0.186969299108126],[33.87623345269122,0.161473218949587],[33.88675862630248,0.168266024931646],[33.89654215494812,0.167865023955466],[33.90083062065991,0.176919725008839],[33.89586344401067,0.191099887210783],[33.90604844835087,0.198608330398953],[33.91663221571202,0.191460977976437],[33.92665907118083,0.191709730146564],[33.92055826822957,0.212715199550991],[33.93028266059059,0.219164089382036],[33.933019476996776,0.230013427477605],[33.949139268663366,0.224410501865371],[33.95545545789952,0.232461106782568],[33.96495930989607,0.23111389134352],[33.97555284288228,0.257847001529649],[33.98444715711843,0.263336113529749],[33.98971516927122,0.257978227115421],[33.98777506510452,0.241386108129179],[33.99861382378503,0.24055833577742],[34.01444824218777,0.226110551369783],[34.00527506510457,0.215836113582875],[33.996225314670426,0.198144191944769],[34.00194173177124,0.189741244634135],[33.99305826822939,0.173363240366429],[33.99286404079896,0.163644341180262],[33.98284396701416,0.154670376075584],[33.99587700737874,0.152677137416768],[33.99470703125023,0.138890211162325],[33.98642388237869,0.135123256956505],[33.981393771701676,0.123992377248951],[33.987928059896085,0.110694444321084],[33.97891845703168,0.101680569005646],[33.968927408854434,0.101168280594737],[33.964298231337125,0.096144985515877],[33.95127983941006,0.094047580190381],[33.94347276475731,0.085994432141629],[33.951892361111334,0.077822231630256],[33.95480631510435,0.06907084139451],[33.95194173177117,0.055552775003393],[33.96556396484414,0.057508341407422],[33.97278049045178,0.053336113764531],[33.98760145399325,0.035226203031984],[33.99332139756967,0.017776794414128],[34.00447347005233,0.010229831260912],[34.00119357638924,-0.002644348141198],[34.01239149305575,-0.022368401395739],[34.008886176215526,-0.030274997253076],[34.010699869792,-0.043477783154145],[34.03400010850726,-0.043365783642587],[34.042283257378756,-0.061556328598334],[34.03552164713574,-0.079480455097407],[34.045702853733076,-0.080540907027609],[34.05890245225726,-0.075275336287027],[34.06833604600729,-0.075274997202731],[34.071688368055845,-0.089252793953546],[34.06434733072939,-0.093421291670115],[34.05946940104189,-0.102955322150131],[34.06343261718791,-0.111727226979742],[34.080858561198106,-0.108610771904755],[34.08167995876778,-0.10166354697799],[34.07513346354193,-0.095688883355816],[34.08694118923643,-0.091137695210227],[34.08707031250038,-0.084075249471611],[34.07838650173641,-0.070928378555013],[34.09666395399331,-0.0641524250581],[34.10488471137194,-0.064982503182114],[34.11270887586852,-0.075290561167595],[34.128666449653,-0.066030612447145],[34.137476942274596,-0.056118231816252],[34.1449332682294,-0.060080905422776],[34.13507649739602,-0.068514336403058],[34.133931206597595,-0.077613559211936],[34.14487630208356,-0.081525336279704],[34.14238335503495,-0.094815334637525],[34.133796386719155,-0.100006645938062],[34.12371880425377,-0.09893174902092],[34.11536214192745,-0.105399983605755],[34.11647840711845,-0.112558729257094],[34.14579725477455,-0.111653238807051],[34.15139729817747,-0.119175008004432],[34.1367092556427,-0.128601752242667],[34.12499728732677,-0.126391669237628],[34.11608940972258,-0.120893825819287],[34.11172824435784,-0.138297525886622],[34.101426866319905,-0.144988877875757],[34.091118706597626,-0.146978895234333],[34.10890842013913,-0.168086344212781],[34.1168782552088,-0.167441812963194],[34.122646213107885,-0.178198174170849],[34.13027533637194,-0.185274861446128],[34.14676812066005,-0.207754245101557],[34.156644965278076,-0.197797240989419],[34.170512424045455,-0.200313720478777],[34.17801486545187,-0.19833055262077],[34.19007161458359,-0.188292303934101],[34.197131618924004,-0.192021755427264],[34.18861490885456,-0.201622178593571],[34.20277506510438,-0.215355970353457],[34.201285807292095,-0.224865315503464],[34.20998345269129,-0.239969143069002],[34.219708387587104,-0.245051472707141],[34.22103759765645,-0.236801418463201],[34.23177029079898,-0.234411146113439],[34.23950737847258,-0.239902004397064],[34.24553629557329,-0.236669718159235],[34.25447509765655,-0.252395833050722],[34.2676426866322,-0.257294989403643],[34.27072536892382,-0.26457546628363],[34.26031548394127,-0.274346720070512],[34.259574110243534,-0.282772284297064],[34.25148274739615,-0.289985758139003],[34.2504652235246,-0.304949272662177],[34.268052300347506,-0.304974568343596],[34.25834608289955,-0.315347967854201],[34.27414713541697,-0.331620754294672],[34.27275282118091,-0.348863389366618],[34.2810226779518,-0.350996907159291],[34.28753445095526,-0.345285305060667],[34.29416937934053,-0.349997219117806],[34.29525851779539,-0.36052978475286],[34.30391927083372,-0.373573811430612],[34.28773952908023,-0.380558335619962],[34.28333930121562,-0.39568033809872],[34.28821289062528,-0.402211235444152],[34.294686143663455,-0.395853881393079],[34.31075113932331,-0.395404730460445],[34.3177750651044,-0.388918795680259],[34.31222493489622,-0.383657361766529],[34.31244710286483,-0.373933918852451],[34.32276665581622,-0.37473049545739],[34.326188964844164,-0.360973578155089],[34.34139160156292,-0.354725002315744],[34.34918701171904,-0.348859523806693],[34.34423421223995,-0.343326958166149],[34.35824896918439,-0.336266682566406],[34.36678629557314,-0.32181423575096],[34.37434082031291,-0.318559230871783],[34.37563368055589,-0.307194552607603],[34.385633680555834,-0.311108330272482],[34.4016330295143,-0.291448363931596],[34.40443929036496,-0.280113321626619],[34.399188639323256,-0.2775312632527],[34.38834472656282,-0.248750338805576],[34.38800021701422,-0.240237290854839],[34.38255371093794,-0.232343342838481],[34.3726738823787,-0.239438069393393],[34.36499728732678,-0.237502780224332],[34.342514105903035,-0.218074747477194],[34.342604980469034,-0.202506645823303],[34.349136827257155,-0.193891669162102],[34.35605929904556,-0.196941663733046],[34.363954535590665,-0.192184176759382],[34.37458821614621,-0.194206474934369],[34.40300509982682,-0.184414265744007],[34.41054280598996,-0.190628661895907],[34.417463107639264,-0.177579548954721],[34.42733859592038,-0.174677327278243],[34.442105848524584,-0.17538425002055],[34.45896240234413,-0.164479369932952],[34.46358615451419,-0.16770480666954],[34.46803087022614,-0.180236002402308],[34.48573215060799,-0.181417982109995],[34.49268364800372,-0.175951741339345],[34.49525607638923,-0.187480536356872],[34.511145833333615,-0.194321424478566],[34.51705430772585,-0.184285142480237],[34.529169379340715,-0.181391669176159],[34.53381944444481,-0.168076782038244],[34.55999728732684,-0.154530096940229],[34.55444715711832,-0.147540825572545],[34.56522243923638,-0.142147216637337],[34.588230251736434,-0.145335218478605],[34.59663682725722,-0.140836113665935],[34.60497287326427,-0.146277194389014],[34.61660427517404,-0.146113891437742],[34.62882486979208,-0.137163831769058],[34.63762478298639,-0.124342719044676],[34.64740559895864,-0.115591633984946],[34.66746582031294,-0.112516682816515],[34.67381401909768,-0.108019205608028],[34.67761555989625,-0.098100653644308],[34.69218858506968,-0.091814575092242],[34.702168511285095,-0.09278944217014],[34.71333062066015,-0.103336249341586],[34.725719401042,-0.105424668935292],[34.740540364583794,-0.089094577265457],[34.75169867621571,-0.088658311532205],[34.74250271267409,-0.10369669584727],[34.74416395399328,-0.121337212320495],[34.73763888888925,-0.138628132982681],[34.731391601562905,-0.14232706689761],[34.74841308593795,-0.158252224215077],[34.75895616319485,-0.161696912796286],[34.769421115451735,-0.17249287903853],[34.78083062065998,-0.189447224722726],[34.79418511284752,-0.196711696828322],[34.802840169271235,-0.211501871507969],[34.817536892361545,-0.25334350557578],[34.83387044270875,-0.25035834390376],[34.834134114583776,-0.262201266524767],[34.842259114583726,-0.258865017071358],[34.851086154514235,-0.267715657252416],[34.85498589409769,-0.276102294612825],[34.86444715711838,-0.278330552531351],[34.8533360460072,-0.288570285050241],[34.85417751736139,-0.294828016163101],[34.84833496093785,-0.310825805316116],[34.83322482638925,-0.324259100656729],[34.82136501736141,-0.330552774694897],[34.81522623697958,-0.327270371812589],[34.79847710503509,-0.308053927606645],[34.78766872829892,-0.28876980219381],[34.77804741753516,-0.297508341138401],[34.76890787760453,-0.293336113495505],[34.757252061632194,-0.295836113492667],[34.753187934028055,-0.306941121075765],[34.75466362847259,-0.315200059325733],[34.76677463107682,-0.326476440064384],[34.76193684895872,-0.345307345533735],[34.756985134548856,-0.351386108005266],[34.74044379340319,-0.348158908030611],[34.73465440538228,-0.353020086953112],[34.71431694878515,-0.352267320026481],[34.7084244791671,-0.347256604971679],[34.699023980035115,-0.352262301580457],[34.68782009548642,-0.348597818620324],[34.681899956597526,-0.355063272714678],[34.666376410590544,-0.351861978772951],[34.66032931857665,-0.354441663557394],[34.64929253472252,-0.34850341757883],[34.63343532986147,-0.348863457183386],[34.62908040364607,-0.340562269041388],[34.61547688802108,-0.341410725529406],[34.61061957465296,-0.347495862783897],[34.58405653211844,-0.344600015890446],[34.575386284722704,-0.335838351403416],[34.55315104166692,-0.326344400676439],[34.54067871093786,-0.326142170858648],[34.526969401041974,-0.331674668682499],[34.50392035590306,-0.336641777509343],[34.495443793403005,-0.344916652717081],[34.47864583333376,-0.347530449372407],[34.46197645399337,-0.353575032156476],[34.46168050130245,-0.361378715958441],[34.45067979600725,-0.382741156255472],[34.44692545572939,-0.396352742069596],[34.45048719618103,-0.398978135404005],[34.4551833767365,-0.417243041525265],[34.46792209201436,-0.427772216318355],[34.47282063802112,-0.436579250271155],[34.489997287326624,-0.451947224429327],[34.51360324435791,-0.468647596046931],[34.50564588758719,-0.489870265836359],[34.499252387153035,-0.488613891055068],[34.486941731771076,-0.505830552277169],[34.46057535807341,-0.520552028497653],[34.43663709852467,-0.527544690707601],[34.42252983941012,-0.538052774463402],[34.41435112847256,-0.524838730966708],[34.423421223958826,-0.507958305638465],[34.43606608072957,-0.507275186606911],[34.43917453342055,-0.50003641708379],[34.43114095052123,-0.492502779939581],[34.419747450087065,-0.499452446272708],[34.41918104383711,-0.486679483505072],[34.409150390625435,-0.479996201719728],[34.40444715711839,-0.472273898125901],[34.40417507595516,-0.456119587705939],[34.38946533203159,-0.45837239532056],[34.37105387369815,-0.453453911168131],[34.37030029296909,-0.478035616869794],[34.35305826822956,-0.484692314453561],[34.35522271050371,-0.498177760944464],[34.34889322916707,-0.500286186506284],[34.33697347005249,-0.490907320956994],[34.335038791232876,-0.477692260207835],[34.328149414062864,-0.468187187518843],[34.32480061848986,-0.453370428637831],[34.30303602430604,-0.468043687085031],[34.30788275824693,-0.477280544170989],[34.28562337239606,-0.472998521063856],[34.27855875651085,-0.458671196318592],[34.26057047526081,-0.448919473781404],[34.255829264323154,-0.436455620171488],[34.24707736545162,-0.435664536730479],[34.235177680121794,-0.439460652177637],[34.227252061632214,-0.434447224448815],[34.217067328559274,-0.436162041070281],[34.20444173177128,-0.431070284891024],[34.19493164062528,-0.453665296258919],[34.18235704210093,-0.463676418209483],[34.165869411892636,-0.481604749352831],[34.163767632378665,-0.510465562037445],[34.164458279080236,-0.537488063635001],[34.14473578559068,-0.542208319163456],[34.13724175347261,-0.549718966399147],[34.12261691623286,-0.54830525654826],[34.11974175347261,-0.535847642087347],[34.109724934896064,-0.542621052452795],[34.11112494574684,-0.554984604956612],[34.09169786241335,-0.569718762926071],[34.0813655598962,-0.566318901276318],[34.07487901475719,-0.56000277986392],[34.06333604600724,-0.568281656265525],[34.07136881510449,-0.581529743815743],[34.07933403862887,-0.583898314776742],[34.08042236328163,-0.596065469710991],[34.094977213541874,-0.595195854369125],[34.09658962673643,-0.605462374540006],[34.09064670138923,-0.609466484235694],[34.08457600911492,-0.621850517425359],[34.0647192382815,-0.633069660750515],[34.0589187282988,-0.632225002005743],[34.054768337673806,-0.646171738643856],[34.05793077256976,-0.65376925925163],[34.051636284722406,-0.663578558285828],[34.058508843316304,-0.677674695422711],[34.051392144097406,-0.691369492499587],[34.05377983940997,-0.705807969045997],[34.06103298611134,-0.716872286524941],[34.05343098958372,-0.723266058219189],[34.069702690972576,-0.729700384383516],[34.076663140191215,-0.740802136758633],[34.077067057291906,-0.758520913865693],[34.08392523871561,-0.78135959114051],[34.07838840060799,-0.783206921867484],[34.073422580295464,-0.794055039259791],[34.08051323784746,-0.801154512993468],[34.089799533420546,-0.80092393573655],[34.09477349175375,-0.808549668150119],[34.11000271267402,-0.804719508649031],[34.11892713758703,-0.816963567880092],[34.12764648437542,-0.820388860845245],[34.142116699219,-0.834405381011817],[34.1501185438371,-0.835886636435583],[34.158979220920514,-0.844745957172204],[34.176057671441235,-0.844397921148259],[34.18832600911486,-0.851726073266917],[34.18775309244825,-0.867182480584741],[34.19360839843779,-0.874009873154991],[34.18944715711831,-0.882731525706036],[34.17943250868097,-0.88362928503685],[34.164931911892545,-0.892766112283571],[34.14364529079897,-0.917294378315258],[34.137857801649545,-0.918463947541372],[34.13721950954903,-0.936001653684939],[34.12889160156283,-0.95551472875014],[34.137463107639114,-0.965786131733447],[34.13434651692734,-0.97610839734696],[34.12278049045177,-0.980525715050373],[34.13903618706639,-1.005555554432054],[34.12668538411487,-1.009747313325119],[34.11114095052118,-0.995002711562013],[34.104223090278026,-0.996715358044467],[34.08666937934055,-0.978330619566516],[34.07898111979205,-0.983946803371095],[34.083608398437775,-0.993570284263298],[34.0806719292537,-0.998845349361593],[34.05087185329881,-1.004163952871235],[34.051930338541915,-1.02777465705497],[34.059166666666954,-1.015830483891236],[34.06630371093786,-1.016401366052057],[34.07996120876764,-1.004190943973617],[34.08881537543436,-1.005830619536068],[34.09628689236148,-1.000280489333812],[34.10748291015659,-1.012475042271739],[34.10920274522591,-1.022179089569915],[34.08805826822942,-1.031081270549628],[34.08727403428844,-1.038052841722328],[34.0765296766495,-1.037271591722936],[34.08022732204887,-1.047660182206511],[34.079848904080215,-1.058558212793236],[34.07437472873282,-1.066706813044487],[34.06584689670166,-1.066630044381573],[34.06147054036484,-1.079712048489885],[34.05318847656275,-1.078144123144776],[34.05111382378499,-1.089724933678503],[34.044045681423945,-1.097497286100675],[34.02889567057332,-1.09202867174032],[34.03054307725717,-1.102287460791298],[34.026800130208535,-1.111867538905821],[34.012808702257125,-1.096682263315102],[34.005282931858005,-1.093778753118701],[33.99972086588583,-1.101099309751073],[33.98094536675387,-1.106662325153005],[33.97221950954895,-1.106941730534559],[33.97492214626777,-1.116453042372963],[33.97016059027811,-1.125617267622989],[34.003526746962,-1.126171738108626],[34.00999728732677,-1.139271238961829],[33.99871961805576,-1.148588865904892],[33.987286241319794,-1.169162460717072],[33.98037380642393,-1.168127168834526],[33.96391357421907,-1.178800183145338],[33.965608181423924,-1.184106172722993],[33.95676730685807,-1.189484861952763],[33.95204915364616,-1.186708033614089],[33.93696912977458,-1.19694173043435],[33.92198025173633,-1.198272025571795],[33.916714409722545,-1.207580158156887],[33.89956868489617,-1.208219264058982],[33.879163953993384,-1.226898191989554],[33.86650010850718,-1.2527750637056],[33.865836046007125,-1.265265840601309],[33.87276963975728,-1.275025362074868],[33.8846511501739,-1.276642658080115],[33.89496771918431,-1.281330564975943],[33.8957972547746,-1.291906058670711],[33.92552571614601,-1.295275063658321],[33.93690375434056,-1.289169377901262],[33.9363921440974,-1.298869491822775],[33.94203559027795,-1.30537814524434],[33.95036702473999,-1.302234563433592],[33.95774793836836,-1.307840032177342],[33.958072916666936,-1.318542614630499],[33.970657009548795,-1.326171330985142],[33.984719509548775,-1.329843205980618],[33.98026991102461,-1.335241290827415],[33.98800157335092,-1.343187796895014],[33.9853306749136,-1.348051620674335],[33.9719563802086,-1.346684840076636],[33.95833333333354,-1.338186033662525],[33.95179199218774,-1.338073728975341],[33.942701280382266,-1.349667967243711],[33.93957031250034,-1.339303383921935],[33.92837592230927,-1.333342690569154],[33.9211572265628,-1.340830619162956],[33.90834526909759,-1.332518173425973],[33.90406792534736,-1.326684433198094],[33.8692919921877,-1.324642739406956],[33.86655273437532,-1.329263507630649],[33.848918728298884,-1.323613822307403],[33.835130750868416,-1.333004555803906],[33.824857855903126,-1.334942761096869],[33.8104988606774,-1.327502711191954],[33.79945882161485,-1.328013371998717],[33.79481933593786,-1.342101642382324],[33.797219509548995,-1.35444715560651],[33.809724934895996,-1.36495374739167],[33.81722493489622,-1.377459172724997],[33.8288856336809,-1.381091713953585],[33.82083685980926,-1.393025036423022],[33.83369276258708,-1.391595728698586],[33.85320095486145,-1.399124076129594],[33.8543166775176,-1.407905407500201],[33.84108208550372,-1.413331025983755],[33.829480523003774,-1.409708792914823],[33.82114393446205,-1.415726181146061],[33.807396104601025,-1.391395262119227],[33.79920003255245,-1.397345647312308],[33.77833604600733,-1.407666556589016],[33.7859667968753,-1.437644448265804],[33.78972547743092,-1.441363388148862],[33.80442789713561,-1.442638751645722],[33.81634060329878,-1.43694824058431],[33.824085557725944,-1.440590683071555],[33.83220269097245,-1.431392142499982],[33.84194824218787,-1.432519936552628],[33.85435302734397,-1.44200385038768],[33.85528049045166,-1.453613822162999],[33.8607405598961,-1.461977266164102],[33.86386962890663,-1.478019204080375],[33.872210557726014,-1.481240232722613],[33.88772976345513,-1.478870034157571],[33.89657145182315,-1.493492429974363],[33.89318603515647,-1.498475068857638],[33.899318305121874,-1.509716795191007],[33.910980360243215,-1.49949544103552],[33.92383463541688,-1.493070880495921],[33.93567925347259,-1.49691026308721],[33.94110839843796,-1.503303492246736],[33.934133300781525,-1.510849065155059],[33.93418592664966,-1.520819225734224],[33.924318033854554,-1.528819578372925],[33.91724175347258,-1.539718965296615],[33.90847547743073,-1.537890487651083],[33.89282524956621,-1.529170191436822],[33.88282958984399,-1.526375730719438],[33.864475911458726,-1.531413708144376],[33.853391927083635,-1.523326007415463],[33.83573676215309,-1.52914631990906],[33.821983506944775,-1.51548814392591],[33.82202067057324,-1.509176701875601],[33.811386176215535,-1.508613822101962],[33.81199788411493,-1.496256780014942],[33.80797010633699,-1.479927976864767],[33.800055067274684,-1.493871254843972],[33.789936523437675,-1.497497285655887],[33.77976942274335,-1.486947155459327],[33.77075520833363,-1.484447155462134],[33.75008273654556,-1.488592934537219],[33.73539469401078,-1.497673202539346],[33.710185004340595,-1.493065997683222],[33.704070095486486,-1.48294948836309],[33.69613064236131,-1.4819802500827],[33.691963704427344,-1.472514104260076],[33.67776719835102,-1.470026446927731],[33.66919731987872,-1.481374103165112],[33.64658745659756,-1.48211235728761],[33.64833251953144,-1.492503389177126],[33.66483506944473,-1.494308809097017],[33.66408338758702,-1.501277396328845],[33.66971950954894,-1.508570283690536],[33.67871853298641,-1.512488062549086],[33.68727891710108,-1.509604083602583],[33.69444173177112,-1.524659693394966],[33.679868164062604,-1.558131915579994],[33.66888129340316,-1.558046873262382],[33.66262098524322,-1.563258326164658],[33.654751519097374,-1.559713133026181],[33.63558675130224,-1.566663138443493],[33.627506239149625,-1.560589869136296],[33.62170735677108,-1.565830618913093],[33.62635823567746,-1.57999660739598],[33.632427842882294,-1.570319279932839],[33.64665256076403,-1.573314071596173],[33.65166395399342,-1.583559432912985],[33.649231770833644,-1.590606145144615],[33.663586425781546,-1.596386174434906],[33.66857042100713,-1.592780488675278],[33.68215955946209,-1.603052841094456],[33.693591579861334,-1.602755938968043],[33.693891601562946,-1.616417777060493],[33.698885362413364,-1.623851180915154],[33.69408718532998,-1.633530000348886],[33.67493353949674,-1.629600692627536],[33.67500271267397,-1.640525714316692],[33.68608371310802,-1.645821802635547],[33.69807101779537,-1.639998913102156],[33.71219997829876,-1.649352347336555],[33.70890245225718,-1.672481958856064],[33.70043050130227,-1.684432778070248],[33.69175130208355,-1.68391262290589],[33.672656792535,-1.676555173912296],[33.66540445963568,-1.682708331457563],[33.654570583767565,-1.685546330586269],[33.646985134548856,-1.674724933028934],[33.62798421223982,-1.66846557431187],[33.61333604600719,-1.680836044133288],[33.60595540364602,-1.684155678461221],[33.58751329210105,-1.682213946692373],[33.565894097222554,-1.684276663704129],[33.55990044487868,-1.672334118144343],[33.55280843098973,-1.677774385065516],[33.54229654947932,-1.676659611846253],[33.54123887803843,-1.688883054758048],[33.55623399522596,-1.695552840992008],[33.568319498698145,-1.697448592943028],[33.56875298394111,-1.7111223667994],[33.58907741970501,-1.717890216184216],[33.59023247612857,-1.7273982728144],[33.597297363281484,-1.73596923634641],[33.620867784288514,-1.74446329558195],[33.63001817491346,-1.751936304471226],[33.637118869358005,-1.751342771485799],[33.651669379340596,-1.775280488473144],[33.64583604600704,-1.785280488462117],[33.63189751519131,-1.786357148617151],[33.61475667317729,-1.780294458736736],[33.59566487630224,-1.763336044041776],[33.58551784939261,-1.769436711352913],[33.57416503906279,-1.76249660719396],[33.5652983940974,-1.772819415342222],[33.568363172743375,-1.780207924448645],[33.56279486762185,-1.787734101740678],[33.563362358941276,-1.800229761449084],[33.550633951823215,-1.813835447197848],[33.52670193142393,-1.824363333470989],[33.52180447048647,-1.830921764453089],[33.50861382378491,-1.839169377291421],[33.493161349826664,-1.844141708015119],[33.47328477647585,-1.847173934574293],[33.46170654296907,-1.846396482318159],[33.445084364149636,-1.839877656370436],[33.44140950520864,-1.798291013621373],[33.432007378472576,-1.808180336527083],[33.418927408854366,-1.81195773452633],[33.3994577365454,-1.801652287488743],[33.381318088107776,-1.798280705461628],[33.3746082899308,-1.799891762317337],[33.363614908854345,-1.811560599109924],[33.34555284288222,-1.825830618625539],[33.33278401692729,-1.833623587366886],[33.32111436631959,-1.852758244463937],[33.32525254991344,-1.857982311298455],[33.317486436632116,-1.895809188426419],[33.31978488498276,-1.902131345537802],[33.303891601562725,-1.91666937720574],[33.29334418402812,-1.921375865915718],[33.289284396701646,-1.938388669716578],[33.30135552300367,-1.950546330293251],[33.32417588975727,-1.95176866102122],[33.33742323133702,-1.944469398876461],[33.354413791232844,-1.925281302109418],[33.36653021918437,-1.926933591604169],[33.3806814236113,-1.914189722260409],[33.40325222439258,-1.906424151522716],[33.41761691623299,-1.899351126356888],[33.433608398437684,-1.900396862032838],[33.43526936848974,-1.888324921941968],[33.45294813368082,-1.884322643300499],[33.45774983723992,-1.892663843378193],[33.46024386935784,-1.90694796879641],[33.4718823242191,-1.905236543017076],[33.47979709201422,-1.916172144133476],[33.489105088975975,-1.922330727025878],[33.490019259983,-1.931930336390366],[33.47213460286491,-1.945122339413958],[33.475242784288355,-1.953075084630951],[33.49078152126765,-1.958330618479293],[33.5035297309031,-1.96018310328603],[33.507415635850926,-1.968555499110338],[33.5164670138891,-1.963608396251188],[33.53125732421904,-1.963778752153813],[33.54444715711821,-1.971947154922478],[33.54032416449678,-1.984753415759125],[33.54440836588565,-1.992173120612045],[33.55882134331618,-1.992099064622577],[33.564968804253795,-2.00397894742196],[33.549678005642704,-2.015913897495436],[33.53866943359401,-2.027201061111557],[33.52784315321202,-2.027156844531477],[33.52182671441011,-2.014549422670761],[33.50298800998291,-2.019037269888007],[33.49256863064278,-2.024689667885258],[33.48475830078155,-2.024458005558888],[33.48000271267381,-2.013330618418629],[33.4637014431425,-2.010193953925523],[33.45415744357671,-2.000317923120503],[33.451391601562705,-1.991663951775663],[33.43317545572933,-1.984276527738834],[33.41945258246545,-1.973040633654005],[33.40335747612863,-1.970819767770756],[33.38368977864614,-1.979225258212794],[33.381082085503806,-1.999343259492933],[33.38633951822936,-2.01532714619414],[33.39402804904546,-2.028594019009176],[33.404997287326566,-2.040676538527336],[33.3936876085072,-2.04627875206279],[33.386707356771126,-2.043613821509872],[33.37490044487879,-2.049661727319414],[33.35370171441002,-2.02989013445939],[33.344724934896135,-2.014719507305937],[33.3355588107641,-2.016097002964137],[33.32479627821198,-2.023501788112184],[33.328071289062784,-2.047218964735424],[33.31012179904536,-2.047711857529998],[33.30300618489616,-2.028664548523232],[33.29843017578145,-2.025059405297991],[33.29801052517376,-2.011155054184851],[33.284422200520964,-2.000534937008938],[33.27359727647587,-2.000543617564657],[33.27972493489614,-2.015781519023197],[33.288314344618186,-2.022219507297592],[33.295002441406496,-2.042529023334295],[33.30193250868075,-2.057774791546586],[33.30585286458352,-2.059179956475681],[33.306079101562716,-2.073550344914701],[33.29612331814269,-2.072805987276642],[33.29113444010437,-2.062260197357433],[33.284484863281584,-2.058440210382764],[33.274086642795396,-2.045032821074563],[33.25863688151054,-2.044124617950369],[33.253345269097444,-2.055274791549078],[33.247578667534924,-2.051947154834336],[33.24003119574683,-2.056385360124571],[33.2292011176217,-2.050604923932851],[33.22585394965296,-2.04141872602653],[33.2174468315975,-2.034471297648741],[33.21211046006959,-2.036115991657359],[33.21244710286487,-2.048563365775501],[33.22638644748304,-2.058176809775305],[33.23467637803844,-2.072252873127956],[33.21554714626751,-2.086936032833709],[33.20803846571192,-2.095138886557569],[33.20456325954888,-2.109770776732449],[33.21243245442735,-2.113765731155112],[33.21610839843777,-2.122747936006371],[33.209689127604406,-2.130376787994472],[33.21090955946198,-2.141931692495531],[33.221845431857844,-2.141344398659453],[33.22177110460097,-2.12885145162463],[33.22805284288216,-2.11999728496773],[33.24842556423641,-2.102120494622522],[33.25782335069465,-2.096613495930562],[33.26369357638919,-2.09945475026807],[33.27402723524318,-2.097171221624611],[33.28778076171891,-2.110830618311096],[33.30155409071209,-2.107545299304335],[33.30860134548624,-2.111608341834575],[33.308627658420335,-2.119999997641289],[33.31569173177098,-2.125844724197312],[33.33039388020854,-2.131481388687722],[33.347502712673815,-2.157219507148966],[33.349707302517515,-2.171932506264699],[33.35770996093771,-2.174565156001256],[33.374656846788355,-2.165004066601875],[33.38222222222237,-2.163329804451292],[33.39546766493078,-2.172134329181036],[33.413630913628815,-2.156509057930945],[33.42565104166687,-2.153660479374873],[33.450225965712036,-2.15971950714619],[33.464249674479454,-2.156079370431158],[33.4861477322051,-2.158612465046715],[33.50675808376763,-2.164479435526323],[33.527692328559226,-2.164254826151562],[33.54488959418443,-2.168917640816616],[33.55064480251764,-2.16779025366506],[33.57519612630226,-2.170442163384343],[33.5847010633683,-2.174416772755038],[33.59080050998295,-2.181371525351532],[33.606221245660045,-2.180400116932294],[33.61353054470504,-2.190823294004351],[33.627878689236304,-2.180645885161347],[33.630275065104456,-2.168330618247777],[33.6365101453996,-2.15361355012146],[33.642963324653124,-2.147091740233047],[33.65318088107676,-2.143084307511569],[33.66418185763911,-2.144168020618127],[33.672652180989864,-2.133954804483348],[33.68305826822933,-2.134447154743449],[33.69660400390654,-2.118891599205001],[33.71295871310787,-2.117065427332022],[33.729178059896185,-2.090784231614237],[33.74383599175377,-2.079188365741774],[33.75435194227447,-2.075964624425885],[33.76495741102457,-2.068898380944093],[33.776942274305895,-2.068505585805693],[33.79524441189267,-2.074971514618042],[33.800002712673795,-2.084441729451319],[33.799986165364885,-2.094423554527173],[33.80406656901067,-2.110464678641391],[33.817058919271005,-2.111526147824279],[33.82858045789965,-2.125477156923462],[33.83218587239611,-2.138793942933098],[33.83163764105938,-2.156565481542033],[33.83651150173631,-2.172825518416496],[33.83749647352448,-2.185247122135441],[33.83144829644124,-2.199377167692852],[33.84166314019137,-2.211358233217817],[33.84083604600737,-2.236374780499346],[33.83453043619813,-2.24692870843916],[33.80251546223997,-2.264723304773366],[33.789464518229465,-2.266402721004501],[33.78377604166702,-2.263613821267995],[33.772526041666936,-2.266647132896627],[33.75694173177111,-2.27666395146205],[33.74615152994829,-2.286086151972389],[33.729881456163525,-2.293141816027231],[33.72283772786488,-2.292263452312887],[33.71289605034758,-2.279273000938326],[33.706902669271074,-2.282044539563559],[33.698209906684205,-2.292992890246046],[33.68875189887182,-2.300180661505281],[33.676137424045464,-2.314224444042224],[33.66583577473983,-2.318614092475002],[33.65471950954877,-2.314724932322719],[33.649737141927346,-2.305836043443797],[33.64252332899343,-2.312199433193858],[33.61947591145855,-2.342755259983082],[33.610409071180925,-2.348225095046621],[33.59983154296913,-2.349698890617936],[33.583912489149554,-2.364163408831176],[33.55627604166694,-2.367224932265389],[33.547081163194605,-2.371587996496381],[33.532775065104545,-2.383886173566557],[33.52517605251762,-2.398422035095743],[33.514169921875165,-2.40525227597368],[33.519554307726025,-2.412964949576351],[33.52850070529541,-2.416232907472053],[33.54247884114607,-2.4271638970432],[33.545280490451596,-2.437224932188659],[33.53976942274346,-2.451056312381818],[33.51210937500036,-2.450836043284858],[33.50078423394132,-2.453153751615588],[33.48801188151066,-2.451352536339837],[33.48736382378497,-2.438355845815855],[33.4811499023441,-2.438389754236007],[33.47363281250017,-2.449147132696326],[33.461685655382155,-2.452780487727178],[33.448330620659874,-2.460275062371754],[33.438586697048834,-2.469385576684674],[33.42588623046896,-2.46497558319993],[33.41558539496555,-2.471108395693185],[33.422989908854454,-2.477478838394429],[33.433023274739874,-2.475912269385839],[33.43819037543438,-2.48799017735873],[33.460011935764044,-2.496756995925534],[33.46775743272598,-2.502195092707758],[33.46888617621561,-2.513570418216133],[33.45980685763908,-2.532467173837815],[33.4460451931427,-2.536626516281206],[33.42589599609403,-2.529724932087361],[33.416418728298765,-2.532224932084426],[33.41168728298629,-2.543316240666275],[33.403364800347504,-2.54553059613237],[33.40194797092028,-2.527825246759574],[33.384601236979506,-2.521113820985621],[33.3734912109378,-2.533049584861385],[33.35537787543415,-2.538588050567244],[33.34697835286488,-2.534453393453677],[33.33440673828159,-2.534219289721322],[33.32455891927111,-2.543050398652618],[33.31560302734408,-2.543314341794733],[33.29920735677098,-2.549997284495745],[33.29005289713558,-2.545976559673774],[33.289968261718904,-2.533651255867434],[33.29639675564255,-2.52753526195066],[33.29359754774339,-2.517805444253188],[33.29877170138906,-2.512452254154919],[33.294197319878606,-2.505836857026744],[33.283767903646094,-2.50444715433725],[33.26788140190984,-2.515272892172612],[33.257221950955,-2.514727102242675],[33.25390272352451,-2.508075626555219],[33.24005371093779,-2.509975583150586],[33.237061089409906,-2.513600257625889],[33.208308376736454,-2.519413788435422],[33.194171006944835,-2.516397295383203],[33.17335828993088,-2.494484860511346],[33.165045844184256,-2.479051375285221],[33.16705783420173,-2.469845917395857],[33.15797824435788,-2.464451494658732],[33.14625678168415,-2.469112681719658],[33.134670138889014,-2.457993432599932],[33.133630913628686,-2.447508406569758],[33.127689344618375,-2.445415578881],[33.12354926215317,-2.430663517265311],[33.1280422634552,-2.417774791150652],[33.13555284288208,-2.412502709993452],[33.13498046875014,-2.404458818943346],[33.1261542426218,-2.393885088485935],[33.113984103732776,-2.395908471730472],[33.105003255208665,-2.384020993444659],[33.09571777343774,-2.382980954383495],[33.0834176974829,-2.389441729116036],[33.07706434461841,-2.387054305073524],[33.07013237847252,-2.375375702655631],[33.06114230685796,-2.374725746059302],[33.0478116861982,-2.38332437886226],[33.039940049913525,-2.38052055942096],[33.01734998914957,-2.385275062453878],[33.00629231770852,-2.378086477392252],[33.00026529947945,-2.386453719136664],[32.99099690755218,-2.387505151427216],[32.987359754774616,-2.381477319402562],[32.979186740451546,-2.380247121921279],[32.96643039279536,-2.392741425292943],[32.938398708767636,-2.411662594977098],[32.92306342230926,-2.416703013808035],[32.91863199869817,-2.42467501900796],[32.918702799479426,-2.436276581495262],[32.909290907118354,-2.443330617945863],[32.90184651692732,-2.453043345799679],[32.9089333767364,-2.457611216888544],[32.9056358506947,-2.468641490313969],[32.897533365885465,-2.47205484751507],[32.890575086805825,-2.460281030253648],[32.87505126953146,-2.472514103156961],[32.877219509548915,-2.498336043232845],[32.88447835286473,-2.506762149994417],[32.89943847656275,-2.508730465964504],[32.89337022569475,-2.520539276715486],[32.88475857204889,-2.525972219417833],[32.88934244791681,-2.533608395624687],[32.896780598958394,-2.52640651846252],[32.908040907118334,-2.556413028846377],[32.900164930555775,-2.564719506701882],[32.887580566406534,-2.560873206792852],[32.88860839843761,-2.57555826537062],[32.89721950954874,-2.583411455466112],[32.88499728732665,-2.595792640348469],[32.87820963541679,-2.6081979680259],[32.87169650607648,-2.604203827405262],[32.86529866536489,-2.61078612991509],[32.86638617621537,-2.619692379905678],[32.86111382378482,-2.62662597364815],[32.86551188151059,-2.640177134657614],[32.881310492621715,-2.652747121622974],[32.88954237196208,-2.648834089943299],[32.89472493489609,-2.656353078650077],[32.904876573350805,-2.659229055209505],[32.909680447048736,-2.669383948861814],[32.92111382378487,-2.680830617686134],[32.92324842664942,-2.690399031304169],[32.90833170572944,-2.68805202609841],[32.892802734375145,-2.693063419322097],[32.88295789930578,-2.700046926258801],[32.88621582031265,-2.709381507411964],[32.89367892795167,-2.716276581189098],[32.90477077908008,-2.721213375888398],[32.90276367187511,-2.731947154088777],[32.91383029513917,-2.740673282551443],[32.9119306098093,-2.759713809874418],[32.92107503255237,-2.768001027747403],[32.933846299913334,-2.768065046844545],[32.951284179687775,-2.774327525136307],[32.959497341580054,-2.794170461312543],[32.94520128038221,-2.796867943948507],[32.94196316189249,-2.809664981695064],[32.93528537326415,-2.819425723871906],[32.93496717664942,-2.827104489054542],[32.94278021918427,-2.828336314139969],[32.95834418402791,-2.821841902254707],[32.97128851996558,-2.82649630763154],[32.97247938368076,-2.842258297631786],[32.97776177300358,-2.856928979039276],[32.999152560764,-2.85973035707463],[33.008978949652885,-2.853073456039945],[33.0150084092885,-2.858325192145607],[33.011213650173886,-2.867832028072467],[32.99414171006964,-2.880247935177292],[32.99361924913211,-2.874458547162756],[32.982112630208576,-2.869787865744117],[32.97046332465293,-2.874474823204319],[32.96436442057308,-2.873278262875834],[32.958805067274454,-2.858619517231975],[32.949196506076646,-2.85888617304776],[32.937520073784924,-2.848349334951555],[32.9236268446183,-2.847236324970105],[32.91085584852448,-2.83780110362626],[32.91041856553841,-2.83079725163693],[32.920981716579995,-2.818844397917708],[32.91305826822935,-2.80669650296566],[32.90504855685782,-2.813623857558782],[32.90254177517381,-2.821606170917816],[32.88560167100712,-2.832488874899398],[32.867803819444696,-2.834135739046872],[32.86439344618076,-2.845825734693845],[32.855101182726,-2.844693193462513],[32.84261800130229,-2.85451795473639],[32.83944851345506,-2.865524356634295],[32.830002712673775,-2.882780487257883],[32.83223063151069,-2.895550940803045],[32.82474175347232,-2.908020558844977],[32.8186013454864,-2.929524736339011],[32.81000271267384,-2.943025712886882],[32.8188170030383,-2.955512149505219],[32.807292209201705,-2.961774627797017],[32.80237874348984,-2.974463972401399],[32.79192898220515,-2.98981851882562],[32.78179443359391,-2.994572208056673],[32.76515597873288,-3.008445092156188],[32.76169297960081,-3.00314696933204],[32.763566351996644,-2.991637095212598],[32.76918484157994,-2.986099172041225],[32.77358588324665,-2.972511118670856],[32.77944742838559,-2.964997555310923],[32.76406575520855,-2.93696207357057],[32.766594509548725,-2.930123152136974],[32.77512478298638,-2.925413950752855],[32.793117675781495,-2.924986162125203],[32.806823187934185,-2.914997555365218],[32.80776882595495,-2.909686411707792],[32.80034342447937,-2.902250973347534],[32.78816541883697,-2.897897674741463],[32.78470865885429,-2.892253414764723],[32.80300075954892,-2.881713863995182],[32.80165527343769,-2.873807234229454],[32.78903672960098,-2.865204261148474],[32.775895996093986,-2.862224931724365],[32.77135904947948,-2.874374725548261],[32.75587510850721,-2.879713267209162],[32.74587537977441,-2.876920840996843],[32.750736219618254,-2.86916178067543],[32.76537651909745,-2.865166554985231],[32.77249159071209,-2.856102698658228],[32.78663682725704,-2.852224931735565],[32.797752821180715,-2.853896752480253],[32.82914767795154,-2.843072642248945],[32.83112169053828,-2.83240206934393],[32.8361083984376,-2.826663950860554],[32.85308620876747,-2.830274248165587],[32.85945800781275,-2.822472327601205],[32.861368272569564,-2.810797251659096],[32.85394911024315,-2.799006615821177],[32.871278754340544,-2.779011227388158],[32.87606879340291,-2.770977101962847],[32.86528049045171,-2.765453555961798],[32.876594780816106,-2.757279999113193],[32.87358344184036,-2.727465817287948],[32.83828152126744,-2.711669376332861],[32.83257812500011,-2.712775062095486],[32.82149685329882,-2.706019419741957],[32.81649142795157,-2.698556854645961],[32.82194173177106,-2.685275062125753],[32.83397108289949,-2.678570146768468],[32.844408094618245,-2.680006236176692],[32.83607910156269,-2.666341685410071],[32.82330349392384,-2.660280487500153],[32.815092773437755,-2.669230411535648],[32.811404893663564,-2.662601451039389],[32.81305284288208,-2.644970157655827],[32.80863688151061,-2.635860728411945],[32.828141547309315,-2.632903642912063],[32.82977484809055,-2.617005747963905],[32.81750922309044,-2.607463918547483],[32.82975341796896,-2.602781301365139],[32.835677625868186,-2.609433319586778],[32.84083713107645,-2.599166663782266],[32.832254774305675,-2.58514973671425],[32.84666205512172,-2.585466576991687],[32.83886962890636,-2.574708113461789],[32.84161539713557,-2.563706594376583],[32.8333026801219,-2.55331407051644],[32.827427571614855,-2.561243758007734],[32.81552707248295,-2.550983070084938],[32.81669406467029,-2.540469560981887],[32.82585286458351,-2.535558807949045],[32.83054280598981,-2.539385576607658],[32.84105278862859,-2.535887312723006],[32.834703233507184,-2.524129228968457],[32.834220377604424,-2.509619409105878],[32.82493787977455,-2.509689667352346],[32.82223225911479,-2.503252764147553],[32.83417480468779,-2.492480737249648],[32.82053656684053,-2.4899972845614],[32.81537624782993,-2.481978350108414],[32.79587537977442,-2.50048285312614],[32.785476888021094,-2.490882158692358],[32.78059950086833,-2.501896156075841],[32.77251329210094,-2.50356445034518],[32.76649169921899,-2.512789982019132],[32.765588921441065,-2.521214732443895],[32.75583604600711,-2.533336043194513],[32.746641438802385,-2.531094018457376],[32.74337348090313,-2.522288137390666],[32.74877224392372,-2.5104625080633],[32.73617404513914,-2.493008080999078],[32.73122938368073,-2.501201440365119],[32.70971950954873,-2.500275062327951],[32.69982123480929,-2.509222544956681],[32.67829155815985,-2.496883949050368],[32.67865885416688,-2.487622610084873],[32.69487494574673,-2.480935055838569],[32.699352756076614,-2.472421600986879],[32.706452365451526,-2.471085609234753],[32.69825493706628,-2.459552134855142],[32.69835801866332,-2.43781520996582],[32.68850640190999,-2.438322751197831],[32.67664794921887,-2.433053111446293],[32.672132432725846,-2.425111759458899],[32.6769346788198,-2.414663897057126],[32.663941786024395,-2.414819061987524],[32.659447157118215,-2.404981008612586],[32.66249728732669,-2.393608395778119],[32.66831488715292,-2.384931909242492],[32.66999728732656,-2.371070418372339],[32.65637288411483,-2.378071015152849],[32.65082139756964,-2.396684838917021],[32.64237250434036,-2.400768497766828],[32.645376790364764,-2.412317163118712],[32.63969699435773,-2.42723415528989],[32.640590549045264,-2.443305118813912],[32.63165581597235,-2.463082137021139],[32.613875054253754,-2.466391870090391],[32.601418728298874,-2.490797252008428],[32.60114067925372,-2.500757646962491],[32.590530598958594,-2.50767740606947],[32.579969346788346,-2.510037432108916],[32.576359049479315,-2.518943682098997],[32.56192518446192,-2.520847436437347],[32.55256130642385,-2.535523814459484],[32.52678276909751,-2.560271535786582],[32.51782633463563,-2.556433102630872],[32.515477701823094,-2.544783525820781],[32.50889160156265,-2.537737084856304],[32.51420600043417,-2.526525876101219],[32.515287272135474,-2.502735186023169],[32.522701280382186,-2.497947588372132],[32.536975097656516,-2.503885359632895],[32.54468858506971,-2.489781627009231],[32.54360080295151,-2.469072805417583],[32.54992350260442,-2.463951548912791],[32.5432568359376,-2.444336477319703],[32.53371310763907,-2.459525550653794],[32.51970160590303,-2.45513725855793],[32.51083957248278,-2.458561466453457],[32.50662679036486,-2.466245114448549],[32.50666314019122,-2.476697317128063],[32.50211968315983,-2.481876624847786],[32.492279188368336,-2.480697696897956],[32.479158799913364,-2.465248749432254],[32.46525444878483,-2.46998534881945],[32.461348198785004,-2.459724932163703],[32.44097764756964,-2.472088755935185],[32.42499728732644,-2.47444715437008],[32.42389512803845,-2.466504988579855],[32.44277289496534,-2.446431746414422],[32.44070502387171,-2.442275659179646],[32.426603190104395,-2.445562877057954],[32.42011664496538,-2.43849175076351],[32.37883083767366,-2.442856713866504],[32.368581271701714,-2.445275062388162],[32.36076578776067,-2.431828610580021],[32.361941460503765,-2.425544159631915],[32.37519965277789,-2.419724932207593],[32.366787651909874,-2.398058265564882],[32.35664713541683,-2.404047577624326],[32.343746202257016,-2.402136227799845],[32.335416395399356,-2.390639103246674],[32.34169162326406,-2.375340166631505],[32.33666937934049,-2.364414602407352],[32.337756347656516,-2.358250594167647],[32.325712076823145,-2.349186195306039],[32.319460177951555,-2.334458819019849],[32.32393256293426,-2.330003795153135],[32.35083604600703,-2.33221950695662],[32.36853678385444,-2.341347382380562],[32.361932779948056,-2.324851342902173],[32.35360215928836,-2.324459632833065],[32.3380929904514,-2.328630097238092],[32.324448242187714,-2.309673934064627],[32.33303927951408,-2.302402612458055],[32.325510525173854,-2.286606985305031],[32.31787272135438,-2.280603296075746],[32.31049913194465,-2.266859263972811],[32.297791612413505,-2.276402720993602],[32.28388888888913,-2.279543183229733],[32.27204074435775,-2.278058265696591],[32.25884141710076,-2.28418565284269],[32.24333062065989,-2.280836043471294],[32.239793836805795,-2.262023651998998],[32.230275065104365,-2.260558265715839],[32.23298217773453,-2.250030650710114],[32.21749565972243,-2.255482582127628],[32.22900607638905,-2.264660642013331],[32.233006998698094,-2.272275659366206],[32.22861382378477,-2.281140947984838],[32.22745307074671,-2.297416989633706],[32.23416395399329,-2.318080238308923],[32.221362033420235,-2.324117835958584],[32.21272610134565,-2.314447154545569],[32.19790676540822,-2.319080943602676],[32.196755099826476,-2.33569335677919],[32.18545925564262,-2.341431475262453],[32.175280490451485,-2.365164927927351],[32.168641493055816,-2.385358070266319],[32.16138644748287,-2.39168022737744],[32.14544338650193,-2.394262421384989],[32.12854166666676,-2.391923011665413],[32.11359347873264,-2.378716631471556],[32.10508517795148,-2.376738278609127],[32.099141710069595,-2.380841197441474],[32.08937567816843,-2.380155433553282],[32.077926839192855,-2.383845483462447],[32.07123765733519,-2.377392846750803],[32.059446750217084,-2.388314613231857],[32.05945963541677,-2.4047205919465],[32.05581990559909,-2.413924964765998],[32.06732869466173,-2.424283037671559],[32.070019802517486,-2.431974552420135],[32.0783741590713,-2.435830617954085],[32.08776977539082,-2.434146590178036],[32.101973605686,-2.442600908745268],[32.1060027398006,-2.457179359250039],[32.10167249891514,-2.469035099254525],[32.11265489366332,-2.473838159144776],[32.120935465494824,-2.482144365733117],[32.127111952040075,-2.469844561059185],[32.13502983940981,-2.466947154378318],[32.14469726562515,-2.471429304981054],[32.14013671875023,-2.482201603146335],[32.15578247070317,-2.481679684744137],[32.159298095703264,-2.487734100970129],[32.17110839843769,-2.494185652612385],[32.18023532443584,-2.509453936015602],[32.181605360243225,-2.51996446117766],[32.15325358072937,-2.52256591516809],[32.14806070963556,-2.529836694239943],[32.15434353298639,-2.541095374783104],[32.13663614908875,-2.550852590484123],[32.136094156901144,-2.539028046226518],[32.12761583116344,-2.529728458562655],[32.1191063096789,-2.54559732790317],[32.1129404025608,-2.545512421219081],[32.10705552842904,-2.537598738502372],[32.100504014757064,-2.520718584440901],[32.101951633029614,-2.511643334884882],[32.0903435601129,-2.514331051895884],[32.08218587239605,-2.512245277158608],[32.08073635525192,-2.527680118721594],[32.07344441731783,-2.527266707263676],[32.06759887695324,-2.514204912573051],[32.05373209635433,-2.492502709905876],[32.03690890842023,-2.496605357470808],[32.039719102647716,-2.47526394039315],[32.03280246310783,-2.480042586221469],[32.02416191948788,-2.499445255471183],[32.02582994249138,-2.508358829680212],[32.01472086588552,-2.507237410410265],[32.0152745225696,-2.497202688199325],[32.00498806423621,-2.488070472497566],[31.997049018012376,-2.495200192541818],[31.98443603515647,-2.493614092283053],[31.983613823784935,-2.498967553648823],[31.99177693684902,-2.5100610323693],[31.99721761067718,-2.507121850514877],[32.00356662326391,-2.521206865690433],[31.99760172526049,-2.524633514992298],[31.999712320963628,-2.541667206379753],[32.0104679361981,-2.54368272287073],[32.011663411458414,-2.555300018864952],[31.999255235460115,-2.559993215474439],[31.995232747396017,-2.574414330909896],[32.004757758246626,-2.589505747994191],[31.999430609809217,-2.597536889478483],[31.97779093424503,-2.602785912910245],[31.941774224175553,-2.59379692637455],[31.93193617079004,-2.597514103020199],[31.933117404514064,-2.61031873625273],[31.943529866536668,-2.618861759246871],[31.957124972873434,-2.625113929378884],[31.963608398437717,-2.638891598634773],[31.98586385091164,-2.660315209722454],[31.991876627604366,-2.675224063872815],[31.992695990668608,-2.687217607696586],[32.00109998914945,-2.688752709691417],[32.0098227267797,-2.699720049089063],[32.012541097005396,-2.707849389358074],[32.00772610134555,-2.714997284315546],[32.001113823784976,-2.733673770840328],[32.009441731770885,-2.746391598517401],[32.02309217664941,-2.751399736532749],[32.038027479383736,-2.768172468719366],[32.033891601562686,-2.778886173134798],[32.014135064019165,-2.774141706994138],[32.00199679904529,-2.7742719153272],[31.994324137369805,-2.786645233456203],[31.982468804253696,-2.784162594569885],[31.97354356553825,-2.772890893193408],[31.973797064887314,-2.765107690076941],[31.98078125000017,-2.755507266910255],[31.97722656250011,-2.716386987004925],[31.969691704644163,-2.711670190135145],[31.961317274305603,-2.713230519994564],[31.965830620659798,-2.695938039544527],[31.952850206163365,-2.696499020446504],[31.94855943467888,-2.692224931909894],[31.934146050347238,-2.70137179604918],[31.933336181640808,-2.685552839903257],[31.9385655381945,-2.685053165424641],[31.946976725260523,-2.674949541303718],[31.94222941080732,-2.665341251383559],[31.946199951171987,-2.659791392448679],[31.92983371310788,-2.652622067369591],[31.926663953993284,-2.662796763539161],[31.9189614529082,-2.665265025255288],[31.898870578342034,-2.660543345572862],[31.89770765516499,-2.640531409830801],[31.890901692708546,-2.645232201926447],[31.884812961154633,-2.662667911542695],[31.893166910807505,-2.665061574734624],[31.903886176215444,-2.672903371600772],[31.899945339626747,-2.680735402842099],[31.912231852213665,-2.684219018290155],[31.9161083984377,-2.693292097707287],[31.90227566189253,-2.694801158035205],[31.904461669921886,-2.712625865047309],[31.911805555555706,-2.722361108092187]],[[31.854560682508748,-2.465463050647306],[31.86191460503477,-2.465552840143767],[31.87944715711814,-2.455280487724449],[31.889684922960154,-2.439857039390485],[31.90790011935775,-2.437474769427616],[31.9108666992189,-2.426939830203384],[31.923709852430584,-2.416760793756046],[31.925019802517397,-2.410278317634785],[31.912780490451606,-2.409313148365088],[31.91495836046021,-2.400338267732276],[31.92317084418431,-2.395232744734685],[31.914786783854368,-2.380351288587774],[31.892454833984463,-2.371606985211973],[31.889089491102705,-2.362229001281136],[31.89990763346372,-2.346190318573188],[31.908891601562686,-2.345558265622471],[31.91200222439249,-2.321034611135491],[31.909864095052342,-2.312575138488596],[31.898336046007046,-2.326669376754297],[31.883116183810838,-2.325052894551187],[31.879991997612876,-2.318308102892026],[31.866197238498437,-2.320029294296309],[31.857502712673742,-2.310990123299362],[31.861362169053848,-2.302837725304564],[31.851669379340475,-2.293765188422405],[31.850490315755337,-2.276523706236505],[31.84568372938384,-2.272008461015449],[31.85023735894117,-2.255377330391574],[31.854560411241383,-2.248169214080155],[31.85222493489607,-2.229997284846476],[31.842342529297074,-2.215418291807131],[31.836130777994814,-2.223602156815527],[31.831161295572937,-2.219077688504499],[31.81666395399327,-2.223058265756773],[31.809170193142556,-2.21503119328312],[31.813017578125077,-2.206997339125387],[31.81610839843767,-2.187284882549863],[31.782437472873536,-2.210756019676613],[31.779147135416792,-2.230181475384659],[31.77522365993951,-2.24119167502518],[31.780933295355965,-2.256175398967078],[31.78981201171877,-2.260996362503558],[31.798387993706623,-2.258327362940339],[31.80607069227449,-2.24974717631799],[31.816107720269315,-2.246362573457124],[31.811816677517527,-2.260150008337838],[31.804142930772564,-2.26861761900561],[31.799169379340466,-2.282224932358421],[31.79166395399312,-2.287219507005795],[31.792519666883717,-2.297210283904399],[31.781429714626768,-2.295558265677079],[31.780521240234517,-2.305862356377861],[31.7752837456598,-2.309569224863217],[31.7808900282119,-2.318330618082928],[31.790221489800494,-2.312658417568292],[31.794603271484387,-2.328886173626969],[31.81200344509551,-2.319114038220964],[31.823336046006993,-2.316113821210399],[31.827056477864687,-2.31071098918508],[31.836108398437656,-2.313404131543217],[31.823634440104286,-2.338866371098422],[31.816113823784857,-2.34313367795149],[31.821203884548645,-2.355981171427008],[31.834781087239655,-2.357316891911723],[31.840362684462097,-2.367951928792086],[31.84833604600715,-2.376108395797352],[31.851101345486306,-2.385773651862803],[31.84966159396702,-2.39881672910574],[31.8413964843752,-2.410238712600175],[31.839666612413343,-2.421320798091499],[31.83473171658,-2.427730574559907],[31.839441731770986,-2.458891598831559],[31.844150797526087,-2.464996742054069],[31.854560682508748,-2.465463050647306]],[[33.292426757812784,-2.184549965018188],[33.2908455403649,-2.191404891225917],[33.27284857855915,-2.197997773163132],[33.26944986979198,-2.205068899457462],[33.273327907986236,-2.212999672018031],[33.27020236545172,-2.219695635552477],[33.28847222222249,-2.22513888641451],[33.30095703125022,-2.217023652048189],[33.30858968098994,-2.188455401211801],[33.30773301866333,-2.177909068758124],[33.30027235243085,-2.174161238900855],[33.292426757812784,-2.184549965018188]],[[33.14304090711818,-2.176137964159252],[33.14875000000029,-2.17819444202164],[33.1582750108509,-2.170619300971048],[33.161572536892606,-2.162660045337375],[33.152551540798804,-2.155228133453246],[33.1546527777781,-2.14168511046458],[33.15250542534749,-2.133254120890443],[33.16339138454879,-2.127126462477228],[33.167645399305734,-2.139679088331376],[33.17687418619806,-2.146634925997174],[33.18527235243084,-2.144634600478768],[33.18216281467039,-2.130833873497398],[33.17638346354187,-2.12972764520004],[33.174039713541845,-2.115222165615352],[33.159238281250275,-2.10949435529181],[33.15349609375022,-2.101074487679482],[33.14527235243071,-2.096672089680889],[33.124716796875305,-2.07722764525783],[33.12220621744808,-2.068343639191221],[33.133845486111284,-2.057227645279898],[33.14419135199665,-2.060328231213761],[33.1481513129342,-2.054873858389961],[33.14175564236126,-2.047007376193846],[33.13373182508717,-2.050071883569088],[33.12057047526054,-2.050016002492711],[33.106372884114876,-2.036682669174081],[33.10388346354193,-2.014994572409838],[33.11655463324677,-2.000134275117165],[33.107808159722424,-1.986883678343288],[33.10725938585091,-1.975874292504842],[33.10172553168416,-1.951986488711968],[33.09341661241336,-1.968313528624468],[33.083814561632266,-1.962235783405493],[33.073858235677335,-1.967581378017549],[33.03819173177095,-1.968134763433727],[33.021022135416786,-1.982051592845429],[33.00457655164945,-1.986265460027883],[32.99509928385441,-1.980779891457966],[32.979581705729345,-1.98213704206411],[32.96150417751766,-1.978301050314891],[32.95367865668418,-1.96795111543051],[32.95372721354186,-1.962207300332461],[32.94337999131971,-1.956895885407961],[32.930357259114885,-1.942881942281081],[32.92744384765643,-1.925946178410517],[32.93162163628495,-1.916140405852048],[32.93952311197933,-1.919626191438646],[32.94479519314268,-1.90482828563901],[32.93255289713568,-1.898235132434421],[32.928427191840626,-1.887371417168393],[32.903063964844016,-1.885759817778167],[32.90501247829866,-1.89517279519829],[32.89326985677093,-1.913116317313854],[32.89250542534733,-1.922227645428725],[32.886485731337075,-1.928050128060947],[32.87827582465309,-1.924648977891424],[32.870100911458564,-1.931901853317388],[32.85555067274316,-1.933627384999595],[32.84559271918431,-1.928090004363343],[32.834354383680704,-1.933652341596805],[32.83136203342042,-1.949983450519714],[32.83853488498283,-1.955272350253532],[32.84598144531259,-1.942243921448321],[32.86140353732656,-1.944105629345556],[32.8738704427086,-1.952452254770186],[32.86918050130236,-1.959401039484981],[32.86916856553836,-1.971405434003039],[32.894155273437654,-1.966260305970489],[32.905141330295294,-1.978425562033211],[32.89264648437512,-1.986459416191281],[32.88921332465287,-1.996062009496669],[32.882711046007216,-2.001875540306199],[32.871767849392484,-2.001445310271976],[32.86296739366356,-2.01946668612018],[32.8582497829862,-2.02082437926104],[32.83641547309042,-2.043556041562347],[32.8523402235246,-2.065099824090685],[32.86190755208344,-2.064251842320789],[32.86552001953146,-2.055005423060134],[32.872969021267465,-2.053060978617808],[32.88495225694476,-2.060321178262639],[32.884026150173725,-2.079816078414507],[32.89721571180586,-2.083294539782361],[32.902822808159954,-2.080847979455239],[32.91474717881982,-2.086420896115646],[32.933303765191226,-2.079418129196406],[32.93877332899325,-2.087174476844148],[32.949661458333594,-2.091936575363229],[32.962499186198045,-2.092315264598789],[32.98024956597248,-2.096643606607879],[32.99782823350704,-2.103142901305711],[33.0121142578127,-2.104374997658502],[33.0162736002606,-2.113841414748553],[33.03328233506977,-2.111907278466211],[33.03778266059061,-2.121682940347811],[33.04748589409746,-2.127285425150691],[33.057216796875366,-2.137505422968954],[33.070885687934265,-2.129795462040244],[33.067977701823224,-2.119561629586089],[33.07549967447949,-2.119161238961611],[33.07567952473982,-2.110653209457167],[33.093856608073054,-2.111913246348098],[33.10053412543436,-2.118208005455811],[33.09554877387171,-2.128642033222006],[33.10665066189251,-2.145571557943001],[33.12575792100716,-2.163584524502816],[33.140180121527976,-2.168263886477067],[33.14304090711818,-2.176137964159252]],[[31.790361870659744,-2.153616534062528],[31.797199842665126,-2.155945635622554],[31.806592746310912,-2.152558320088052],[31.814831000434133,-2.140875106124948],[31.823698594835093,-2.14096218294809],[31.81968858506957,-2.126856822720576],[31.813758409288255,-2.128347979402914],[31.799519178602452,-2.143285587893167],[31.76693915473112,-2.119449867433604],[31.764449734158116,-2.110394962929691],[31.768656412760432,-2.104630260245078],[31.76547878689257,-2.096054685167709],[31.7505350748699,-2.118350149552663],[31.749171956380277,-2.128236488517686],[31.763693033854167,-2.14830891688098],[31.77713419596375,-2.15115803797162],[31.78263888888909,-2.162083330928339],[31.790361870659744,-2.153616534062528]],[[32.878302951389166,-2.099143606605275],[32.867706434462086,-2.108780650865185],[32.8796053059898,-2.125329044944456],[32.88889675564251,-2.132141382176529],[32.905531141493384,-2.13249484354771],[32.90783040364613,-2.116229110058666],[32.8998231336808,-2.107174748089463],[32.88813449435776,-2.106226126128708],[32.878302951389166,-2.099143606605275]],[[31.787638888889088,-2.02847221996441],[31.795319552951412,-2.015562606263331],[31.795269911024377,-2.00189317268467],[31.789431423611294,-1.998669702636101],[31.778479546441016,-2.007826874934945],[31.776920572916705,-2.017484806782055],[31.787638888889088,-2.02847221996441]],[[31.794305555555745,-1.992638886670245],[31.804094373915003,-1.982936195709011],[31.79289645724833,-1.971283906225402],[31.781716037326525,-1.967510305969123],[31.776121419271025,-1.979454750400379],[31.7868817816842,-1.982171493018894],[31.794305555555745,-1.992638886670245]],[[33.02313069661471,-1.887757430623187],[33.042507866753795,-1.888341197983626],[33.05352620442739,-1.884622393734184],[33.0703195529515,-1.867384166756554],[33.081211751302355,-1.861168346451138],[33.09401150173625,-1.862486434557312],[33.09985053168424,-1.855572643332328],[33.10048095703155,-1.832284069139327],[33.092279459635556,-1.830545787891172],[33.08556342230929,-1.818136391203569],[33.10137830946195,-1.816474878618447],[33.09726725260441,-1.806572534879588],[33.07806342230918,-1.796585826991263],[33.07358072916684,-1.803588051375886],[33.056106499566226,-1.801136336968915],[33.04473008897599,-1.803896753632591],[33.034628092448195,-1.7995540344529],[33.01067491319475,-1.800043400772202],[33.01185058593784,-1.813538138170499],[33.0036189778649,-1.825152450223461],[33.007201877170296,-1.838025171563565],[33.01006890191001,-1.859628632911169],[33.0066783311633,-1.870745440624557],[33.0221780056425,-1.877167695391815],[33.02313069661471,-1.887757430623187]],[[32.866934136284954,-1.874529891575256],[32.86584120008706,-1.864632430648746],[32.85613661024325,-1.853323565643725],[32.83943657769106,-1.851658797850523],[32.844502224392606,-1.86511067500576],[32.85943060980918,-1.873365340795301],[32.866934136284954,-1.874529891575256]],[[31.81332546657989,-1.818047686776297],[31.824719509548576,-1.806327309185408],[31.843400336371648,-1.779525415768843],[31.844020182291782,-1.770472138869134],[31.833047688802193,-1.761936575727528],[31.829483506944534,-1.772420652321857],[31.837245822482764,-1.772798934656504],[31.83350341796876,-1.787392304866078],[31.824268256293465,-1.801027016222393],[31.818458658854233,-1.804992131235458],[31.81332546657989,-1.818047686776297]],[[33.15174207899338,-1.918273652377288],[33.142288140191226,-1.923754066867937],[33.14218614366348,-1.929615612000259],[33.171527777777996,-1.937083331176351],[33.188370225694655,-1.924760740043704],[33.157284342448115,-1.921038680586383],[33.15174207899338,-1.918273652377288]],[[33.07132541232653,-1.935517033434936],[33.06346923828136,-1.921730412356132],[33.05480821397583,-1.914735512190408],[33.05174940321217,-1.935366751317126],[33.056937391493356,-1.943685978738337],[33.07132541232653,-1.935517033434936]],[[32.54321072048622,-2.253732365115728],[32.546695149739776,-2.263522132899953],[32.55825710720495,-2.263748912413543],[32.570138888889055,-2.268194441922731],[32.56656575520855,-2.256226397231018],[32.54321072048622,-2.253732365115728]],[[32.441118706597415,-2.266985674562809],[32.426710069444596,-2.273782007020784],[32.434071723090476,-2.294214407171934],[32.41520480685772,-2.305999346394985],[32.41024197048637,-2.318009437527772],[32.40666395399313,-2.343336043402405],[32.414392632378565,-2.354431420994449],[32.44748779296884,-2.362884925759782],[32.44784098307315,-2.371852482173529],[32.44244276258694,-2.379242076349457],[32.43245496961816,-2.38172634283981],[32.424790310330025,-2.394323456541029],[32.427360839844035,-2.401826983008635],[32.436371799045276,-2.404141436131193],[32.43361382378498,-2.413014862770735],[32.43915554470499,-2.428052568917386],[32.45729519314261,-2.424343801560402],[32.46460584852457,-2.419370385767154],[32.46685980902788,-2.411883677876163],[32.478036024305766,-2.398614363654278],[32.48302788628496,-2.400159502541506],[32.48581434461817,-2.411526690029326],[32.49052571614584,-2.413608395756183],[32.49303602430575,-2.395010305498806],[32.51997721354183,-2.393039548122272],[32.52834689670158,-2.375591631475001],[32.51618245442728,-2.373330618022475],[32.510474717882175,-2.363990068987723],[32.515830620659926,-2.358487410573616],[32.514691569010665,-2.348370765619168],[32.52585422092028,-2.339769420142721],[32.52756944444451,-2.323867727451857],[32.538731011284995,-2.322630477018913],[32.54637939453153,-2.312264808627765],[32.54527506510425,-2.296947154564764],[32.53560736762159,-2.277219778284382],[32.529251030816056,-2.278052840349364],[32.51501410590299,-2.272769637230208],[32.516697048611434,-2.292740340333275],[32.50511800130232,-2.285607365080722],[32.50058566623277,-2.288691946240495],[32.50555826822932,-2.305514862888672],[32.5160948350695,-2.319897729626303],[32.51044325086831,-2.324249943163231],[32.49451931423624,-2.322847762175199],[32.47015679253486,-2.337497284728495],[32.46416937934055,-2.332262909734336],[32.46257161458339,-2.316903480497428],[32.45515055338569,-2.318548445773651],[32.448891601562586,-2.310340437970226],[32.45089029947922,-2.30080240629668],[32.46831407335076,-2.297785913244422],[32.47194173177098,-2.28975205908656],[32.46891059027785,-2.281408417602621],[32.457723253038296,-2.276950138527687],[32.44364095052089,-2.297219506995035],[32.43611382378475,-2.292829587294975],[32.43793375651069,-2.285132375931936],[32.43404622395843,-2.276765947989702],[32.441118706597415,-2.266985674562809]],[[32.05686971028655,-2.244769962781439],[32.048166775173854,-2.244701332139522],[32.04281887478311,-2.239043237527641],[32.04827962239591,-2.224408092144476],[32.03361287434916,-2.216381833472676],[32.024442952474146,-2.220526256211036],[32.01303575303836,-2.242893335179714],[31.996418185764128,-2.260265296966193],[31.98413601345516,-2.259642738373135],[31.98253282335082,-2.267462562583274],[31.97162787543425,-2.273563094260608],[31.95558010525189,-2.270271264837094],[31.944395345052104,-2.274541013096347],[31.95004909939257,-2.282297632011383],[31.938285454644127,-2.289740937124797],[31.95054077148461,-2.293627113335795],[31.970767415364776,-2.290263940596119],[31.988180745442943,-2.301393769143246],[31.979517822265677,-2.309272458370703],[31.98454562717029,-2.314775116784821],[31.980532362196236,-2.326195472674995],[31.968374023437722,-2.334817705738509],[31.96515055338551,-2.328698999147611],[31.953496093750232,-2.33566731511254],[31.947512749565984,-2.344374454859735],[31.952742241753523,-2.358605683142975],[31.970922987196335,-2.342783200521383],[31.981825629340335,-2.349920516051754],[31.98501356336811,-2.355760088527967],[31.97944973415809,-2.371771915767272],[31.993945176866525,-2.368230249104447],[32.00153984917546,-2.36293375388466],[32.02440375434048,-2.355314667521502],[32.044763997395926,-2.34508029253253],[32.047949354383945,-2.336484914938035],[32.05436048719639,-2.333411998274568],[32.054814860026276,-2.318574216172778],[32.064613850911485,-2.309348141964286],[32.05739868164085,-2.302972002648478],[32.06353719075537,-2.292836097711644],[32.07825385199669,-2.277983938439689],[32.075919867621614,-2.265827905466733],[32.06727810329875,-2.265560978383717],[32.04131388346377,-2.277416989655329],[32.036230468750034,-2.268642304335331],[32.044038492838695,-2.264115665885596],[32.04307644314263,-2.256273326484454],[32.05686971028655,-2.244769962781439]],[[31.962792697482875,-2.387458493440815],[31.951846923828214,-2.396407603674277],[31.938172200520967,-2.41623046606589],[31.94788804796031,-2.419599877954159],[31.95395236545147,-2.414451765980944],[31.959864501953238,-2.423668345831977],[31.966397162543554,-2.421952851042206],[31.964724934896022,-2.408951548973056],[31.97316840277796,-2.394152829371294],[31.971751437717042,-2.383921709590799],[31.962792697482875,-2.387458493440815]],[[31.994795735677194,-2.439779456925088],[31.97382188585078,-2.436484101026289],[31.967604980468824,-2.444434133569363],[31.956121419270975,-2.443189830185578],[31.97223253038197,-2.457989092322137],[31.972765842014034,-2.462786726865489],[31.987916666666816,-2.465694441706114],[31.991336398654653,-2.462158742925166],[31.986211480034797,-2.450708818892637],[31.994795735677194,-2.439779456925088]],[[32.745154622396,-2.426543508589104],[32.738083767361275,-2.439500594078527],[32.751732042100855,-2.44335665961249],[32.7610565863718,-2.449360348841903],[32.76395317925363,-2.430101722561025],[32.756034071180636,-2.425158146177591],[32.745154622396,-2.426543508589104]],[[33.34156114366351,-2.493011607474427],[33.33147108289944,-2.499974769359534],[33.34304524739616,-2.513814287573496],[33.331046820746735,-2.518654511092583],[33.32825602213557,-2.523879934263645],[33.33680555555571,-2.534027774964613],[33.34507785373296,-2.522389320116241],[33.35829237196202,-2.514681258058703],[33.35454345703158,-2.500906301476566],[33.34156114366351,-2.493011607474427]],[[31.856383599175615,-1.75110581944613],[31.87013956705738,-1.735714109393466],[31.869796956380295,-1.713939071440227],[31.878394232856067,-1.698691539990225],[31.877134467230974,-1.682243514834789],[31.879668104383878,-1.678014863580813],[31.89188598632819,-1.677924124648569],[31.89770887586826,-1.660319008565577],[31.893253987630377,-1.641471487970232],[31.89825954861118,-1.620923934824658],[31.892273491753535,-1.604976126682401],[31.872740749783137,-1.617119138822001],[31.866384006076423,-1.61757174841346],[31.858057183159815,-1.625027260557661],[31.86099026150191,-1.63287516093958],[31.86990098741342,-1.641054278769372],[31.867094862196215,-1.650695392039869],[31.868521185981027,-1.665354951485496],[31.874372694227468,-1.679263778510006],[31.863641357421955,-1.693125947548472],[31.855351969401227,-1.699671357697147],[31.863050265842162,-1.710777450349774],[31.866539713541723,-1.722001408671],[31.8628148057727,-1.729115666475521],[31.852319335937576,-1.737457680355328],[31.848403591579988,-1.752876924044636],[31.856383599175615,-1.75110581944613]],[[31.883231065538272,-1.600877276860758],[31.875547688802264,-1.597507864972078],[31.86687527126753,-1.582472193330792],[31.86216498480917,-1.589432778175546],[31.865396864149492,-1.601082490619175],[31.882083333333522,-1.605694442653924],[31.883231065538272,-1.600877276860758]],[[33.33731146918432,-1.726124130020626],[33.348737250434276,-1.727712264784512],[33.354688585069596,-1.734159883049603],[33.366672092014085,-1.73594102454096],[33.372772352430786,-1.724213322731052],[33.36190619574688,-1.7097275100301],[33.355683865017674,-1.710705021964791],[33.34938096788221,-1.699642738990873],[33.337186686198095,-1.702436521539826],[33.332899576823074,-1.721575925815291],[33.33731146918432,-1.726124130020626]],[[32.10781073676225,-1.48997965328563],[32.11823988172756,-1.483197562364533],[32.124726291232776,-1.473915742713122],[32.12631252712696,-1.462783065859295],[32.12084635416693,-1.458270262045025],[32.111328531901165,-1.471670191500634],[32.10781073676225,-1.48997965328563]],[[33.70781955295172,-1.40682237256219],[33.71497694227452,-1.395404593711996],[33.711383463541836,-1.389161375403001],[33.6941720920143,-1.398555228474061],[33.70781955295172,-1.40682237256219]],[[32.32749891493074,-0.678324787653089],[32.33389160156258,-0.673891600808914],[32.34600423177102,-0.650117729307874],[32.34202446831608,-0.643336113104457],[32.327424045139026,-0.667848442178425],[32.32749891493074,-0.678324787653089]],[[32.29568576388908,-0.660823838236879],[32.305856119791706,-0.658022595835463],[32.30984185112868,-0.646791109845366],[32.320199652778,-0.633710936791449],[32.31546820746553,-0.629174464899712],[32.30539469401054,-0.644780611800812],[32.300968967014164,-0.647153183955212],[32.29568576388908,-0.660823838236879]],[[32.164560818142434,-0.5410297302977],[32.17198079427112,-0.530856254831647],[32.16608059353308,-0.521704168795836],[32.17471950954865,-0.507646483807059],[32.17056844075546,-0.503268432054304],[32.184307318793564,-0.496882052395615],[32.19191758897574,-0.502436115974491],[32.20095431857652,-0.495002779936481],[32.19639160156271,-0.484773898112275],[32.2058368598092,-0.476631943911347],[32.19527275933166,-0.465505031488837],[32.21193671332491,-0.463298814043346],[32.20876573350704,-0.454512057325811],[32.21748006184919,-0.451652899342565],[32.22661159939263,-0.456371323816774],[32.239169379340524,-0.447774996786402],[32.253336046007064,-0.460836113308085],[32.251947157118195,-0.477345241436575],[32.25908691406261,-0.489780951058082],[32.26777452256965,-0.483075018448334],[32.26615478515645,-0.476565890308987],[32.27578206380235,-0.461535304930717],[32.28246392144115,-0.472715860473497],[32.28900716145864,-0.468975219201707],[32.29750271267374,-0.471113891074609],[32.29587917751758,-0.459186129586205],[32.28925075954884,-0.458290269127129],[32.29079047309033,-0.441198526524646],[32.280570475260674,-0.440030584902745],[32.28353488498282,-0.420269096751842],[32.288614095052196,-0.412224663167304],[32.28746663411482,-0.400140583862213],[32.2777330186633,-0.390970390730102],[32.27389322916691,-0.369792005337125],[32.27535156250014,-0.361682874486781],[32.28329155815993,-0.34672702326653],[32.28997233072937,-0.340558946016465],[32.29694173177091,-0.340830552461465],[32.3090928819447,-0.328914319835625],[32.32225179036481,-0.337085028377146],[32.3297688802084,-0.334179890576474],[32.324718153211904,-0.323874782623306],[32.31194118923633,-0.319186129742584],[32.306947157118316,-0.310863240211953],[32.296676161024436,-0.30449164462443],[32.297396647135486,-0.289161715713752],[32.28916937934048,-0.295002780160184],[32.2870746527779,-0.302314656237192],[32.29334743923629,-0.30694152797679],[32.28056396484379,-0.316952785561087],[32.26194173177094,-0.316391669025212],[32.26165473090287,-0.304674546642326],[32.25557047526052,-0.301377020604588],[32.24468302408877,-0.30490424228031],[32.22136149088566,-0.30277791307236],[32.21857652452286,-0.307769978496624],[32.20350084092894,-0.306788872269534],[32.198630506727454,-0.31058146124093],[32.18924940321187,-0.308241508986571],[32.1784385850695,-0.314150322456517],[32.16725870768255,-0.312728067683842],[32.15639160156257,-0.297807684671036],[32.16389621310782,-0.278065931220901],[32.160548773871646,-0.272484334004886],[32.16302151150193,-0.26308336016549],[32.169542371961874,-0.263387993411749],[32.175251600477566,-0.255287950018051],[32.186397298177155,-0.246938951003876],[32.18716593424488,-0.23708387560263],[32.177277696397645,-0.22870659696613],[32.1741235351563,-0.235699801710765],[32.15953708224839,-0.238940836320955],[32.14811021592885,-0.235324842401471],[32.14302137586816,-0.227090453847303],[32.13501559787346,-0.222614067676071],[32.12805826822932,-0.230280558010386],[32.116542019314295,-0.232726304535485],[32.10698716905386,-0.224731580694613],[32.091164279513976,-0.229196912720877],[32.07645141601586,-0.219169446911676],[32.069670681423815,-0.231829765907952],[32.076691623264026,-0.241084662273542],[32.06849717881954,-0.248010660529655],[32.05470838758697,-0.249425862350655],[32.05831841362857,-0.257501423865207],[32.066908772786576,-0.25996209009531],[32.074023437500166,-0.269068535397505],[32.08553995768233,-0.270072631533677],[32.08758761935775,-0.264386732017309],[32.10139160156268,-0.26777499698742],[32.10504177517385,-0.27574340789453],[32.1038811577692,-0.284963582037791],[32.115430772569475,-0.294286430877004],[32.117440321180766,-0.299767387902067],[32.106233317057445,-0.312474975236122],[32.126386176215476,-0.321114026875675],[32.13622626410602,-0.321084187466166],[32.15611382378494,-0.326663885810694],[32.16379082573797,-0.332414957310021],[32.176549207899484,-0.330243326453422],[32.18824530707474,-0.336856485625656],[32.191915961371706,-0.326127454604645],[32.21240804036466,-0.324938896663314],[32.22718478732656,-0.329136080903152],[32.239987114800385,-0.347564900327212],[32.23585489908868,-0.3599173308688],[32.23658664279543,-0.370273301452028],[32.252154134114726,-0.367077297223817],[32.25083604600718,-0.400558335597859],[32.244431559244894,-0.402434895382783],[32.23576972113733,-0.390002780054121],[32.22002983940985,-0.393052774625367],[32.21361382378479,-0.408891668921859],[32.19500271267383,-0.421113891130396],[32.178153754340364,-0.423122558120362],[32.17921183268237,-0.43669331819637],[32.17366631401933,-0.446233316557836],[32.181368815104406,-0.448302543986332],[32.181541612413234,-0.455935058083748],[32.17572496202274,-0.462022501110761],[32.17253295898456,-0.474427218436279],[32.16267727322065,-0.471453246542958],[32.16009765625017,-0.480223252501037],[32.16444173177086,-0.488047077904621],[32.16412679036477,-0.498667669798222],[32.155925971137265,-0.511349079831743],[32.150319417317796,-0.49973158038727],[32.13833604600711,-0.504447224370658],[32.14775987413208,-0.51488796600365],[32.14574476453998,-0.530588513946544],[32.152769232855974,-0.531097140248011],[32.164560818142434,-0.5410297302977]],[[32.33546956380217,-0.214330511912538],[32.329285210503706,-0.191975029624375],[32.320333930121656,-0.183476697928232],[32.29778320312511,-0.18923414421053],[32.30471327039947,-0.203298543066595],[32.31777235243078,-0.197216932287722],[32.328193088107746,-0.201116400599405],[32.330031738281484,-0.21038363962965],[32.33546956380217,-0.214330511912538]],[[32.271244845920364,-0.192727796550669],[32.284017469618156,-0.174605034526657],[32.27662760416677,-0.16892795119964],[32.26139675564246,-0.16929199199783],[32.26561225043428,-0.179593030940363],[32.25971544053846,-0.192588093859862],[32.264027777777926,-0.199305555332199],[32.271244845920364,-0.192727796550669]],[[33.715901421441345,-0.162490844544547],[33.71697726779552,-0.149149373205221],[33.721108398437885,-0.141696573734471],[33.71721842447949,-0.135555012868836],[33.727469346788375,-0.125559014073665],[33.72490071614624,-0.110898166108299],[33.71739122178848,-0.101685723084736],[33.71477945963579,-0.088064168195132],[33.709388834635604,-0.090388319126022],[33.705303819444794,-0.104156494023802],[33.691483018663405,-0.10390991199283],[33.68173095703161,-0.11332349976441],[33.66592393663217,-0.112332085377402],[33.67478027343782,-0.127062309970179],[33.68804090711826,-0.127208319627328],[33.689863823785004,-0.146411539549526],[33.706018608941335,-0.149447224767435],[33.715901421441345,-0.162490844544547]],[[32.751571994357846,-0.12669447142918],[32.75952392578159,-0.122815755070636],[32.76759521484388,-0.125982733691287],[32.79491373697925,-0.117103813887773],[32.80052734375016,-0.108067830282054],[32.81610568576405,-0.096522216688632],[32.81861952039958,-0.087781439788637],[32.814963378906334,-0.082486233088831],[32.817780490451696,-0.070552774985864],[32.8045787217884,-0.062379082503709],[32.79203776041697,-0.075077175479942],[32.79384331597231,-0.087293158539103],[32.789788682725764,-0.093850436635123],[32.77890462239594,-0.083891669285183],[32.76807345920167,-0.069623379099263],[32.76361735026052,-0.057576836415271],[32.76249728732653,-0.043929680668489],[32.75255289713573,-0.028972167936012],[32.74728976779544,-0.032790832482488],[32.755160319010656,-0.043738030278304],[32.757507866753656,-0.054970160528375],[32.750899793836936,-0.061534491575784],[32.74293050130234,-0.046678297202238],[32.73809624565985,-0.046113891549627],[32.73557481553831,-0.069985894018615],[32.72654622395845,-0.059769592218039],[32.714169921875275,-0.054974568623104],[32.71487250434051,-0.068850368846133],[32.727345377604365,-0.081876830962488],[32.719826931423874,-0.093286607425763],[32.69739501953154,-0.100585937387177],[32.692158745659974,-0.091345960726454],[32.68418050130225,-0.09275777170586],[32.67352077907997,-0.109822997923726],[32.68525254991329,-0.107491997492233],[32.68878472222252,-0.11358052558863],[32.71003092447938,-0.113112521574388],[32.72600775824667,-0.12694166381171],[32.74143934461835,-0.108677707126415],[32.75551486545151,-0.106669447037557],[32.75147922092037,-0.116845770810838],[32.751571994357846,-0.12669447142918]],[[32.61944200303827,-0.103075968308854],[32.62925862630232,-0.095581664931846],[32.61376220703136,-0.091337483621348],[32.61275472005224,-0.086473795475876],[32.58504123263896,-0.0854584417444],[32.5865524631078,-0.091412692497261],[32.59615451388913,-0.096437310004669],[32.60675591362855,-0.095391099610487],[32.61106282552112,-0.1020689560487],[32.61944200303827,-0.103075968308854]],[[32.756111924913334,-0.021975911433369],[32.763883463541895,-0.040560845223349],[32.776278483073156,-0.041601867628871],[32.778934461805754,-0.023060845242952],[32.794597710503695,-0.028328043587741],[32.795838758680645,-0.017189127584583],[32.803851725260586,-0.005950893818948],[32.808360731336904,0.010611640071313],[32.82416124131975,0.024549662245092],[32.822109917534874,0.029421386686202],[32.80253634982653,0.038279690170337],[32.80193901909734,0.031228230759781],[32.78286648220512,0.034918585844887],[32.7767019314237,0.027911139563328],[32.77274549696193,0.004459669320472],[32.77396077473986,-0.009941541871902],[32.7619631618927,-0.010434265124365],[32.751949869791936,-0.002803649898673],[32.75035400390652,-0.012630072685145],[32.756111924913334,-0.021975911433369]],[[33.24115939670155,0.049839409666886],[33.246458062066324,0.035608723918918],[33.25403455946207,0.029109700488635],[33.253001302083526,0.019644470193234],[33.266725531684244,0.013664652491582],[33.275576443142484,0.030403849250199],[33.29665283203155,0.042898254346941],[33.308236219618195,0.041564839635072],[33.301474609375305,0.052635701438964],[33.294437662760686,0.048520880751191],[33.286833496094005,0.057442864248294],[33.285360243055784,0.068191223068707],[33.273638509114896,0.07175096291955],[33.26738878038225,0.06729882126845],[33.25046359592045,0.06635806606132],[33.24115939670155,0.049839409666886]],[[33.0994501410592,0.084996100437038],[33.10194986979178,0.091353386671259],[33.110585666232964,0.094443867896081],[33.12215467664964,0.103050265727159],[33.120337999132175,0.109992099215535],[33.0930590820314,0.105495130633422],[33.079663085937625,0.10958441828066],[33.07494249131963,0.10115956613083],[33.09043755425374,0.09582217735635],[33.08667344835084,0.087674526540781],[33.0994501410592,0.084996100437038]],[[33.14082139756959,0.109991014146063],[33.150095757378665,0.108600768921932],[33.15278808593774,0.115565897495169],[33.14525417751753,0.124844665388147],[33.14340250651055,0.133000827217101],[33.126714680989664,0.134796481511988],[33.12445475260432,0.123472391626661],[33.14193332248277,0.115000745857293],[33.14082139756959,0.109991014146063]],[[33.16028320312523,0.131661376806292],[33.16418891059055,0.126578640266903],[33.164124348958524,0.114625040562336],[33.171158040364844,0.108055080717207],[33.17471679687525,0.131216328792447],[33.171799587673945,0.139349805888575],[33.19139458550359,0.164171210211774],[33.188845214843866,0.171703457110901],[33.1667871093752,0.169647250516001],[33.154583333333676,0.172618509735786],[33.14927680121543,0.166832003937124],[33.155079210069744,0.15819281666377],[33.16721571180568,0.156690775378606],[33.16474799262187,0.149171956213801],[33.154513617621774,0.148586323890264],[33.16066433376761,0.139193148987735],[33.16028320312523,0.131661376806292]],[[33.22333604600709,0.169163885987452],[33.23555636935794,0.158041347751333],[33.24287109375013,0.175756157573023],[33.25243164062539,0.175854152907051],[33.26324354383712,0.167174411163308],[33.271124945746806,0.145906202365455],[33.28417507595519,0.130276319570485],[33.28277506510432,0.112774997161643],[33.293613281250266,0.111266954086057],[33.3062641059031,0.144558546117009],[33.30998209635447,0.138867662063065],[33.3066772460939,0.129267238896864],[33.31110839843757,0.115029907098314],[33.30636935763914,0.108034667848352],[33.312186143663375,0.101483493268013],[33.311839192708646,0.090147162442961],[33.322213812934194,0.090103488398176],[33.32415364583352,0.080885857386074],[33.340532769097365,0.09016248904888],[33.33619873046905,0.097489691731664],[33.327240939670446,0.095252651532289],[33.32021430121562,0.100592617346669],[33.318987358941285,0.115418429776129],[33.32329589843778,0.119136115047295],[33.31998101128494,0.144682684842948],[33.325444335937675,0.149997219342585],[33.33778049045162,0.150257873367561],[33.34060167100715,0.156039631987366],[33.333276638455104,0.164269748080574],[33.32647054036494,0.161086696868876],[33.31888129340296,0.184682345714036],[33.322497287326655,0.191092088274109],[33.317022298177335,0.197915310108953],[33.324981011284976,0.203304816125147],[33.32039930555578,0.212562459072638],[33.32248616536475,0.222202232960468],[33.32997612847248,0.22269907608602],[33.3380457899309,0.213669450309477],[33.35163519965306,0.215858204918586],[33.35864610460101,0.229331953004772],[33.38056857638929,0.219392682996203],[33.37726915147595,0.230277777520695],[33.37834933810791,0.240031704104868],[33.38681179470518,0.25275188841683],[33.39653293185784,0.260666283210536],[33.38722493489598,0.266880814996049],[33.39071506076425,0.275733269277612],[33.37862575954898,0.287198825091615],[33.38360839843779,0.295236985618735],[33.3777636718753,0.310088737989186],[33.34888617621545,0.306403113128949],[33.34786919487868,0.299948730133811],[33.36627088758718,0.297391390998484],[33.374919433593895,0.286537085319224],[33.35545410156282,0.269738311466403],[33.3407782660592,0.261684264844608],[33.35787950303859,0.249597218552693],[33.35080457899328,0.241679483779658],[33.33474121093769,0.254719441447619],[33.3208498806427,0.248953924960901],[33.318422309027994,0.268003522785685],[33.31249728732661,0.274196573587283],[33.30226264105926,0.267913750243356],[33.290307617187686,0.270558335743911],[33.28720567491347,0.276502447879209],[33.295658094618204,0.2830722720909],[33.292224934895955,0.298826310565838],[33.312876519097465,0.302949489679059],[33.31123562283017,0.310765007519681],[33.29557915581631,0.312513698652859],[33.288405761719105,0.309598659593519],[33.26666395399331,0.30944722458933],[33.246376953125264,0.302208285524215],[33.236941731771196,0.300836113488063],[33.225828450521135,0.294541540876639],[33.21165174696205,0.280828178940062],[33.205558268229424,0.271130116477912],[33.20418619791702,0.260573425002054],[33.20831190321212,0.251675601254331],[33.23126519097235,0.242998623046917],[33.246807454427255,0.232603522147361],[33.265548502604474,0.212982940436134],[33.264724934896094,0.201386108173954],[33.26788140190984,0.190004950417264],[33.25177218967042,0.184755553993038],[33.22675103081615,0.18389166917409],[33.2209461805557,0.194308878363819],[33.210041775173806,0.201385192646339],[33.207661404080106,0.196314764863333],[33.22593315972239,0.175179137988101],[33.22333604600709,0.169163885987452]],[[33.3347002495662,0.310880024880742],[33.3514697265627,0.311952259986963],[33.35532470703144,0.319629499290597],[33.353530273437684,0.327769961520892],[33.345185818142504,0.327486249769934],[33.332967936198195,0.314607662273491],[33.3347002495662,0.310880024880742]],[[33.484439019097465,0.290560844944672],[33.44861653645847,0.289979688532508],[33.45364501953157,0.281725870453744],[33.46319580078142,0.281949733843379],[33.484439019097465,0.290560844944672]],[[33.56268907335089,0.150126308697899],[33.56666124131964,0.141314866650088],[33.54152208116335,0.136610887163161],[33.571814778646,0.126508144661415],[33.57971679687535,0.118739081356368],[33.58803521050379,0.121850043267109],[33.584911024305654,0.137383354881514],[33.58703016493081,0.152857394577822],[33.578919270833694,0.150307617019804],[33.56982313368069,0.156068589778455],[33.56268907335089,0.150126308697899]],[[33.79665798611137,0.134681362426067],[33.796191134983026,0.1257083467565],[33.790901421441205,0.121952243245075],[33.77883382161497,0.127117885871795],[33.77169297960108,0.126593220887706],[33.76489691840311,0.117146911490623],[33.76007812500028,0.103310275492493],[33.76748209635439,0.094884541723719],[33.76720920138928,0.086405402193254],[33.79465223524329,0.07997931577463],[33.805841200087116,0.081192050419576],[33.80932725694481,0.076681925370369],[33.82306342230931,0.079085727179763],[33.83443657769118,0.084158867636389],[33.85389105902794,0.086220635212143],[33.8686477322052,0.079994540655449],[33.87932562934065,0.081936645416546],[33.86663438585104,0.098047756509892],[33.861558973524666,0.092796189946539],[33.85081922743081,0.097067396267702],[33.83616590711836,0.111932915456821],[33.827368977864914,0.104638976934196],[33.80607666015651,0.12749715155056],[33.79665798611137,0.134681362426067]],[[33.64670193142399,0.033865695492053],[33.643736436632196,0.028044738738589],[33.63360080295172,0.025288119818036],[33.63217827690988,0.012924262138631],[33.65026746961831,0.017921515551084],[33.65054524739617,0.032232564254703],[33.64670193142399,0.033865695492053]],[[32.95194173177105,0.010989108603558],[32.93768581814265,0.023155517552638],[32.918376193576705,0.013903944212326],[32.91233181423621,0.016569654658635],[32.90110839843766,0.01138610838609],[32.89903103298632,-0.001365763344475],[32.92217475043435,-0.002806498206005],[32.92916937934058,-0.000280558267518],[32.93275282118076,0.007482910148225],[32.944122450086915,0.011662733277637],[32.95194173177105,0.010989108603558]],[[33.672797851562734,0.004458211258704],[33.669855143229476,0.001419440374304],[33.655883246528106,0.00304243299394],[33.63694824218765,-0.017169460700938],[33.641046820746794,-0.023884752034613],[33.654724934896194,-0.023085462755935],[33.66916937934059,-0.016545613587877],[33.672797851562734,0.004458211258704]],[[33.156187337239885,-0.041729159837873],[33.13778971354202,-0.053759562113938],[33.152580837673725,-0.054992201001492],[33.168513183593916,-0.040867716425271],[33.156187337239885,-0.041729159837873]],[[34.030905219184376,-0.135460883094706],[34.0060647243925,-0.123121202118901],[33.99833685980928,-0.123847520477508],[33.9888807508683,-0.130265977501559],[34.015057237413544,-0.143045247235529],[34.030905219184376,-0.135460883094706]],[[32.58393391927092,-0.21740003773404],[32.56990180121556,-0.218743353704744],[32.55611897786479,-0.22819322348561],[32.56005777994806,-0.233047756357696],[32.56997938368073,-0.229387749309036],[32.58285807291673,-0.234087388518188],[32.58393391927092,-0.21740003773404]],[[32.37383083767383,-0.243406778698644],[32.3702107747398,-0.246425713157314],[32.35697428385435,-0.240438028702191],[32.352494574652894,-0.232227511675655],[32.34161458333358,-0.226016913266943],[32.32775146484403,-0.225628187138791],[32.318781467014105,-0.230610826022156],[32.334376898871646,-0.246661376676712],[32.34010579427104,-0.237093912495008],[32.34845567491345,-0.241439886882487],[32.345560980902974,-0.248236626241191],[32.35594102647581,-0.264423488744755],[32.36892252604184,-0.262561780847555],[32.38045383029526,-0.269650946420983],[32.38308403862863,-0.253864271091558],[32.37383083767383,-0.243406778698644]],[[32.61266655816001,-0.312896049996999],[32.60914225260444,-0.318787298905419],[32.59887261284746,-0.32233079662282],[32.585109320746646,-0.313251410239696],[32.57747585720505,-0.31265380824385],[32.57434190538203,-0.323920626807378],[32.56695231119801,-0.327462225653542],[32.572945149739716,-0.337769978463191],[32.58347629123289,-0.338156331001803],[32.58526991102445,-0.331658867358883],[32.593531358507214,-0.328515963716615],[32.595941297743195,-0.336979437556936],[32.606082356771026,-0.337261894696356],[32.61495930989588,-0.330886230098287],[32.61266655816001,-0.312896049996999]],[[32.53323621961812,-0.341029323620149],[32.52401502821198,-0.335156181808104],[32.5232655164931,-0.327243041625589],[32.51082600911474,-0.323324584599115],[32.52244520399318,-0.341017862574123],[32.5245461697051,-0.363090887723112],[32.53367648654529,-0.361352538658199],[32.53323621961812,-0.341029323620149]],[[34.2239759657121,-0.351671955986671],[34.2111241319447,-0.365179782034994],[34.21251356336853,-0.378538004133801],[34.20771457248303,-0.393319294806983],[34.1983829752607,-0.396274956153867],[34.19201253255238,-0.385941026043903],[34.178372395833655,-0.38280375119926],[34.170722656250405,-0.375603501641357],[34.158338758680884,-0.376914875880308],[34.16251708984407,-0.384987317819773],[34.16138807508701,-0.394484795023054],[34.148221842448265,-0.399145710816504],[34.14172254774337,-0.411058823867381],[34.12452582465312,-0.411968722411991],[34.11950168185791,-0.424641519707003],[34.13041124131968,-0.435988429959347],[34.141737196180884,-0.425363158703882],[34.166433105469075,-0.437031249511117],[34.17867024739621,-0.430828314404929],[34.187455783420546,-0.419393174443928],[34.20463243272599,-0.418295084167475],[34.21615993923631,-0.404707437698042],[34.21720052083361,-0.386813421876278],[34.22869113498307,-0.355897352032338],[34.2239759657121,-0.351671955986671]],[[34.04054768880229,-0.43334113178519],[34.0325423177087,-0.422497558121051],[34.019853786892604,-0.432613863990877],[33.99999213324673,-0.438047756128979],[33.98712619357667,-0.44822245229809],[33.97584852430572,-0.447548013822272],[33.96859320746568,-0.438818833602008],[33.954992947048886,-0.449053818941878],[33.95804768880247,-0.462638481470336],[33.94968478732676,-0.47248413033083],[33.96360324435789,-0.474128892156262],[33.96644259982685,-0.478290676005846],[33.983542751736366,-0.482824163956334],[33.98668158637172,-0.480979749353474],[33.998597547743316,-0.495772365439456],[34.01594021267385,-0.496186658516244],[34.04996771918434,-0.488696763233612],[34.0600868055559,-0.48506313693583],[34.07011990017395,-0.47290161079918],[34.06476264105937,-0.465418497200714],[34.060763075087145,-0.450991481700107],[34.04526801215303,-0.440193074051848],[34.04054768880229,-0.43334113178519]],[[32.33026991102445,-0.494336343848007],[32.32029839409744,-0.491039699429097],[32.31936740451408,-0.47817667589747],[32.31352674696194,-0.477609184578588],[32.30196234809045,-0.485178086479838],[32.294653591580015,-0.508451673150911],[32.30171495225698,-0.53513678596838],[32.313491753472306,-0.530347831980611],[32.30994737413221,-0.512297769609168],[32.31660671657999,-0.509284328314972],[32.33026991102445,-0.494336343848007]],[[32.4608306206598,-0.47749721897517],[32.44752983940981,-0.483336113283178],[32.44708468967042,-0.492402071931745],[32.4582926432293,-0.495095485557287],[32.47858181423617,-0.494202948123466],[32.49360839843769,-0.487529906680997],[32.49361382378498,-0.476151936316365],[32.49000271267374,-0.468737317726535],[32.49562906901048,-0.460239664198338],[32.511930338541845,-0.461674871987779],[32.51412923177094,-0.450464951752885],[32.51213080512173,-0.441497395339382],[32.52221842447943,-0.435874972385611],[32.53069471571194,-0.422393459271423],[32.53386094835087,-0.405824245422713],[32.52504611545157,-0.408646985762347],[32.51694471571198,-0.399972601549033],[32.527771267361345,-0.390297172957024],[32.52879286024336,-0.380071546341196],[32.542795681423684,-0.386754828126344],[32.54334879557308,-0.380195922426138],[32.53333062065996,-0.373330552425156],[32.52357638888901,-0.379876979826762],[32.51650037977458,-0.373365410280769],[32.51003743489599,-0.374691636408074],[32.51463134765635,-0.394839612730751],[32.501758355035,-0.40721184579011],[32.504146321614826,-0.41515706333765],[32.499325900607744,-0.420322061704148],[32.48710503472234,-0.415683322017634],[32.468332519531316,-0.418661837639216],[32.4661531575523,-0.425251939085887],[32.485440538194666,-0.425646904363212],[32.4805959743926,-0.450413750038405],[32.48705105251758,-0.45738349015677],[32.470617675781504,-0.471641641725035],[32.4608306206598,-0.47749721897517]],[[32.33486111111126,-0.466527777255756],[32.34852213541671,-0.454693738640483],[32.348063422309224,-0.449773559066947],[32.357460937500264,-0.443749863869557],[32.35074354383693,-0.435563354004969],[32.32628200954877,-0.443070203497326],[32.322303059895894,-0.438896687334494],[32.31232937283004,-0.448908080552534],[32.30994004991345,-0.457760212704074],[32.33382297092037,-0.456734957713947],[32.33486111111126,-0.466527777255756]],[[32.37166124131965,-0.424242960137403],[32.36444986979188,-0.420394896990277],[32.366897786458594,-0.408616400367516],[32.37563395182298,-0.407880926735542],[32.38087239583347,-0.412912258110158],[32.3891582573786,-0.411811387343124],[32.39578776041679,-0.418102213073941],[32.40832682291699,-0.408916150801199],[32.396667751736175,-0.404216715042575],[32.39590386284749,-0.393913505961213],[32.37212402343761,-0.393210720046219],[32.34970865885423,-0.406460638650864],[32.346641438802294,-0.419662068215335],[32.3609722222223,-0.432638888404869],[32.37166124131965,-0.424242960137403]],[[32.31856933593764,-0.411959499322131],[32.32504313151059,-0.411661579943029],[32.3273217773438,-0.399542778415854],[32.31917697482669,-0.392248331266851],[32.31718668619799,-0.383949855798727],[32.32222547743071,-0.374168632936356],[32.30751953125025,-0.360281032583001],[32.29478569878477,-0.363234591607124],[32.28792778862856,-0.388727077473106],[32.298563096788364,-0.397489827029293],[32.30011420355925,-0.407903713193613],[32.31019992404521,-0.405061170336741],[32.30892089843775,-0.419105834492092],[32.316372884114855,-0.421463690392235],[32.31856933593764,-0.411959499322131]],[[32.3575523546009,-0.367318182640231],[32.36488281250006,-0.375751817070521],[32.37319444444454,-0.375972221801568],[32.39273871527803,-0.368940836175737],[32.40523030598973,-0.370137871222177],[32.41535861545145,-0.362769978434876],[32.3826570638023,-0.325017632014769],[32.37627170138909,-0.341373629717845],[32.381063368055834,-0.342135280650155],[32.3902699110244,-0.356756387947142],[32.38812201605918,-0.363262871229828],[32.37283284505236,-0.36838100815957],[32.365815972222386,-0.359077148035535],[32.35830186631955,-0.355102063947144],[32.3575523546009,-0.367318182640231]],[[32.46937093098967,-0.341169161944601],[32.45345838758703,-0.350352036825858],[32.44056098090305,-0.342227511552853],[32.44513888888911,-0.384027777348087],[32.46212836371541,-0.374731444893194],[32.478422851562755,-0.377216932086638],[32.48151231553828,-0.371546155725741],[32.4654134114586,-0.369353976366236],[32.462071126302355,-0.359070501985335],[32.47731391059034,-0.357275390225189],[32.484504937066156,-0.349747314061746],[32.49182345920166,-0.35116455038838],[32.492213541666956,-0.340198770778162],[32.46937093098967,-0.341169161944601]],[[34.49867323133713,-0.217417195394522],[34.51266059027802,-0.212353108486194],[34.522154405382196,-0.213802964712904],[34.51807101779542,-0.20154540993051],[34.510564778646135,-0.196163397675318],[34.50156087239605,-0.205968356431666],[34.49867323133713,-0.217417195394522]],[[29.188814434475777,-3.346234213474931],[29.198330552843284,-3.346907649384106],[29.207197214762736,-3.353046538040988],[29.223426038954408,-3.355885292162218],[29.251836090088425,-3.355821368432482],[29.26712405734628,-3.361979285872459],[29.284169447157637,-3.354878957010807],[29.291780005561453,-3.348638321304627],[29.312431420220662,-3.350200724345869],[29.338035566542256,-3.359986231590534],[29.339451751709476,-3.374498863733097],[29.34794687906947,-3.379585781604803],[29.349412536621575,-3.389056960709047],[29.3450027804908,-3.397834447712429],[29.34286434597476,-3.414658873285932],[29.34436428493973,-3.426846818320779],[29.343310411241703,-3.458321046192221],[29.338384111192852,-3.468308830673236],[29.332489963108173,-3.471862984111556],[29.33301940918016,-3.486354679924227],[29.344719441732142,-3.495239304819745],[29.337225002713065,-3.514724998836418],[29.340260891384958,-3.519589517738351],[29.336669447157647,-3.532192311100586],[29.3381090460889,-3.541473622125655],[29.349440544976574,-3.55911388428684],[29.349186062283472,-3.569978260767225],[29.34363745795406,-3.574958322610736],[29.343213026259093,-3.584873025969366],[29.3494114515521,-3.602845438059412],[29.348052775065632,-3.61284860848604],[29.342231241862457,-3.618030544108632],[29.337530907525434,-3.652208858281221],[29.323968319363477,-3.6908278361046],[29.320428042942126,-3.70539346922676],[29.311571197510258,-3.715777855066662],[29.311935916477296,-3.731668052803644],[29.32554099188945,-3.739980566357862],[29.330274997287745,-3.748581199758275],[29.334605594211666,-3.766603762401878],[29.330915459527372,-3.772472360485532],[29.338612772624174,-3.781658117583257],[29.33999421861478,-3.793477439944803],[29.34609029134156,-3.803841650274468],[29.344447665744834,-3.814702788500643],[29.348310750325872,-3.822479006482604],[29.358069559733444,-3.829174664841746],[29.365484924316885,-3.848094274739059],[29.36448903401737,-3.855311783683297],[29.372225002713037,-3.860830548597167],[29.388044535319526,-3.88932142042018],[29.388313632541774,-3.894714961538615],[29.399266899957006,-3.9020352808125],[29.401107076009566,-3.915279943613067],[29.407265964084672,-3.929553828689115],[29.41194166395451,-3.955002776144762],[29.41908159044095,-3.963461231539481],[29.431184726291633,-3.967843081035717],[29.435451795790406,-3.978559226857643],[29.429125603570295,-3.987293764608723],[29.42610663520003,-4.008135846292273],[29.44028055826874,-4.015274992877822],[29.4502749972878,-4.034169442727475],[29.45672807481588,-4.040587357217389],[29.46289445665189,-4.063426441394504],[29.46944722493538,-4.067774992821915],[29.474997219510104,-4.079724998234734],[29.48359459771098,-4.087745560292543],[29.49304538302994,-4.106084997122145],[29.494150865343386,-4.11591253888693],[29.505550062391933,-4.138481237322312],[29.508336758084287,-4.149722556754853],[29.507036810981333,-4.165322871408612],[29.51718180338593,-4.179681459718105],[29.54665649414119,-4.196362774804477],[29.547502882216065,-4.209724794647429],[29.543957960341057,-4.216295297027662],[29.549157307943233,-4.226901715202243],[29.54560424804726,-4.238385818922853],[29.55706227620499,-4.247165047971752],[29.558274434407906,-4.25552503331458],[29.5663795301653,-4.263290604052948],[29.563021443685273,-4.280699729468713],[29.571341654460017,-4.303000754835894],[29.585031806098637,-4.316691754170361],[29.58291683620922,-4.326649978986412],[29.595552775065528,-4.34275878430803],[29.594027913411992,-4.347061084650763],[29.62972778320363,-4.364577767575144],[29.648891669379843,-4.378886103605797],[29.661669447157525,-4.393886103590471],[29.66695787217929,-4.414686003199662],[29.662796495226136,-4.423387514149538],[29.665830552843264,-4.438003874268871],[29.661008300781702,-4.449357973106768],[29.657502916124542,-4.469169238819838],[29.652780558268777,-4.540002707713038],[29.64695678710978,-4.553144797543115],[29.644719441732263,-4.593303488907291],[29.639170125326018,-4.607191699613418],[29.63875264485728,-4.621235889051778],[29.63253716362891,-4.629514697636817],[29.628058336046475,-4.650002707598648],[29.624158291287475,-4.658894444785282],[29.619731987847615,-4.680494379659002],[29.61976928710987,-4.689389778955334],[29.61222500271305,-4.706348058017604],[29.613619113498768,-4.714975038260355],[29.609164293077644,-4.732518576653754],[29.601017422146636,-4.749607742217617],[29.60411248101166,-4.752354052978535],[29.60490064832942,-4.77136745356657],[29.599589436849442,-4.799277881055087],[29.60980794270892,-4.809008512555479],[29.610957234701008,-4.821242941796333],[29.604733920627556,-4.82595390641823],[29.60472500271317,-4.833270800941601],[29.611691860623235,-4.84026203899889],[29.606391669379768,-4.844981006007812],[29.61207082112668,-4.860208463674391],[29.626048516168115,-4.861113818490982],[29.629972941081125,-4.868534065879467],[29.618636101617312,-4.887768820634019],[29.612791985406197,-4.886658387692466],[29.610836113824178,-4.898336040675177],[29.594686855740523,-4.904371875087407],[29.596283230252308,-4.917788487486761],[29.6122378879129,-4.920562331884952],[29.619195861816767,-4.911685921303786],[29.627376776801718,-4.911518956243254],[29.657024400499548,-4.916543641567921],[29.674447224935246,-4.924441726412248],[29.681828070746917,-4.933716221845051],[29.680164184570856,-4.940930848574069],[29.690005154080318,-4.952792692094921],[29.699441663954417,-4.958891596168329],[29.721092258030012,-4.965538324677252],[29.72601677788674,-4.973601882611682],[29.732461276584612,-4.969792881964258],[29.74244547526098,-4.973513449452001],[29.745546400282528,-4.984718825959666],[29.768780585395398,-5.001431879327945],[29.779955851237617,-5.015503738037455],[29.78368089464027,-5.026892491280963],[29.77503607855953,-5.038312711538404],[29.776662326389438,-5.053684619074462],[29.795229899088955,-5.070622688718839],[29.803225029839776,-5.084487434798254],[29.816729532878014,-5.116620545659664],[29.81633463541704,-5.12242024183413],[29.824094645182694,-5.130946853153617],[29.82585225423219,-5.156899951000504],[29.821119249132327,-5.174149164307533],[29.812206420898974,-5.182132969637965],[29.802054714627268,-5.173891595948384],[29.797545640734135,-5.184516053402854],[29.808541259766052,-5.185525846153554],[29.816234741211467,-5.190611431000811],[29.81864189995713,-5.204146587237005],[29.80866841634162,-5.21680243032308],[29.81167711046049,-5.223704557052148],[29.80859795464454,-5.232159282520924],[29.799997219510033,-5.238891595882253],[29.809382324219136,-5.259493538135517],[29.810501912435306,-5.273262255569474],[29.7945737033425,-5.280280484729025],[29.798193088108007,-5.292402066747814],[29.789195692274802,-5.293259407241513],[29.787782864041336,-5.307467849067738],[29.791663886176707,-5.318581265939955],[29.788273179796533,-5.339948046517426],[29.772268134223452,-5.360813931913006],[29.768225640191364,-5.362343608560681],[29.76410366482253,-5.377572422564408],[29.767639227973632,-5.393245843772474],[29.75951789008297,-5.394587803406456],[29.747486368815487,-5.404975037553801],[29.75083055284324,-5.410215244797064],[29.74386888292139,-5.437230218727972],[29.753608330621038,-5.455808642103271],[29.747253417969148,-5.461145284892854],[29.75548278808634,-5.4676692649213],[29.760571560330327,-5.477397997550404],[29.781397230360714,-5.490269498188503],[29.794974907769635,-5.512751594519958],[29.823775295681912,-5.536951898315102],[29.828759765625584,-5.547429328860149],[29.836548665365164,-5.550469422172926],[29.842219441732258,-5.558014723814669],[29.839725002713124,-5.56717053977777],[29.84636711968369,-5.578558343585772],[29.855802747938917,-5.601606574899196],[29.86706732855947,-5.614322232438786],[29.872980414497082,-5.626675883685055],[29.873750339084722,-5.635450840273474],[29.880558336046477,-5.64666394790085],[29.888336113824213,-5.672747932250034],[29.900745374891986,-5.691476773377157],[29.907622884115085,-5.71094563186437],[29.916358981662817,-5.726391595390874],[29.919441663954384,-5.738891595378099],[29.93528055826863,-5.758052836678749],[29.947045762804347,-5.793896206868333],[29.953336181641134,-5.833608934693491],[29.953620808919826,-5.871026198111488],[29.949328002930205,-5.905435106497634],[29.94233235677126,-5.916983500583326],[29.927067938911136,-5.92408609389232],[29.91869689941444,-5.931357415499606],[29.909625786675797,-5.929275709772586],[29.901386108399034,-5.935552836502513],[29.890966050890192,-5.949149841697373],[29.877472601996992,-5.951188687181456],[29.867802530924966,-5.963886169807758],[29.858146837023074,-5.965021966247695],[29.84919725206214,-5.981107578210898],[29.83889234754826,-5.985307068223928],[29.82892923990937,-5.998308370294347],[29.80999721950991,-6.001669372895494],[29.800945909288764,-5.990323072993251],[29.788926391601933,-5.992475308234429],[29.773673231337224,-6.006641703619679],[29.753101806641038,-6.017775058643494],[29.74641879611602,-6.015558261770261],[29.741051364475254,-6.035878357236686],[29.733156941732318,-6.039782437094055],[29.73249721951003,-6.073009433589116],[29.728030192057705,-6.089714077669899],[29.731722479926706,-6.112038838932686],[29.72833041720963,-6.119719502987294],[29.734051920573332,-6.149704583253309],[29.730947808160114,-6.15481037751886],[29.740540500217374,-6.167179355371653],[29.738656277127173,-6.183551425668134],[29.740009358724475,-6.204679626602054],[29.729464857313758,-6.215528422164346],[29.724881049262585,-6.22616617172021],[29.72408813476607,-6.241203606601371],[29.73221388075137,-6.254991584018478],[29.747735053168977,-6.273879387819445],[29.757427842882343,-6.279658196407539],[29.780430501302593,-6.312619350889357],[29.791879136827728,-6.324301479784252],[29.816441786024768,-6.362567267507058],[29.82878533257428,-6.371751566543709],[29.83494167751774,-6.384644361669816],[29.86727749294755,-6.42221950269268],[29.89269721137202,-6.441378845122061],[29.90140455457942,-6.441388339479677],[29.90554219563847,-6.448336310393027],[29.914694146050913,-6.451097540859252],[29.9238861083989,-6.464447150221285],[29.94046420627228,-6.464948723571255],[29.95177395290853,-6.473613816878804],[29.95617621527816,-6.486385355495226],[29.951136610243562,-6.50694715018024],[29.96456787109435,-6.498837883695017],[30.00671000162811,-6.478575025641447],[30.044670749241053,-6.46501382773793],[30.074260864258292,-6.457026360297829],[30.10863030327743,-6.450258239644702],[30.128548516167996,-6.448613816903257],[30.141805759006612,-6.449731438429685],[30.147497219509948,-6.456113816896017],[30.163446112739106,-6.481907545169697],[30.17636637369844,-6.4948418442024],[30.183006184896385,-6.50492376693569],[30.196014268663813,-6.516885029944996],[30.20499728732687,-6.530002705713589],[30.22089938693619,-6.54382269267915],[30.235280490452,-6.559441724782383],[30.24228108724009,-6.572352152287425],[30.25818603515671,-6.586688903575713],[30.271999918620217,-6.602591681338231],[30.29058539496583,-6.615024949555514],[30.323049723307694,-6.625686028104225],[30.323431803386022,-6.629307176104218],[30.3374806043841,-6.636922735992854],[30.3379325358079,-6.644182393103902],[30.345488823785388,-6.653939337538993],[30.345247938368626,-6.664656297164189],[30.356113823785336,-6.679719502444871],[30.35690836588588,-6.685519198619573],[30.370568983290408,-6.696396477255262],[30.379163953993558,-6.724447149971609],[30.401222195096125,-6.744211147348569],[30.407183159722702,-6.752881123468733],[30.40570000542578,-6.774172084819956],[30.395836046007503,-6.797470153374221],[30.39888617621574,-6.805280483227879],[30.418063286675814,-6.816968851272351],[30.44380655924527,-6.82825954136578],[30.449929334852982,-6.841537536144864],[30.45206285264799,-6.853524840820994],[30.46269843207529,-6.863485507044215],[30.462019042969295,-6.867630743585377],[30.475275065104714,-6.885558260929525],[30.482780490452,-6.891386168910164],[30.499624159071626,-6.909598245715829],[30.516708441840755,-6.930882425383157],[30.530285915799258,-6.937491312095401],[30.57020141601617,-6.966021314238882],[30.569169379340728,-6.975280483066984],[30.57546061197979,-6.984048115437105],[30.569946831597747,-7.015566941362462],[30.558941650391265,-7.036583380144485],[30.550781792535243,-7.046274135343946],[30.556435546875655,-7.052699645320544],[30.558716634115108,-7.077448180453432],[30.5618792046447,-7.083406839302138],[30.55361382378533,-7.099447149616698],[30.54305826822969,-7.11416937182544],[30.532798122830513,-7.124440367909432],[30.519705132379038,-7.125497768082189],[30.51732774522634,-7.117280808454299],[30.501536187066396,-7.109534768965064],[30.505531548394742,-7.121912156106384],[30.508303493924245,-7.140552835342028],[30.516840955946797,-7.138993048017308],[30.536680908203724,-7.154997279773362],[30.532533365885904,-7.167747930803086],[30.52427313910636,-7.177459844856393],[30.530539957682894,-7.190206698143225],[30.52983886718794,-7.202916116533939],[30.53817220052144,-7.207317971998523],[30.54038492838606,-7.219732794035953],[30.54753743489636,-7.227597106094301],[30.555695800781784,-7.262957620384644],[30.564430202908625,-7.274172084349933],[30.57692504882863,-7.281367179829338],[30.58277398003526,-7.289118373398532],[30.580002712674116,-7.297345098651243],[30.60080674913246,-7.320224872935761],[30.597584635417316,-7.32786674575847],[30.603886176215827,-7.3387383277797],[30.6033878580734,-7.347971726208655],[30.611104600694887,-7.353022181932992],[30.614441731771425,-7.369136819505091],[30.610900743273195,-7.389962286065763],[30.60587687174523,-7.406371791258949],[30.593336046007497,-7.41508001607712],[30.59666395399369,-7.419692375014061],[30.588613823785238,-7.428967006081566],[30.586391601563207,-7.441914597215507],[30.601326768663682,-7.444680981761908],[30.599161783854644,-7.456286070726918],[30.60000271267426,-7.472470152742955],[30.60676364474869,-7.482891702212914],[30.598640950521478,-7.489163946130788],[30.58782402886328,-7.484169371482558],[30.584472927517876,-7.490834681806351],[30.575167507595946,-7.491789000381591],[30.57683078342057,-7.504362785092294],[30.58468546549534,-7.510552835000031],[30.591617974175904,-7.522999124051135],[30.597832709418977,-7.524653041150349],[30.61615763346407,-7.543971074986832],[30.620618218316626,-7.554599330185443],[30.615757514106406,-7.562532544153933],[30.627547200521466,-7.577828496830932],[30.629695366754046,-7.589138989441728],[30.635208604601292,-7.597212448636173],[30.647646077474523,-7.58930066478922],[30.650275065104715,-7.597898755059159],[30.646505533854793,-7.604259703404066],[30.656575927734877,-7.613998744193584],[30.664435628255767,-7.636125480284774],[30.679766031901636,-7.649082837043579],[30.68718546549524,-7.649835061435277],[30.69426961263082,-7.662574319236428],[30.71791097005268,-7.667530373919424],[30.723886176215778,-7.677816018440933],[30.72139160156314,-7.692197528844918],[30.72931111653702,-7.694022344381527],[30.7329726833774,-7.704686135604494],[30.747752007379006,-7.720168177691139],[30.74858194987024,-7.729903963272629],[30.76002549913255,-7.751386168114159],[30.755782063802535,-7.770464130336678],[30.76203355577303,-7.77600910646013],[30.763613823785352,-7.797388772239435],[30.767058376736653,-7.805192862943895],[30.777755669488442,-7.812391756166913],[30.77583699544323,-7.820235994440894],[30.782758382161937,-7.836107847725475],[30.791663953993577,-7.837475306491593],[30.786632080078622,-7.859010408468619],[30.800002712674306,-7.874163945781537],[30.80573432074703,-7.888154559918354],[30.829386121962447,-7.895341788644487],[30.831567518446835,-7.903655590720338],[30.840700005425845,-7.909022344187758],[30.839605305990123,-7.932409388437724],[30.837502712674162,-7.939692374542324],[30.840717230903298,-7.961602639279721],[30.859277886285327,-7.962794588063359],[30.862284613715754,-7.970431849341002],[30.871626790365045,-7.97790635020265],[30.871607801649763,-7.984409713912183],[30.882760823568336,-7.990512144462295],[30.889993353950334,-8.004259431776507],[30.888616265191562,-8.010718850173419],[30.90028049045202,-8.014997278989041],[30.90334133572099,-8.024419479501518],[30.897654622396377,-8.032987730361965],[30.90964775933219,-8.044536666983683],[30.908820665148085,-8.059895282421406],[30.90420925564291,-8.069506827551809],[30.908586018880783,-8.086648212084926],[30.916124945747065,-8.096096996799075],[30.91836602105087,-8.106549470748138],[30.924425455729704,-8.113330612235181],[30.933019341363376,-8.113395716401826],[30.944147677951893,-8.106391593144084],[30.952773166233218,-8.110823016751032],[30.962780490452015,-8.124441723336476],[30.963117540148055,-8.13132594642069],[30.971941731771498,-8.141641701619896],[30.96779717339456,-8.156064987197466],[30.970754801432918,-8.161407326602436],[30.96557454427148,-8.178052834400333],[30.958199462891173,-8.165700403855437],[30.946136203342686,-8.16425020854443],[30.942224934896384,-8.17472492641716],[30.947477756076925,-8.187218958524191],[30.95172119140699,-8.186759431614561],[30.96333007812569,-8.199980460249071],[30.960258653429488,-8.218574210232797],[30.97359212239644,-8.229719501021547],[30.986650933160373,-8.24500053399426],[30.980836046007543,-8.249414596490226],[30.97861463758732,-8.263857413318044],[30.981663953993678,-8.276669370771828],[30.999169379340852,-8.279169370769898],[31.002230088976425,-8.271421974942996],[31.01031833224885,-8.275055329974755],[31.01199666341193,-8.28853406260194],[31.022224934896315,-8.283886167640633],[31.02816867404578,-8.2973583898512],[31.04076944987031,-8.30962292977073],[31.035550537109934,-8.323874231841698],[31.035430772570006,-8.331746953188965],[31.044217393663867,-8.337246627663355],[31.05662394205797,-8.336953658913698],[31.07136393229217,-8.363601879376766],[31.08328708224877,-8.367219500901363],[31.093574896918994,-8.365819761319335],[31.098688422309696,-8.374992938394561],[31.108325330946858,-8.375547408880273],[31.126810167101265,-8.38491806859417],[31.13109619140681,-8.403883454862578],[31.14998616536507,-8.425525707448033],[31.144714626736803,-8.435514314210154],[31.14644626193632,-8.441835928787587],[31.136909857856438,-8.455283194401318],[31.13012654622451,-8.453616527736171],[31.131108398438187,-8.470558259492323],[31.140821668837297,-8.477730568513769],[31.139709743924122,-8.50064018220932],[31.141073676215907,-8.52072264746996],[31.148175048828698,-8.53598631933174],[31.155572645399957,-8.544975034601787],[31.174993082682875,-8.559962013755566],[31.16834526909781,-8.570107413052433],[31.1749944390196,-8.587366527620716],[31.1753938802089,-8.597239574487464],[31.18719658745726,-8.60139213524763],[31.195767415365257,-8.609364682983994],[31.201397162543973,-8.629452573591806],[31.19278049045204,-8.66665472199753],[31.192200113932866,-8.684667959829238],[31.199368625217627,-8.694162859994865],[31.201108398438063,-8.704659821791498],[31.193881293403308,-8.718292091745178],[31.19611450195373,-8.73194497801835],[31.195178358290438,-8.743964292244234],[31.191119249132445,-8.753593741020774],[31.18317070855096,-8.761623254902815],[31.174991319444928,-8.758897017925994],[31.173885633681145,-8.748352855608541],[31.162639295790534,-8.742173927662396],[31.15561347113777,-8.727837447639693],[31.143100721571674,-8.71496798150491],[31.13444824218811,-8.722173927679405],[31.137458360460585,-8.738778202838898],[31.134166802300847,-8.748627378177686],[31.11667412651968,-8.745885407693804],[31.118736979167345,-8.752856436333905],[31.11218004014825,-8.760152443271974],[31.109463840061327,-8.772728940657283],[31.098242458767857,-8.778989248811778],[31.079185791016243,-8.782165789607665],[31.077202555339056,-8.793473840813435],[31.058078342014483,-8.803409821707838],[31.032605658637742,-8.810282109028327],[31.019449734158513,-8.8020665057366],[31.01371948242234,-8.789608280920824],[31.003841552735025,-8.777552616868567],[30.98728108724026,-8.76642957000295],[30.983729519314753,-8.760305438063641],[30.954725341797477,-8.744458541375712],[30.94974460178014,-8.732024730622435],[30.938468424479712,-8.715330937233563],[30.926059434679246,-8.70853406223962],[30.918882649740052,-8.693298602183027],[30.89685560438426,-8.674620759317195],[30.886947292752318,-8.657775056206349],[30.871113823785322,-8.641108389554027],[30.863509114583962,-8.638244348757874],[30.84310723198848,-8.619670672558483],[30.839296468099636,-8.609318567532423],[30.808294949002228,-8.59767902761206],[30.793539496528233,-8.56878254326186],[30.780932617188114,-8.566529396562446],[30.73535698784775,-8.568521584060667],[30.724169379340875,-8.561006393094797],[30.728329806858255,-8.548364791543209],[30.727524820964167,-8.535031458221326],[30.719020317925864,-8.53084254763479],[30.704741617839193,-8.537774513774577],[30.694652235243662,-8.535649947804265],[30.689377983941533,-8.53976887141178],[30.67972493489651,-8.537714292420478],[30.67520548502653,-8.51309677942059],[30.690552842882592,-8.493927400096972],[30.683055555556113,-8.486663402707562],[30.656960042318353,-8.487483715206896],[30.653530002170612,-8.495902769018993],[30.64667087131136,-8.500769305473153],[30.642481282552517,-8.511054136193396],[30.648581271701858,-8.516108389661333],[30.66636298285652,-8.512180438275806],[30.667791341146422,-8.516913511188486],[30.654474555122025,-8.527893871421796],[30.64360839843812,-8.530484474718396],[30.6236138237852,-8.545470911337443],[30.617694227431233,-8.563162968613794],[30.59002088758729,-8.57998914047409],[30.570541585287057,-8.583765182137897],[30.547818196615076,-8.598030590111785],[30.535741780599324,-8.602395824482995],[30.524334716797508,-8.58896212223761],[30.535755343967534,-8.57838595037158],[30.552023383247164,-8.559273537193615],[30.571974555121923,-8.546164270711909],[30.57483656141551,-8.51910318132519],[30.568315294054344,-8.512119131852291],[30.55184868706641,-8.507693676126944],[30.546558566623787,-8.51122937490844],[30.537775065104768,-8.506941723002383],[30.53170749240507,-8.518886167436674],[30.519906141493554,-8.517784821951203],[30.51151936849021,-8.524070629237668],[30.49427829318625,-8.527750642255478],[30.47624959309951,-8.515160038967476],[30.47312337239629,-8.503251944359791],[30.479930284288628,-8.490303810690431],[30.47344957139802,-8.484537209132824],[30.44938802083391,-8.477345911395819],[30.448013780382553,-8.457256935719009],[30.454962565104612,-8.45253037322288],[30.453014458550854,-8.442849383648207],[30.457322591146465,-8.421548385402511],[30.46155802408901,-8.420199644084553],[30.462460394965888,-8.3962521614664],[30.4700547960075,-8.368362621559811],[30.493052842882378,-8.348330612028983],[30.51805284288253,-8.331941723154344],[30.528903401693356,-8.327779396769074],[30.542669677734857,-8.317080069521316],[30.561031629774902,-8.314354917614176],[30.57107109917592,-8.301548385507099],[30.56031860351618,-8.283811297849153],[30.569130316840816,-8.268637686750983],[30.573818495009274,-8.268152660710166],[30.575519883898203,-8.252554244925165],[30.584051784939675,-8.233460277927595],[30.576545681424072,-8.232775056574466],[30.569459771050845,-8.224776467171726],[30.570882297092563,-8.212897126904426],[30.580990939670585,-8.194364683344086],[30.58152709961001,-8.182863489778056],[30.586951904297333,-8.168021367395253],[30.593327094184588,-8.159458541881996],[30.591606987847683,-8.147454961163414],[30.58539469401086,-8.139826922975718],[30.575663655599556,-8.138997387386144],[30.574997287326884,-8.12752983097266],[30.56455213758732,-8.115587014142985],[30.546974148221185,-8.106402986373316],[30.533278401693337,-8.107855894358138],[30.541674940321734,-8.09640298638212],[30.538343098958872,-8.08248208795695],[30.527883843316488,-8.071847864875911],[30.52579589843793,-8.061930872697394],[30.516941596137713,-8.059447148741146],[30.509426540799158,-8.051304245102644],[30.50584160698849,-8.041955829312293],[30.48466796875067,-8.02832572949806],[30.463247205946804,-8.023511818911754],[30.467497287326974,-8.011407869270078],[30.45816948784767,-8.006272235594087],[30.453551025391217,-7.996642244283186],[30.439544813368688,-7.99544812536061],[30.442218831380664,-7.98530815141121],[30.433579915365215,-7.975066723468824],[30.419844292535167,-7.973678377116165],[30.423104519314677,-7.959168285983278],[30.398891601563037,-7.945552834606529],[30.378080919054298,-7.942230351970607],[30.371947157118544,-7.925830612401895],[30.364075792101286,-7.916566289493282],[30.360960015191434,-7.905115009121891],[30.353705105252292,-7.897847213989567],[30.336193440755714,-7.890560158874078],[30.317421739366974,-7.888336037782739],[30.30507459852492,-7.896487350709108],[30.302218967014316,-7.893352856354626],[30.305863444010868,-7.86699489196851],[30.297954237196734,-7.855444327742775],[30.290381673177595,-7.850686569500508],[30.281114366320082,-7.850297300837682],[30.28208306206659,-7.839872224892246],[30.274719373915385,-7.834446877674844],[30.273952772353027,-7.804787046972372],[30.266952446832015,-7.798901087776286],[30.27211914062542,-7.789631882055408],[30.273602159288604,-7.770858281811884],[30.261387939453694,-7.737491582623379],[30.253336046007455,-7.72999727924473],[30.245025363498762,-7.729174525339104],[30.22889282226618,-7.706719555741174],[30.22193115234427,-7.690821660790628],[30.216936170790405,-7.673602965059747],[30.214280598958737,-7.655081914729304],[30.20622490776958,-7.638383509796616],[30.19556070963597,-7.630946172563768],[30.201078152127195,-7.608977314076788],[30.199153238932748,-7.596980515042637],[30.21143052842928,-7.573845478171168],[30.211273735894682,-7.566161830174927],[30.217257215712372,-7.558027335824681],[30.212529975043875,-7.544249395299075],[30.219719509549236,-7.528651793316638],[30.21479207356833,-7.526696498179706],[30.212764621311287,-7.515885137512326],[30.213052842882465,-7.48805283502043],[30.218402642144724,-7.481515291623911],[30.216672498915322,-7.472633455694531],[30.209724934896364,-7.465237079833014],[30.204140489366804,-7.452253681407726],[30.202121310764486,-7.440453279942715],[30.193613891602123,-7.430803486114739],[30.195373602973632,-7.416558694461376],[30.189407280816567,-7.400781242218725],[30.1908305528434,-7.392343199692019],[30.185575561523876,-7.368880743116129],[30.16581854926261,-7.34665445190426],[30.158591918945778,-7.344708108590155],[30.145545654297386,-7.330001891155901],[30.14808627658476,-7.319698071720592],[30.1462373860682,-7.311119241433768],[30.149138047960598,-7.298736428945128],[30.137485351563157,-7.288079690673842],[30.13639180501355,-7.277219773148992],[30.1236109754779,-7.258071823948012],[30.12383816189288,-7.250710441576596],[30.116119520399813,-7.234448505827634],[30.107764010959666,-7.229702140814581],[30.10422444661515,-7.220905211569185],[30.0944967312289,-7.212672518434891],[30.09376437717066,-7.204803052296294],[30.084314710829453,-7.20301051757583],[30.062853529188942,-7.186540791028718],[30.032090657552484,-7.165098191222207],[30.019441189236606,-7.15136907882192],[30.00708211263065,-7.145999883948208],[29.98815755208392,-7.115922572778652],[29.977469414605586,-7.113040628336544],[29.9509749348964,-7.095544154828754],[29.90102606879378,-7.082737080188171],[29.878243001302558,-7.080934237307881],[29.856623942057745,-7.075009486879394],[29.846636759440514,-7.078886168733499],[29.831728312175077,-7.070280482977659],[29.823780246311173,-7.071230461275436],[29.80978908962714,-7.061747225607192],[29.79860833062127,-7.057224927434335],[29.786680569119422,-7.045541713469645],[29.77302293565595,-7.040534660522983],[29.76136359320793,-7.024710279027051],[29.76063897026955,-7.018639315491445],[29.751187269423323,-7.014922681380263],[29.742529975044025,-7.003503953092467],[29.73651665581639,-6.988137470902084],[29.733425767687265,-6.966315096790387],[29.72137498643713,-6.95719264671254],[29.70500278049081,-6.937497279977617],[29.68528238932327,-6.924950079468643],[29.669698418511697,-6.912215704480698],[29.663309529622893,-6.895470912829895],[29.662763671875435,-6.881069599909473],[29.655547960070066,-6.872456861202052],[29.656386108398916,-6.866925448447147],[29.64727606879387,-6.850292961483777],[29.642447102864985,-6.832710496222647],[29.633586832682848,-6.82286566116257],[29.619163886176807,-6.822224927656215],[29.604785495334625,-6.812605515773096],[29.588483174642416,-6.798371032279366],[29.56986826578821,-6.78961018159348],[29.560709364149833,-6.778712829172914],[29.549726053874046,-6.7752039858607],[29.54067647298217,-6.757976880842265],[29.533111029731455,-6.747960062275508],[29.53442467583602,-6.731636548836235],[29.518860778809028,-6.719418395635829],[29.506872321235278,-6.716121140864738],[29.501319444444842,-6.709632968128016],[29.49448333740276,-6.688419046707354],[29.49230723063186,-6.667686353584837],[29.49374559190579,-6.655083543266799],[29.48331529405419,-6.64130071992958],[29.4847194417323,-6.629807664384832],[29.47999711778487,-6.620835767692212],[29.48721944173223,-6.590275058086157],[29.49530724419537,-6.571582295517305],[29.497225104438314,-6.560279940927466],[29.49394181993312,-6.550323072447519],[29.48250278049102,-6.538501783396003],[29.48971944173212,-6.518254387582368],[29.488336113824282,-6.510830613718225],[29.478788926866912,-6.508547898876603],[29.476738654243146,-6.522414543828502],[29.45830983479868,-6.522222757804462],[29.431605495877136,-6.506863871100425],[29.424708285861982,-6.493877488734544],[29.42155992296056,-6.481990552981946],[29.412428487142392,-6.46355576567341],[29.40537268744611,-6.453654235734855],[29.407480740017775,-6.435584845561517],[29.40749721951005,-6.417300340371087],[29.403609686958017,-6.406638176752922],[29.396092020671,-6.399963914606614],[29.394364149305886,-6.387211635973121],[29.38282721625472,-6.375506178085189],[29.369447224935303,-6.351501729323781],[29.37271650526304,-6.342733554419119],[29.36916754828593,-6.336987026646929],[29.371958245171975,-6.320852044023646],[29.35646945529555,-6.315066725018721],[29.34998060438403,-6.298033847431315],[29.347295837402783,-6.283337395622755],[29.340830552843208,-6.276947150402981],[29.33558469984314,-6.253389207717911],[29.34004155476924,-6.230046922584473],[29.333831448025645,-6.219983446031613],[29.334441206190665,-6.210813795432783],[29.329376814101007,-6.199876837978294],[29.302774997287766,-6.18583603938109],[29.298534596761495,-6.17749375423276],[29.288747558594196,-6.168765184363177],[29.285778333876344,-6.161136603641472],[29.2899961853031,-6.143007263381467],[29.28183388604105,-6.127703443952013],[29.274725002713062,-6.119163947432619],[29.24299809773822,-6.115656460456628],[29.22772822062223,-6.096847866725184],[29.21180197821758,-6.080157328547164],[29.19968055725144,-6.077773973514718],[29.198330552843284,-6.061386169711579],[29.20391864352802,-6.044930277800699],[29.201666615804406,-6.024975308202388],[29.193074866401272,-6.005026035218579],[29.194467578464472,-5.992661126376324],[29.1930833943689,-5.965163839077331],[29.203956112332143,-5.946018873818536],[29.196544825236344,-5.942134867745962],[29.197219441732152,-5.915836039646998],[29.209311116536867,-5.912366530101772],[29.23549391004826,-5.890313578734808],[29.25978056165956,-5.872657600019661],[29.26907396104633,-5.870885410351223],[29.276360761854903,-5.863345534056267],[29.295836113824286,-5.848891595268932],[29.333886108398925,-5.81827066430946],[29.340280558268603,-5.806391595311163],[29.33890772501666,-5.78504909316218],[29.34140833536827,-5.776065260706004],[29.35082563612235,-5.766573615750147],[29.35513332790839,-5.755550124007668],[29.37146464030002,-5.744099386171511],[29.367984551324128,-5.736754551109704],[29.360902336968646,-5.73461045388966],[29.36109792073609,-5.71477050165247],[29.353036295573478,-5.707192919194803],[29.35258022732244,-5.696618917469294],[29.347497117784712,-5.68166910194601],[29.347815856934,-5.665621196146065],[29.34416944715752,-5.651048442254437],[29.34528500027181,-5.629698887154244],[29.359826863607285,-5.623899462246906],[29.374195387099007,-5.638334954853965],[29.384335157606703,-5.64065510459119],[29.38841881646084,-5.62270100304669],[29.37436018202095,-5.592529290837384],[29.359447326660586,-5.58221977478871],[29.348269382053438,-5.561308994644751],[29.34221571180603,-5.553621142004909],[29.34333055284327,-5.544136821267918],[29.335269436306756,-5.530547547193061],[29.333603617350715,-5.521076654190221],[29.31608623928548,-5.502746169182854],[29.31555243598126,-5.493319492759711],[29.309691806369866,-5.488573805915627],[29.296578708225297,-5.469532464789268],[29.286936136881984,-5.464712721955566],[29.285836113824136,-5.452219503651984],[29.275688883464056,-5.445422221757985],[29.26715277777828,-5.427651090048329],[29.2599972195099,-5.422224929029393],[29.252839830187096,-5.407967116544049],[29.248321448432474,-5.392665874154653],[29.23817221747555,-5.382593038878749],[29.233590816922,-5.36386663915811],[29.222587941488023,-5.354929057787011],[29.22028630574595,-5.34166571144624],[29.2114989386668,-5.330479052386445],[29.210621626112694,-5.322194547186521],[29.198887981839047,-5.317234152226198],[29.202490980360658,-5.309419482094961],[29.194985775418107,-5.300836040263638],[29.194061406453894,-5.292830126643384],[29.185641089545815,-5.288430983852716],[29.177879536947103,-5.277931580651529],[29.16945616828116,-5.25984198106055],[29.159714330037847,-5.2471923771238],[29.15778066847111,-5.234719639506269],[29.152486462063678,-5.225802267553498],[29.155285771688174,-5.214141704414083],[29.14527445475295,-5.188912890420912],[29.146947335137664,-5.174441726156186],[29.13868936326804,-5.170121522167483],[29.138625556098525,-5.139986702319808],[29.13233039008287,-5.137506233572008],[29.122491556803766,-5.121108121609745],[29.11693611145057,-5.097181526582297],[29.10776930915029,-5.088331564568634],[29.110558446248717,-5.0791693738229],[29.108051715427333,-5.070831971487721],[29.110331416660305,-5.051239686351275],[29.119724998474457,-5.031947151649073],[29.124796435038608,-5.029858121703302],[29.12277139451817,-4.997326112187913],[29.11893148210351,-4.989957405598293],[29.11872222052733,-4.978690587033531],[29.114424968295964,-4.975815424276064],[29.113364240858626,-4.960846620038032],[29.108048210144432,-4.949665521959166],[29.110291362339012,-4.938026795842696],[29.109133440653977,-4.919913867258873],[29.105273568895488,-4.915555550206101],[29.107260865106014,-4.901213102304145],[29.105563163757722,-4.883872878797728],[29.108642489115763,-4.870636387925625],[29.107943390740726,-4.845516487778215],[29.101529231601603,-4.833804112572926],[29.105319298638562,-4.819951166624032],[29.104043273926205,-4.801435270375817],[29.098854785495686,-4.797749967645263],[29.105524304708297,-4.786842578333521],[29.101897087097647,-4.783711203553817],[29.103341144986075,-4.751756315349074],[29.11133445315931,-4.710892193212547],[29.116621873644135,-4.699360075168923],[29.11554401821599,-4.683556445628072],[29.10945766025167,-4.648964838675973],[29.108346735636932,-4.636025114297037],[29.11318542056654,-4.631007075022894],[29.114047715929246,-4.608932015366931],[29.122577705383833,-4.59972669311073],[29.125547743903606,-4.586381017126572],[29.138900426229213,-4.577723112404398],[29.143881072998454,-4.565269906037251],[29.15750872294142,-4.552785232656322],[29.161616728041228,-4.542484668430745],[29.155133531358842,-4.527773568185597],[29.1615907287603,-4.522725689501917],[29.163850996229762,-4.511705317334462],[29.16176619635729,-4.503725987915758],[29.16649497138161,-4.498910720993694],[29.186212675306876,-4.495897347515966],[29.19193662855406,-4.508341195159164],[29.196951734755142,-4.51138020340264],[29.202578870985803,-4.523704964674405],[29.20953960842593,-4.52109198182117],[29.21537884182436,-4.509948454271894],[29.213588256836207,-4.474755515397961],[29.20832466973235,-4.465006573351201],[29.20500257704026,-4.439403003499436],[29.204962463379328,-4.425302797350994],[29.20861779107042,-4.411109749948289],[29.208343149821417,-4.392946772536743],[29.21892054239936,-4.37065985307223],[29.221401791043263,-4.348242318373536],[29.221720886230962,-4.327382265226943],[29.230037553575645,-4.303864266662039],[29.231529507107666,-4.286202523516668],[29.23531419542143,-4.280779821156923],[29.23770738389811,-4.265243118699111],[29.24143412272173,-4.257946908311657],[29.238616400825034,-4.249408903763698],[29.24398461235927,-4.236237245791433],[29.244310794406935,-4.215113656403907],[29.2508487447107,-4.210527881669135],[29.252772488064807,-4.183883594587865],[29.25862698025218,-4.17748351592697],[29.26082804362034,-4.164357905589072],[29.258616400825012,-4.148853348313713],[29.264470621745314,-4.131076926891605],[29.264499037001315,-4.116503562649171],[29.261404656304588,-4.096407601841534],[29.248597683377113,-4.071310895053814],[29.24385404798755,-4.050492684897852],[29.23001827663893,-4.060168995108828],[29.226412675645918,-4.076479758980626],[29.2283280436203,-4.081444765485864],[29.214170515272823,-4.105224604870084],[29.208313513862148,-4.142972068480805],[29.20439402262406,-4.159521751080285],[29.191901287503246,-4.202324960127938],[29.1793773057729,-4.227333776291259],[29.172505688137843,-4.251949051330219],[29.168327636719084,-4.260828378035507],[29.161936967638155,-4.292827618453311],[29.15467604743145,-4.305362747563413],[29.15326252407538,-4.319932517513438],[29.148702553643435,-4.335501432969897],[29.137320302327907,-4.338875931121754],[29.12086561414981,-4.330924542241115],[29.09888359493715,-4.323120926255774],[29.092232006921225,-4.313650779238715],[29.084966447618687,-4.319681866471991],[29.068621406555614,-4.316133214674553],[29.057815982617054,-4.303364727817254],[29.06004151132402,-4.288813810948575],[29.058367481695598,-4.280136714061233],[29.06497770998254,-4.267865799360638],[29.082894899580594,-4.256394173938636],[29.095588586595788,-4.252361106451545],[29.097505293952626,-4.240600784740854],[29.110039045546273,-4.227474021516778],[29.109120008681085,-4.214517342927994],[29.111570519341683,-4.202348967289797],[29.107718077765924,-4.195480138629056],[29.108254004584808,-4.182304208196275],[29.092705518934785,-4.170185745752427],[29.088824615478867,-4.160927187276766],[29.08893590291393,-4.145360238508661],[29.09371161990736,-4.132050166365556],[29.098616405063524,-4.129727507405257],[29.097083498637396,-4.110016678432776],[29.101941668192868,-4.095596376798854],[29.093203417460586,-4.087163284902527],[29.090836111705013,-4.071418791646559],[29.09250288645472,-4.065280350355314],[29.089786148071592,-4.043391651376729],[29.0944065178769,-4.034219423738651],[29.093742819892377,-4.017634883282957],[29.105545531379338,-4.008358828063005],[29.10332540300197,-3.999194670629252],[29.108026042514783,-3.992418411955705],[29.109470261468285,-3.974199214383956],[29.107143660651783,-3.962946501722312],[29.10972510867685,-3.943608529737614],[29.098943536546926,-3.919205521408401],[29.099403809441863,-3.908703371625753],[29.106459312439366,-3.896576364260166],[29.109459338718356,-3.885567419230614],[29.09777489132398,-3.873058162245132],[29.101936230129976,-3.858625314495761],[29.11049362606513,-3.84948055267801],[29.116878742642367,-3.848380122720389],[29.129410578410155,-3.824298294946754],[29.125002890693217,-3.809441761488151],[29.10141025119401,-3.790347319776746],[29.09833610958572,-3.784196569728869],[29.10775201161737,-3.76695691859724],[29.108399556478272,-3.749319725148125],[29.112855381436194,-3.736775983299405],[29.126391775343507,-3.726391394009333],[29.122497223748386,-3.708330548759498],[29.13222485860223,-3.703036664487866],[29.13197834438801,-3.69188462592556],[29.148613891601883,-3.682224998657181],[29.157149132623093,-3.66980878637631],[29.150269495646626,-3.657489213093358],[29.153058446248735,-3.642775196724252],[29.152456800673118,-3.631791716918541],[29.14694722493538,-3.616413604141984],[29.150585742527028,-3.610881767532248],[29.14333611382421,-3.598657341275544],[29.146082441542376,-3.570956230465602],[29.152486114502317,-3.565307460669129],[29.156124547323028,-3.550036193324369],[29.148947813246366,-3.540072950062493],[29.15087460835809,-3.535217060853288],[29.149528427124554,-3.513801672557038],[29.140793126424562,-3.505683182982325],[29.1383246866867,-3.49500681173731],[29.143058336046465,-3.479719437893046],[29.1358583323165,-3.466494603040982],[29.129447224935344,-3.432991965001767],[29.13282638549839,-3.423690944707751],[29.143702774048222,-3.415679898200848],[29.14444722493522,-3.402497219992286],[29.141767247518377,-3.391501859523525],[29.152029452854208,-3.372262529252686],[29.1510106574168,-3.362219982673261],[29.16296095106383,-3.35086944051096],[29.188814434475777,-3.346234213474931]],[[29.399749654134716,-5.640234097647146],[29.403133680555975,-5.652543396680027],[29.400515407986465,-5.664742832431664],[29.402491353353245,-5.677506504293906],[29.42220150417802,-5.668079149702633],[29.418296576606398,-5.658533251274675],[29.41957258436463,-5.651135790344626],[29.41335927327521,-5.638592387579405],[29.406115180122015,-5.635237081593153],[29.399749654134716,-5.640234097647146]],[[30.558453369141255,-7.397179354201421],[30.57757988823846,-7.411321335525208],[30.571671956380776,-7.426549471361865],[30.586933593750587,-7.417633455745071],[30.58636027018275,-7.405024135009905],[30.582801378038763,-7.39814099699573],[30.5574947102869,-7.392772344656922],[30.558453369141255,-7.397179354201421]],[[30.55845621744856,-7.460809725236635],[30.576473117404934,-7.479193243014933],[30.58831800672789,-7.478384866279547],[30.576302490234983,-7.460847973934541],[30.562127143012734,-7.453433965694815],[30.55845621744856,-7.460809725236635]],[[34.58819444444532,-13.879305543072277],[34.59278049045224,-13.863891589086949],[34.590847439236995,-13.84806368110887],[34.585131293403606,-13.828609199782015],[34.59809950086873,-13.806589343022315],[34.62138617621605,-13.776468900329444],[34.61388617621617,-13.773058255799818],[34.605836046007774,-13.76081433219513],[34.61131781684099,-13.743993043141183],[34.626697591146694,-13.723031400356886],[34.62803168402849,-13.70941377883612],[34.61550944010503,-13.70694171937567],[34.609730902778495,-13.698055543165017],[34.59523166232725,-13.687952190305646],[34.597508680556416,-13.677773425119918],[34.594912109375684,-13.667032322695007],[34.564100477431275,-13.651093466366431],[34.54861355251819,-13.63418537175716],[34.53335611979236,-13.602260458579563],[34.51117350260489,-13.596381552332588],[34.51110839843829,-13.589565417353544],[34.50418538411525,-13.58278020685367],[34.485368923611816,-13.580329034980014],[34.476391601563364,-13.59083603367227],[34.468939887153454,-13.594435480285075],[34.452240939670844,-13.596124933409172],[34.43999728732712,-13.593613811448714],[34.4277756076396,-13.57720891779404],[34.419716796875825,-13.5723665241334],[34.40855278862915,-13.560199911726754],[34.405830620660595,-13.549287639597095],[34.39359700520906,-13.533880738563532],[34.3851017252611,-13.527098240737265],[34.3735785590286,-13.500519193442383],[34.36765625000073,-13.493955337109115],[34.36999728732724,-13.480803481647328],[34.36223415798691,-13.470745972972203],[34.361507432726455,-13.456164538518113],[34.34416666666754,-13.444452841475913],[34.337775065104836,-13.43722492264282],[34.32095350477499,-13.409980185244368],[34.31722791883754,-13.399022611465561],[34.301925184462675,-13.380529772933949],[34.3061140950528,-13.365558256014953],[34.29969346788277,-13.34682209066049],[34.299436306424305,-13.335568835458337],[34.30333062066046,-13.326108386244673],[34.315296495226555,-13.308220745195404],[34.33718370225773,-13.286389147985142],[34.34269205729237,-13.285857192690317],[34.34640299479247,-13.270836033844445],[34.34193033854251,-13.239991849833647],[34.34164143880282,-13.223043065120768],[34.33672607421954,-13.209316122854055],[34.33786566840348,-13.200745430584536],[34.33278049045225,-13.181232084241156],[34.33982828776112,-13.165929892409368],[34.334975043403574,-13.152475845107865],[34.33721896701467,-13.146647123322948],[34.332989637587616,-13.136818835567984],[34.328369683160474,-13.111483820391213],[34.328891601563335,-13.101359037410814],[34.325097113716026,-13.086023208426353],[34.32664713541755,-13.074457724491861],[34.32416937934095,-13.065814332569708],[34.32777506510501,-13.05207382693505],[34.32695882161527,-13.03831948666509],[34.33445855034795,-13.027224922869266],[34.327471788195226,-12.99615558694945],[34.315295410157084,-12.982441394248935],[34.31137044270918,-12.958547351293783],[34.30542860243128,-12.947708321352119],[34.300268283421026,-12.92888182396707],[34.30203450520906,-12.92099960825972],[34.30000325520916,-12.904980456793288],[34.30432318793487,-12.894112943778676],[34.298457302518166,-12.884688844391787],[34.297380642361816,-12.875658896480353],[34.2799091254347,-12.86048935438846],[34.262665201823715,-12.841674521500064],[34.25665608724029,-12.830266915169855],[34.25807996961885,-12.812150324468522],[34.271941731771726,-12.794697524999654],[34.26888129340364,-12.783847644363604],[34.27081380208398,-12.768902440379254],[34.277301432292454,-12.753593195596574],[34.2493880208342,-12.745235990740381],[34.222517089844416,-12.720043662196124],[34.21036024305635,-12.705750856214948],[34.20023057725763,-12.689945192161847],[34.190826551650154,-12.671298273770047],[34.17587103949717,-12.630097644454354],[34.176940917969546,-12.617468792465324],[34.17248643663276,-12.598860122771434],[34.173598090278574,-12.576723892316002],[34.17834581163275,-12.561046266457396],[34.18502143012233,-12.549097210474892],[34.198793131511245,-12.53081243401032],[34.202847222223,-12.52179306552621],[34.19852484809087,-12.518022449209008],[34.193400878907035,-12.497621244794185],[34.18108100043475,-12.47356064368035],[34.17803819444532,-12.439566774343255],[34.17055474175418,-12.416094009600725],[34.16182318793483,-12.403909493549062],[34.149819607205515,-12.404382583826564],[34.13924614800413,-12.401274131137582],[34.11749755859437,-12.401114083394585],[34.074441731771515,-12.3716693677008],[34.06666151258747,-12.357478829515152],[34.05712212456683,-12.346575780476703],[34.05190836588604,-12.33243813942636],[34.046663953993686,-12.327780478839008],[34.031340060764705,-12.29711343241695],[34.03196587456665,-12.281583918537704],[34.01525282118132,-12.258859037909472],[34.01749728732716,-12.247775053541334],[34.024333224827096,-12.233530804418272],[34.02024359809104,-12.2148662536487],[34.020281846788976,-12.199933256696204],[34.02416395399382,-12.186386164690802],[34.0258756510425,-12.16973197633319],[34.03445203993135,-12.149125422526728],[34.03584309895916,-12.134661175573953],[34.04167073567793,-12.120490168638463],[34.05466200086881,-12.100817317088348],[34.06272271050432,-12.084375259807198],[34.05782416449716,-12.07573349548977],[34.0580517578134,-12.061891535863133],[34.05250271267436,-12.046779502452624],[34.05560709635489,-12.036719281104855],[34.05361518012222,-12.02438800941122],[34.05978054470563,-12.010172785896115],[34.07751112196263,-11.99499944606203],[34.07962212456669,-11.98235920084448],[34.08432779947981,-11.975580500762021],[34.11122287326458,-11.957980674384384],[34.14999728732705,-11.937219498182499],[34.18016031901112,-11.923750531177337],[34.181385362413884,-11.920524890988375],[34.16859727647647,-11.904710275113178],[34.16694146050429,-11.8869417204372],[34.16944715711895,-11.874921049872087],[34.17945800781313,-11.855524348495731],[34.17500271267424,-11.83577065927248],[34.177225748698675,-11.822191557718838],[34.19194173177163,-11.808886164932291],[34.21766113281325,-11.796573610686986],[34.235552842882775,-11.785830609391954],[34.2351871744799,-11.778737781705647],[34.244224989150034,-11.76770004842293],[34.25423204210136,-11.749856895222836],[34.30028591579952,-11.730269492891981],[34.29833604600776,-11.723257231611862],[34.31166775173699,-11.713900813432193],[34.311380208334185,-11.701658653067078],[34.3222249348965,-11.684724923694562],[34.32699842665005,-11.664802641806746],[34.32488796658055,-11.658187515943027],[34.30889160156323,-11.64512300857333],[34.31228027343815,-11.639656021814696],[34.30973063151117,-11.628619102334309],[34.30109212239648,-11.612497276173071],[34.303685438368916,-11.575397802456541],[34.289694552952085,-11.546910389281262],[34.27794080946244,-11.532158870193932],[34.27500813802152,-11.516369482183729],[34.277504611545915,-11.507221532971098],[34.27471381293475,-11.496383316832638],[34.2801885308167,-11.494268652120534],[34.28362006293481,-11.470861262813337],[34.2774750434035,-11.462200509781123],[34.272762044271644,-11.420912125477507],[34.27560682508761,-11.402130794110025],[34.27527452257027,-11.390258371157994],[34.26383300781333,-11.366761192354677],[34.26278076171956,-11.350002566064084],[34.2585951063375,-11.326930598848987],[34.25146131727514,-11.313784711271236],[34.226936577691674,-11.302196847780923],[34.22642388237932,-11.289877376218168],[34.22227267795205,-11.287044802435423],[34.21836941189309,-11.253826893387211],[34.232830674914,-11.239383805289515],[34.21916395399386,-11.229169368447673],[34.21151665581663,-11.21900484480011],[34.206626519097995,-11.19319836695348],[34.21056315104232,-11.162273074006258],[34.21583685980971,-11.151358360472202],[34.22562825520913,-11.146075021717202],[34.23280788845568,-11.133835980927142],[34.23754475911534,-11.119369021301846],[34.236626790365456,-11.11088988176791],[34.22583577474023,-11.103351904342638],[34.23333062066058,-11.0988590386774],[34.23277018229243,-11.091715077093818],[34.22278049045224,-11.083292496804606],[34.22357313368138,-11.0702250054944],[34.21901204427155,-11.039634049569697],[34.21277370876811,-11.01555662988178],[34.21472873263974,-11.00608858518375],[34.223063693577096,-10.99414563271825],[34.218336046007714,-10.972890614287111],[34.22388183593829,-10.961466189382058],[34.219447699653706,-10.94609170480101],[34.222485080295996,-10.934691693958433],[34.21694715711885,-10.907453738248684],[34.2199682617196,-10.892472184439972],[34.21330810546953,-10.86525904969377],[34.21472520616397,-10.84694714649511],[34.204420572917456,-10.826859798419287],[34.21246202257021,-10.794113894580091],[34.20503282335153,-10.772974978579668],[34.21135552300427,-10.766650380059678],[34.21583062066054,-10.741277658724211],[34.19828043619856,-10.724361154830236],[34.18888617621593,-10.710558257704774],[34.18874023437565,-10.69951238640212],[34.1978873697925,-10.689870323692046],[34.194047037761266,-10.673133941325895],[34.19361382378555,-10.66107027488502],[34.19999728732711,-10.641092111922175],[34.19084960937567,-10.615865332426734],[34.18583062066057,-10.615558325590802],[34.17689154730971,-10.604361154917896],[34.173911132813195,-10.592658206250263],[34.178592936198626,-10.583208065198157],[34.17806179470561,-10.572057349060534],[34.18488362630285,-10.56341470312494],[34.20027506510496,-10.55194165354587],[34.22677056206663,-10.536938940883216],[34.23139160156336,-10.530558325653654],[34.20734700520916,-10.50622957675665],[34.20644341362907,-10.495795345536177],[34.21110839843817,-10.4769416536014],[34.21916395399386,-10.466386098053293],[34.23402235243128,-10.454855539793781],[34.25047634548696,-10.447281212542652],[34.26230224609458,-10.444448910027447],[34.265234103733405,-10.435942847208281],[34.25522488064314,-10.431940500748563],[34.25002739800425,-10.42495434895257],[34.255275065104854,-10.402453738617712],[34.251837836372204,-10.391745527362671],[34.24339301215355,-10.378028350723724],[34.24550537109445,-10.36977117570825],[34.22712320963608,-10.36065462569337],[34.22448947482723,-10.352837514153808],[34.20386800130274,-10.339989071238433],[34.190387912327196,-10.316788862379651],[34.18357313368126,-10.316377756694434],[34.17530788845551,-10.30424796883469],[34.17906385633762,-10.288277713312947],[34.176324869792374,-10.281588938361276],[34.162929687500714,-10.274585425454346],[34.16082221137242,-10.267759999569753],[34.14826877170202,-10.2610037468622],[34.12895236545211,-10.242248660613388],[34.11667182074717,-10.241399797224293],[34.09350287543475,-10.203376319063],[34.08521945529589,-10.194879886235212],[34.071302354601464,-10.191569814080566],[34.064997016059806,-10.181669097942368],[34.06220784505285,-10.161924903078967],[34.0295011393236,-10.137001061409604],[34.02916965060842,-10.13110845616237],[34.01303222656321,-10.120810740241426],[34.001391601563164,-10.099681386416302],[34.005701226129126,-10.085834408345503],[34.006663140191776,-10.069413170836418],[34.00087999132012,-10.057968875597702],[33.99484998914994,-10.057349877388358],[33.98916395399368,-10.04655536920469],[33.971713867188264,-10.030361250293268],[33.96587510850771,-10.01922704755666],[33.956892903646576,-10.009668433469248],[33.95631564670219,-9.994407982905999],[33.93778103298688,-9.971686086222183],[33.94749701605968,-9.936680559176871],[33.950273980035426,-9.916437130644415],[33.94895833333402,-9.908206946731577],[33.940836046007675,-9.895109412561936],[33.92845024956671,-9.892806556118172],[33.923222113716065,-9.877956906065117],[33.9156084526918,-9.869522390012499],[33.91114718967094,-9.855871775602699],[33.90386935763968,-9.844708750709085],[33.9031260850702,-9.822183488953748],[33.90720594618125,-9.807882239778705],[33.89649739583404,-9.788764299526852],[33.89926161024374,-9.769235643536371],[33.89035210503549,-9.763736409871028],[33.88815646701476,-9.755684770744171],[33.90216579861192,-9.736986108106887],[33.922497287327246,-9.722774987512917],[33.93844021267438,-9.71960327866672],[33.94145182291743,-9.687854502785829],[33.94436008029578,-9.685448513882555],[33.95690809461877,-9.649027768061838],[33.95359157986177,-9.635846683545378],[33.966332194011216,-9.620680744226151],[33.95595811632011,-9.612935857622338],[33.953342827691635,-9.603931586864057],[33.95481119791742,-9.592430935831421],[33.94806830512215,-9.5807597678314],[33.946333279080534,-9.567036470723291],[33.97017306857703,-9.527546707706936],[33.98645941840351,-9.515743019243192],[34.017157389323586,-9.499456780691988],[34.03947048611195,-9.493609939361315],[34.05939425998332,-9.512435335512727],[34.06356391059102,-9.524389615509083],[34.0772081163202,-9.527491778185704],[34.08967203776126,-9.54103557895265],[34.11222493489674,-9.557497214105195],[34.11583062066052,-9.56361387771523],[34.14470811632014,-9.58943054927797],[34.17473578559094,-9.61390277317583],[34.189949273004174,-9.630531047020757],[34.2087725151917,-9.645629686602978],[34.2618972439244,-9.698278510617165],[34.27468614366398,-9.70800914211988],[34.278143446181204,-9.715745365122373],[34.29580729166736,-9.727474931899238],[34.32687201605979,-9.757922980784889],[34.33607503255274,-9.776145314890611],[34.33472493489672,-9.78524786072734],[34.34526394314321,-9.80027498745184],[34.35859402126828,-9.812197221871587],[34.382816026476405,-9.84537667876825],[34.391832953559856,-9.859938242884626],[34.41601209852514,-9.885405534802704],[34.43168429904597,-9.906447642262258],[34.45256835937584,-9.938179989513939],[34.45348280165007,-9.9459719070972],[34.46936848958404,-9.95919863234734],[34.47933268229241,-9.97229511535583],[34.49001708984463,-9.978099219626559],[34.50059054904585,-9.991432179956858],[34.506615939670894,-10.004599294204557],[34.50416937934102,-10.0160811938808],[34.51318033854244,-10.026269148246003],[34.54055121527869,-10.066864410530219],[34.54166341145907,-10.079980526513758],[34.528204210070214,-10.108321794396032],[34.5208574761292,-10.112946563814939],[34.520257703993764,-10.121112186096225],[34.52583604600783,-10.135954376297576],[34.53861382378539,-10.148052764960038],[34.54444715711877,-10.156941653842285],[34.549802788629336,-10.174210805304842],[34.55448513454933,-10.177849450050333],[34.56004557291743,-10.19229314849835],[34.568885091146626,-10.205780561682717],[34.56428168402846,-10.214317684614588],[34.56832411024391,-10.221086076536318],[34.569162868924366,-10.240512006968595],[34.56499186197988,-10.258038726790643],[34.57245985243122,-10.27358607649677],[34.577179361980086,-10.275922231008872],[34.585563151042436,-10.308075619113604],[34.58082736545225,-10.321255415110988],[34.583143988716074,-10.326457712741552],[34.57333604600773,-10.342692114856156],[34.57168023003538,-10.361352664429798],[34.56700412326483,-10.373126481695335],[34.56456597222308,-10.391649295266456],[34.56092447916733,-10.400577585732984],[34.5586496310771,-10.427678144523428],[34.567185872396635,-10.443206030796617],[34.571041124132755,-10.460225616287431],[34.58219238281327,-10.453058325711188],[34.59181260850772,-10.45944165361431],[34.587436523438384,-10.469677724027783],[34.5955837673618,-10.483176055723483],[34.59295844184095,-10.492561499509852],[34.57169433593828,-10.512680721500242],[34.568891601563344,-10.529626929169986],[34.57692274305646,-10.539363867639361],[34.57594509548681,-10.560078589303364],[34.58348415798679,-10.571903337016192],[34.625091145834226,-10.597390533178183],[34.622781575521685,-10.612556074074202],[34.6169032118064,-10.617706220554782],[34.620210503473125,-10.624671959481686],[34.644211154514785,-10.64427774017476],[34.64195746527849,-10.654509402494005],[34.64634819878546,-10.663799631436696],[34.653128255209076,-10.667312950661568],[34.65163736979235,-10.678787831295562],[34.65942599826473,-10.687557226905609],[34.65669108073007,-10.699385840177834],[34.64944173177173,-10.71333603548056],[34.66003851996601,-10.726780317154843],[34.6724414062507,-10.737618262025475],[34.6811355251744,-10.751171186277745],[34.67890842013963,-10.777202544765895],[34.67334852430628,-10.78411389458726],[34.6741444227439,-10.796423736157921],[34.67971950954933,-10.810247927771563],[34.674873589410424,-10.829175607879392],[34.67850097656327,-10.835479047545057],[34.67160590277842,-10.842992610907714],[34.67106933593828,-10.854133697054221],[34.676663411459224,-10.85831392708592],[34.67511176215362,-10.878243668825137],[34.66889160156336,-10.891881906662574],[34.679163953993736,-10.904843196800668],[34.67639702691047,-10.918883317233542],[34.67172526041759,-10.927002756246875],[34.6726101345493,-10.939868289006828],[34.653962673612,-10.953989247113057],[34.64944173177173,-10.963842627097385],[34.63832085503549,-10.979256581079374],[34.63446234809095,-10.993054052857863],[34.62221733941054,-11.002125097773302],[34.61413736979249,-11.019822309132438],[34.612448459202255,-11.033496354261597],[34.61517523871595,-11.048606217532132],[34.62611382378554,-11.048330474259759],[34.63758572048686,-11.053175173692148],[34.636389431424504,-11.073900949502187],[34.63833062066049,-11.079827870070968],[34.63472656250087,-11.101388878085231],[34.63916937934125,-11.118886165399452],[34.651936306424375,-11.131935888697559],[34.67386935763972,-11.142755929922638],[34.67704155816056,-11.146847184260125],[34.698460828993916,-11.159184152567494],[34.70638617621597,-11.173864192704816],[34.702780490452255,-11.177933203118577],[34.71756890191056,-11.19072169594832],[34.75611111111181,-11.208029774278232],[34.76348632812579,-11.229705121485381],[34.7708289930564,-11.233857682246478],[34.770221354167575,-11.24959783523039],[34.79273383246601,-11.26633706590459],[34.80025607638964,-11.278558338682569],[34.79906141493126,-11.28828096779916],[34.79070421007032,-11.287502701740655],[34.7856060112856,-11.29266017244025],[34.787454427084185,-11.308763416786787],[34.79373914930636,-11.324438601237791],[34.802745225695276,-11.320797108184793],[34.82666937934101,-11.33333060969528],[34.84540093316042,-11.345884049356822],[34.86611924913274,-11.35610282647654],[34.90307400173697,-11.37833562811068],[34.925978732639805,-11.39533052827266],[34.9291585286465,-11.399752186255789],[34.92209201388971,-11.422314442099811],[34.92658420138963,-11.438189279328627],[34.93413845486208,-11.452455636740773],[34.931191406250775,-11.462566856352021],[34.95073947482729,-11.480207101565718],[34.95583062066056,-11.491604128467698],[34.954702690973136,-11.506379112181692],[34.958726671007696,-11.510460872161618],[34.958041992188335,-11.522193456789202],[34.961403537327215,-11.527486696803017],[34.96362413194526,-11.558559287928027],[34.958336046007844,-11.570536555715101],[34.96546115451474,-11.581375043120962],[34.96280761718833,-11.600763470842441],[34.95738172743126,-11.615056548089829],[34.96512152777865,-11.631206450422837],[34.96723632812581,-11.65026949294484],[34.96551106770926,-11.68283703849614],[34.961697048611825,-11.700802940177045],[34.954658203125796,-11.711444894380117],[34.95073296441052,-11.727590998970086],[34.949788953993895,-11.741621082511113],[34.95107042100773,-11.768518868951809],[34.95484320746618,-11.779893651930484],[34.949163953994,-11.794441991764772],[34.94750813802152,-11.809995377171248],[34.93967230902866,-11.829626453547366],[34.937722439237064,-11.842057551629512],[34.9305251736119,-11.856149077227983],[34.92696994357715,-11.878884266015337],[34.91282714843823,-11.896590429198259],[34.90476399739668,-11.901054676157242],[34.899700520834074,-11.909218467384633],[34.90306423611207,-11.920285904443372],[34.900387912327226,-11.941153146183446],[34.89555826822987,-11.948025704772672],[34.895282118056286,-11.975833321942373],[34.8898887803827,-11.989242610128201],[34.88427083333397,-11.994340266374964],[34.88221408420219,-12.006086143103492],[34.8900081380217,-12.028315689530261],[34.87477105034798,-12.052012792379742],[34.86445258246613,-12.06278617561948],[34.84375542534798,-12.073295073182281],[34.82901963975762,-12.074195138285845],[34.81571668836881,-12.071969389589388],[34.810836588542365,-12.078302126130483],[34.81107421875078,-12.095606271084813],[34.80500271267448,-12.104724923422697],[34.794652235243746,-12.112691774546132],[34.777481011285545,-12.115291058398721],[34.7745610894105,-12.123308365251336],[34.76118001302165,-12.12683267080462],[34.75705457899375,-12.139590646056922],[34.74460177951465,-12.152488324000245],[34.7258718532995,-12.163553862187769],[34.69985894097306,-12.18724038561041],[34.69861436632026,-12.202202679437814],[34.708070203993834,-12.210531401220798],[34.71017795138972,-12.227874879942581],[34.72237630208418,-12.247983115607163],[34.72185980902856,-12.268608929396443],[34.71929904513962,-12.278943673313528],[34.711941731771724,-12.285552831295647],[34.71085232204951,-12.303285849947882],[34.700365668403606,-12.329031563907629],[34.699708658854945,-12.346908354261112],[34.7088856336813,-12.369147123778788],[34.70227973090351,-12.389553753540588],[34.708969726563225,-12.410301908909855],[34.70521050347299,-12.422172026089976],[34.698937717014594,-12.428866633290834],[34.684448784722974,-12.427972807336404],[34.68971625434102,-12.44319958684113],[34.69971842448001,-12.459122980928687],[34.6982470703133,-12.483854968760813],[34.70443467882018,-12.49076387717688],[34.70427463107728,-12.501518271701508],[34.71305284288263,-12.509011761280423],[34.7118739149314,-12.515649673602772],[34.71806098090361,-12.52334824130642],[34.73436306423696,-12.536222047722314],[34.75002332899379,-12.542507041208149],[34.75664388020908,-12.549495973495523],[34.75470811632033,-12.560272611943876],[34.767811957466165,-12.574321277300141],[34.77614529079949,-12.599312596729563],[34.76916937934118,-12.609659547678321],[34.76989963107718,-12.627686891417545],[34.792452799479975,-12.639973675264434],[34.7988693576396,-12.647699098436869],[34.80259657118125,-12.667179621428822],[34.808897026910415,-12.687196982527986],[34.80332736545216,-12.69013372297766],[34.80263943142432,-12.705480131388832],[34.80885904948002,-12.704997275486253],[34.81178222656325,-12.695864245977846],[34.8208306206605,-12.699414593197954],[34.815614149306384,-12.710956748139044],[34.81722493489667,-12.737224651769354],[34.808100585938234,-12.758266047156365],[34.7989149305564,-12.763869617031542],[34.79559299045229,-12.778276626571648],[34.78641221788263,-12.788446711201173],[34.78892523871599,-12.81913735788468],[34.785059678820296,-12.834115113952288],[34.779163411459024,-12.84248181316623],[34.77755805121615,-12.85631156576238],[34.77169704861188,-12.86355440429989],[34.770836046007666,-12.883891589617996],[34.76276909722293,-12.888612184233272],[34.75834743923684,-12.897470419905199],[34.75674587673694,-12.91824109046625],[34.76528211805629,-12.965001073078268],[34.762196723090995,-12.975274510572497],[34.7772195095493,-13.004991578697872],[34.778376736111966,-13.015850411156965],[34.7916639539938,-13.030525704117455],[34.79061035156337,-13.041468900725802],[34.80055392795231,-13.052760133358273],[34.81166395399373,-13.090460328649542],[34.81168077257024,-13.113058256154133],[34.797821723090976,-13.131931140258231],[34.79777506510504,-13.163613811681467],[34.80694173177165,-13.20609211026903],[34.80750271267448,-13.218303481790072],[34.81693739149392,-13.225906020848392],[34.81587510850766,-13.239399130649934],[34.80528049045217,-13.261113811627563],[34.80618706597306,-13.2765993801954],[34.79500922309114,-13.306363920109726],[34.79094021267434,-13.322436511246725],[34.7925906032994,-13.337021743443652],[34.801383463542486,-13.34763046739621],[34.81139160156339,-13.35346271565685],[34.82183268229238,-13.363684069818001],[34.84038845486202,-13.37484455158281],[34.84455837673687,-13.381434992117473],[34.856067708334024,-13.387662476923113],[34.871386176216106,-13.400913344971457],[34.86695258246601,-13.411119508160407],[34.860052083334146,-13.417327461716104],[34.86943142361196,-13.429231487317333],[34.86308919270925,-13.449868423070157],[34.86013075086879,-13.469597155698445],[34.86696397569523,-13.475836033733334],[34.86710015191061,-13.516223132236075],[34.86409776475767,-13.534246406966014],[34.85530870225767,-13.560297296709276],[34.85139160156319,-13.595792630891973],[34.85278049045218,-13.612192370466618],[34.85810980902857,-13.620906291903113],[34.85416937934109,-13.626409492855059],[34.8563921440981,-13.638313789723812],[34.85579644097294,-13.6551814654963],[34.83888400607725,-13.67741019812361],[34.842979058160616,-13.688201485010378],[34.84888617621601,-13.691168064869954],[34.847191840278526,-13.708573663819257],[34.861714409722985,-13.727154392976322],[34.86748101128552,-13.7250027002691],[34.882492947049506,-13.729786228912452],[34.88504286024397,-13.734484037069684],[34.91133951823008,-13.734782702434174],[34.96699055989666,-13.726376126917732],[34.99291666666744,-13.724781074835233],[35.01133734809098,-13.72554252231748],[35.037279730903606,-13.729474271447282],[35.05444607204947,-13.734725736288418],[35.06126844618137,-13.739257528820726],[35.06833767361178,-13.755277222822977],[35.07223904079938,-13.776813681145175],[35.078974066841,-13.79040037818683],[35.07885470920223,-13.802083320889263],[35.08858452691044,-13.83608180177475],[35.103613823785444,-13.845830608193355],[35.10972493489669,-13.860830608185745],[35.11605902777865,-13.892593303482231],[35.116380208334306,-13.904174792191734],[35.12361382378565,-13.915553101647724],[35.12388617621599,-13.928613811276565],[35.12823079427159,-13.94707029998266],[35.12452148437592,-13.950136706231172],[35.122002495660695,-13.966271417594598],[35.1385736762162,-13.974136000924048],[35.141649305556314,-13.978462444064194],[35.14240885416751,-13.999039158463756],[35.151973741320205,-14.00755668233106],[35.1674707031259,-14.03684352042414],[35.18140299479251,-14.046678589863822],[35.17916937934109,-14.064964180132572],[35.18579861111198,-14.078393542105164],[35.176663953993796,-14.087775052517275],[35.17996961805653,-14.108375095909942],[35.18001356336884,-14.124320191388303],[35.19138834635491,-14.134983168813603],[35.19583062066067,-14.155525703525914],[35.19472493489655,-14.161903741717182],[35.20206271701471,-14.177165785980739],[35.21127766927168,-14.189997274689851],[35.21807454427176,-14.185813789448826],[35.22353949652853,-14.191703546390386],[35.22277506510494,-14.20111381114282],[35.22916232638977,-14.210491523811905],[35.224704318577324,-14.220105239084996],[35.22416937934122,-14.237704522930827],[35.229721679688225,-14.258626831948593],[35.23572102864665,-14.265140503820462],[35.24944118923702,-14.270808364060796],[35.250253363716176,-14.279385838015124],[35.25702582465373,-14.289794909190595],[35.25574381510511,-14.29627711404873],[35.26303331163268,-14.301536445643404],[35.268950737848,-14.319559991641874],[35.27748480902852,-14.322763659175102],[35.28318359375084,-14.33760469649445],[35.29358832465374,-14.348218845795005],[35.296386176216004,-14.357159818013033],[35.29473849826462,-14.370262031548535],[35.28224175347298,-14.375547404809929],[35.27504720052155,-14.382138659147232],[35.27307888454947,-14.39693737875836],[35.24176378038276,-14.41899195774112],[35.233886176216004,-14.418613811039894],[35.22444498698014,-14.410294583613263],[35.21466688368133,-14.386484362270158],[35.19167426215352,-14.372213528943533],[35.1765424262162,-14.369685317139082],[35.166699218750864,-14.354078763327008],[35.16580132378556,-14.345203437810364],[35.152226562500914,-14.3342344708016],[35.15305284288269,-14.326418715596931],[35.13795247395922,-14.30301648036498],[35.12444173177158,-14.303336033316183],[35.111238606771565,-14.294605022035649],[35.11056369357715,-14.286380738185352],[35.10051432291738,-14.271573338018724],[35.09049370659801,-14.26635306892408],[35.08526801215355,-14.255550117540349],[35.08326171875091,-14.228504219115742],[35.07805284288281,-14.21778047780141],[35.06690809461878,-14.209945191346906],[35.044048936632684,-14.19992674517111],[35.03513020833423,-14.183333320699951],[35.0014306640632,-14.180345039451309],[34.99971950954938,-14.164997274701852],[34.99519911024391,-14.161281996925888],[34.986148546007826,-14.167873793797733],[34.96577745225767,-14.168872600220853],[34.952614474827094,-14.164395061160436],[34.941258138021674,-14.155328220887123],[34.93365885416762,-14.138314332006432],[34.93499728732729,-14.119506823335024],[34.92555826822996,-14.114752049031793],[34.92812282986182,-14.104188897995288],[34.92724500868127,-14.072289483948419],[34.91809841579931,-14.071980239156915],[34.91944173177171,-14.06265460982127],[34.91169704861192,-14.055355890206789],[34.91697428385493,-14.045886489169684],[34.90588487413277,-14.035020875025769],[34.89644639757017,-14.029376615045937],[34.88892523871601,-14.018640124165827],[34.87679199218837,-14.01186440802335],[34.86316243489653,-13.99923853997403],[34.844414062500846,-13.994854588153355],[34.84216959635495,-13.980880792587289],[34.831671006945264,-13.969787585127596],[34.82472493489655,-13.976663941460911],[34.82723849826465,-13.985032268279738],[34.841583116320294,-13.999397231380193],[34.84967827691054,-14.001608331639575],[34.84938530816043,-14.014287096824269],[34.83889160156326,-14.025836033450481],[34.828078342014805,-14.031921102891847],[34.82278428819535,-14.039633505231782],[34.829981011285554,-14.056908082046268],[34.846304796007686,-14.07186793446945],[34.85333550347309,-14.08721081640642],[34.856590169271556,-14.100423707024914],[34.86546061197992,-14.108957778201242],[34.85984266493124,-14.118536771252202],[34.83705729166752,-14.121564115000687],[34.82948079427172,-14.131634101974965],[34.82145399305631,-14.135459514299544],[34.81111436632034,-14.149985881479992],[34.812613932292436,-14.165073772097626],[34.808891601563346,-14.185836033372423],[34.81833062066045,-14.191789809411235],[34.81863552517449,-14.21522730939991],[34.80811197916744,-14.233432604530048],[34.807760959202085,-14.24921005677949],[34.802245008681496,-14.257357300699152],[34.7681477864591,-14.271497383157712],[34.72845486111186,-14.280118802424457],[34.724169379341106,-14.285558255546812],[34.70932617187577,-14.28659341179635],[34.704741210938266,-14.289997274641998],[34.68894097222312,-14.287809774642955],[34.68285101996616,-14.278296970828084],[34.69272460937588,-14.26036728333665],[34.69358018663268,-14.242067587164845],[34.68949435763978,-14.23118813838532],[34.66614257812579,-14.227113160088637],[34.636761610243866,-14.217163615822615],[34.622414279514665,-14.208169475201878],[34.60817220052155,-14.19064831635614],[34.59959418402865,-14.184294692227207],[34.604719509549454,-14.1680582556031],[34.60120442708404,-14.158033841545453],[34.580075412327226,-14.139494887561463],[34.56407118055625,-14.134578980445689],[34.564000651042534,-14.127789700935217],[34.548886176216115,-14.10000270008068],[34.549432508681434,-14.083777114151156],[34.54110839843838,-14.072502700094153],[34.5316105143238,-14.052137574236108],[34.532762586806314,-14.039498685353449],[34.529312337240356,-14.019718954460421],[34.519944661459185,-13.994467760896553],[34.51527398003549,-13.971944431914734],[34.52805284288274,-13.949719497030005],[34.54777506510487,-13.933886163704528],[34.556911892362,-13.929797622039855],[34.57692003038272,-13.910783678907102],[34.57716742621619,-13.902269681515559],[34.58819444444532,-13.879305543072277]],[[34.739090169271655,-12.091672080549076],[34.744439019097854,-12.089520659109436],[34.73806098090358,-12.074239354865723],[34.74577799479238,-12.056137683870263],[34.758883463542425,-12.050383289342717],[34.75129394531335,-12.045253894814572],[34.735081922743746,-12.043591568426903],[34.73344835069514,-12.032519248555376],[34.72222764757015,-12.055746787603157],[34.72225857204944,-12.064666329698122],[34.71061686198004,-12.081172677343972],[34.71819661458415,-12.092721071433838],[34.73208333333405,-12.100138877418756],[34.739090169271655,-12.091672080549076]],[[34.623058810764746,-12.04266274898292],[34.62879774305628,-12.030681412185034],[34.628917100695276,-12.017565635283733],[34.60924641927169,-12.008283951261836],[34.61931315104238,-12.024982898733859],[34.623058810764746,-12.04266274898292]],[[-85.7770779079859,12.114588747201607],[-85.75180419921847,12.100491524988335],[-85.72594129774276,12.093859038013244],[-85.71691324869761,12.093330609194183],[-85.69574273003442,12.070343141761022],[-85.6681477864581,12.062337499404777],[-85.66194173177055,12.055002701232429],[-85.66527506510388,12.049398317555376],[-85.65089816623241,12.040294042387622],[-85.63979492187474,12.04527071339134],[-85.63194173177051,12.04219101504269],[-85.62193305121497,12.050569378752543],[-85.60937093098927,12.055275053662772],[-85.59381808810734,12.046642512435673],[-85.58357991536434,12.048052017643089],[-85.57040744357614,12.039363866606903],[-85.5571392144094,12.023085654811839],[-85.55329888237823,12.01452798337631],[-85.53777506510384,12.00166936793314],[-85.52563313802057,11.987590863167783],[-85.5086083984372,11.955002701296339],[-85.49774441189207,11.93188773820358],[-85.48568739149272,11.920909819374007],[-85.46277506510391,11.889447145783114],[-85.43802571614553,11.871669368016823],[-85.43282036675318,11.875042577650026],[-85.42926079644067,11.889792740400969],[-85.42013671874969,11.89170626036503],[-85.38217692057268,11.883325726516416],[-85.37283447265595,11.884997275994373],[-85.358990614149,11.882376019485557],[-85.35646185980875,11.874332670966558],[-85.33830946180528,11.865940201353958],[-85.32514431423581,11.8509667855651],[-85.3122601996525,11.84159965232466],[-85.30546332465242,11.827113975250729],[-85.29569118923587,11.819343792964176],[-85.28801595052052,11.806614572052261],[-85.28128146701351,11.80485621701869],[-85.27173828124967,11.788696277793175],[-85.26462619357608,11.784793825538772],[-85.2516151258677,11.790552831611569],[-85.24068033854138,11.776508235266423],[-85.22830783420109,11.766392132842592],[-85.22243001302051,11.77183646877637],[-85.21300564236078,11.770531944037684],[-85.19590549045111,11.757119129376356],[-85.19165798611083,11.746674250911035],[-85.19388292100659,11.739563790846224],[-85.18466254340242,11.735788291716807],[-85.18017523871502,11.725544964900754],[-85.17323513454832,11.719626724887123],[-85.16633680555522,11.720275053879789],[-85.15575195312468,11.711726876802212],[-85.1488552517358,11.69678736943342],[-85.14688313802054,11.68496445277459],[-85.13937499999966,11.684321820396544],[-85.13234700520802,11.677590320835106],[-85.12694173177051,11.66528047926334],[-85.1221582031247,11.640768489262301],[-85.09773437499963,11.641343576067491],[-85.09280164930522,11.632252864268036],[-85.08305284288164,11.62278047929167],[-85.06865288628438,11.595276410299524],[-85.06410915798578,11.582249880360338],[-85.05938802083297,11.581381282270668],[-85.05425726996492,11.570272070038385],[-85.04275878906219,11.559980457632136],[-85.02688259548579,11.549963910329836],[-85.00966145833311,11.526526681612934],[-84.99972493489554,11.516941449414594],[-84.9932682291663,11.516384808789898],[-84.97998046874966,11.507763118257571],[-84.96971733940936,11.488799902124482],[-84.95969238281225,11.474724923835463],[-84.95270019531212,11.476325129997567],[-84.9434277343747,11.455152169942526],[-84.94221896701356,11.447990440346576],[-84.93054524739549,11.440841731584086],[-84.91694118923584,11.448578819252395],[-84.90804361979137,11.445830609618945],[-84.90471516927053,11.438811024120144],[-84.90471516927053,11.423671592706889],[-84.89777452256914,11.384998361396338],[-84.8988916015622,11.366108387450975],[-84.88158854166629,11.36080266913857],[-84.87412543402746,11.353489301087995],[-84.8650862630205,11.356605620530388],[-84.85766818576361,11.34760442696016],[-84.8580653211802,11.330218087996295],[-84.86889485677052,11.327644303275893],[-84.86628200954827,11.319090972118529],[-84.85184624565936,11.320099815433808],[-84.83127387152743,11.303553862754223],[-84.8223296440969,11.304432497736222],[-84.80545952690935,11.294401844531325],[-84.80209906683989,11.28758435321655],[-84.79683376736074,11.262408300716572],[-84.79190321180522,11.252723513396944],[-84.79304633246491,11.241624066790086],[-84.78909884982602,11.235432389276907],[-84.77653320312463,11.231533192231137],[-84.78493109808991,11.22171005855727],[-84.79000271267324,11.183057714834115],[-84.78906521267332,11.164231217451453],[-84.78528049045102,11.150792632391314],[-84.78952582465243,11.138157541254305],[-84.7863639322913,11.129126237007233],[-84.7763416883677,11.114990494829659],[-84.76776367187462,11.108321929296013],[-84.77693196614548,11.09286782774447],[-84.79000271267324,11.075280479666448],[-84.80831597222186,11.0639097656988],[-84.81421712239546,11.054833702337127],[-84.83468858506909,11.041649837329087],[-84.84271972656217,11.044561892448481],[-84.8801741536455,11.03929171016055],[-84.90097222222187,11.02847221147034],[-84.91684950086771,11.0317735352528],[-84.92500434027743,11.045568023090132],[-84.9302484809025,11.046352528297975],[-84.93513943142327,11.057685807369834],[-84.97935655381912,11.04750270190823],[-84.99085286458308,11.05363280173043],[-84.98944878472192,11.067291927154686],[-84.99643988715242,11.070808908489076],[-85.0025141059024,11.064714073423884],[-85.01440212673577,11.065552289569169],[-85.01977376302048,11.069430599028228],[-85.0265576171872,11.063732899379472],[-85.03937554253437,11.060270714052058],[-85.0458447265622,11.069194053889664],[-85.05751898871502,11.063058257452761],[-85.06591579861075,11.077193728363005],[-85.07110351562466,11.07917533643461],[-85.09207628038162,11.078922786521593],[-85.10585232204829,11.08638616542267],[-85.11793023003436,11.079966352059037],[-85.13047309027746,11.082204036519295],[-85.14603135850663,11.096142024790716],[-85.15792046440941,11.099252647618345],[-85.16587944878441,11.106941720963684],[-85.17669650607606,11.101391590759237],[-85.18893229166633,11.090837120280543],[-85.20284450954827,11.09000405821518],[-85.22956488715252,11.105275054298216],[-85.24468370225664,11.099332400222503],[-85.26389160156215,11.10860811636178],[-85.28742133246492,11.129054622423848],[-85.31210123697889,11.141108387606474],[-85.32669867621496,11.13992973092329],[-85.34244086371493,11.152383344195842],[-85.35094265407959,11.150002701836438],[-85.36273600260382,11.15661023221364],[-85.38477945963513,11.15498127171129],[-85.40641357421853,11.16249727648039],[-85.42980116102399,11.158613812941415],[-85.43694715711774,11.160830609814836],[-85.44851209852402,11.171860883244761],[-85.45753689236079,11.172410742185347],[-85.46361138237815,11.182234689661199],[-85.4791794162324,11.178377267788829],[-85.489107801649,11.19047687715537],[-85.49868950737815,11.18891953123628],[-85.51226291232607,11.204997276450808],[-85.52557562933998,11.206852473932255],[-85.53755018446147,11.227336143622813],[-85.55309190538172,11.235588096742083],[-85.56441270616295,11.23580266922473],[-85.57947509765597,11.243336848906914],[-85.5820537651907,11.249266210882087],[-85.59932617187474,11.25296087233766],[-85.61136555989557,11.252760948292748],[-85.6171093749997,11.24528047954787],[-85.62556396484352,11.249175065048693],[-85.64744628906222,11.273694921802544],[-85.66903184678786,11.283910308080188],[-85.68572347005184,11.297543391838207],[-85.69368733723931,11.312549359709895],[-85.703886176215,11.318640939566755],[-85.70446478949631,11.32543483062121],[-85.71306586371496,11.333633886605119],[-85.72348659939212,11.33560166004135],[-85.72976128472195,11.347030967759114],[-85.74005642361087,11.359437109243746],[-85.7576220703122,11.374809559319877],[-85.76670138888865,11.389275976410849],[-85.76819580078093,11.402416981176122],[-85.77940456814207,11.41383245425868],[-85.77833604600676,11.434490548862703],[-85.78994737413166,11.453097319683387],[-85.79221950954835,11.464261870457062],[-85.78961778428798,11.488988704207793],[-85.79462320963513,11.502506499337448],[-85.82028049045117,11.54110838733241],[-85.8405783420136,11.57920246282773],[-85.84946343315943,11.601423328698152],[-85.85929036458303,11.633150487965196],[-85.86361382378443,11.64305283170869],[-85.86667995876718,11.666149619887738],[-85.8652804904511,11.683929567792704],[-85.86722819010389,11.69681666630847],[-85.87652642144066,11.696133615093704],[-85.88208116319419,11.690109580809505],[-85.88192355685733,11.672730566064004],[-85.89478325737821,11.676398643318496],[-85.89837320963512,11.681245105989],[-85.8851611328123,11.690225683239934],[-85.88979953341988,11.699857844691996],[-85.89881157769067,11.697714290005868],[-85.90912543402749,11.701397558232484],[-85.92000271267334,11.716941720548709],[-85.92252902560739,11.728156727051735],[-85.91744737413173,11.739119183641671],[-85.90666666666644,11.746266807334932],[-85.8962334526907,11.749056520874714],[-85.88694715711787,11.765329578589736],[-85.88835069444414,11.77919947875427],[-85.89626681857611,11.786499012169537],[-85.89719862196152,11.793242990029748],[-85.8904695638019,11.799439821622865],[-85.88947699652753,11.81701387760102],[-85.89739827473929,11.82268906205914],[-85.89743570963519,11.829899348512765],[-85.9032508680553,11.839300118905923],[-85.90445475260385,11.852526030355717],[-85.91000813802056,11.856680761255719],[-85.91916395399278,11.874169368015194],[-85.92998101128444,11.884163942661617],[-85.92861165364559,11.898626833277214],[-85.92157063802054,11.902049956104811],[-85.90523193359346,11.89359997781163],[-85.89740397135385,11.881688356725661],[-85.90335232204833,11.875280479125662],[-85.89370415581573,11.870304621924054],[-85.88999728732622,11.88237900342665],[-85.89513183593729,11.893443727811817],[-85.89485975477407,11.907244997334098],[-85.90156928168378,11.906638714782359],[-85.90857204861086,11.919272449583218],[-85.92083333333306,11.918307822847742],[-85.93016493055529,11.913613812434146],[-85.94018690321161,11.925791275533891],[-85.94471544053796,11.942794313717352],[-85.94436713324622,11.959702950859414],[-85.93499647352405,12.001142295450837],[-85.92250271267332,12.036391590133123],[-85.91167534722206,12.0575081265781],[-85.90244710286433,12.067305489853066],[-85.89185601128443,12.084330229425728],[-85.86360839843722,12.09689262091065],[-85.85869357638865,12.090996896088026],[-85.84562282986084,12.089368749387646],[-85.82960503472202,12.09660507750817],[-85.80747992621508,12.114458267600957],[-85.79384819878453,12.111113812307938],[-85.78444715711775,12.11954642949016],[-85.7770779079859,12.114588747201607]],[[-85.80558485243029,11.771935210095837],[-85.81444715711787,11.760552831631014],[-85.81882812499981,11.765787206627623],[-85.84250271267335,11.764441720517334],[-85.85330349392332,11.773608387178218],[-85.87153808593717,11.76637531426615],[-85.86635877821152,11.756721722692621],[-85.87091824001705,11.747784548219277],[-85.8799972873261,11.74347980646863],[-85.88221950954829,11.732529828177384],[-85.87131320529488,11.728244346409342],[-85.86774495442683,11.71768960466269],[-85.87943060980872,11.70970593496318],[-85.87795057508656,11.70372177698114],[-85.8648871527775,11.70545192020901],[-85.86019341362828,11.712770984874407],[-85.84887315538164,11.715122872893593],[-85.84046142578094,11.71151338938906],[-85.82790201822891,11.715391698848245],[-85.81758029513857,11.710282649372532],[-85.79211751302059,11.710203168035692],[-85.78778510199623,11.71589517107028],[-85.78907470703098,11.742582996573512],[-85.79602891710046,11.755062651513112],[-85.79667127821159,11.76740287502939],[-85.80558485243029,11.771935210095837]],[[-85.62795952690945,11.596060101705204],[-85.63967909071152,11.595591622972918],[-85.64260660807263,11.590138606483569],[-85.66139160156219,11.58583603487183],[-85.68024793836774,11.576663942864167],[-85.68586968315952,11.569463422035549],[-85.69473253038164,11.567315527071738],[-85.7006751844616,11.551768923349508],[-85.69889160156215,11.547109363890831],[-85.70860758463519,11.52948485218393],[-85.71658962673584,11.509849164263066],[-85.68611382378444,11.482497276260744],[-85.67379611545115,11.478003461159725],[-85.6541191948782,11.479770768016033],[-85.64898573133651,11.483052831815964],[-85.63809516058998,11.480296755428874],[-85.63232476128454,11.474275433818383],[-85.62144422743026,11.478852799266683],[-85.62253580729134,11.486334624348423],[-85.60525092230881,11.484478070530228],[-85.59013888888857,11.491145008459759],[-85.57276367187468,11.482639962892529],[-85.56473822699623,11.482157378257535],[-85.56060601128445,11.47229789475717],[-85.56605821397541,11.458798545808026],[-85.5649118381074,11.44597193991387],[-85.55973876953095,11.43458305103279],[-85.54810845269066,11.425345041056323],[-85.5373000759546,11.407056195582665],[-85.5318375651039,11.404823665202303],[-85.50402777777754,11.400694433434369],[-85.48863606770809,11.404267024577713],[-85.47891845703093,11.41165282101364],[-85.47340467664903,11.410558257212344],[-85.45835205078092,11.421822634374701],[-85.4564702690969,11.446423328802585],[-85.45985812716988,11.471012901268534],[-85.4686138237844,11.479441720707216],[-85.47388726128443,11.499952788401668],[-85.48302571614553,11.490280479380422],[-85.50301486545116,11.494997276252292],[-85.51410101996494,11.492798925559475],[-85.52970513237814,11.497591948559535],[-85.54246175130184,11.492793500212064],[-85.55462158203096,11.512476388653775],[-85.56036132812469,11.530211306176582],[-85.56111518012122,11.541430924224441],[-85.56555257161438,11.549425173351075],[-85.56163655598937,11.555883777947523],[-85.56108072916635,11.567462553981287],[-85.5666129557289,11.57318358262332],[-85.5790388997393,11.576794422464712],[-85.58635904947889,11.587497276190131],[-85.59469238281226,11.590830609521301],[-85.60558132595457,11.588450509696607],[-85.6166205512151,11.589724923758155],[-85.62795952690945,11.596060101705204]],[[-85.01996419270803,11.204123524281314],[-85.03104437933995,11.201391590689479],[-85.04944769965249,11.203890505618313],[-85.04269911024267,11.189615060749718],[-85.05072482638853,11.17889674478505],[-85.04699164496496,11.154759103742725],[-85.03863064236077,11.156107845061213],[-85.03143500433994,11.162219498702848],[-85.00688693576352,11.169026681857819],[-85.00970920138852,11.189711360662889],[-85.01996419270803,11.204123524281314]],[[-84.97351833767331,11.193079416216092],[-84.98692816840244,11.182803808584318],[-84.9829790581594,11.16973577473926],[-84.96713867187466,11.161675607644103],[-84.97360297308995,11.174660633676766],[-84.9672276475691,11.189368207451253],[-84.97351833767331,11.193079416216092]],[[-84.96359754774274,11.167413997397096],[-84.95917697482602,11.155803754349643],[-84.95050075954828,11.153043880219634],[-84.94037597656214,11.143115766077214],[-84.93033474392331,11.137797298198997],[-84.9233219401039,11.150834950099675],[-84.94192328558998,11.152397721365968],[-84.94640950520798,11.162278906254796],[-84.96359754774274,11.167413997397096]],[[-85.06191134982606,11.159782975267085],[-85.0568033854163,11.162046701393864],[-85.05854112413162,11.185936675335652],[-85.07109212239556,11.172599001733785],[-85.06191134982606,11.159782975267085]],[[-69.70472442626948,-15.234527761287373],[-69.69129099527987,-15.239415863498738],[-69.6832798936632,-15.248743612111562],[-69.66799360487204,-15.255557678677807],[-69.66201182047521,-15.262272342710496],[-69.66885382758234,-15.267780545155082],[-69.6688476901583,-15.275213406480384],[-69.65651068793404,-15.283966932952492],[-69.65068081325946,-15.283882941795866],[-69.6458192274305,-15.29529699072793],[-69.65002766927063,-15.300524041507032],[-69.64298034667974,-15.320521430550743],[-69.63479271782771,-15.325153829366123],[-69.6307436794705,-15.33579466459416],[-69.63471893310529,-15.35391108575673],[-69.62222500271257,-15.353486959237804],[-69.60474639892581,-15.356961419414436],[-69.59645131429029,-15.37003426825894],[-69.57690324571391,-15.36749340861381],[-69.57656046549471,-15.362136522493957],[-69.56553215874554,-15.350292413069358],[-69.5537688530815,-15.376498739013718],[-69.53333055284278,-15.37750276733379],[-69.52405470106328,-15.37136653008571],[-69.51727498372395,-15.377921061604372],[-69.52851399739589,-15.390550727398],[-69.51299804687497,-15.408543315010391],[-69.49143636067703,-15.417740940061023],[-69.46479404025607,-15.441608907445344],[-69.46074503580732,-15.453531548771002],[-69.44787946912965,-15.457643588971374],[-69.43871663411471,-15.468552266810079],[-69.43701748318131,-15.481035787312937],[-69.44399278428818,-15.482613783460394],[-69.4427736409504,-15.492841919307],[-69.43048509385852,-15.503246887564872],[-69.41774719238258,-15.504996528134813],[-69.41555860731323,-15.496656480937673],[-69.4269256591797,-15.492123942419298],[-69.43171691894526,-15.485996284001613],[-69.42727403428825,-15.479510586575659],[-69.41285203721779,-15.483665724377962],[-69.3984033881293,-15.483929158893966],[-69.38964660644527,-15.474377224761355],[-69.37828979492184,-15.471948161177249],[-69.38000278049037,-15.496685676087312],[-69.39262790256075,-15.507862840796586],[-69.3571967230903,-15.53084990133471],[-69.33118157280802,-15.539042616446581],[-69.32095241970478,-15.547924791464936],[-69.29286275227864,-15.553941772799403],[-69.28249199761282,-15.562247538583932],[-69.28224806043832,-15.573930854280599],[-69.29623033311603,-15.57860458746013],[-69.28858784993491,-15.593165202146507],[-69.29028964572473,-15.600292684239903],[-69.30543334960932,-15.602112006613638],[-69.29303968641483,-15.62643139679557],[-69.28363511827229,-15.633336643103492],[-69.27637464735233,-15.626936225354145],[-69.27166388617619,-15.63761127417841],[-69.25990044487841,-15.640611016473244],[-69.26565714518225,-15.6530924346545],[-69.26220974392362,-15.670575141353545],[-69.25305833604592,-15.678336100552176],[-69.23840223524294,-15.680265014939561],[-69.22789388020821,-15.671880412077991],[-69.22056993272557,-15.678335422383757],[-69.20716905381931,-15.676639662293233],[-69.20124457465285,-15.671638441592089],[-69.18694722493488,-15.67436623835747],[-69.17639166937903,-15.686947211660232],[-69.19037618001292,-15.6978491078149],[-69.1877379692924,-15.707148695485067],[-69.17565999348942,-15.714928711215652],[-69.15430026584184,-15.720243245718926],[-69.12509880913633,-15.723906711429382],[-69.1125187174478,-15.729731092937623],[-69.09858120388454,-15.726669433867563],[-69.08817776150167,-15.737112006563482],[-69.08521016438795,-15.749845364306262],[-69.07285834418389,-15.756877563739454],[-69.05969306098076,-15.789758287468688],[-69.0522158474391,-15.797951646840849],[-69.03330647786449,-15.808078396511453],[-69.01774407280813,-15.842249132176338],[-69.01216932508677,-15.860900526484],[-69.00446695963525,-15.86611211502387],[-68.9967113579643,-15.865332289177758],[-68.98804199218745,-15.871141411897028],[-68.98371839735229,-15.8879361167522],[-68.96555277506484,-15.893330539493277],[-68.96263075086783,-15.896700493919102],[-68.94132215711795,-15.89861530240369],[-68.92528055826816,-15.912224989356398],[-68.90833055284274,-15.923608317260346],[-68.90370659722221,-15.933577121510368],[-68.88879075792086,-15.943368177821837],[-68.87090671115436,-15.938516086352191],[-68.85472086588528,-15.939186455818174],[-68.84552395290784,-15.928586208968564],[-68.83366102430537,-15.932343804453476],[-68.83075453016477,-15.938336100458063],[-68.81728203667527,-15.93700377081476],[-68.80898356119775,-15.947816013106904],[-68.79067776150164,-15.954251017444848],[-68.79025878906225,-15.967497206133686],[-68.78046074761282,-15.967749959497485],[-68.7662958441837,-15.956304986085746],[-68.75971381293378,-15.953882839819167],[-68.75999972873248,-15.944174587869375],[-68.75027777777771,-15.940269287306574],[-68.7391657172308,-15.950560221547482],[-68.7377811686196,-15.962252794243327],[-68.74309014214396,-15.967770168915848],[-68.75736111111087,-15.966703003117678],[-68.76793253580709,-15.971391656002083],[-68.77694715711786,-15.986669433774713],[-68.75662584092873,-15.986113878219351],[-68.74805284288183,-15.997246961982816],[-68.76885104709183,-15.995547811050223],[-68.78431111653643,-15.990561306603219],[-68.79331244574651,-16.008427720984976],[-68.80252983940969,-16.007780544878607],[-68.80945543077252,-16.013043470766355],[-68.81668023003456,-16.00998608415725],[-68.8233124457464,-16.021093668788883],[-68.83496202256947,-16.031122626576057],[-68.83472493489566,-16.051535359858878],[-68.84388278537322,-16.061600938740305],[-68.86293782552085,-16.064780734746137],[-68.86139865451372,-16.050772149138652],[-68.87453870985225,-16.062321967385653],[-68.8901350911457,-16.067553154992556],[-68.8942938910589,-16.07607210301475],[-68.90367370605459,-16.07278054485618],[-68.90499721950954,-16.08340676555558],[-68.8892253282335,-16.094431884909692],[-68.89165649414048,-16.110913886314666],[-68.88211215549032,-16.117005330540053],[-68.88130777994792,-16.12363612209583],[-68.86333604600688,-16.146190036476153],[-68.86832221137132,-16.161467678615328],[-68.84700873480892,-16.162016588120274],[-68.84444715711794,-16.16978473590397],[-68.85095675998244,-16.177150458557854],[-68.84279066297728,-16.193823906903198],[-68.85252983940954,-16.203608384981433],[-68.84882473415799,-16.21619898827596],[-68.83469238281242,-16.223886162752343],[-68.82289727105035,-16.207273342662607],[-68.81478474934886,-16.207384833547955],[-68.81103759765617,-16.187069892148543],[-68.80434054904507,-16.182737616759045],[-68.78132324218747,-16.182243367627507],[-68.75833062065969,-16.19083060720792],[-68.74893798828113,-16.19915512434928],[-68.72627834743903,-16.201155449869358],[-68.70399237738704,-16.214199883458974],[-68.69269897460919,-16.21307127560333],[-68.67361382378456,-16.218891588101325],[-68.64556911892346,-16.219152818569977],[-68.62433322482627,-16.202780476995542],[-68.60583496093737,-16.20781953949393],[-68.59365939670131,-16.220135348951676],[-68.60158867730024,-16.227570516049983],[-68.59948174370643,-16.2427350396993],[-68.58989176432289,-16.24769977494089],[-68.58251803927938,-16.23653617359879],[-68.57516208224823,-16.252901326588525],[-68.58920613606762,-16.27175440817938],[-68.6017083062064,-16.281171454617372],[-68.60647054036437,-16.292905124318466],[-68.59970893012138,-16.31052461758537],[-68.60217692057267,-16.317358384944335],[-68.61430365668386,-16.327852498439132],[-68.63613009982636,-16.321941718276037],[-68.64866278754324,-16.31361381029266],[-68.66331393771685,-16.313869615414024],[-68.66812906901035,-16.317497273833013],[-68.68104627821162,-16.306956773619447],[-68.69391872829856,-16.305280476961848],[-68.69286580403644,-16.324254679429806],[-68.70530015733496,-16.319079305082585],[-68.71587266710038,-16.320001207208975],[-68.7218157280814,-16.328471123655916],[-68.73239249617382,-16.32937196771197],[-68.72117052050481,-16.347615339338724],[-68.71174785492184,-16.35111314701595],[-68.70717928979059,-16.345687975924484],[-68.71224754173295,-16.337692986947527],[-68.69547234164186,-16.331768129044885],[-68.68826257479432,-16.339834501852028],[-68.67948236368272,-16.34140494611545],[-68.67812607090941,-16.3541112678825],[-68.68947609990701,-16.36522811494215],[-68.67798938890084,-16.372498300432042],[-68.68179652651017,-16.38011257564828],[-68.69873828887171,-16.394389341678757],[-68.70330685400286,-16.412663602197878],[-68.7137764824286,-16.424656085663337],[-68.74404322642266,-16.417803237968812],[-68.75489356860925,-16.42332358750056],[-68.77012211904652,-16.4263692975868],[-68.78782530892981,-16.425417513185092],[-68.7963913685509,-16.427892152630157],[-68.80210207496486,-16.419897163653264],[-68.81372056749122,-16.423608384910214],[-68.82368774414057,-16.420387898800364],[-68.83691772460912,-16.420836032480437],[-68.84793457031253,-16.42499727379881],[-68.85450697157108,-16.42333603247991],[-68.88444166395382,-16.423613810257553],[-68.9214182535807,-16.43362018503748],[-68.93305833604597,-16.42999727379708],[-68.94790846082891,-16.437332343239433],[-68.95416388617609,-16.445874145537115],[-68.94944722493491,-16.451435126438113],[-68.95789374457445,-16.472094441752684],[-68.94166944715707,-16.475275051560917],[-68.90225490993912,-16.476500366230546],[-68.88483832465256,-16.470283867751583],[-68.87229478624123,-16.472784817186422],[-68.8662429470485,-16.486437703467058],[-68.86011705186614,-16.48900321453405],[-68.85666937934019,-16.4982766249045],[-68.84922390407975,-16.50224092611839],[-68.8547195095484,-16.511847588441896],[-68.84994411892347,-16.51830348036683],[-68.85168348524294,-16.530024807403294],[-68.84249728732622,-16.54889158799656],[-68.85267049153641,-16.55232949489647],[-68.86000271267346,-16.56432344563062],[-68.86103786892357,-16.590785305431762],[-68.91936625162762,-16.594163940413285],[-68.93608710394952,-16.58580727808924],[-68.94418077256938,-16.586941311292016],[-68.97941609700504,-16.567734632695586],[-68.99392971462672,-16.56555282931087],[-69.00343499077681,-16.560143622498146],[-69.02930135091134,-16.552783325191434],[-69.0348113335503,-16.56073132323586],[-69.05284030490435,-16.536564249675433],[-69.06312337239578,-16.529368204755773],[-69.06523050944,-16.514947224942713],[-69.07203932020391,-16.50604206001491],[-69.0798065863714,-16.48789997017663],[-69.08694166395387,-16.484670532243708],[-69.07775980631499,-16.466201158334382],[-69.06487894694001,-16.45667763945731],[-69.0573312717013,-16.443913289417882],[-69.04403727213537,-16.43799911841282],[-69.03658616807724,-16.425425740595497],[-69.03738640679252,-16.419729668548726],[-69.02172064887148,-16.404808064820628],[-69.02251993815096,-16.393706854971892],[-69.02897976345481,-16.376174438527766],[-69.02415730794273,-16.35467948410763],[-69.02459452311182,-16.341239000170933],[-69.02083611382358,-16.332477064409915],[-69.03495849609367,-16.307264526440576],[-69.03662462022568,-16.292802178354986],[-69.04230943467877,-16.28420056160428],[-69.05641879611531,-16.27639158808239],[-69.06724168565526,-16.278058797283425],[-69.07531867133244,-16.27330809198975],[-69.07477667914478,-16.25725055618781],[-69.05323296440966,-16.257114651239824],[-69.04389166937938,-16.262263034484647],[-69.04304755316826,-16.267803127798814],[-69.02332790798606,-16.27025809741621],[-69.01154052734341,-16.265615763433264],[-69.00507703993051,-16.273460408613076],[-68.99734117295999,-16.27443832744926],[-68.99166388617621,-16.266196682486846],[-68.97878682454413,-16.262775051628683],[-68.96531853569869,-16.23218680836604],[-68.95889166937914,-16.224692369349267],[-68.9645073106553,-16.219330498691516],[-68.96054328070736,-16.205093302515508],[-68.9515909830729,-16.19497041840442],[-68.93836079915334,-16.19475367578306],[-68.91720737033413,-16.20583847395631],[-68.91942498101129,-16.213395575733422],[-68.88972500271251,-16.234207478938124],[-68.898052775065,-16.24642970115654],[-68.89517205132368,-16.256446384095927],[-68.88068298339823,-16.2660786811847],[-68.87566501193574,-16.264447143641934],[-68.84467624240452,-16.268908271027566],[-68.8361885579425,-16.2727651503667],[-68.83778049045134,-16.255002699200624],[-68.82889160156245,-16.244001722641816],[-68.83112521701389,-16.236091837661743],[-68.85757595486109,-16.21514226627105],[-68.87535739474822,-16.20529892317521],[-68.89713894314238,-16.196452351997692],[-68.90721971299905,-16.188608249352882],[-68.91744323730464,-16.188687188154592],[-68.94681369357616,-16.18001721202925],[-68.95336357964399,-16.173336032560897],[-68.95974317762574,-16.17415580252583],[-68.9765777587889,-16.140322252190053],[-68.99187377929687,-16.127872911373917],[-69.01946275499125,-16.11028095174422],[-69.05087171766502,-16.094980930048177],[-69.07694722493468,-16.08916943373932],[-69.0888441297743,-16.076459133722093],[-69.11456095377591,-16.06044906970837],[-69.13088562011704,-16.060105238328354],[-69.12512105305981,-16.073886094985962],[-69.11664720323334,-16.082248114840013],[-69.11406968858505,-16.098748426791836],[-69.10195821126291,-16.10196443699044],[-69.09055847167954,-16.114724989286344],[-69.08568549262132,-16.116456488851682],[-69.08631802029076,-16.127774983856565],[-69.0761138916015,-16.1486573487585],[-69.08355238172734,-16.15769923243608],[-69.0944578721787,-16.161147311861804],[-69.09057325575077,-16.16795096854368],[-69.10166388617623,-16.178891588114674],[-69.12011840820307,-16.180873331820468],[-69.12439303927948,-16.18538884831223],[-69.12078708224811,-16.195280476997908],[-69.10796067979601,-16.19979124631094],[-69.10604539659269,-16.207546780162467],[-69.09866183810749,-16.207707912974875],[-69.09501736111109,-16.218488891704],[-69.10306335449212,-16.225590806849073],[-69.0987352159286,-16.235424248686286],[-69.10391947428373,-16.24026298023841],[-69.11473124186199,-16.23710190168045],[-69.12837829589846,-16.24594901539284],[-69.14905605739989,-16.254955634313557],[-69.16749721950947,-16.25889158808813],[-69.17393513997385,-16.25639158808902],[-69.19349134657108,-16.26391111933671],[-69.21034376356334,-16.267993557486356],[-69.21533874511707,-16.265797648198756],[-69.23856892903638,-16.26705456551615],[-69.25625983344173,-16.27249727384779],[-69.25509114583329,-16.280793172282486],[-69.26416388617614,-16.285552829399073],[-69.28535664876296,-16.274957668812213],[-69.28583611382359,-16.263281643425334],[-69.29389790852856,-16.255252807707475],[-69.31028578016482,-16.256680623462234],[-69.33552639431416,-16.255019246509665],[-69.3573912217881,-16.250765503021455],[-69.37607082790801,-16.235835896906377],[-69.39626112196186,-16.209004842227973],[-69.39666320800784,-16.20302434635327],[-69.38278055826807,-16.18968138303292],[-69.3893662516276,-16.180002699225387],[-69.40319085015179,-16.190192722008483],[-69.41433458116312,-16.186575914283946],[-69.42527384440106,-16.178157945536775],[-69.43540554470482,-16.18094928668179],[-69.46308027479375,-16.20249727387069],[-69.47344367133246,-16.197161173612106],[-69.49142968071823,-16.207497273868928],[-69.5058361138237,-16.196947143664023],[-69.51322733561197,-16.184459215065942],[-69.50945641411681,-16.168997246755094],[-69.50328165690092,-16.175830607212653],[-69.4908071828408,-16.15675877212349],[-69.49723172755657,-16.149858335209064],[-69.49514351257763,-16.13766102774025],[-69.48639927891662,-16.127258404939983],[-69.47117225133437,-16.115951206244205],[-69.46634784655598,-16.097558163032257],[-69.4541360719601,-16.083687999298675],[-69.45172386957104,-16.064842668138727],[-69.45338225871355,-16.05926445011572],[-69.43604455404066,-16.058209111570434],[-69.43921056967663,-16.06996859821444],[-69.43529074079407,-16.082632660753813],[-69.4286762575361,-16.085293428693284],[-69.41999721950951,-16.06111387819357],[-69.42063700358065,-16.047621378740605],[-69.44221944173175,-16.017339396329277],[-69.43999579535583,-16.00194443105688],[-69.4419613986543,-15.996529256362287],[-69.45706207275384,-15.989263427914452],[-69.4861150105795,-15.990402208295821],[-69.50575802273221,-15.978922919562953],[-69.53549445258236,-15.964828477836297],[-69.55749721950956,-15.958608317248006],[-69.60871354844842,-15.954609904163481],[-69.63535125732423,-15.956108317248907],[-69.65418379041881,-15.954617567466379],[-69.67319257948137,-15.955858954727294],[-69.68032630072699,-15.94789902091927],[-69.68795430501304,-15.9308108725964],[-69.68471462673618,-15.912761691830225],[-69.67529398600252,-15.908035332782358],[-69.69808546278213,-15.889724989364293],[-69.70610805935314,-15.89491311327746],[-69.70781280517566,-15.910071804678175],[-69.71962660047748,-15.915383897775465],[-69.72716868082675,-15.912702419911678],[-69.73202075534394,-15.902637790466535],[-69.75052819146046,-15.90768831401084],[-69.75725331624348,-15.900264201057754],[-69.76830050998268,-15.896332587560735],[-69.7709051513671,-15.881837280491126],[-69.77809053209096,-15.862686076071126],[-69.77336018880197,-15.847946153658771],[-69.77401543511269,-15.840892591920886],[-69.7659599982367,-15.833448133915686],[-69.77339211357963,-15.828992092793246],[-69.7829918246799,-15.81404892331069],[-69.79526234944666,-15.808875786919367],[-69.80336110432947,-15.785159288446915],[-69.82993364122183,-15.786756307218177],[-69.84479955037436,-15.807637722683648],[-69.85333621554906,-15.824719496223578],[-69.85404739379884,-15.83906330047195],[-69.8516694471571,-15.863058322707088],[-69.8475838114633,-15.870106451498389],[-69.83952994715622,-15.871104351567666],[-69.83020246001341,-15.86691650019903],[-69.82601460864294,-15.876243987338645],[-69.83553245266623,-15.887475043281864],[-69.83305781322042,-15.897754314823521],[-69.82353996919701,-15.895089318497952],[-69.81725819214151,-15.884429333195591],[-69.7982225040949,-15.888426827684102],[-69.79974535913874,-15.895470032258832],[-69.78432645182097,-15.895660389139236],[-69.78147109861402,-15.908033586365109],[-69.78356502429916,-15.920977854232314],[-69.8010778573019,-15.9198357129499],[-69.81744854902209,-15.91088893957115],[-69.84352744164605,-15.90936608452776],[-69.84524065357022,-15.918122501026307],[-69.85399707007169,-15.927830701926752],[-69.86370527097543,-15.924975348720766],[-69.8654184828998,-15.919454999189117],[-69.88274095902209,-15.902322879953081],[-69.88197953150038,-15.892614679052528],[-69.88972775745472,-15.88235972688056],[-69.91300661722816,-15.876060913305864],[-69.9145862494575,-15.873651516605063],[-69.94225841946076,-15.861931003371602],[-69.95114774492046,-15.861100247078484],[-69.96236893390048,-15.850748436324384],[-69.9756827059098,-15.851890203952479],[-69.98348733800898,-15.857981624125276],[-69.99376660955431,-15.857410553484213],[-69.99947731596811,-15.84884449386608],[-70.01280229760086,-15.84427592873667],[-70.01489622328597,-15.831902731510809],[-70.00042910037058,-15.826382381979238],[-69.98710411873788,-15.829999162706816],[-69.9890076875426,-15.810773117786374],[-70.00404588109919,-15.790024217823271],[-70.01851300401493,-15.790024217823271],[-70.02898263244057,-15.768513890338337],[-70.03145727188677,-15.75842497567725],[-70.02060692969997,-15.755759979351549],[-70.01946478841728,-15.742434997723958],[-70.02308156914613,-15.735582150029652],[-70.01889371777584,-15.729681086737271],[-70.02752521257446,-15.72191809520881],[-70.01042283659504,-15.695446591528556],[-69.99807938262724,-15.69485172627741],[-69.98231545346367,-15.70243625823056],[-69.97026943212155,-15.714630995881105],[-69.96327976541701,-15.703923421358772],[-69.95019272988492,-15.692323548959543],[-69.9597105739083,-15.675518605612176],[-69.94483894262189,-15.672098130417483],[-69.929223729771,-15.659903392766978],[-69.93071089289978,-15.651277846624229],[-69.92405147897247,-15.646071237231169],[-69.9208460441464,-15.636470659078768],[-69.91144717317323,-15.634686063325091],[-69.91025744267033,-15.617197024938822],[-69.91906144839201,-15.610296588024434],[-69.91584917603413,-15.589595277281662],[-69.90440365261495,-15.576391656145958],[-69.89990678729502,-15.586858897125923],[-69.8905659869859,-15.599408019209399],[-69.8834885063548,-15.602206420607923],[-69.87908650349402,-15.615531402235412],[-69.86421487220754,-15.62148005474778],[-69.85814724664276,-15.632306602320147],[-69.84993810617259,-15.640277796686938],[-69.85279345937963,-15.655744293219044],[-69.85138134426543,-15.676428005934733],[-69.84748981051975,-15.68558165176452],[-69.83916388617632,-15.690552761789023],[-69.83971184624565,-15.700925008421128],[-69.83251127454976,-15.707648776864948],[-69.8236083306207,-15.707774984004843],[-69.80722461276574,-15.714849501146258],[-69.79463460286462,-15.725532145456523],[-69.76938554551872,-15.72982779975191],[-69.75271179199223,-15.730274983996589],[-69.74546542697485,-15.71946599691279],[-69.77013332790794,-15.70166109240552],[-69.78641776190844,-15.692664442560794],[-69.802267964681,-15.674324666634325],[-69.79500278049044,-15.669463419891377],[-69.77737777709945,-15.682100003003],[-69.76119949340816,-15.682895426722416],[-69.7703320651585,-15.657579535889782],[-69.78452930026579,-15.66120997479898],[-69.79628055148655,-15.660786390814575],[-69.80664850870762,-15.650204522329123],[-69.80471259223094,-15.642554782748762],[-69.81384755452478,-15.637335056188185],[-69.8149188571507,-15.615854885840193],[-69.80986441718194,-15.607314778964113],[-69.81774249606647,-15.600227715707122],[-69.82473220825199,-15.588538059136106],[-69.84150277031799,-15.575986925243376],[-69.84894439697261,-15.560866279090147],[-69.85926944308814,-15.559439514496535],[-69.86058056301539,-15.541348524648862],[-69.87610833062061,-15.519441650742255],[-69.88907202826609,-15.510580736303197],[-69.8959733751085,-15.492451328215573],[-69.89165415445942,-15.480824503947158],[-69.90494331309077,-15.476999182528711],[-69.9106540195049,-15.462722416499117],[-69.91660267201944,-15.45820144058985],[-69.91803034862284,-15.445590297263983],[-69.91565088761706,-15.436072453244394],[-69.92231337843324,-15.43369299223941],[-69.93302095295951,-15.418226495707586],[-69.92754819264616,-15.391814478552972],[-69.91588883371757,-15.376110035920734],[-69.9004223371797,-15.375634143719827],[-69.9006602832802,-15.362547108192926],[-69.8854317328429,-15.362071215991886],[-69.87591388881957,-15.377061820322705],[-69.87020318240549,-15.377537712523687],[-69.86163712278457,-15.367781922403578],[-69.86473042209221,-15.357312293982066],[-69.86377863768986,-15.337086875440521],[-69.88233843353537,-15.327331085320559],[-69.8813866491331,-15.314719941994793],[-69.87258264341135,-15.309009235582952],[-69.87115496680798,-15.301394960367258],[-69.85283311706306,-15.303774421372074],[-69.85211927876131,-15.297111930558566],[-69.84212554253682,-15.293780685151683],[-69.83808045882678,-15.287118194337934],[-69.82665904599891,-15.303774421372074],[-69.81856887857909,-15.302822636970129],[-69.82023450128307,-15.290687385845356],[-69.82594520769715,-15.277838296418903],[-69.81428584876858,-15.277838296418903],[-69.81499968707027,-15.286166409936037],[-69.79929524443189,-15.298539607161526],[-69.77220898393378,-15.330290305526063],[-69.76166944715709,-15.326286811407742],[-69.77110833062059,-15.314338264049336],[-69.7702662658691,-15.306924832248983],[-69.75982294718429,-15.309046312553782],[-69.75401797824443,-15.303800646052208],[-69.75175198025173,-15.28400897939346],[-69.73981748792856,-15.28729511220463],[-69.72399064805774,-15.29734617828128],[-69.71986935085712,-15.307188741482827],[-69.70188764784069,-15.307109531413436],[-69.70833055284294,-15.299422323028855],[-69.70231018066387,-15.294717563644829],[-69.7120444064669,-15.285029215938236],[-69.71554721408413,-15.276936089856251],[-69.73650207519535,-15.268318976958415],[-69.73805833604592,-15.257497206400474],[-69.72499806722006,-15.239635115343416],[-69.71969699435766,-15.243641429089655],[-69.711614074707,-15.235521345813819],[-69.70472442626948,-15.234527761287373]],[[-69.67027499728735,-15.301663873049458],[-69.668220316569,-15.313512695744366],[-69.6608952501084,-15.320797207731696],[-69.64527489556205,-15.321941752544445],[-69.66155181884753,-15.304989136177666],[-69.67027499728735,-15.301663873049458]],[[-69.49611073811847,-15.55757529737463],[-69.48330183241112,-15.564469116545423],[-69.49784745958115,-15.539525167173306],[-69.50748819986954,-15.535007785718838],[-69.50964372422959,-15.544886257937264],[-69.49611073811847,-15.55757529737463]],[[-69.71084720187717,-15.64834240752946],[-69.72556335449224,-15.657214410021744],[-69.72530561659079,-15.673106201465659],[-69.71569444444441,-15.681805542282657],[-69.70161638047958,-15.676047621277714],[-69.69126369900161,-15.660394748562327],[-69.69866488986534,-15.653337456898274],[-69.71084720187717,-15.64834240752946]],[[-69.69886586507161,-15.755525228128043],[-69.68445716010197,-15.78421799070424],[-69.6835096232096,-15.799156887725736],[-69.67559844970704,-15.79187356253306],[-69.67801188151019,-15.779486545393583],[-69.67658226860888,-15.768566745592711],[-69.68315233018654,-15.753960557989515],[-69.68984754774286,-15.749452230083284],[-69.69886586507161,-15.755525228128043]],[[-69.1936138916016,-15.983613878220256],[-69.21113552517355,-15.983679321470959],[-69.19018703884524,-16.007351128646015],[-69.20059780544699,-16.013006307138163],[-69.18778082953554,-16.03251002349416],[-69.17054890950521,-16.029999104983673],[-69.1574700927732,-16.041663872774897],[-69.14639451768655,-16.04802285443474],[-69.14218119303382,-16.04437288427551],[-69.1441716172959,-16.023507609217727],[-69.16158053927944,-16.00418387875563],[-69.17051710340715,-16.012611952211806],[-69.18076307508682,-16.00067483199043],[-69.17487413194434,-15.990736748768947],[-69.1936138916016,-15.983613878220256]],[[-68.82820000542532,-16.27813027623304],[-68.82139987521694,-16.287823065943254],[-68.8244197591145,-16.29444171828496],[-68.81557115342869,-16.302459703308408],[-68.80111897786446,-16.293600789465813],[-68.80334187825504,-16.285412719807],[-68.82820000542532,-16.27813027623304]],[[-68.77527506510422,-16.291947143633134],[-68.78220350477417,-16.30160941576541],[-68.76389092339397,-16.316915269709973],[-68.74750678168377,-16.308139770580954],[-68.75139499240424,-16.29873059089647],[-68.77527506510422,-16.291947143633134]],[[-68.85110582139743,-16.312494696794825],[-68.8492036946613,-16.30455293789981],[-68.85982340494775,-16.292505276228347],[-68.87137071397562,-16.309770765589004],[-68.85438639322909,-16.321037719795346],[-68.85110582139743,-16.312494696794825]],[[-68.84964192708321,-16.322612562459916],[-68.8525847710502,-16.330092353038943],[-68.86246242947044,-16.332869045746477],[-68.86420979817697,-16.340484876907237],[-68.84129218207457,-16.337216919009087],[-68.82647976345476,-16.323649753214827],[-68.84475002712665,-16.32090222174846],[-68.84964192708321,-16.322612562459916]],[[-68.86693915473077,-16.293661553354582],[-68.86309705946184,-16.284669175970503],[-68.87495293511282,-16.282160359781997],[-68.88693122016056,-16.285017076361015],[-68.88937445746525,-16.291864407087743],[-68.87825202094186,-16.29946423347433],[-68.86693915473077,-16.293661553354582]],[[34.53645019500015,62.904507105703566],[34.5542100690002,62.906590439703805],[34.57604980500008,62.89965955770329],[34.57813313799994,62.88507622470254],[34.592700195000184,62.871173772701574],[34.60936686200023,62.86284043970102],[34.63229980500022,62.862159557701254],[34.64549967400018,62.84479302170024],[34.68020019500016,62.810757105697775],[34.71770019500036,62.79617377269694],[34.737624783000236,62.79411349669671],[34.73924967400018,62.81562635469824],[34.73322753900027,62.826694063698945],[34.7677001950002,62.82465955769872],[34.777313911000185,62.832965764699125],[34.838549805000184,62.835076224699286],[34.84686686200012,62.82742377269913],[34.862570530000134,62.82950710569887],[34.87604980500004,62.81632622469835],[34.90026041700014,62.81284043969795],[34.92603352900016,62.798257105697],[34.96647406700021,62.78500433869619],[34.986466471000085,62.78299289169593],[34.99802246100017,62.77122395669536],[35.02320421000007,62.773257105695514],[35.05311686200008,62.76284043969471],[35.065633138000116,62.7621595576946],[35.11246473500006,62.747319876693844],[35.098966471000274,62.73575710569313],[35.0739501950003,62.73575710569313],[35.03645019500026,62.74617377269377],[35.02813313800016,62.753826224694286],[35.00729980500017,62.7621595576946],[34.97186686200023,62.75799289169456],[34.988533529000264,62.74825710569394],[35.00729980500017,62.74757622469372],[35.02395019500022,62.742007105693574],[35.05313313800019,62.73924289169312],[35.0739501950003,62.72742377269246],[35.11979980500013,62.72674289169256],[35.14895019500022,62.72117377269203],[35.20313313800034,62.71632622469179],[35.212717014000305,62.7066351986912],[35.23343370200013,62.703641762690935],[35.24158799900021,62.68584798069006],[35.26245117200011,62.67854817568933],[35.30637478300014,62.67671983368937],[35.3177001950001,62.66632622468867],[35.33546006900013,62.66909043968868],[35.35936686200017,62.662840439688395],[35.3854600690002,62.66492377268849],[35.430216471000165,62.65174289168769],[35.447862413,62.638958060686726],[35.452162001000204,62.62334798068586],[35.42072211400034,62.62045084468578],[35.42707790800022,62.60900743168492],[35.44896647100012,62.603826224684596],[35.44992133200008,62.59834798068426],[35.479256185000224,62.59333631568402],[35.47741970500021,62.6031236426844],[35.508672418,62.62867702768615],[35.52533637200002,62.62395833168601],[35.54796006900016,62.62742377268609],[35.572941081000295,62.62240396968574],[35.57074381500018,62.61291368168509],[35.59382866800025,62.60998535068506],[35.59581163200011,62.602752005684415],[35.5729465060001,62.57967122268296],[35.59153645800023,62.569236923682325],[35.586450195000225,62.56215955768211],[35.635725911000236,62.5649237726822],[35.65421006900005,62.55382622468151],[35.67530924500039,62.55659043968174],[35.690616862000184,62.54617377268081],[35.71771647100019,62.545492891680844],[35.74794108100025,62.53907063668037],[35.75414496500009,62.523585339679364],[35.74795193100033,62.520236543679175],[35.76658799900012,62.500431313678064],[35.79479980500009,62.49549289167756],[35.8020589190001,62.488012693676936],[35.81979980500023,62.482992891676716],[35.83130967900029,62.46712646367575],[35.846172418000094,62.45703667367492],[35.84271647100036,62.44965955767457],[35.86038682700029,62.435921222673635],[35.84686686200012,62.43299289167353],[35.87286783900015,62.40979817567183],[35.86663682700015,62.39633788967097],[35.85591362800017,62.388540308670734],[35.84377170100027,62.359747991668534],[35.850336372000186,62.34895968866789],[35.83531629800029,62.34114176266729],[35.8378363720002,62.330206975666776],[35.85383029500031,62.31145697566526],[35.84360351600025,62.30369737266476],[35.84352756100014,62.29412841666437],[35.82698025200017,62.29335666066419],[35.81668836800026,62.28058132466358],[35.822583008000265,62.2697916656627],[35.81460503500034,62.2639146576622],[35.82297634500014,62.242126463660746],[35.82300618500011,62.22333034765966],[35.8040201820001,62.20994737265879],[35.80835774700011,62.20051269365801],[35.78158365900015,62.169793021656076],[35.76048990900022,62.157680933655215],[35.76034342400026,62.14440239665433],[35.73924967400018,62.123958331652844],[35.73322753900027,62.11080729065201],[35.719783529000146,62.11007622465178],[35.69825032600033,62.08437499865029],[35.702029080000045,62.04629991164751],[35.6790418840003,62.04755316664766],[35.677416992000246,62.040624998647246],[35.690616862000184,62.0315904396468],[35.709857856000156,62.03089192564661],[35.73646647100003,62.00174289164451],[35.77188313800008,61.98715955764356],[35.77711317300031,61.977587889642734],[35.80421006900025,61.97465955764262],[35.82940538200023,61.96632622464203],[35.84479980500003,61.96632622464203],[35.86353352900011,61.95242377264115],[35.88325466600014,61.93290201663971],[35.88335774700005,61.92551269363912],[35.86658799900033,61.92248535063902],[35.862833659000216,61.91145697563838],[35.87939995700008,61.894155543637034],[35.89785970100036,61.88478732463645],[35.87714301200026,61.87337646363575],[35.85936686200017,61.87049289163556],[35.83948296400007,61.857808429634446],[35.85658908400011,61.83806423463313],[35.87303602400021,61.8253716346322],[35.93337673600017,61.827423772632436],[35.976795790000324,61.8086737726312],[35.97603352900007,61.79617377263033],[36.00104980500021,61.789242891629684],[36.00836317300018,61.775504555628864],[36.0166314020002,61.772319876628536],[36.03327636700004,61.75561794562743],[36.02277018200016,61.75161403962715],[36.0541314020001,61.72856987662535],[36.06008029500014,61.71562499862467],[36.06054145000013,61.69322102762295],[36.05104980500028,61.68159043962208],[36.03438313800012,61.67257622462152],[36.06252983900009,61.65675455562035],[36.09720323400023,61.64594590761956],[36.1022135420003,61.63798692361897],[36.15313313800027,61.616326224617524],[36.169799805000075,61.60382622461658],[36.195998806000205,61.57548149861457],[36.201982964000194,61.5651082346139],[36.252107747000025,61.511987303610034],[36.250111220000235,61.48612874160817],[36.27186686200014,61.47742377260765],[36.320876736000116,61.475340439607415],[36.33645019500017,61.469090439607],[36.371883138000086,61.46215955760644],[36.4031331380001,61.451742891605704],[36.436810981000235,61.431287975604164],[36.462494575000285,61.40275743160223],[36.470827908000274,61.384007431600494],[36.47076009100016,61.3652357295993],[36.456298828000286,61.34313150859771],[36.42714301200021,61.30879313059519],[36.40729980500015,61.29617377259429],[36.369799805000184,61.283673772593346],[36.353116862000206,61.28299289159312],[36.339596897000035,61.27225612959261],[36.35211317300008,61.252587889591034],[36.37604980500015,61.24549289159052],[36.387443034000285,61.23478461258976],[36.391796875000125,61.223403590588745],[36.43575575100016,61.1966200075869],[36.416501194000205,61.16923149858492],[36.39792480500022,61.15768093358394],[36.398950195000054,61.151742891583474],[36.371883138000086,61.131590439581906],[36.328133138000226,61.112840439580566],[36.25936686200016,61.08924289157871],[36.238549805000275,61.07950710557807],[36.18854980500015,61.068409557577226],[36.15404188400015,61.069113496577096],[36.139227973,61.08298068457817],[36.1019314240002,61.083673772578216],[36.08955349400025,61.06508788957698],[36.05835503500015,61.04308132457542],[36.06075575100033,61.02263047857361],[36.054001194000364,61.015064831573206],[36.02705349400014,61.003521048572416],[36.035083008000235,60.994793021571596],[36.02080349400018,60.96717122256949],[35.99896647100024,60.95867377256885],[35.91146647100022,60.94617377256778],[35.88020019500027,60.945492891567824],[35.8624755860003,60.94115396956764],[35.90936686200013,60.92465955756629],[35.92296006900017,60.92534043956609],[35.945144314000345,60.91253797556525],[35.94794108100001,60.90259602756439],[35.935329861000355,60.88375108356294],[35.90278591600003,60.88089870756275],[35.90591362800035,60.87395968856229],[35.89982367600022,60.858767359561114],[35.88853352900015,60.85659043956088],[35.86770019500017,60.86075710556109],[35.86563313800025,60.86700710556167],[35.88575575100009,60.882925074562905],[35.87057291700006,60.883673772563],[35.86449652800023,60.87333441656225],[35.824956597000266,60.87049289156197],[35.808382161000274,60.87770182156256],[35.816677517000244,60.88396402856309],[35.80103352900011,60.89200710556359],[35.79616699200016,60.90104302156437],[35.80591362800004,60.91354030856515],[35.79479980500009,60.91492377256544],[35.726049805000116,60.89617377256397],[35.68438313800027,60.889923772563556],[35.64578993100019,60.88924289156353],[35.61353352900033,60.894090439563804],[35.569783529000226,60.904507105564534],[35.52603352900001,60.91909043956573],[35.51196017800016,60.93082953456665],[35.49895019500019,60.93575710556699],[35.477416992000194,60.957290308568645],[35.47502170100029,60.96391465756915],[35.49063313800025,60.96909043956958],[35.495857747000116,60.97865396957046],[35.47811686200038,60.98367377257063],[35.477416992000194,60.998959688572015],[35.48716634100009,61.00937364257261],[35.479001194000254,61.02451849857375],[35.43367481200016,61.04368801557525],[35.41225966300016,61.048446937575584],[35.37775747900008,61.04785207257569],[35.35336800300018,61.05380072457618],[35.339091237000275,61.0445803135753],[35.32094784700024,61.04368801557525],[35.308313719000076,61.0325294625745],[35.29896647100014,61.01700710557328],[35.278116862000104,61.01424289157304],[35.246866862000104,61.01492377257298],[35.21771647100018,61.012840439572926],[35.16146647100025,61.012840439572926],[35.17718099000018,61.02043185657348],[35.148133681000274,61.023301864573874],[35.13575032600033,61.03645833157482],[35.137603082000275,61.0496066605757],[35.121866862000104,61.05034043957575],[35.11046006900011,61.05659043957629],[35.09379882800016,61.057714842576374],[35.0947998050002,61.06632622457704],[35.06770019500016,61.071173772577396],[35.06273871500008,61.07534043957758],[35.029210069000044,61.07534043957758],[35.0231553820002,61.070492891577175],[34.9929687500001,61.07144639657739],[34.98229980500014,61.05659043957629],[34.95823296400016,61.05885823457659],[34.96246473500008,61.0702365435774],[34.93228352900002,61.077423772577895],[34.90938313800024,61.08715955757848],[34.86467013900028,61.08708224657872],[34.86396484400029,61.0804768865782],[34.884383138000196,61.064242891576775],[34.90383300800033,61.04479302157531],[34.901049805000355,61.03784043957477],[34.8667968750002,61.02659640657389],[34.864510091000106,61.01940239657344],[34.842716471000344,61.00450710557253],[34.824305556000176,60.99583333157178],[34.777164714000264,60.98494194757083],[34.76977267800004,60.97949489857038],[34.72303873700025,60.97741156557026],[34.70314398900024,60.97116156556975],[34.6876220700002,60.97116156556975],[34.66887207000036,60.9642550985692],[34.530189345000224,60.96074489856896],[34.5051893450002,60.96491156556951],[34.45935601100029,60.96699489856947],[34.45106065500033,60.97467176456993],[34.503143989000364,60.970505098569724],[34.52393934500026,60.96699489856947],[34.58737793000006,60.96699489856947],[34.59154459600023,60.9642550985692],[34.628143989000364,60.96491156556951],[34.64060601100027,60.968421764569484],[34.69897732200024,60.97532823257004],[34.711477322000235,60.97949489857038],[34.740643989000205,60.98157823257044],[34.74554307700009,60.98574489857088],[34.773977322000114,60.98574489857088],[34.811597854000304,60.99905510157193],[34.838549805000184,61.012840439572926],[34.86978352900013,61.037159557574725],[34.88552788600032,61.042378741575185],[34.88746473500003,61.04940321057563],[34.859366862000066,61.06492377257689],[34.8500244140003,61.074487303577605],[34.83158365900027,61.084374998578355],[34.841745334000166,61.10581868357995],[34.825124783000035,61.10869683058034],[34.80629340300027,61.11909043958096],[34.82931043800021,61.12553168258152],[34.81700032600015,61.144791665583],[34.83347981800006,61.1671359575845],[34.83336859800022,61.180653210585476],[34.87049967400008,61.21354166558802],[34.873659939000106,61.226949054589085],[34.92928602400024,61.21078558858781],[34.87721354200028,61.21201307358796],[34.896866862000195,61.18159043958578],[34.92495659700023,61.1746595575852],[34.9496419270003,61.183447264585894],[35.012413194000146,61.17458224658516],[35.0045003260002,61.15520833158366],[35.01700575100011,61.143185762582675],[34.98021647100011,61.129507105581744],[34.935316298000146,61.12344156758134],[34.936466471000244,61.130909557581894],[34.91462673600017,61.1329928915822],[34.91451280400014,61.118409557581025],[34.92604980500009,61.11909043958096],[34.97481282600012,61.10920003158036],[35.016677517000225,61.09646402857926],[35.00382758200009,61.093296982579176],[35.013533529000085,61.083673772578216],[35.03328993100012,61.07674289157768],[35.0718831380002,61.08090955757796],[35.07811686200034,61.07534043957758],[35.11563313800008,61.06632622457704],[35.14270019500015,61.04825710557571],[35.16770019500018,61.03992377257493],[35.19479980500034,61.037159557574725],[35.21037326400017,61.02674289157405],[35.228133138000146,61.02742377257398],[35.25104980500014,61.035757105574795],[35.27038430100009,61.0609391075766],[35.29120458400007,61.07432357657762],[35.30310189000005,61.07491844157762],[35.37746004600018,61.05885707957645],[35.397388032000215,61.056775051576395],[35.44557211700021,61.043985448575334],[35.46770019500008,61.03159043957451],[35.48438313800017,61.02674289157405],[35.50313313800024,61.001742891572114],[35.53129340300018,60.99757622457168],[35.55232204900028,61.000340439572064],[35.56482204900021,60.99340955757143],[35.58331163200018,61.00483533957242],[35.5795003260003,61.00937499857274],[35.59804687500019,61.03076307357428],[35.60313313800037,61.03159043957451],[35.62726779500031,61.05368787857592],[35.64794108100011,61.05884602757639],[35.636466471000126,61.07950710557807],[35.6514133030002,61.093771699578944],[35.66273057700016,61.11207275258043],[35.689607747000025,61.12342936058131],[35.69617241800017,61.13276909558208],[35.673966471000135,61.15382622458356],[35.6281168620003,61.16284043958415],[35.60414225300001,61.17342936058499],[35.59380425300026,61.183958603585644],[35.600336372000356,61.201043021587175],[35.61874186200009,61.21734483358851],[35.61492241800033,61.22739257658916],[35.60198296400023,61.24010823458999],[35.60591634100023,61.244791665590384],[35.58438313800019,61.26215955759169],[35.54573567700009,61.26706814059188],[35.5302001950002,61.283673772593346],[35.5392496740003,61.29687364259433],[35.532999674000166,61.31354302159545],[35.51228298600022,61.33494330359704],[35.483308919000244,61.34634602759792],[35.49408908400011,61.359852429598796],[35.483167860000314,61.37035183259972],[35.46979980500021,61.37465955760014],[35.44478352900017,61.37465955760014],[35.4343831380001,61.3690904395997],[35.40203993100016,61.368409557599584],[35.38902181000009,61.37881266160019],[35.355200195000116,61.38159043960051],[35.34775119400035,61.40368516560215],[35.330200195000195,61.40867377260253],[35.32257758200017,61.41610242960317],[35.33962673600018,61.41909043960334],[35.34270019500041,61.4274237726039],[35.33341200100028,61.437068683604714],[35.29061686200032,61.43575710560458],[35.27396647100022,61.451742891605704],[35.2519585500001,61.45244683060568],[35.26283908400012,61.469059243606765],[35.25398220500011,61.478687878607666],[35.23537326400021,61.4815904396078],[35.21354980500018,61.47882622460778],[35.177039931000124,61.4795071056077],[35.143598090000125,61.47049289160677],[35.14549696200026,61.48645968860823],[35.12813313800023,61.49549289160881],[35.09142795100018,61.49617377260875],[35.0760498050002,61.483673772608],[35.046866862000115,61.483673772608],[35.04132758200035,61.48879665660823],[35.0687608510001,61.51938069561043],[35.064350043000054,61.52463378761078],[34.99578993100015,61.52742377261098],[34.97287326400016,61.51632622461027],[34.95938313800025,61.52465955761085],[34.93934461800013,61.52534043961082],[34.921883138000055,61.51284043961019],[34.886450195000116,61.51909043961038],[34.87689887200003,61.53285454461151],[34.85615234400012,61.53581814061173],[34.8561631940002,61.545415580612385],[34.82267795100012,61.55242377261297],[34.787421332000186,61.55668131361318],[34.785514323000086,61.56418185661385],[34.76771647100003,61.568409557614004],[34.74995659700028,61.566326224613825],[34.71145019500017,61.57325710561427],[34.702058919000194,61.577596027614746],[34.703830295000216,61.58854302161561],[34.69566786000013,61.60160183261641],[34.65828993100019,61.6059095576167],[34.64616970500009,61.61770697561752],[34.65728352900016,61.62465955761815],[34.67914225300024,61.62759602761834],[34.67716200100022,61.63498535061908],[34.6614501950001,61.63784043961894],[34.62078993100021,61.635076224618736],[34.592700195000184,61.64409043961951],[34.572970920000216,61.65895860362056],[34.55174696200026,61.698959688623276],[34.52604980500024,61.72049289162491],[34.520808919000274,61.721346027625046],[34.49382866800004,61.745402016626706],[34.48325466600015,61.7462646466267],[34.45938313800025,61.7600762246277],[34.45103352900008,61.7607571056276],[34.43021647100017,61.77674289162893],[34.38309461800031,61.789242891629684],[34.36979980500035,61.79757622463032],[34.32186686200021,61.81492377263168],[34.31877441400013,61.82240396963205],[34.304155816,61.82771402863254],[34.31353352900021,61.83507622463295],[34.34688313800035,61.83784043963328],[34.358276367000094,61.84854871863402],[34.304155816,61.86313069563506],[34.291636827000154,61.88491210763633],[34.28531629800033,61.90572509663788],[34.293988715000296,61.90867377263806],[34.311450195000134,61.89617377263702],[34.32298719600016,61.89825710563738],[34.34478352900021,61.88575710563655],[34.35228135900024,61.877491589635945],[34.37716200100027,61.86206868363487],[34.367700195000175,61.83992377263324],[34.41879340300022,61.83507622463295],[34.452126736000025,61.83784043963328],[34.46869303400023,61.844379338633665],[34.492716471000165,61.84617377263382],[34.521866862000074,61.83992377263324],[34.52496473500025,61.828569876632535],[34.491411675000386,61.82950710563244],[34.53954806900026,61.80981987663109],[34.53967013900035,61.804584416630966],[34.56146647100006,61.79965955763042],[34.56841362800026,61.81145697563121],[34.560316298000195,61.81510823463162],[34.56793891100011,61.82767740763256],[34.58854980500012,61.82950710563244],[34.56978352900023,61.84200710563335],[34.54177517400035,61.866280109635134],[34.55629340300021,61.86700710563499],[34.59686686200029,61.850340439634046],[34.61039225300027,61.852596027634256],[34.598966471000274,61.864242891634916],[34.618701172000044,61.87561848863581],[34.614656576000236,61.88893093363672],[34.6312852650002,61.894398327637056],[34.61216634100026,61.917706975638616],[34.597577582000035,61.924546982639264],[34.60624457500029,61.93400743163975],[34.593725586000346,61.94217936064058],[34.564553494000386,61.97657877464289],[34.53646647100025,61.995492891644],[34.522656250000296,61.991326224643764],[34.5123128260002,62.000866697644405],[34.525233290000244,62.00661620964475],[34.49896647100019,62.02257622464593],[34.474891493000186,62.025386554646076],[34.46700575100033,62.0349867066467],[34.43436686200028,62.03992377264735],[34.419783529000085,62.046173772647556],[34.40104980500024,62.06424289164866],[34.38646647100012,62.07257622464933],[34.37813313800022,62.06284043964874],[34.36642795100004,62.06215955764859],[34.3385498050003,62.08090955764988],[34.28955891900018,62.09842936065096],[34.275333659000346,62.11354166565222],[34.28783094600004,62.12325710565269],[34.291333008000265,62.13645968865355],[34.27711859800008,62.15059678665452],[34.25311686200024,62.15450710565501],[34.234366862000044,62.16700710565556],[34.21880967900011,62.18188476465669],[34.2396077470002,62.188012693657015],[34.23366699200015,62.19895697565795],[34.24815538200022,62.20242377265818],[34.26674533400018,62.19331868365772],[34.27314995700016,62.177488876656504],[34.288549805000294,62.1746595576563],[34.311450195000134,62.15659043965506],[34.33780924500031,62.15659043965506],[34.34686686200013,62.14825710565456],[34.378116862,62.13575710565365],[34.39896647100005,62.13299289165343],[34.422819010000175,62.121234807652634],[34.45938313800025,62.11632622465225],[34.47533094600021,62.117007105652455],[34.49479980500024,62.10382622465151],[34.521866862000074,62.08992377265064],[34.5489664710002,62.089242891650386],[34.56979980500034,62.08090955764988],[34.57905002200016,62.071207680649216],[34.61703016500018,62.07325710564938],[34.636450195000286,62.05450710564803],[34.658357747000025,62.051570636647895],[34.66561686200015,62.04409043964748],[34.6822998050003,62.03924289164699],[34.70728352900011,62.02325710564584],[34.73575575100017,62.02235242964588],[34.727419705000045,62.03020697564649],[34.73343370200024,62.043225096647284],[34.715633138000214,62.06007622464865],[34.71252441400031,62.07240396964932],[34.689618598000266,62.09434678665085],[34.695760091000345,62.0985690636511],[34.67603352900011,62.114923772652126],[34.635348850000234,62.15580512065516],[34.621166992000326,62.165623642655625],[34.64061686200023,62.1711737726559],[34.62395019500025,62.17950710565653],[34.586466471000215,62.20799289165851],[34.55824381500014,62.21708034765917],[34.54790852900021,62.23265380766033],[34.57604980500008,62.230909557659864],[34.59353298600007,62.237114798660485],[34.62603352900004,62.22325710565954],[34.6419759110002,62.22325710565954],[34.671866862000286,62.20242377265818],[34.689558919000035,62.202724879658014],[34.702048069000114,62.213096786658895],[34.679060872000264,62.249609373661244],[34.65180935300003,62.24965955766128],[34.61563313800019,62.285076224663776],[34.60728352900008,62.285757105663635],[34.59794108100021,62.302596027665025],[34.57049424900009,62.31401909566559],[34.5885335290003,62.328826224666706],[34.56770019500004,62.33784043966733],[34.554191081000226,62.35157063666816],[34.52603352900013,62.35867377266858],[34.51880425300009,62.36520860366919],[34.52396647100034,62.38090955766989],[34.510441081000124,62.39115396967086],[34.49478352900014,62.39409043967091],[34.47088758700005,62.41312526967216],[34.472583008000235,62.419793021672575],[34.460118273000205,62.43295898267345],[34.44478352900006,62.433673772673465],[34.42950032600021,62.44895697567461],[34.43570421000027,62.46909043967585],[34.46244032100026,62.44629313067442],[34.49815538200027,62.433673772673465],[34.52188313800019,62.42049289167275],[34.53646647100025,62.405909557671755],[34.5489664710002,62.401742891671425],[34.579131402000144,62.38481987667023],[34.59478352900003,62.36909043966943],[34.61563313800019,62.36632622466929],[34.630216471000146,62.360076224668575],[34.64895019500029,62.342007105667506],[34.667716471000176,62.328826224666706],[34.66146647100015,62.32049289166603],[34.67308214000036,62.308814831665096],[34.72919108100018,62.28073730366338],[34.75429687500025,62.25465359066155],[34.770963542000175,62.242153590660834],[34.794783529000256,62.23159043966006],[34.803833008000026,62.24479302166087],[34.79616699200017,62.25312364266157],[34.80211859800022,62.26106499466215],[34.79200032600021,62.27187364266284],[34.78955349400013,62.282828774663585],[34.7677001950002,62.285757105663635],[34.762160916000305,62.29329698266424],[34.78126085100029,62.30896402866535],[34.76228841100033,62.332858613666914],[34.74177246100021,62.34413926766749],[34.724761285000056,62.34340955766761],[34.70103352900014,62.36284043966878],[34.67396647100014,62.38090955766989],[34.6614501950001,62.383673772670136],[34.62295193100016,62.40476345367158],[34.631274414000245,62.408846027671785],[34.62396647100007,62.42325710567268],[34.610386827000234,62.43074544167324],[34.57497558600016,62.43801269367386],[34.576746962000065,62.44479302167417],[34.54479980500008,62.47674289167625],[34.497973633000235,62.51521538467884],[34.506274414000075,62.519262693678975],[34.49825575100033,62.54318576268071],[34.46880425300026,62.55270860368116],[34.477235243000216,62.556783038681594],[34.44479980500017,62.589242891683774],[34.463549805,62.59340955768395],[34.50311686200013,62.55450710568146],[34.53853352900023,62.529507105679784],[34.55313313800007,62.52674289167955],[34.5709988060001,62.504648164678215],[34.59607204900021,62.50659043967836],[34.64270019500003,62.471173772675876],[34.659383138000294,62.47049289167611],[34.6822998050003,62.45799289167514],[34.70622558600029,62.43801269367386],[34.71283365900007,62.4135416656722],[34.72811686200032,62.40242377267143],[34.74385308200004,62.40168999467153],[34.762443034000164,62.39520399167091],[34.768570964000226,62.38420681267022],[34.75826009100024,62.381902396670235],[34.77742241800023,62.36328667366887],[34.804012044000274,62.349506291667964],[34.8177164710001,62.34757622466787],[34.84966634100021,62.311459688665494],[34.860083008000295,62.29687635466429],[34.87085774700022,62.2911539696641],[34.85866970500018,62.27604030866316],[34.874981011000266,62.25975206066205],[34.8788302950001,62.24687635466114],[34.875333659000205,62.23229166566011],[34.88646647100023,62.224659557659535],[34.86354980500022,62.21632622465908],[34.88551703600023,62.19530842965771],[34.88158365900028,62.1906249986574],[34.89177788600017,62.17330050865623],[34.90843641500021,62.17252332765605],[34.90627170100009,62.15974799165541],[34.91252983900017,62.14008788965389],[34.96563313800026,62.122576224652725],[34.97395019500016,62.114923772652126],[34.98960774700015,62.11198730365203],[35.00843370200009,62.10155842965128],[35.011466471000126,62.09340955765063],[35.03328450500004,62.07646484264952],[35.04804687500019,62.05673692364826],[35.06669108100033,62.051570636647895],[35.07492133200026,62.03793131364683],[35.09587673600009,62.0309095576465],[35.10648871500013,62.042007105647166],[35.139922418000026,62.03203667364665],[35.112160916,62.027647567646284],[35.118725586000096,62.02134602764575],[35.13989800300005,62.0211737726458],[35.16036241300009,62.00145806064444],[35.18334418400007,62.008964028644975],[35.1791368270002,62.01824544164586],[35.15622558600035,62.02759602764633],[35.16669650600005,62.04116210764713],[35.179196506000096,62.035921222646806],[35.20313313800034,62.042007105647166],[35.21883951800015,62.050413681647825],[35.20210774700024,62.07240396964932],[35.17714029900014,62.08812933865035],[35.183357747000166,62.10157063665129],[35.172965495000255,62.10686848865168],[35.16445312500019,62.12034640665268],[35.15311686200022,62.12325710565269],[35.128116862000184,62.139923772653894],[35.113549805000275,62.15382622465483],[35.085500760000116,62.15875379665511],[35.052072483000124,62.16104736165531],[35.045730252000226,62.17668999465662],[35.062603082000344,62.17747666965649],[35.045496962000186,62.19062364265738],[35.01872558600013,62.20051269365801],[35.02274576800022,62.20997856865861],[35.05010308200013,62.212893336658965],[35.03854980500017,62.220492891659376],[35.01700032600024,62.242708331660985],[35.04392632400026,62.25164930466149],[35.064613173000104,62.24842122266123],[35.09585774700001,62.23490396966031],[35.12311197900027,62.206727429658365],[35.14799533400026,62.18706868365717],[35.17603352900022,62.1711737726559],[35.191905382000016,62.170492891656],[35.21046006900019,62.17742377265639],[35.250043403000106,62.17742377265639],[35.26789822000017,62.16892360965591],[35.2792100690001,62.17534043965644],[35.292700195000066,62.16700710565556],[35.30938313800021,62.16632622465565],[35.35521647100029,62.143409557654216],[35.3666720920001,62.14515923265414],[35.37883300800019,62.15937364265515],[35.40521647100013,62.162840439655376],[35.41871473500015,62.169346786655915],[35.454454210000335,62.1690904396559],[35.461450195000225,62.162840439655376],[35.482283529000085,62.170492891656],[35.501049805000214,62.1711737726559],[35.50613878000018,62.18053792165655],[35.522941081000226,62.18592936065683],[35.54587673600013,62.204507105658216],[35.56038140200019,62.206846786658325],[35.55658637200014,62.21770697565924],[35.575187174000234,62.22958712966005],[35.60625271300023,62.244426810661025],[35.5982503260002,62.25312499866139],[35.60209418400012,62.26818576266254],[35.56841362800025,62.2822930216636],[35.566775174000156,62.28919677566404],[35.54895019500014,62.289923772664],[35.548000760000264,62.303622774664866],[35.57395019500018,62.30034043966464],[35.562160916000096,62.311713323665494],[35.560755751000215,62.339093694667156],[35.53645019500015,62.35867377266858],[35.5302001950002,62.37742377266995],[35.517700195000145,62.381590439669985],[35.512369792000136,62.39117974067063],[35.49795193100004,62.39643012067113],[35.4938503690002,62.415108234672395],[35.46872558600006,62.43592936067371],[35.42900119400019,62.47660183267641],[35.40843370200008,62.493225096677385],[35.38739963100027,62.5005249006779],[35.38335774700016,62.51407063667872],[35.371866862000275,62.517007105679056],[35.35211859800017,62.542263453680775],[35.369089084000215,62.55788031568177],[35.354123264000116,62.56075710568173],[35.3228922530003,62.55365396968121],[35.32705891900025,62.54009602768033],[35.349945747000326,62.526458060679595],[35.34811197900018,62.51297742967866],[35.339670139000134,62.502502439678025],[35.301049805000105,62.51424289167888],[35.274452040000085,62.51627332767899],[35.26353352900014,62.50867377267834],[35.243869358000154,62.524631074679434],[35.21669108100025,62.52865396967976],[35.190633138000294,62.53924289168041],[35.153133138000264,62.544090439680865],[35.11978352900019,62.544090439680865],[35.10830349400022,62.55991210768175],[35.08646647100022,62.5767428916829],[35.072892253000234,62.58176269368337],[35.06146647100019,62.59340955768395],[35.03645019500026,62.60034043968424],[35.023966471000165,62.60799289168484],[34.99966091600003,62.613796656685174],[34.975078668000094,62.639152016686836],[34.94896647100023,62.6461737726872],[34.91431477900027,62.64546712068738],[34.93229980500006,62.63715955768683],[34.95520019500026,62.61492377268534],[34.97395019500016,62.608673772684824],[34.99200575100036,62.59431423468398],[34.98021647100011,62.59340955768395],[34.95520019500026,62.60034043968424],[34.928133138000256,62.61840955768556],[34.91770019500012,62.61909043968555],[34.89688313800025,62.63090955768648],[34.87287326400002,62.63159043968639],[34.857283529000135,62.626742891685936],[34.84375542499998,62.615992565685545],[34.83606934600027,62.59605199468407],[34.85019531200003,62.577560762683],[34.86979980500029,62.572576224682585],[34.88960774700006,62.557820636681726],[34.88961317300027,62.552587889681256],[34.922862413000246,62.52854139367955],[34.94190809500009,62.49417588867762],[34.95520019500026,62.50034043967797],[34.96870117200024,62.49104817567723],[34.97289225300011,62.4734293606762],[34.99577636700018,62.45562065867513],[35.006323242000235,62.434764267673515],[35.02311197900024,62.417144095672384],[35.03646647100015,62.41424289167224],[35.037833659,62.4031236426716],[35.05415310300015,62.386839462670515],[35.05033365900016,62.38229166567019],[35.089922418000185,62.34245334066749],[35.07603352900008,62.342007105667506],[35.04580891900019,62.36301269366888],[35.01872558600013,62.39426269367095],[35.01872016100015,62.39949544167115],[34.98742133200011,62.4265041766731],[35.001749674000166,62.43020968867334],[34.95191786000003,62.48076849867664],[34.9343831380001,62.493409557677325],[34.91353352900017,62.49617377267762],[34.89132758200014,62.51416151167869],[34.919089084000184,62.519085013679096],[34.90391167500018,62.534992131680085],[34.88540581600017,62.53895263568051],[34.902004666000096,62.51709526767904],[34.88109809000014,62.52049289167912],[34.84686686200012,62.54617377268081],[34.823033312000064,62.57046033968254],[34.844018555000105,62.57122124468237],[34.827107067000256,62.59200476468403],[34.81048448400019,62.61830512068542],[34.77186686200025,62.62950710568635],[34.73229980500008,62.65590955768785],[34.70522732200026,62.64967176468751],[34.72938096800022,62.64124213168698],[34.735335286000236,62.630775280686386],[34.776755100000294,62.589044866683516],[34.75411241300026,62.60141601468448],[34.73120931000022,62.62434895668598],[34.7114393450002,62.635744898686625],[34.69897732200024,62.64758843168744],[34.68549804700023,62.65255804968778],[34.641541884000105,62.69636230369062],[34.64812011700013,62.70372585569118],[34.620808919000126,62.71092936069153],[34.60938313800035,62.72257622469217],[34.57916937900018,62.74025471869346],[34.58335774700009,62.75782063669454],[34.566482205000106,62.77868787869591],[34.560755751000215,62.791236706696644],[34.54132758200023,62.8075466566976],[34.545499674000155,62.813543021698266],[34.52472059500014,62.84337429369983],[34.481244575000225,62.8493218307003],[34.451749674000034,62.851043021700285],[34.44577365500015,62.862040200701024],[34.46044650600008,62.869395614701666],[34.4417209200003,62.88812526970265],[34.43948296400019,62.89530842970309],[34.49061686200009,62.91424289170452],[34.52813313800027,62.91007622470411],[34.53645019500015,62.904507105703566]],[[35.20102810300035,62.150333657654606],[35.19688856300023,62.14549967265443],[35.2123806420002,62.129561359653216],[35.23092176600028,62.128130423653246],[35.21434733100034,62.147498913654374],[35.20102810300035,62.150333657654606]],[[35.280216471000244,62.07325710564938],[35.258181424000156,62.07325710564938],[35.24164225300024,62.059903969648495],[35.25174696200014,62.048959688647834],[35.23951009100017,62.02981906364646],[35.22705891900023,62.020320636645664],[35.24408908400028,62.002870007644425],[35.238549805000225,61.99757622464401],[35.20195855000014,61.99546983364394],[35.20829806900024,61.984819876643385],[35.207996962000095,61.969793021642246],[35.187410482000246,61.96000298264164],[35.1920030380001,61.94270833164042],[35.176850043,61.94338378764046],[35.191669379000245,61.91942681063862],[35.18575032600012,61.90312364263778],[35.21075575100025,61.88203667363623],[35.18938530800011,61.856658255634485],[35.22942437100011,61.85662841663445],[35.22285698800016,61.868290200635194],[35.237543403000075,61.88299289163612],[35.262738715000296,61.88992377263691],[35.316905382000186,61.88575710563655],[35.32931857600016,61.87882622463596],[35.3392496740002,61.90312499863766],[35.33125542500011,61.91599256563868],[35.33544108100017,61.93073730363966],[35.323250326000334,61.942706975640306],[35.31676703600022,61.97239176264246],[35.30836859800007,61.975596786642676],[35.31879340300014,61.98784043964363],[35.34200032600017,61.988541665643474],[35.364246962000095,62.00104030864451],[35.36249457500019,62.01734076464554],[35.351982964000165,62.02760823464641],[35.349666341000216,62.04270968864723],[35.32116699200009,62.073958331649386],[35.32720811600018,62.08072102764975],[35.30601128500024,62.08784043965034],[35.280216471000244,62.07325710564938]],[[35.14549696200026,61.93020833163958],[35.16492241800029,61.94735242964078],[35.15075412300023,61.969120278642386],[35.16696506100027,61.97536756564262],[35.15605468700028,61.987022567643486],[35.13531901000016,61.98998480764355],[35.133238390000145,62.00584174164476],[35.11841905400024,62.00382622464464],[35.10174696200022,62.023958331646064],[35.087548828000195,62.022298175645915],[35.10410970100019,62.00978732464518],[35.0854302300001,62.0014227956443],[35.110359701000164,61.98478461264335],[35.112166341000254,61.96354166564187],[35.10450303800018,61.94062635464023],[35.11561686200008,61.93367377263969],[35.14549696200026,61.93020833163958]],[[34.647580295000076,61.94062771164041],[34.642000326000186,61.946874998640524],[34.65174696200017,61.96770697564213],[34.62813313800012,61.98715955764356],[34.6167616100002,61.991259764643885],[34.58726128500019,61.98924289164374],[34.58229980500016,61.993409557644064],[34.556098090000205,61.9961737726441],[34.56060112800013,61.98381211864327],[34.5834120010001,61.97873535064286],[34.6052001950003,61.96075710564171],[34.621166992000326,61.95520833164112],[34.635731337000095,61.939946830640025],[34.647580295000076,61.94062771164041]],[[34.84343804300022,62.27812771166316],[34.83097602000021,62.29123806266406],[34.843779839000256,62.29442409766429],[34.83095974400021,62.31074489866558],[34.818712023000046,62.293094887664225],[34.82469075500018,62.28645833166355],[34.81697862400017,62.27812771166316],[34.81886935800019,62.265005152662354],[34.847954644000204,62.26940510966262],[34.84343804300022,62.27812771166316]],[[34.65519477000014,62.41700032467249],[34.63528645800022,62.42045355767265],[34.63977593300017,62.40463324567156],[34.659388563000164,62.399666339671256],[34.668779839000294,62.40269639667144],[34.66654459600034,62.416274683672455],[34.65519477000014,62.41700032467249]],[[13.693242499000231,59.4169789984396],[13.704631,59.41214349843914],[13.69507899900003,59.398281998437874],[13.68136500100007,59.39672599843769],[13.676016000000116,59.38488949843657],[13.684564500000192,59.375963998435665],[13.714466,59.37639299843586],[13.72449200000011,59.3847019984364],[13.749573999000063,59.377570998436106],[13.767219001000056,59.38681399843689],[13.800246500000128,59.376236498435674],[13.796402,59.36545649843475],[13.786183000000106,59.3599604984344],[13.770312500000045,59.36869249843519],[13.743234499000096,59.35711499843397],[13.741363001000025,59.342399498432606],[13.764239501000246,59.33391549843189],[13.749358000000143,59.32901649843141],[13.758706,59.32157199843075],[13.778696500000136,59.32064999843077],[13.804163,59.32740099843114],[13.820420500000123,59.3232229984308],[13.831044000000247,59.33440649843194],[13.791636,59.342292998432505],[13.804685999000183,59.35017099843335],[13.806717,59.36253049843443],[13.818688500000063,59.36813249843492],[13.842798,59.368093498435066],[13.838346001000106,59.34909899843341],[13.860715,59.33237899843172],[13.882104,59.348220998433106],[13.909563999000111,59.34640599843301],[13.894148000000198,59.32898149843146],[13.878451499000219,59.32216849843081],[13.877987500000074,59.314740498430055],[13.907838,59.30630349842941],[13.920649,59.31337599843002],[13.9214975000001,59.32699599843142],[13.946367001000057,59.32673399843121],[13.940228500000046,59.316517998430136],[13.942666999000094,59.29956049842871],[13.972373001000108,59.29789899842845],[13.984241,59.32269849843089],[13.96385949900008,59.325437998431006],[13.97295699900013,59.336964498432174],[13.977241001000094,59.357298998434025],[14.007338000000118,59.347549998433315],[14.016150001000085,59.34170449843275],[14.001242000000161,59.32986699843137],[14.00596799900012,59.31622249843015],[13.997674000000188,59.307698498429474],[14.004097999000065,59.29920749842879],[14.034933499000088,59.305206498429165],[14.047385001000123,59.28635899842753],[14.055873,59.30909499842969],[14.064081501000087,59.32216549843076],[14.065190000000142,59.345227998433025],[14.077208999000161,59.343726998432906],[14.086912001000197,59.31429849843003],[14.065567000000103,59.30882999842956],[14.055730501000028,59.30021749842875],[14.051137501000024,59.27347199842628],[14.063345,59.25697549842474],[14.07606150000015,59.22566199842167],[14.085735000000225,59.218369498421104],[14.070473500000102,59.210579498420415],[14.057843500000219,59.187792998418296],[14.033492500000195,59.17454249841697],[14.027423500000111,59.16017899841571],[13.978794001000209,59.13259849841305],[13.9609355,59.111689498411046],[13.941172000000108,59.09376299840944],[13.953089,59.05768049840587],[13.965078500000232,59.05156599840527],[13.961773001000209,59.040119998404386],[13.983878500000172,59.03818799840414],[13.991225500000098,59.04339999840475],[13.99902100100013,59.05978799840623],[14.017883499000048,59.058648998405985],[14.038850000000137,59.07107649840725],[14.05282,59.06985149840722],[14.060420498999974,59.08414049840847],[14.078581500000096,59.085995498408636],[14.066722501000182,59.09952499840983],[14.07518249900022,59.115239498411334],[14.102700499000036,59.11299449841117],[14.103358000000128,59.09301149840934],[14.11162100100006,59.085124998408695],[14.103877001000113,59.08038149840803],[14.095820499000183,59.06496199840653],[14.097315001000029,59.05242499840532],[14.12501349900009,59.049756998405115],[14.125702499000226,59.06147849840634],[14.132989499000074,59.07114849840733],[14.152161500000089,59.069086998407066],[14.13119450000005,59.03698399840406],[14.108976001000201,59.03478199840365],[14.092046,59.037930998404015],[14.092359000000215,59.025130998402815],[14.077444500000182,59.012133498401575],[14.044088500000157,59.00040199840047],[14.00840950100013,59.010686498401526],[14.002438999000045,59.0041474984008],[13.983378,58.99630249840011],[14.002716001000124,58.9885459983995],[13.995389500000044,58.97479949839802],[14.0142,58.968493498397464],[14.007054999000102,58.95963449839655],[14.038532999000097,58.94553199839522],[14.026613,58.93234399839389],[14.015415000000132,58.90962049839171],[14.002814000000111,58.86627299838741],[13.981690500000239,58.861989498387274],[13.967421001000162,58.84707449838563],[13.978197500000078,58.829659498383855],[13.959765500000058,58.83017849838393],[13.939885500000175,58.815354998382645],[13.927046,58.82060999838316],[13.917392,58.813060998382305],[13.89834549900007,58.81502599838255],[13.877341999000238,58.801571998381036],[13.864715500000218,58.789479998379925],[13.864355500000041,58.78043649837902],[13.894237500000086,58.76987849837799],[13.905699501000186,58.75792549837682],[13.880548501000078,58.75361899837659],[13.860824501000081,58.74316249837538],[13.83626,58.717353998372744],[13.81804550100003,58.71504899837251],[13.79329400000023,58.71943749837307],[13.794974,58.71092899837211],[13.782397500000059,58.70455749837169],[13.751368001000115,58.70204099837136],[13.749856000000136,58.69477449837065],[13.703216,58.66875549836797],[13.685329,58.67048249836819],[13.668238500000085,58.67850649836895],[13.678907500000037,58.69620399837082],[13.670046001000115,58.698243998370806],[13.63787000100018,58.69418549837054],[13.62178650000004,58.68821099836999],[13.5960700010001,58.690358498370216],[13.59745,58.67853699836889],[13.578558001000031,58.66980549836819],[13.561006000000244,58.666545998367646],[13.55092450000012,58.65388699836654],[13.523709499000233,58.654753998366665],[13.532429999000042,58.66520449836777],[13.514421,58.669730498368175],[13.48107149900022,58.66300249836741],[13.469419500000186,58.651592498366306],[13.452478000000152,58.64619599836574],[13.462561999000059,58.63522999836459],[13.449624000000197,58.629690498364106],[13.432989000000191,58.63748999836475],[13.384316499000079,58.62755649836388],[13.345792500000016,58.60653149836174],[13.333637500000119,58.58884299836003],[13.315001000000109,58.54875349835592],[13.312730499000107,58.53642699835469],[13.3016344990001,58.537607998354716],[13.288604500000076,58.530234998354125],[13.285232000000175,58.510620498352104],[13.292228999000145,58.504762498351454],[13.275988500000093,58.49740599835064],[13.248283999000023,58.494633498350645],[13.219017499000186,58.49709149835073],[13.18325150000021,58.50372149835135],[13.169345000000135,58.51250349835228],[13.150579500000104,58.512242498352165],[13.133507499000132,58.522270998353115],[13.136532499000165,58.53496299835442],[13.158694001000072,58.5532109983563],[13.164518999000052,58.5539594983565],[13.180853000000182,58.5762909983586],[13.17964550000005,58.5876104983599],[13.19315399900006,58.608324498361974],[13.182707499000058,58.62010649836319],[13.157366000000138,58.62060199836303],[13.127083000000196,58.62861949836403],[13.101146501000128,58.622071998363225],[13.094512000000236,58.61147249836231],[13.073818000000188,58.61054499836218],[13.041703500000153,58.601032998361134],[13.01411150100006,58.61262149836232],[12.998191500000189,58.60881599836213],[12.994236000000226,58.58886899836012],[12.97820250000012,58.58175749835929],[12.985872499999969,58.576217998358594],[12.977313,58.566992998357854],[12.936584001000087,58.564849998357495],[12.940277500000091,58.552320498356366],[12.960137001000133,58.54910199835609],[12.956454501000051,58.542287498355215],[12.919526500000128,58.53486449835462],[12.92013150000008,58.52560349835358],[12.945109000000114,58.52610899835368],[12.931612500000083,58.51266549835235],[12.916214,58.512090498352215],[12.915114501000172,58.50271449835131],[12.891572999000061,58.49337399835024],[12.878671501000099,58.49524049835051],[12.854511999000067,58.49008249835],[12.841018500000075,58.48382899834936],[12.805864999000109,58.4774414983487],[12.788490501000124,58.48240599834909],[12.763739499000163,58.48204999834919],[12.758401500000048,58.46082999834689],[12.71911700000021,58.45348399834629],[12.692274499000176,58.446235998345706],[12.67070849900017,58.44631199834545],[12.68839549900008,58.43563549834438],[12.698859,58.42436349834336],[12.687025,58.40982749834186],[12.639370499000051,58.40721999834141],[12.648213500000052,58.38380149833914],[12.608481501000085,58.37415399833799],[12.608289999000075,58.3666654983373],[12.597152500000046,58.360245998336644],[12.574187500000217,58.355921498336244],[12.553609500000107,58.35539049833624],[12.531948000000169,58.362977998336916],[12.519497000000115,58.374441498338214],[12.543336001000057,58.38910349833961],[12.569877001000066,58.39243699834],[12.57665250000008,58.399493998340596],[12.607242500000039,58.412813498342075],[12.628437500000189,58.46194949834708],[12.637007000000153,58.4661414983475],[12.640746501000026,58.47853749834878],[12.619198499000104,58.47506149834842],[12.600961000000211,58.46849749834775],[12.576171499000225,58.452350498346156],[12.563980000000184,58.449656998345944],[12.557765999000026,58.430304498343936],[12.550749000000222,58.4274579983436],[12.549269500000149,58.41446499834212],[12.535225001000125,58.41130799834191],[12.52583750000008,58.399823998340814],[12.512281999000152,58.39229249833997],[12.491564499000104,58.39186099833979],[12.448519000000147,58.405950498341454],[12.414799500000184,58.3854424983392],[12.366812,58.38690699833954],[12.361243499000066,58.37351299833805],[12.324951500000052,58.38793999833955],[12.3118344990001,58.38311699833904],[12.317846,58.371455998337694],[12.301062500000112,58.35723599833626],[12.295581499000093,58.372455498337864],[12.306393000000185,58.37680899833836],[12.320697001000212,58.4089894983416],[12.323076500000127,58.42031249834294],[12.346624001000063,58.43919099834477],[12.366156499000224,58.446132998345426],[12.375878501000157,58.454488998346335],[12.374157501000125,58.466181998347544],[12.411541500000055,58.474656998348344],[12.436445501000206,58.4919094983502],[12.466394500000035,58.48413999834947],[12.475041499000042,58.488457498349824],[12.462686500000244,58.501891498351185],[12.483351999000206,58.51030799835211],[12.497845999000104,58.51118599835205],[12.538481501000033,58.53507049835461],[12.535658001000057,58.540873998355266],[12.551372500000129,58.547184498355826],[12.542718501000024,58.56115549835715],[12.575153000000112,58.575335998358646],[12.595672500000035,58.58852249836002],[12.622998000000221,58.61801849836304],[12.631317001000127,58.619926998363006],[12.648667499000224,58.63847449836491],[12.661341,58.637801498364915],[12.658464,58.654013998366615],[12.634048999000072,58.661112998367194],[12.623482500000081,58.653471998366385],[12.583689499000116,58.65363999836649],[12.560172000000193,58.65917999836695],[12.530891,58.67466749836858],[12.522056000000248,58.69470149837058],[12.510582,58.69820399837083],[12.503596499000082,58.732672998374554],[12.508045,58.75251199837622],[12.506363999000085,58.763644998377494],[12.491517501000088,58.76289549837734],[12.50562450000018,58.77822549837892],[12.53798800000021,58.79293549838028],[12.532835501000022,58.81374649838242],[12.5420895000002,58.81646949838254],[12.545742,58.830612998383906],[12.563534,58.828231498383865],[12.59908049900008,58.81621949838255],[12.60851950100016,58.82798449838374],[12.609294,58.839744998384944],[12.600550501000155,58.85237499838606],[12.620063499000082,58.86109649838708],[12.630557500000123,58.85806249838666],[12.655075999000074,58.87550749838847],[12.638152501000206,58.87989049838883],[12.638725500000076,58.89815849839067],[12.650567501000182,58.902459998390924],[12.651850500000023,58.91361749839206],[12.643086999000104,58.92641599839339],[12.65450399900021,58.92851399839345],[12.648779,58.94571699839508],[12.659035499000195,58.95081849839568],[12.649646000000132,58.95888449839662],[12.674880501000073,58.96876049839739],[12.692324501000142,58.97168799839761],[12.68097900000015,58.98307449839874],[12.685527501000024,58.99768349840028],[12.704802001000132,59.00986999840123],[12.710679999000149,59.01771349840209],[12.727672500000153,59.0221969984025],[12.724018500000055,59.04646349840489],[12.712333999000121,59.04982299840512],[12.705455501000129,59.063020998406316],[12.704470000000128,59.076206998407855],[12.722837999000035,59.076909998407814],[12.720547501000052,59.060349498406325],[12.7379825000001,59.05646049840582],[12.740783501000237,59.044296498404734],[12.750896001000058,59.039590498404216],[12.790415000000111,59.044450998404656],[12.799182001000133,59.05341749840562],[12.824604,59.05350649840569],[12.840129999000167,59.066860998406895],[12.81909199900002,59.06574399840672],[12.799885001000234,59.07239649840734],[12.797139,59.08427949840853],[12.817020501000059,59.08176199840818],[12.826776,59.0755729984075],[12.843371001000094,59.077322998407844],[12.832444999000243,59.08667549840888],[12.846078500000033,59.09788749840974],[12.87956400100006,59.078724998408006],[12.90220950000014,59.08359499840848],[12.908401499999965,59.07525399840756],[12.889787001000172,59.06619049840676],[12.890374500000062,59.05299599840559],[12.900659501000117,59.05193799840529],[12.910585001000186,59.03632849840405],[12.97119300100019,59.05604249840581],[12.977213501000163,59.04539049840477],[12.998211,59.05733099840582],[13.017650500000173,59.05724299840594],[13.02635050000015,59.02730049840307],[13.039283501000053,59.027662498403096],[13.037312,59.01542799840187],[13.049324499000079,59.01380249840176],[13.072837500000048,59.017659998402],[13.090281501000106,59.01491449840184],[13.104398001000161,59.00024699840032],[13.102429499000039,58.991497998399545],[13.085026000000196,58.99014549839944],[13.077441500000134,58.9797464983984],[13.058183,58.976046998398196],[13.05215650100007,58.97034549839765],[13.061992001000132,58.95984799839646],[13.07565100100004,58.96280499839689],[13.099394001000176,58.95099449839567],[13.109610500000084,58.934550998394144],[13.125892,58.925826998393426],[13.125061500000243,58.91772199839252],[13.135725001000196,58.90981849839162],[13.166115999,58.916343998392286],[13.172006500000125,58.909570998391615],[13.196982001000151,58.90164849839109],[13.190292501000101,58.89335799839029],[13.20780750000017,58.88627449838951],[13.21367999900002,58.895279998390286],[13.232518500000081,58.89979249839086],[13.239466501000095,58.8891619983896],[13.258373000000233,58.902154998391005],[13.274240501000065,58.904573498391265],[13.257442,58.92824499839338],[13.251032,58.960167998396685],[13.23333600000012,58.96382299839687],[13.234236000000124,58.97271449839779],[13.24748100100004,58.97699099839831],[13.23865199900007,58.99044149839957],[13.250925000000164,59.00003349840042],[13.240398499000037,59.01552449840193],[13.242162500000175,59.03381399840359],[13.227241,59.04561549840479],[13.232292000000141,59.05658299840581],[13.219106,59.068485498406865],[13.223750999000115,59.076333498407685],[13.213679501000229,59.08675699840872],[13.209979499000156,59.110707998410845],[13.194767499000022,59.12377999841227],[13.17392899900011,59.15551199841515],[13.158218,59.16879049841656],[13.142434499000103,59.171660498416664],[13.162357001000032,59.182696998417924],[13.14787300100005,59.192020498418714],[13.145668500000056,59.205783998419875],[13.137317499000119,59.21141899842041],[13.1488255000001,59.220559998421244],[13.139574500000208,59.242697998423424],[13.118866500000022,59.251486498424164],[13.114821000000234,59.26130949842507],[13.086181500000066,59.26207449842522],[13.075594500000078,59.28034549842688],[13.096193999000036,59.2888819984277],[13.105054500000106,59.267573498425804],[13.125778500000138,59.2641899984253],[13.14494949900006,59.265472498425424],[13.147784500000055,59.287493998427486],[13.140841000000135,59.30402549842913],[13.145672001000035,59.307721498429565],[13.134159000000123,59.32743299843117],[13.116691501000219,59.33176649843162],[13.095369499000128,59.329792498431495],[13.085048000000139,59.31169149842981],[13.064160500000186,59.31433399843018],[13.062776500000155,59.32109449843061],[13.026319500000229,59.32946949843153],[12.98868899900009,59.334759498431964],[12.9676515000001,59.33142399843151],[12.944216,59.33227649843171],[12.95780750100016,59.34661749843306],[12.971048500000165,59.35335499843374],[12.989796000000128,59.3417124984325],[13.024251500000105,59.344302998432894],[13.021164,59.3496574984334],[13.049713499000177,59.362676998434566],[13.057962499000041,59.377899998435765],[13.067969999000182,59.37715399843592],[13.067384000000175,59.351553498433645],[13.077435001000138,59.33427799843174],[13.087086500000055,59.332732498431746],[13.120941500000185,59.33662749843214],[13.122487499000101,59.344715498432905],[13.136167499000123,59.34717449843308],[13.154648500000064,59.33904699843245],[13.170638000000109,59.35523649843385],[13.17503150100009,59.36723849843491],[13.188456500000031,59.36691049843488],[13.18595550100008,59.3514454984335],[13.198169,59.351487998433505],[13.193592,59.329922998431606],[13.186947500000201,59.31925899843042],[13.204504500000096,59.313117998429796],[13.207646499000077,59.30242149842893],[13.23077849900011,59.297348498428526],[13.2620955000001,59.30394099842911],[13.28467,59.301708498428816],[13.293094,59.29353749842828],[13.312538,59.30402349842902],[13.285495500000025,59.31252849842986],[13.268055001000219,59.328130498431314],[13.268226,59.33510799843185],[13.255184999000047,59.345894498432976],[13.292812500000023,59.3591939984342],[13.299464999000179,59.365410998434946],[13.35793449900029,59.36156049843437],[13.377865001000147,59.35574599843394],[13.37186950000006,59.36967949843513],[13.393999501000108,59.3706744984354],[13.4107,59.37977399843613],[13.4243219990002,59.37326149843557],[13.418639,59.36702399843501],[13.433368,59.356494498434],[13.42461999900024,59.3491549984332],[13.428899500000112,59.33753149843229],[13.441068500000085,59.32810849843125],[13.435316999000063,59.3166394984303],[13.488127999000083,59.31829499843036],[13.507482500000151,59.30727849842951],[13.496364500000197,59.292506998428145],[13.49052350000022,59.270810498425995],[13.51179450100011,59.25709299842462],[13.524379999000072,59.25739949842485],[13.537680500000024,59.2682914984258],[13.565806500000063,59.271122498426045],[13.578660500000126,59.282222998426974],[13.561332,59.28706999842748],[13.560097500000037,59.29540899842849],[13.575160999000047,59.3003914984287],[13.589205000000105,59.29853899842846],[13.60044900000014,59.30740449842956],[13.591779,59.31238499842986],[13.59870750100009,59.336918498432155],[13.573987,59.33735499843208],[13.573508500000058,59.35324099843369],[13.565629,59.356894998433944],[13.545996000000116,59.33710999843205],[13.525338,59.335896998431934],[13.51888600000018,59.35055149843339],[13.506069999000088,59.346024498432996],[13.493270999000172,59.35925449843415],[13.509410001000049,59.3586554984343],[13.51048,59.3679054984351],[13.524380500000063,59.37167899843528],[13.546193999000081,59.359486998434114],[13.56943699900006,59.37959849843603],[13.585439000000122,59.38134449843618],[13.606865,59.39492999843738],[13.637213501000133,59.394432498437425],[13.671688500000183,59.40583949843856],[13.693242499000231,59.4169789984396]],[[13.667413500000123,59.39015849843696],[13.647353500000236,59.38926249843691],[13.639734,59.37921849843602],[13.620214,59.37338749843565],[13.611232,59.35874849843411],[13.626994499000089,59.35851449843434],[13.649563001000102,59.353304498433616],[13.660644500000101,59.358726998434264],[13.669669000000166,59.377296498436024],[13.667413500000123,59.39015849843696]],[[14.033914,59.28029099842686],[14.015212500000075,59.27729649842666],[14.021376,59.2668309984257],[14.017376499000022,59.25706549842489],[14.027706500000079,59.25457199842465],[14.0463,59.27127349842608],[14.033914,59.28029099842686]],[[13.219201501000157,59.27820949842664],[13.230832500000075,59.279248498426725],[13.205510500000173,59.3019024984289],[13.18714249900012,59.296491498428395],[13.205542500000206,59.27761449842652],[13.219201501000157,59.27820949842664]],[[13.875371500000028,58.877675998388625],[13.852880500000026,58.8631859983873],[13.881973000000245,58.848689498385816],[13.882967500000118,58.8639204983872],[13.875371500000028,58.877675998388625]],[[13.863234,58.848691998385696],[13.850246500000079,58.85231199838603],[13.836769000000231,58.849242998385705],[13.843516,58.83727699838472],[13.823959999000179,58.83647099838446],[13.811499501000126,58.82532799838361],[13.792367500000069,58.798755998380905],[13.77861200000018,58.80831049838191],[13.79472350000009,58.82900099838374],[13.789918500000054,58.83897449838479],[13.76602049900009,58.84937449838605],[13.759657501000051,58.841582498385044],[13.741029001000243,58.83976849838492],[13.727525500000182,58.84460749838551],[13.711039,58.80739699838161],[13.745505499000105,58.780944998379155],[13.738472999000063,58.76651349837761],[13.752401500000186,58.746639498375735],[13.769511500000135,58.760609498377114],[13.801793500000088,58.76296999837736],[13.82593699900002,58.76025849837723],[13.844514499000125,58.773791998378286],[13.845154000000205,58.789242498380005],[13.86011150000007,58.80597349838157],[13.865025001000106,58.81677399838252],[13.87770050100005,58.82819299838379],[13.8848210000001,58.844242498385306],[13.863234,58.848691998385696]],[[13.741613501000131,58.7555049983765],[13.731005,58.757637998376794],[13.705166501000063,58.741831998375226],[13.717061500000058,58.73259199837423],[13.736279501000013,58.73262349837428],[13.747709501000086,58.74016149837521],[13.741613501000131,58.7555049983765]],[[13.23268699900018,58.71252349837243],[13.22057950000021,58.707484498371876],[13.216413001000033,58.69773199837085],[13.235629500000128,58.68833149836997],[13.251639001000171,58.70378849837146],[13.23268699900018,58.71252349837243]],[[13.21110550000009,58.69272999837034],[13.196873499000105,58.70308549837144],[13.187118001000158,58.703597498371415],[13.17333899900012,58.688913498370034],[13.160544499000023,58.69485799837062],[13.127836500000058,58.69248849837048],[13.108501500000044,58.695299998370515],[13.11197599900015,58.68105999836909],[13.096341499000062,58.68227199836941],[13.078318999000201,58.667313498367804],[13.080155999000056,58.655954498366846],[13.069435,58.64778599836592],[13.08884100000023,58.63503849836465],[13.105640001000207,58.62874599836382],[13.127145,58.631710998364284],[13.135653001000037,58.62785949836396],[13.17005750000004,58.64408099836547],[13.161731000000145,58.62379049836339],[13.18443750100005,58.627839498363855],[13.196627500000034,58.62103649836314],[13.218712500000093,58.63932999836496],[13.212335000000165,58.64485999836566],[13.231969500000218,58.66174449836728],[13.233528501000077,58.67570649836874],[13.207868500000131,58.68485499836946],[13.21110550000009,58.69272999837034]],[[13.085783000000106,58.62295149836341],[13.093416500000158,58.63065349836417],[13.078977500000176,58.63829249836487],[13.05855349900014,58.63652399836482],[13.044701000000146,58.62485549836361],[13.050337,58.61072599836217],[13.082306501000119,58.61197799836245],[13.085783000000106,58.62295149836341]],[[13.66862450000002,58.817872998382846],[13.679791000000138,58.8069939983816],[13.701695501000072,58.80089599838102],[13.706646,58.82809649838378],[13.702593000000205,58.83954299838486],[13.712765,58.85222649838606],[13.690604501000053,58.86028849838695],[13.686914999000066,58.85152649838611],[13.655781500000044,58.84168599838497],[13.66862450000002,58.817872998382846]],[[78.21662109375046,42.74459675547841],[78.23202148437547,42.73994112939136],[78.25392496744841,42.74179998898442],[78.26308973524357,42.748003195367076],[78.29354031033046,42.75027505951749],[78.30777506510479,42.74444172618162],[78.29978298611167,42.73921603173489],[78.28733045789988,42.73891790890475],[78.27768853081659,42.74312458750921],[78.26730441623312,42.74146293928788],[78.2433360460076,42.731391595967644],[78.231435004341,42.7305763019135],[78.2122840711811,42.7243177569889],[78.19781032986161,42.72569308251047],[78.18585910373325,42.72242919362001],[78.18221950954944,42.70895344491645],[78.16660725911515,42.71065402000386],[78.17305284288244,42.69219861635019],[78.1456534830734,42.675664599415875],[78.12111409505252,42.674441726151585],[78.11469238281313,42.66000270704808],[78.08352023654572,42.64550455165995],[78.07633056640688,42.63936658507762],[78.07223198784772,42.62466253776204],[78.07637776692759,42.60777777212976],[78.10655192057338,42.59362304122098],[78.12825303819493,42.59458278514501],[78.17502441406299,42.590814067695305],[78.2353304036463,42.5871842391349],[78.24477674696237,42.584213318994586],[78.26895779079909,42.58734510068007],[78.27388617621573,42.5936138181307],[78.3091162109381,42.602775059454004],[78.31413818359425,42.58527641578339],[78.27927300347272,42.56666937367456],[78.24634711371596,42.57055175214847],[78.2328230794277,42.56680148087956],[78.22487603081646,42.57295382463218],[78.21042941623313,42.57290526777458],[78.19862982855966,42.56580809980267],[78.18651367187552,42.57541937367836],[78.17077609592064,42.5753819387826],[78.15294433593817,42.57944172611062],[78.1427370876741,42.571947151454594],[78.12623209635478,42.577775059443205],[78.11678331163245,42.57255913062156],[78.10134657118105,42.53533175430334],[78.07206434461875,42.51775552816731],[78.0719346788199,42.506329204377614],[78.04521457248306,42.49412976860847],[78.03574896918474,42.4808037594881],[78.02380425347275,42.4754502981142],[78.01709798177131,42.46774115097551],[78.00154676649348,42.4576679087836],[77.9888161892366,42.45507811928598],[77.96740858289989,42.462751187865656],[77.92633707682336,42.46499728161668],[77.91665120442751,42.462501079358724],[77.88778917100744,42.445622552875655],[77.87040961371588,42.4436734968852],[77.86482421875064,42.44693792831026],[77.82691433376777,42.427097976044614],[77.81806179470533,42.42584336449899],[77.80388156467075,42.41550346649102],[77.80976833767403,42.40098713618949],[77.84089599609433,42.39583604026723],[77.84891764322958,42.40001355763014],[77.88511501736156,42.399948453463374],[77.8997243923617,42.383314881407586],[77.88549533420183,42.38306558670249],[77.88428385416711,42.366882861001095],[77.8649701605909,42.36139159580787],[77.85256754557344,42.36774467740768],[77.84406385633729,42.363441834523925],[77.82498833550393,42.33415770907706],[77.81944715711872,42.31916394821985],[77.80908989800392,42.302081428681085],[77.76748589409783,42.27275851200162],[77.74936713324712,42.26551133317891],[77.72069742838596,42.24354925634655],[77.7010818142366,42.21546955798343],[77.66514567057345,42.20376844035679],[77.65602050781291,42.19865179538922],[77.62885904947967,42.19164170424035],[77.6205636935768,42.196675341395256],[77.61156575520883,42.192193190785865],[77.59803656684068,42.19416394816498],[77.57162733289988,42.19138779799031],[77.56173339843804,42.188337396513134],[77.53239257812561,42.172983392600194],[77.52666937934072,42.16052571030317],[77.51834852430615,42.160836582698984],[77.4957706705735,42.15528048460628],[77.47471950954908,42.15971950370548],[77.46618136935818,42.16467745726667],[77.4630582682297,42.175280484615],[77.44134277343795,42.1750027068371],[77.42067843967055,42.18110839260372],[77.41167697482695,42.17790309746338],[77.40107042100746,42.18138617038169],[77.37751953125047,42.172499180360404],[77.35671766493095,42.17389647853803],[77.32916937934078,42.18083604017306],[77.29719238281297,42.17889159572773],[77.28585557725751,42.18218261135426],[77.26271294487884,42.1730029238502],[77.22971950954901,42.1738861703783],[77.18075629340314,42.167804898674326],[77.17135904947973,42.17027505926564],[77.15644056532157,42.1611878739319],[77.1305268012157,42.15720865300985],[77.11460381401966,42.16016085570217],[77.08533148871571,42.15510280448471],[77.0707131618928,42.15997015474722],[77.05579711914099,42.15699353799236],[77.05558037651961,42.16468695162427],[77.04768676757857,42.172581916905536],[77.0232870822487,42.1799972814921],[77.01169989691891,42.17388806924986],[76.99359646267412,42.17944281100584],[76.98822604709238,42.18415445380296],[76.9530004882817,42.19164902845924],[76.95016438802134,42.181528585746285],[76.93031684027818,42.166641975496624],[76.93720404730942,42.186308587918525],[76.9319806586377,42.19966036743834],[76.90346733941021,42.19526095337379],[76.88055284288247,42.19860839261145],[76.85456800672777,42.20979301718225],[76.84471950954892,42.21027505928325],[76.82363769531293,42.21888698420031],[76.81074137369826,42.22128064739578],[76.79623087565153,42.22863362048924],[76.77212605794311,42.247954909560164],[76.75864813910626,42.245841194281404],[76.75226223415848,42.25805365088406],[76.72549302842933,42.26444172597369],[76.72221028645873,42.254985074493895],[76.70634941948833,42.24805826242475],[76.70577650282162,42.268241910437126],[76.67389038086003,42.262680115729864],[76.64347954644136,42.26504176937663],[76.6290348307295,42.271462667816955],[76.60570746527839,42.267760410870984],[76.57799913194492,42.27278536747042],[76.57215969509593,42.27944172598029],[76.55856594509584,42.27973876374078],[76.51470323350732,42.29860839265528],[76.49555284288232,42.30110839265643],[76.46760457356827,42.312780484675415],[76.44907999674521,42.31834417825417],[76.42690890842066,42.34141139831633],[76.40192776150214,42.35013861186178],[76.39075629340319,42.35025064528211],[76.33645141601629,42.33292371385083],[76.31664794921906,42.31968586662282],[76.30405232747427,42.315335009416025],[76.28847073025207,42.31695583189948],[76.25333577473992,42.329518494665365],[76.24306030273469,42.35253390266149],[76.258565538195,42.374169102323684],[76.22278049045171,42.386140944776756],[76.22999728732673,42.395206971256464],[76.22218044704903,42.40754095563677],[76.20525336371558,42.4130802351532],[76.20277425130256,42.43086452335532],[76.18608764648474,42.45079453638484],[76.20952121310796,42.452993700882224],[76.2286138237851,42.457497010346025],[76.28616292317741,42.47751301512896],[76.31499728732683,42.48194172606847],[76.35879977756115,42.48095892441871],[76.38647989908888,42.478790413133055],[76.4090835232209,42.469868158354984],[76.43440266927124,42.468127164430506],[76.46212470160641,42.4723304521928],[76.47627292209245,42.48320556070462],[76.49222493489641,42.48471950384737],[76.47916937934059,42.49558023518908],[76.49249728732684,42.50389159586972],[76.506968994141,42.50513834066197],[76.53010592990495,42.51113443441449],[76.57838975694477,42.50861517443065],[76.62130981445355,42.5161561358055],[76.62786905924513,42.51427869439847],[76.62842922634599,42.54145615751782],[76.63666395399336,42.5525027070019],[76.69359605577296,42.571390239562014],[76.70944173177118,42.57528048478949],[76.72981201171922,42.573872878452015],[76.7596263292106,42.56913736412706],[76.7576094563807,42.5827804847926],[76.76289428710982,42.58788438019412],[76.78947713216199,42.59460855554427],[76.86892971462727,42.59194715146327],[76.91260321723131,42.600613058585026],[76.93596720377644,42.598605408844584],[76.95902072482674,42.600162212230835],[76.97416842990486,42.61108370746109],[76.9992249891497,42.618567431422655],[77.00844618055618,42.60448133115613],[77.02160169813413,42.59838541101474],[77.0371251085075,42.60181748566896],[77.05273749457506,42.63410915234945],[77.06924655490498,42.63831298264631],[77.08024685329917,42.62618977300587],[77.0974972873268,42.62919650043768],[77.08943617079031,42.641676969193014],[77.12377848307341,42.6430872882041],[77.14500461154569,42.63971380729995],[77.17865939670196,42.640559347664734],[77.19833604600753,42.649186463553825],[77.22550862630256,42.63879122700431],[77.23405463324688,42.639599875008045],[77.24469414605096,42.658043342897926],[77.25813395182337,42.6663180824848],[77.27596394856818,42.66751111633946],[77.28592502170174,42.663477641945455],[77.30512532552126,42.66816921095786],[77.31677001953157,42.67616861417308],[77.35937120225735,42.685908468778194],[77.38719916449713,42.67990911981709],[77.404836697049,42.67015298917061],[77.45080322265676,42.654721402792354],[77.46557454427132,42.65944172614512],[77.47760742187546,42.65276583638536],[77.49496337890695,42.65007133768628],[77.5269959852436,42.650839838120575],[77.54720893012193,42.65386935201085],[77.55474419487905,42.662793505660446],[77.57333089192763,42.666669644984964],[77.59889160156321,42.66194172614615],[77.6074856228304,42.67361300436305],[77.63528049045215,42.67888617059785],[77.65194715711851,42.6852750594896],[77.6768831380213,42.70182236852442],[77.69750488281299,42.71013291540301],[77.71483045789971,42.71219210594209],[77.72167588975753,42.71624619665555],[77.75438720703185,42.7174869735658],[77.77666937934094,42.72249728172767],[77.79584635416718,42.731122091844284],[77.82004041883732,42.729975037807236],[77.83110839843796,42.721941726171906],[77.86058213975753,42.71715141584],[77.897992350261,42.728139100306485],[77.92170274522613,42.72304198658909],[77.9630582682298,42.723613818186536],[77.98435980902843,42.71435492061321],[78.01556016710127,42.71387477738382],[78.01876383463586,42.71738985985056],[78.0521012369797,42.726941726174225],[78.06940728081679,42.721025113758294],[78.08115180121592,42.726941726174225],[78.10447211371586,42.72619384205915],[78.12508816189285,42.73585136701994],[78.15867838541722,42.73640448116948],[78.1709171549484,42.73963229150061],[78.18389160156295,42.73860839284586],[78.21662109375046,42.74459675547841]],[[36.14917663574238,4.581380584800177],[36.15676215277784,4.571611179021543],[36.15640787760435,4.550830547871858],[36.16316996256534,4.54086677902927],[36.156097140842235,4.528599712934071],[36.16397833930131,4.523924945550806],[36.170540974935086,4.53603699082619],[36.16930263943162,4.555266489775343],[36.17665703667558,4.557492636894809],[36.179118652343966,4.54849339306192],[36.173721245659976,4.5368681370655],[36.19441148546025,4.523605706252597],[36.19582505967901,4.51529744820461],[36.20578145345075,4.496208186003874],[36.21166388617627,4.493454364527778],[36.20582926432297,4.483055872785306],[36.213686930338774,4.475262751455427],[36.20851081000449,4.462895587704162],[36.219842190212944,4.429815143402834],[36.22640787760424,4.42190112160132],[36.215035196940335,4.411385815351339],[36.21087436252196,4.394750802212441],[36.2188293457034,4.375427173489205],[36.2150300428604,4.358667869036125],[36.20033182779969,4.350046856675364],[36.19140238444038,4.324714723726656],[36.20666944715725,4.287397930959812],[36.219277479384004,4.284413515272806],[36.22360833062089,4.262693408958861],[36.21944722493515,4.248303421452293],[36.2221693250869,4.245067201837654],[36.22278218587251,4.22305355033086],[36.21544447157128,4.214986398104075],[36.21777499728749,4.2013589770574],[36.212374199761484,4.195078866386861],[36.22126274956622,4.17938421850841],[36.22999037000886,4.175877952236024],[36.23697435167127,4.18138610381439],[36.24392571343344,4.178554242109477],[36.24364291720934,4.168373306790317],[36.247823825412645,4.161007618050242],[36.25055277506538,4.140492956071027],[36.24032396104616,4.119643380626492],[36.23567891438807,4.104688885742101],[36.225860324435985,4.093108685559015],[36.227666083442045,4.080069168699873],[36.219449055989735,4.07584743476335],[36.22028137207047,4.058851110454082],[36.224089423285825,4.054431826062213],[36.2224821641712,4.039948522583485],[36.215829128689336,4.017709956526179],[36.20972500271295,4.008570280971647],[36.21278130425361,4.004410463810216],[36.20498894585523,3.988664817668028],[36.20972500271295,3.978613887231822],[36.197770657009755,3.955810135628284],[36.18633090549065,3.944882536898505],[36.193919881184975,3.926353212916465],[36.210357191297874,3.910550058093746],[36.222109375000116,3.894324065272444],[36.225693020291025,3.879622934103134],[36.23379740397161,3.870400115102551],[36.23555277506534,3.859327388334839],[36.23389261881539,3.846900901802907],[36.23694722493508,3.832907032460142],[36.250773518880294,3.811434118529027],[36.24675801595071,3.793773867354224],[36.255274997287465,3.780398826678276],[36.27187045627186,3.767902963518929],[36.27104770236565,3.755919931305149],[36.27788770887605,3.745971743381713],[36.26906941731777,3.724835811329577],[36.2611010064021,3.718071284969586],[36.25221944173199,3.716669443065738],[36.24638156467023,3.709941402165774],[36.25418104383693,3.686386850324649],[36.24727884928398,3.684881791189911],[36.24349514431446,3.674557965788646],[36.23745802137597,3.673081389726786],[36.2216139051651,3.676107173686266],[36.21500278049063,3.672459170217928],[36.21574462890641,3.652941754874131],[36.21913648817292,3.632859086167322],[36.216924981011346,3.623842972895799],[36.20939500596813,3.612005272170581],[36.20532579210084,3.577982173791256],[36.207286716037515,3.573959550097539],[36.205796983507184,3.547682694656899],[36.19977674696201,3.535068762378753],[36.20878668891072,3.532158402681413],[36.209769897461115,3.520806813066838],[36.21777499728749,3.498030866368138],[36.2136178927953,3.490362002444082],[36.21888610839851,3.484403614863719],[36.218065999349164,3.467989362494221],[36.225465359158136,3.465399166099326],[36.22527499728738,3.451113819977672],[36.229441663954105,3.444104135740432],[36.224725273980305,3.431932369260192],[36.23303975423198,3.427376976469973],[36.23392639160164,3.416314693495792],[36.24669691297759,3.408591304832212],[36.25267761230481,3.394567867347264],[36.25326571994378,3.374408362160689],[36.249725002712744,3.368837208737789],[36.25073371039519,3.339681799698042],[36.231783311632,3.341360130859376],[36.21913675944029,3.32916937566415],[36.229242214626815,3.306502410627941],[36.24061943901938,3.306095645220273],[36.246449245876875,3.294946692324396],[36.25562635633691,3.288933780004335],[36.26953952365477,3.272980546514606],[36.28161437988291,3.263505855769596],[36.28473320855062,3.250710309993531],[36.2951556396485,3.234103457797845],[36.293891669379434,3.210633812640961],[36.300320909288416,3.187107065704502],[36.30539259168858,3.185532358675131],[36.31942057291672,3.192293562009704],[36.32645128038223,3.191652828503461],[36.33914225260429,3.1797810837247],[36.356700032552396,3.148304846779549],[36.362569444444496,3.144899356331764],[36.36935004340307,3.13347710156981],[36.37766859266515,3.125918507827928],[36.386386176215524,3.101663950562576],[36.391027153862915,3.096180009596408],[36.39138658311645,3.08196302284942],[36.3969417317711,3.06191460164729],[36.39561008029528,3.049211422407565],[36.402167154948,3.040635711696363],[36.404254150390905,3.019602861241698],[36.41360839843758,2.999719506228531],[36.423694661458626,2.985122745176705],[36.43311971028674,2.976695824612818],[36.452777235243275,2.966150984129487],[36.45348782009563,2.959222273199587],[36.4666767035593,2.946085608717251],[36.47527533637168,2.942529564884397],[36.48583062066007,2.931941728524311],[36.49071438259562,2.932707787551209],[36.49879760742198,2.920631507182521],[36.51399481879349,2.915690779106179],[36.52090481228316,2.910197750683295],[36.520275065104265,2.894724931689849],[36.526013183594046,2.890002709472744],[36.5356926812068,2.896729054951553],[36.54195475260433,2.891936167586871],[36.555018988715574,2.893891598357408],[36.57119032118073,2.899439965321716],[36.57391872829879,2.892224931692413],[36.583363172743354,2.891941728567695],[36.5932271321617,2.886745737905187],[36.60957546658,2.891162241806407],[36.622591010199756,2.886767032392821],[36.638417833116414,2.894002817975244],[36.65861382378484,2.894724931689849],[36.675490993923916,2.885599226404602],[36.682780490451705,2.884447153923115],[36.695370958116484,2.858160804125282],[36.70086968316002,2.852750376613809],[36.704997287326705,2.836842309139838],[36.69265882704013,2.825201684152464],[36.6972625054255,2.808782006436029],[36.696064995659924,2.786563175079992],[36.70314751519129,2.779920786849453],[36.70110609266504,2.759431827453246],[36.70749728732658,2.731279429480466],[36.70444715711835,2.721108395420373],[36.694169379340394,2.7138746443432],[36.68527506510435,2.716391598550559],[36.68220431857667,2.705833465966601],[36.690853135850936,2.705552297347058],[36.69306586371556,2.697173526739881],[36.685450981988026,2.692404917804083],[36.69471950954892,2.670152178028042],[36.690002712673845,2.65653876115929],[36.691684299045335,2.646056040901604],[36.696408420139164,2.642208927190504],[36.69639160156282,2.62440361579506],[36.69916395399333,2.607715247757738],[36.69990695529543,2.577903778606286],[36.689615071614696,2.563182098934869],[36.693043212890814,2.550922441830154],[36.69028116861995,2.546619192051866],[36.69738376193607,2.529861108302915],[36.69679484049504,2.517782793429022],[36.69035495334231,2.514986705107354],[36.69194173177118,2.506386173432722],[36.699447157118186,2.500836043230618],[36.702252875434276,2.482475990082195],[36.69157769097233,2.4628873670569],[36.68331393771734,2.463607853167076],[36.67475748697934,2.455123423922982],[36.666082356771085,2.439236515303173],[36.66087158203135,2.43730956760565],[36.65210611979193,2.424190806769355],[36.64264838324676,2.425436602123916],[36.639094102647846,2.410396861471982],[36.62539198133708,2.41912339683565],[36.61610514322945,2.416432153348973],[36.616348063151186,2.402863902495875],[36.603987223307456,2.398985593038241],[36.601916910807624,2.413680688508293],[36.589712863498555,2.419185245793846],[36.58788167317727,2.413914656606926],[36.57251939561661,2.410800371671158],[36.55716308593759,2.401622176151748],[36.54599636501752,2.405123695245027],[36.53922363281276,2.411080183953862],[36.53383612738725,2.432730438921369],[36.526066894531425,2.442139889865998],[36.524209120008834,2.461106903734063],[36.52852362738735,2.485836585781738],[36.52757866753495,2.496213918669542],[36.531044243706724,2.502605791492483],[36.532775065104374,2.523085392164468],[36.52452080620668,2.529117293199588],[36.52081515842037,2.537580021054887],[36.51721327039939,2.560400387783539],[36.48601643880221,2.581628415104025],[36.473575575087004,2.600616859093579],[36.4719152832032,2.611702742327969],[36.45509887695334,2.614246145103121],[36.44720038519994,2.618908281599718],[36.43748060438378,2.63810410948673],[36.43354180230062,2.661556936066933],[36.433897162543474,2.68561251872298],[36.44500827365465,2.711119381759414],[36.43596177842897,2.714963375895882],[36.42261976454,2.72974473438671],[36.419197184244865,2.742956268660484],[36.419730495876934,2.759986840473539],[36.41689154730932,2.767844913381628],[36.40246025933187,2.783389753859425],[36.40028049045151,2.791391598468801],[36.391207953559274,2.806153696977068],[36.38972384982662,2.819459225391347],[36.38439832899326,2.825659040922827],[36.386202935112976,2.836281328237613],[36.369059651692965,2.85477606563076],[36.35398003472244,2.863585201905801],[36.34294148763046,2.864194468398261],[36.330280558268385,2.873058265046686],[36.31718356662332,2.875743269383954],[36.31495802137594,2.883521996589066],[36.28583055284304,2.894163950787578],[36.26640523274761,2.912559811227659],[36.26448710123725,2.932507999140074],[36.25660739474847,2.937507863500947],[36.25955213758708,2.967135006480982],[36.251965942382924,2.959804141688465],[36.22687662760438,2.964186194635138],[36.20838568793413,2.971907006258714],[36.194725002712865,2.974169376047896],[36.17553900824681,2.972224931605552],[36.17177815755218,2.976543236722439],[36.149147677951476,2.971947153828132],[36.14542100694461,2.982989769918531],[36.14499721950972,2.998613820465832],[36.13274169921891,2.99002061300994],[36.1252805582684,3.017800696530088],[36.131941663954194,3.03142971127234],[36.13124443901921,3.039311113173472],[36.141137017144096,3.057519392233617],[36.15005418565556,3.06393025377176],[36.15716898600277,3.063550072565646],[36.16348130967901,3.073318274594949],[36.15408270941861,3.098070471833846],[36.14729539659311,3.106630177770759],[36.14666388617632,3.131696502613373],[36.140558336046126,3.151947153633086],[36.134447360568686,3.157502709182758],[36.139441663954074,3.175280486941231],[36.14628424750442,3.191610646428804],[36.149711235894245,3.215399302002167],[36.14232537163633,3.228326954983122],[36.13747463650185,3.20997531112251],[36.13143141004797,3.206687415075742],[36.11110833062094,3.213330617108479],[36.105941704644174,3.218298607554535],[36.063871866862264,3.228334007934363],[36.051410047743104,3.23721720019909],[36.03015014648463,3.245237626622694],[36.017897203233645,3.25961493237975],[36.010000542534954,3.288356794327955],[36.00028055826839,3.306669375688399],[35.98813429090728,3.320974388693876],[35.968355170356006,3.334111460077301],[35.94696994357662,3.335835228521532],[35.93855509440129,3.358763830927423],[35.93653401692733,3.388361812666506],[35.93353230794291,3.405998667031148],[35.933607923719656,3.42110947973197],[35.93887010362435,3.457449811724119],[35.94582180447055,3.481537539562924],[35.94043172200526,3.496111107255617],[35.93932257758263,3.530277434801479],[35.930591837565146,3.555722041979106],[35.918790147569496,3.560470848397567],[35.92261400010875,3.539875687829359],[35.93128214518236,3.524120615146569],[35.9319321017797,3.503144798654326],[35.92664774576849,3.492193735298002],[35.91218600802954,3.498068979432335],[35.90110833062089,3.490275061254983],[35.887523803710955,3.50236097161525],[35.88899719238281,3.511797956197151],[35.89953789605039,3.513878441220902],[35.90777499728757,3.526418792227455],[35.91277499728738,3.546866247717735],[35.890394354926286,3.56046257474308],[35.88605319552953,3.559140756710706],[35.86550421820766,3.584919700910524],[35.8553058539498,3.591901105525341],[35.840123901367406,3.594023162272227],[35.83027825249588,3.617615352459652],[35.830047471788475,3.64098937587231],[35.8354969618058,3.665747473176475],[35.836937188042675,3.680493024375977],[35.83036376953146,3.692348221846026],[35.83305230034733,3.70474168157664],[35.82833611382381,3.713085458694561],[35.83325446234818,3.72816975501094],[35.8445097520617,3.751254132698886],[35.854726087782296,3.78222357439777],[35.85337320963555,3.794871482912923],[35.85703131781702,3.807547671050434],[35.85666944715728,3.819331660838253],[35.85999721950958,3.828431188823452],[35.86080342610694,3.843608326394089],[35.856292114257876,3.851118227644841],[35.862786254882906,3.88223049160904],[35.85719211154543,3.887275115084601],[35.85240227593339,3.898885765028903],[35.85254957411034,3.948233163522646],[35.86526841905385,3.981153831347889],[35.86156358506952,3.989495709594419],[35.86500481499576,4.005867101721029],[35.87443962944894,4.022188445019768],[35.90504163954,4.087000795754171],[35.92613030327708,4.123369678636847],[35.93055847167987,4.137224591274086],[35.92386962890646,4.152806968373548],[35.92027486165385,4.188053177375093],[35.92118116590717,4.21273728650703],[35.92389465332035,4.232366328370099],[35.91943101671012,4.243647286745853],[35.92141357421889,4.263928658794844],[35.92056376139334,4.279431283290227],[35.916380547417646,4.30361910878584],[35.917497219509755,4.330863235818688],[35.91524278428835,4.347964235421035],[35.91944166395422,4.387780553467461],[35.924783257378586,4.402667451916447],[35.931663886176466,4.438058331192658],[35.945412326389146,4.472822023376384],[35.94471299913204,4.491147218669706],[35.93693054199223,4.499734136114137],[35.93553595648876,4.51220874717152],[35.942138875325725,4.526080639450317],[35.94473904079876,4.55651866838999],[35.95376702202702,4.562521111485453],[35.95614915635872,4.552287957199221],[35.95499721950961,4.533292536551159],[35.948324856228346,4.529441659005326],[35.94223992241762,4.514271175961672],[35.95055277506526,4.507219436806144],[35.96071133083779,4.517571440104952],[35.97137301974834,4.50951958905256],[35.962777981228555,4.504448745891085],[35.96278055826854,4.497758767192603],[35.971958550347324,4.491385764405197],[35.968617011176434,4.477905556764118],[35.9830198160808,4.478816438653237],[35.99228698730485,4.499888758509752],[35.99691318088122,4.528885408327601],[36.0093878173829,4.547566523352628],[36.01562296549502,4.541266194786658],[36.00388610839865,4.536947219978306],[35.997173529731015,4.526610305926541],[36.015138685438444,4.522072223384654],[36.00976942274309,4.515309918026091],[36.00947292751749,4.506472044364464],[36.00361389160173,4.495552770151624],[35.994158460829055,4.487485770512781],[35.99416375054266,4.480280451645553],[36.01756259494379,4.474447220043603],[36.02160814073375,4.483493393129716],[36.01573703342018,4.494048965628667],[36.02110595703141,4.501225530155608],[36.02194390190976,4.5133418394148],[36.0294637044272,4.513058585427489],[36.03016649034299,4.501487743968177],[36.02602064344637,4.492904403862143],[36.03476108127188,4.484482077888894],[36.038691813151154,4.493002636555121],[36.04583611382395,4.494914444143213],[36.05540337456614,4.50527499236382],[36.07266852484821,4.499213150193505],[36.085284491645034,4.506475163939236],[36.085044284396815,4.515633378922498],[36.094490695529764,4.531391664428551],[36.112884250217235,4.545394265189784],[36.11338060167105,4.552453981301138],[36.12844455295158,4.551017925801453],[36.144719441731866,4.553058331072688],[36.14596510145418,4.569104058255967],[36.136288384331756,4.562686686300852],[36.12572604709225,4.56695512908608],[36.11968092176676,4.574388770300123],[36.12499721950974,4.578613886601651],[36.144158325195576,4.57693610645194],[36.14917663574238,4.581380584800177]],[[36.035891587999345,3.504730085111115],[36.02362013075094,3.5006435779539],[36.029428507487125,3.486680633090427],[36.04180555555564,3.484027773935322],[36.050174153646026,3.490525983563679],[36.045005289713856,3.505283063625979],[36.035891587999345,3.504730085111115]],[[36.5682732476131,2.617475718667289],[36.57610460069475,2.615300290067175],[36.57417304144997,2.606007212820292],[36.57946085611996,2.588055417049981],[36.59593967013898,2.587171899255916],[36.60694715711827,2.597775062221706],[36.60777506510419,2.606113820893165],[36.61499226888037,2.612443573490316],[36.61416937934047,2.622620982333402],[36.617775065104354,2.633581268779765],[36.61501776801243,2.640098874024529],[36.616113823784815,2.653292504652365],[36.611267903646024,2.666941728812885],[36.6055582682294,2.670525713183971],[36.607888454861374,2.682509762650021],[36.59487386067718,2.678896888305033],[36.58698106553828,2.685046926275737],[36.580558268229254,2.656418725352062],[36.58231065538206,2.640586070204461],[36.569234483507046,2.629324270086697],[36.5682732476131,2.617475718667289]],[[31.40961032443567,2.763455536216219],[31.427292751735983,2.763382972197286],[31.43524373372378,2.760589054014531],[31.449169379340216,2.738613820748561],[31.45054728190098,2.716679955755147],[31.454157714843625,2.708913842482337],[31.4525303819442,2.689204098580174],[31.444169379340217,2.682252058657224],[31.44698554144952,2.659516056077912],[31.429099392360964,2.622926971916487],[31.416092258029323,2.610603566982014],[31.427775065103955,2.593330617782083],[31.444169379340217,2.584169376472692],[31.456625840928663,2.574719506691472],[31.465815700954693,2.562558862173454],[31.46890774197033,2.529886336167435],[31.480557861328066,2.506925724213364],[31.49514716254327,2.498066674744009],[31.51280124240441,2.501346839671061],[31.53137207031233,2.487247176058004],[31.533886176215216,2.478918725546127],[31.530491672091838,2.471449107498775],[31.502780490451244,2.455552840155126],[31.49483344184022,2.454617239027671],[31.48167032877581,2.425877004684255],[31.4824343532984,2.412518986035544],[31.479342719183876,2.379697262981261],[31.486386176215202,2.374485131910678],[31.472338053385272,2.350701766051404],[31.45496880425343,2.33221869315493],[31.435828721787914,2.325745440123852],[31.425286051432117,2.317213810358966],[31.413865695529463,2.312492944478628],[31.391392279730777,2.29640109336787],[31.37362792968736,2.267927786107485],[31.364521484374908,2.264496796527927],[31.357202826605718,2.249463973193762],[31.357489013671675,2.243766816081889],[31.367480740017125,2.233069658975634],[31.36726996527772,2.205251733659],[31.360836046006845,2.198624943301712],[31.361919487847096,2.192282169871284],[31.382224934895696,2.168058265818007],[31.38812934027771,2.156253795344841],[31.391118842230693,2.122813040173379],[31.38680379231749,2.101080726829358],[31.397134195963353,2.083060164783159],[31.40583563910581,2.056637638770503],[31.4095559353297,2.050079479055526],[31.41025892469594,2.03688828983394],[31.406669379340034,2.025329587589745],[31.412219509548542,2.011418726059972],[31.404460042317623,1.997011716527236],[31.406663953992844,1.982540687897363],[31.405830620659685,1.967497285136184],[31.416832411024135,1.947304414065045],[31.413894042968597,1.937058917114287],[31.412501898871486,1.911652016100639],[31.40061442057271,1.904305553435164],[31.395547281900864,1.89082519320699],[31.392902425130156,1.874158526558958],[31.379433186848757,1.846524791780207],[31.3727410210501,1.828526744925086],[31.366232231987738,1.821741534429129],[31.34639160156229,1.816669377316642],[31.328965250651038,1.819248044848552],[31.319725002712453,1.813640948500617],[31.32111931694874,1.762791067914484],[31.316465725368854,1.74983045594964],[31.303059014214163,1.729197317951615],[31.297933349609192,1.710639917798607],[31.289476928710883,1.706980792368919],[31.28148661295546,1.69502793864946],[31.26195997450054,1.681680499428111],[31.252797173393848,1.679452580593495],[31.24698608398432,1.671392684769219],[31.236419813367828,1.667078991197529],[31.233331773545785,1.656360132702407],[31.186129828558926,1.616935490819053],[31.179169311523314,1.615563963042778],[31.159681939019038,1.596353351085152],[31.142830539279423,1.586137693544149],[31.120456882052842,1.580407984349167],[31.089169040255857,1.588336315503724],[31.077314927842675,1.58855902600675],[31.0703584120007,1.5783547616951],[31.047219441731556,1.573891599807829],[31.02389953613255,1.55596245486249],[31.021089545355665,1.543934731351369],[31.01035705566391,1.533385957491609],[30.970776028103103,1.53160373093104],[30.95388359917507,1.540560979184971],[30.948434516058743,1.528390026507453],[30.932850409613586,1.506640623319827],[30.93085293239988,1.487604436274912],[30.926877373589203,1.469210610340641],[30.918908623589175,1.452696395949193],[30.897216932508456,1.435283201524338],[30.88786851670989,1.424554034869246],[30.878178168402485,1.420703123415253],[30.867337036132596,1.405624455897182],[30.85639919704834,1.397621797486238],[30.85548231336793,1.389772405133548],[30.846942342122183,1.385584308350025],[30.83817735460042,1.358607854386983],[30.82278306749112,1.332494573166167],[30.80639417860214,1.32110568428997],[30.80080281575493,1.319788409985827],[30.788712429470415,1.308787162167971],[30.781239827473712,1.294560545430488],[30.76635165744329,1.286659612279799],[30.758473002115636,1.277402613591792],[30.754191148545768,1.2617437051891],[30.740975680880858,1.249063854943173],[30.733306647406547,1.247479111021274],[30.73336829291423,1.235923935252842],[30.72310804578961,1.22441433240081],[30.718373107909944,1.212712943524826],[30.727653198242017,1.202361109769044],[30.72222442626935,1.185527071159261],[30.709503411186912,1.176007756933785],[30.704466857909836,1.164295517363425],[30.69027096218525,1.149199760002059],[30.690025634765394,1.143658581622498],[30.670551723903888,1.121184894581588],[30.64160525851764,1.099915905890268],[30.632774556477607,1.083629284814377],[30.626424628363388,1.064776474505515],[30.61525814480222,1.056686196736733],[30.620858357747238,1.048078612110915],[30.603330552842746,1.043613822619563],[30.597087368435098,1.032308484090356],[30.589921807183092,1.025552841736785],[30.57374172634519,1.02364366205133],[30.577467685275273,1.032624510565605],[30.56778055826805,1.038336044847445],[30.55472249348935,1.039736326964272],[30.547502780490106,1.034870604313174],[30.53948533799894,1.013159449823537],[30.53349015977631,1.015449217615993],[30.538535359700404,1.031877168986586],[30.542482401529863,1.036611598234831],[30.547497219509413,1.054381780506999],[30.53948082817908,1.055865884238022],[30.528443501790036,1.041798230173453],[30.515122172037643,1.029531791385012],[30.50489362928567,1.027571613435822],[30.49646389431404,1.036823458043634],[30.49112501356325,1.052757702817525],[30.500323757595247,1.059868705413781],[30.500868259005863,1.067851290040266],[30.51266031901025,1.077083060863342],[30.51555277506497,1.086647676738081],[30.508613891601385,1.091391600344144],[30.506309983995035,1.10711561291344],[30.49866485595675,1.103586695816419],[30.492225002712356,1.11484510509214],[30.489997219509238,1.138058266958626],[30.47861111111087,1.17547173262914],[30.46444134182371,1.173068846346725],[30.458319566514433,1.190535480441963],[30.47380774603937,1.204943846311287],[30.48414764404276,1.206941730423869],[30.49395117865635,1.202820365411011],[30.49680341932486,1.207618542488922],[30.48950608995193,1.215519746907391],[30.468363240559704,1.229447155745804],[30.45473922729462,1.214177516005877],[30.449021284315112,1.219771320253125],[30.451414015028025,1.239942218668394],[30.455473904079547,1.250650226469046],[30.463327195909073,1.259282767691771],[30.45035807291651,1.260225693038003],[30.44168611314529,1.269418401361087],[30.434922671847573,1.267687173064389],[30.428096347384717,1.254169377940547],[30.42389166937909,1.262224933487136],[30.41524132622584,1.268314071935321],[30.40263888888859,1.270428058478027],[30.38030768500408,1.260558266822324],[30.3713861083981,1.261636825848955],[30.375008511013164,1.270833331915076],[30.369679345024615,1.274909666546016],[30.361669447156935,1.271669377921089],[30.363423682318626,1.291826441700713],[30.360789744059048,1.299427353150931],[30.372165289984647,1.306540797153101],[30.381391669379063,1.315830619191698],[30.388344302707075,1.328926593569216],[30.407219441731456,1.34222493339823],[30.41778013441268,1.347392034086871],[30.42241612752263,1.354809568800949],[30.43183787027976,1.358601615237618],[30.44336669921858,1.39384060174365],[30.450789184570056,1.401370169877653],[30.462216084797937,1.402106389494875],[30.470332878960328,1.413349065263633],[30.47703889634863,1.417643770119948],[30.484106987847092,1.428502331305869],[30.48955373128223,1.464421385085648],[30.49833621554882,1.490275334709677],[30.500834893120377,1.510306530433821],[30.508757459852287,1.518138832942863],[30.517439846462427,1.521636011758073],[30.53296369764518,1.537384438389923],[30.53981018066377,1.554634329863865],[30.554697638617423,1.563379447041979],[30.55539998372376,1.568804522990477],[30.58446790907101,1.581983233913382],[30.58831044514954,1.587294920105351],[30.61000237358911,1.604185382326488],[30.623058336045794,1.611663952196768],[30.63194166395385,1.630836044189039],[30.639730665418536,1.639447155290605],[30.655754496256293,1.662457680438725],[30.67108676486532,1.67136420169623],[30.6904759724934,1.688556584489665],[30.72125556098063,1.70402235053157],[30.734966362846937,1.71900634574076],[30.748001030815768,1.754565156465232],[30.763975355360117,1.769341632143364],[30.786003892686324,1.773641219812421],[30.807763536241165,1.785269637768053],[30.827497219509375,1.809169377324949],[30.832821384005904,1.813350421157133],[30.850294325086505,1.840310056544024],[30.86497565375419,1.856060382047449],[30.87140543619773,1.86586561207137],[30.879233534071084,1.868969453213742],[30.88889539930551,1.881690536099012],[30.901391669379223,1.890830618554155],[30.909572211371362,1.903049585554879],[30.919922553168185,1.90239257600669],[30.929937472873068,1.911564125475766],[30.935675387912116,1.921366642826041],[30.96629659016906,1.940408255218165],[30.984583333333088,1.933535425364677],[31.001084526909437,1.945224878476727],[30.99855292426212,1.953822697477669],[31.022415635850443,1.967916393208643],[31.028137953016422,1.978250865853495],[31.03981594509537,1.982291393192752],[31.05916388617607,2.000280488225004],[31.08201117621507,2.011337617119124],[31.0988861083984,2.027502710417143],[31.126041124131856,2.035929902248359],[31.131882527669,2.041075030280744],[31.159194810655155,2.055845538076956],[31.17436008029483,2.071789005941306],[31.183042331271455,2.093565264597958],[31.194769015841874,2.105205889585085],[31.21036132812492,2.110190427339998],[31.22460605197477,2.107292749391831],[31.231202731662158,2.113502601815591],[31.240141533745422,2.115639103549325],[31.240269571939905,2.141374780604285],[31.260496961805416,2.145253361329202],[31.27579169379327,2.166054685091118],[31.27248094346766,2.17079643855814],[31.28734714084197,2.194656030545683],[31.295407918294075,2.195281301812312],[31.304436916775106,2.204132213260948],[31.303354492187445,2.217712128610607],[31.307092081705544,2.227829858634247],[31.320786268446113,2.24121880176188],[31.322214016384297,2.253597816505193],[31.334360758463443,2.264289276996962],[31.334472656249886,2.282415633313807],[31.35987725151904,2.302792694923345],[31.365814073350627,2.318307560357761],[31.376914605034532,2.3272195069625],[31.38662584092861,2.323336043425067],[31.39011705186629,2.327749834652918],[31.40557942708324,2.330055607219888],[31.42437879774303,2.338867727435827],[31.43568535698773,2.337588430562317],[31.461942138671645,2.358859860660385],[31.471095377604108,2.381310218708694],[31.472239447699614,2.3990416097483],[31.471570231119646,2.432124563271024],[31.47570271809889,2.443424205185776],[31.48551513671861,2.453030596234225],[31.50382948133677,2.458702525481525],[31.519032253689147,2.467953556287395],[31.5257680935328,2.478607039348637],[31.52503051757793,2.485795895677649],[31.513330620659417,2.491113821018931],[31.498392605251635,2.482921817989621],[31.49129584418386,2.483727753318692],[31.47834445529497,2.498850908684088],[31.465878363715206,2.52521050066921],[31.460007052951195,2.534239363506576],[31.458089192708254,2.563584252797324],[31.44504150390616,2.579694007553925],[31.433090955945946,2.5846880396666],[31.427960340711707,2.591137963704769],[31.41065266927069,2.599161780970126],[31.41194173177058,2.609392629483273],[31.407652994791537,2.621710337803159],[31.411024712456364,2.627745765313931],[31.412280409071,2.642038842555296],[31.41533732096343,2.649718964074666],[31.415416259765497,2.664049204944503],[31.420267740885205,2.668629011797103],[31.42960164387995,2.667606605114315],[31.440093180338465,2.674574921078788],[31.44069566514742,2.679505205361573],[31.450258517795078,2.691033254394216],[31.4516693793401,2.706391598561408],[31.442911105685646,2.725550127186411],[31.436410725911234,2.750258379112562],[31.40961032443567,2.763455536216219]],[[29.052037760416848,-1.583934866940274],[29.06737087673622,-1.585844860427732],[29.07581461588552,-1.595831025781239],[29.08604437934048,-1.600037840012658],[29.086956380208452,-1.609337020774962],[29.092497287326466,-1.62000271086695],[29.116429578993177,-1.630275063286486],[29.133339029947994,-1.630966795056498],[29.134169379340328,-1.640356579117151],[29.141375325521036,-1.642791610581596],[29.154420301649395,-1.636085067620309],[29.159775119357676,-1.638956025733476],[29.16857394748274,-1.662788626618519],[29.177770182291734,-1.66845024770599],[29.19018636067733,-1.669409449093718],[29.218653700086858,-1.68304619495543],[29.241142306857906,-1.700552027184284],[29.253226725260504,-1.69864352566734],[29.267508409288265,-1.7130472799916],[29.26116373697948,-1.719152151946727],[29.265024685329937,-1.733886174282633],[29.27121337890645,-1.732654213563712],[29.279717068142475,-1.743040633908134],[29.27882731119814,-1.756933456158392],[29.268330620659984,-1.773608260827403],[29.269996473524547,-1.781141626704495],[29.27802056206616,-1.789334443535723],[29.27472059461814,-1.797213675297522],[29.275452202691213,-1.811007213694054],[29.287274576823165,-1.811287025976677],[29.28444715711811,-1.820879582389662],[29.289387478298924,-1.828820120575164],[29.29362494574672,-1.843918590610537],[29.284276801215405,-1.854972057395085],[29.28916341145844,-1.876408282415172],[29.28723605685792,-1.881685246384876],[29.273875054253715,-1.889169377235968],[29.270043131510647,-1.896235891985265],[29.283623046875107,-1.907225339672747],[29.2931822374133,-1.937239445542416],[29.301522352430823,-1.939855547970105],[29.307228732638972,-1.946849905601175],[29.32086046006964,-1.938688148882786],[29.323424750434235,-1.963448348508264],[29.334441460503573,-1.989719642967165],[29.34931722005223,-1.993072371913059],[29.343613823784782,-2.003417695252406],[29.3458360460072,-2.011125214775038],[29.354997287326572,-2.011130097587615],[29.3536083984377,-2.021091306343929],[29.362192382812733,-2.03888617394595],[29.358901909722476,-2.04473700401718],[29.36305284288204,-2.054642196063989],[29.344447157118225,-2.047775062824971],[29.343091905382156,-2.062448592539746],[29.320830620659823,-2.073640948213167],[29.320558810764055,-2.08279717107607],[29.327396375868254,-2.096949324923616],[29.32527506510422,-2.10230224375446],[29.313421495225786,-2.094425995933344],[29.302217610677133,-2.08074964503689],[29.279499782986186,-2.087240937347378],[29.275476616753497,-2.130463322282502],[29.271936577691235,-2.11385362177999],[29.27140272352448,-2.09474080170551],[29.26480658637177,-2.091673446023151],[29.259429253472494,-2.110045163667865],[29.249455566406315,-2.11615342646472],[29.25403428819453,-2.123538680362822],[29.251669379340402,-2.13278048807857],[29.262663574219005,-2.145016816189934],[29.266038140191025,-2.154763994998778],[29.281394042968937,-2.175994192458083],[29.272469889322963,-2.174673798579295],[29.26511149088554,-2.161812470468479],[29.256081271701643,-2.155836043608779],[29.24412651909728,-2.153995358931913],[29.227640245225807,-2.167597925106259],[29.215275336371743,-2.169148082439466],[29.20748074001756,-2.183063691148211],[29.196947157118192,-2.181140948094523],[29.202854275173877,-2.19638129095996],[29.213019205729267,-2.196950545516591],[29.212780490451507,-2.207219507093806],[29.205802680121618,-2.208885495590331],[29.1988747829863,-2.201380612786063],[29.193886176215358,-2.205275062651503],[29.1916693793405,-2.217706974530283],[29.193918728298684,-2.223613821311992],[29.186385904948114,-2.230558130115135],[29.184180501302247,-2.242529701282115],[29.189056260850748,-2.244710283962393],[29.19025878906268,-2.255558265721091],[29.184350043402898,-2.26386799878507],[29.179294433593842,-2.255694713203789],[29.163518608941217,-2.268112790446848],[29.157298990885522,-2.270548635713479],[29.15445610894107,-2.282097165431558],[29.159890679253575,-2.287703583610999],[29.151048448350767,-2.300552840324477],[29.141181911892545,-2.300390622442857],[29.136851399739662,-2.305672197957895],[29.12945285373274,-2.328341468766383],[29.114703233507043,-2.332775062511118],[29.11993164062523,-2.306021861585678],[29.109756944444598,-2.303919403906037],[29.103891601562733,-2.31232435181346],[29.10221923828129,-2.323875594205261],[29.105551486545263,-2.336177840285567],[29.098597276475793,-2.338052840283494],[29.089094238281294,-2.33311387544487],[29.077214084201444,-2.349736325513719],[29.080830891927235,-2.355248207018078],[29.078704698350748,-2.374564884514244],[29.068774685329966,-2.374096405782086],[29.06000596788198,-2.386823999084093],[29.0477750651043,-2.412780759037964],[29.038916015625038,-2.405136173543127],[29.061011013455065,-2.370985782955647],[29.057656521267518,-2.36050184199499],[29.04414686414952,-2.356114363701181],[29.04280164930566,-2.337861054259349],[29.050683051215337,-2.331250539943686],[29.05388617621542,-2.313875187315242],[29.0408192274308,-2.296925181908118],[29.02215657552096,-2.296367727482006],[29.020495334201485,-2.318639591606834],[29.006134168836923,-2.341381833335385],[28.999904785156332,-2.369929467852643],[28.993509114583496,-2.384719506898883],[28.98483534071193,-2.379144148832102],[28.971092122396037,-2.400830617992394],[28.96403266059042,-2.39420654030866],[28.955171169705068,-2.397895233881019],[28.940830620659884,-2.392775062445591],[28.939501681857788,-2.399985077628728],[28.927192382812677,-2.395836043345059],[28.919156358506996,-2.403604869291471],[28.908433430989696,-2.408067759911578],[28.90144395616329,-2.421458059376045],[28.90383761935777,-2.43626817220705],[28.897693684895895,-2.450876190854154],[28.893918185763987,-2.468116045436026],[28.897780490451623,-2.473918725551177],[28.871720106336966,-2.499150659117315],[28.856054687499977,-2.493487139158208],[28.840029839409798,-2.479991316690346],[28.83768798828129,-2.46788953718961],[28.840002983941186,-2.445275604922857],[28.835002712673653,-2.433581268998107],[28.839441189236194,-2.419702688284163],[28.83555826822925,-2.412758786381891],[28.844445529513965,-2.40473415531453],[28.852800292968762,-2.372262638423028],[28.874525553385524,-2.370786401445502],[28.882188856336942,-2.36309895570739],[28.893254665798736,-2.357335880626942],[28.900563693576423,-2.346885034284056],[28.94486653645856,-2.335028209210372],[28.96113661024316,-2.335830075528963],[28.96721950954867,-2.322481008703357],[28.964685058593833,-2.308241506765857],[28.976950412326566,-2.280155433663038],[28.969391276041794,-2.278020830800767],[28.97797878689244,-2.263106686936992],[28.97401421440981,-2.254863956911328],[28.966869303385526,-2.261722138327362],[28.95886230468772,-2.283913842947063],[28.951350640191034,-2.292000051705549],[28.935104709201596,-2.297443980735991],[28.931003960503567,-2.292510712512295],[28.91801296657996,-2.308892277164457],[28.918528645833423,-2.29443196359528],[28.929015028211893,-2.281474742472331],[28.925836046007014,-2.269692380288697],[28.93609375000005,-2.253454858605211],[28.933608398437734,-2.242219507055384],[28.908686523437552,-2.235906301766912],[28.901651204427257,-2.258957517019632],[28.89727539062511,-2.251979164162766],[28.888220757378516,-2.252545299144779],[28.87647162543414,-2.271306963620612],[28.869747450086944,-2.253637828440406],[28.86999728732656,-2.237030026809386],[28.861091851128666,-2.231936303941758],[28.864991048177217,-2.213308374274474],[28.855616048177232,-2.211891680482695],[28.85278049045143,-2.20406453205392],[28.868949924045296,-2.206101343032406],[28.879290635850843,-2.20365898734952],[28.884150661892534,-2.189351261670825],[28.873413357205088,-2.190552840445569],[28.8680780707466,-2.183195933986635],[28.86971327039947,-2.173030596540804],[28.884048665364613,-2.181850040975955],[28.88946207682307,-2.175448673795413],[28.90620822482646,-2.164218883226233],[28.89717610677092,-2.143336043622476],[28.875005154079986,-2.153873966787997],[28.864958224826527,-2.162762720033166],[28.856927083333513,-2.15015421310284],[28.858917371961923,-2.139945472879655],[28.87876654730911,-2.127332490037398],[28.885729980468845,-2.117384437748326],[28.896120062934187,-2.118585473988235],[28.90951416015622,-2.105525849436571],[28.92437717013911,-2.11255913393415],[28.928945583767476,-2.09509399180931],[28.939447157118245,-2.090280488125406],[28.95262396918417,-2.080456540653577],[28.959470486111222,-2.067758379860308],[28.976941731770864,-2.059136824965237],[28.97250271267375,-2.04138617394315],[28.963336046007036,-2.033592120132308],[28.963893229166782,-2.026667071311556],[28.95625542534725,-2.020360240806588],[28.948319227430652,-2.006947154883888],[28.947747938368078,-1.999169377114721],[28.937316623263936,-1.99643595155352],[28.93111924913199,-1.99915269417195],[28.930244140625177,-2.014078909433303],[28.933918999566057,-2.019219561554405],[28.92532606336828,-2.033902043091971],[28.9194471571181,-2.053613821499078],[28.9138766818578,-2.058317868802947],[28.902286783854326,-2.052885468635412],[28.90111382378484,-2.030525713885698],[28.908337944878497,-2.018053247536594],[28.914724934896064,-1.991941729553227],[28.913314615885614,-1.979168970235705],[28.93368489583343,-1.98442992943133],[28.933918728298693,-1.969447154925116],[28.949163953993093,-1.953052840706919],[28.95754964192718,-1.954423554681449],[28.960675998263977,-1.948336043837267],[28.95471950954874,-1.930836043856772],[28.964149576823107,-1.91833333119697],[28.971401095920207,-1.916111651511915],[28.9833298068578,-1.904136146967719],[28.98184950086818,-1.895107555397976],[28.995167914496555,-1.851872013996089],[29.002230631510482,-1.834980331071831],[29.014932725694504,-1.831922334113612],[29.02857693142369,-1.817640107566868],[29.02896348741341,-1.804295245385276],[29.024389377170333,-1.798658445261472],[29.01221028645853,-1.802496878416905],[29.01085205078129,-1.79667561648767],[29.02058702256949,-1.789985213934138],[29.014629720052312,-1.784845918149986],[29.0211244032119,-1.765515677285718],[29.03290744357645,-1.765740829195324],[29.043608398437744,-1.741669377399225],[29.05461154513892,-1.73458902801471],[29.053620605468772,-1.725790606800316],[29.07000271267384,-1.711636825349115],[29.07505479600701,-1.686209036748535],[29.085608181423645,-1.685217283277662],[29.083891601562584,-1.678508977078546],[29.09964762369816,-1.671352537199313],[29.10361762152792,-1.662778725359778],[29.09165798611122,-1.644452444998077],[29.094962565104307,-1.62561889467174],[29.0855495876737,-1.625436060470611],[29.071702473958503,-1.640291203683349],[29.06308349609389,-1.636223142706938],[29.059217122396035,-1.65170355718604],[29.052214084201516,-1.658630504878327],[29.052223307291904,-1.6672615541309],[29.03781955295141,-1.670897350567517],[29.027047526041883,-1.695356714690035],[29.020542263455006,-1.705019529349539],[29.01454969618066,-1.6972349698963],[29.020558539496562,-1.679441865532372],[29.01748697916684,-1.670225963849423],[29.029725206163327,-1.650553247942689],[29.028735351562545,-1.641861706068707],[29.034251030816055,-1.609844426373317],[29.038330620659956,-1.60731852034317],[29.04111707899318,-1.5915195023484],[29.052037760416848,-1.583934866940274]],[[29.105416124131978,-1.941784123271769],[29.10567030164935,-1.928396672114678],[29.096593153211927,-1.929479300151389],[29.096408691406342,-1.939409041893898],[29.074345160590497,-1.93089816408243],[29.05463324652788,-1.946859806859948],[29.04903537326396,-1.963330618473688],[29.045247667100732,-1.963657495643461],[29.044672309027813,-1.991191539666909],[29.04721815321193,-2.006044377107163],[29.054707573784746,-2.014723983217208],[29.065092502170266,-2.018314749272272],[29.060275065104292,-2.034163951728861],[29.05139811197927,-2.052463376621759],[29.044921332465314,-2.061329885943685],[29.04649142795148,-2.071637638753538],[29.033052842882054,-2.085830618338612],[29.031286892361322,-2.094638398276832],[29.03500271267375,-2.10583604366379],[29.029334581163425,-2.111017250255353],[29.019169921875065,-2.131369490901283],[29.022230631510464,-2.147489689451231],[29.010269368489617,-2.157213946167882],[29.005280490451412,-2.167159692684832],[29.007036946614623,-2.175548907085358],[28.991113823784815,-2.185768633636547],[28.983024088541754,-2.213927948926777],[29.004195963541743,-2.202959660093328],[29.00866590711808,-2.208153480617173],[29.003210991753683,-2.216223142066605],[29.0039624023438,-2.224179278125458],[29.011719563802206,-2.228810897044049],[29.019608832465398,-2.242659638348349],[29.012780490451636,-2.258869897662082],[29.016941731770995,-2.271064857501173],[29.015280490451456,-2.280078258098877],[29.030373535156347,-2.281516924546943],[29.047701280382057,-2.27405666522355],[29.054141981336898,-2.276102428025137],[29.0680786132815,-2.267770586671128],[29.07637695312519,-2.258441430865696],[29.08008056640636,-2.243266463434467],[29.08531982421897,-2.241221243167562],[29.09423773871532,-2.229125567182635],[29.098766276041832,-2.212016327835114],[29.090442708333452,-2.194643416612729],[29.09054199218769,-2.179196910553559],[29.098087293836844,-2.161605222204836],[29.109987250434187,-2.158269447468834],[29.11273952908005,-2.149786103294222],[29.10333360460077,-2.116094968348687],[29.09233615451399,-2.099494490936097],[29.083891601562584,-2.098730059513618],[29.079270290798718,-2.086393769379585],[29.088242730034782,-2.076033797602867],[29.08000271267366,-2.064218340801648],[29.089779188368137,-2.06213012465801],[29.10536241319443,-2.049462617076534],[29.110836046007073,-2.050002710391942],[29.118718261718815,-2.041773950635414],[29.108483344184098,-2.029571395310293],[29.108051757812685,-2.016943357129827],[29.11249728732661,-2.006418726065064],[29.10249728732646,-2.00083604377954],[29.098767903645857,-1.987497285113426],[29.091919487847456,-1.981640215892429],[29.087736002604228,-1.967792830925141],[29.10505723741329,-1.964098847639556],[29.10777506510431,-1.953330618484511],[29.105416124131978,-1.941784123271769]],[[28.90526502821189,-2.235012882714337],[28.903806152343922,-2.225270857985458],[28.88939398871543,-2.229702959760146],[28.88513888888906,-2.2415277752853],[28.90526502821189,-2.235012882714337]],[[28.922361111111233,-2.14930555316433],[28.928037109375115,-2.142809784942521],[28.925223795573004,-2.126906464647496],[28.910957845052103,-2.120056285618658],[28.917503797743105,-2.13642306619957],[28.917443033854394,-2.146628415580684],[28.922361111111233,-2.14930555316433]],[[28.94864990234379,-2.341692434463147],[28.93591118706615,-2.343320038628391],[28.92527967664943,-2.348316783414611],[28.914109700521063,-2.361149357185218],[28.92228624131957,-2.369802243460412],[28.93514919704864,-2.367949758653397],[28.944686414930576,-2.371317271670567],[28.94855577256947,-2.357355954411345],[28.955241427951588,-2.351891002160662],[28.94864990234379,-2.341692434463147]],[[28.931556260850815,-2.373618975226837],[28.910825466579983,-2.375547686162423],[28.90774875217022,-2.390070255590647],[28.89946316189247,-2.395007864092475],[28.893438313802104,-2.408782278139725],[28.899622938368108,-2.412806258169955],[28.91129801432305,-2.400003252541885],[28.924775119357836,-2.394403751679869],[28.924164225260487,-2.387819821565698],[28.931556260850815,-2.373618975226837]]],"bbox":[-92.20676922499992,-16.594163940413285,109.96125271266968,62.91424289170452],"objects":{"sanitized":{"type":"GeometryCollection","geometries":[{"arcs":[[0],[1],[2],[3],[4],[5],[6],[7],[8],[9],[10],[11],[12],[13],[14],[15],[16],[17],[18],[19],[20],[21],[22],[23],[24],[25],[26],[27],[28],[29],[30],[31],[32],[33],[34],[35],[36],[37],[38],[39],[40],[41],[42],[43],[44],[45],[46],[47],[48],[49],[50],[51],[52],[53],[54],[55],[56],[57],[58],[59],[60],[61],[62],[63],[64],[65],[66],[67],[68],[69],[70],[71],[72],[73],[74],[75]],"type":"Polygon","properties":{"id":"lake_caspian_sea","ecoId":"1","name":"Caspian Sea","biome":"Lake system","biomeNum":null,"realm":"Europe","ecoBiomeCode":"LAKE","nnhCode":null,"nnhName":"Russia","layerType":"lake","country":"Russia","continent":"Europe","sourceLakeName":"Caspian Sea","areaKm2":377542.58,"centerLon":50.528544,"centerLat":41.850926,"isMarine":false,"isLake":true,"FID":"lake_caspian_sea"},"id":"lake_caspian_sea"},{"arcs":[[76],[77],[78],[79],[80],[81],[82],[83],[84],[85],[86],[87],[88],[89],[90],[91],[92],[93],[94],[95],[96],[97],[98],[99],[100],[101],[102],[103],[104],[105],[106],[107],[108],[109],[110],[111],[112],[113],[114],[115],[116],[117],[118]],"type":"Polygon","properties":{"id":"lake_superior","ecoId":"5","name":"Lake Superior","biome":"Lake system","biomeNum":null,"realm":"North America","ecoBiomeCode":"LAKE","nnhCode":null,"nnhName":"United States of America","layerType":"lake","country":"United States of America","continent":"North America","sourceLakeName":"Superior","areaKm2":82074.97,"centerLon":-88.21213,"centerLat":47.714381,"isMarine":false,"isLake":true,"FID":"lake_superior"},"id":"lake_superior"},{"arcs":[[119,120],[121],[122],[123],[124],[125],[126],[127],[128],[129],[130],[131],[132],[133],[134],[135]],"type":"Polygon","properties":{"id":"lake_michigan","ecoId":"6","name":"Lake Michigan","biome":"Lake system","biomeNum":null,"realm":"North America","ecoBiomeCode":"LAKE","nnhCode":null,"nnhName":"United States of America","layerType":"lake","country":"United States of America","continent":"North America","sourceLakeName":"Michigan","areaKm2":57841.85,"centerLon":-87.084645,"centerLat":43.861727,"isMarine":false,"isLake":true,"FID":"lake_michigan"},"id":"lake_michigan"},{"arcs":[[136],[137],[138],[139],[140],[141],[142],[143],[144],[145],[146],[147],[148],[149],[150],[151]],"type":"Polygon","properties":{"id":"lake_ontario","ecoId":"7","name":"Lake Ontario","biome":"Lake system","biomeNum":null,"realm":"North America","ecoBiomeCode":"LAKE","nnhCode":null,"nnhName":"United States of America","layerType":"lake","country":"United States of America","continent":"North America","sourceLakeName":"Ontario","areaKm2":19384.41,"centerLon":-77.633366,"centerLat":43.826347,"isMarine":false,"isLake":true,"FID":"lake_ontario"},"id":"lake_ontario"},{"arcs":[[-120,152],[153],[154],[155],[156],[157],[158],[159],[160],[161],[162],[163],[164],[165],[166],[167],[168],[169],[170],[171],[172],[173],[174],[175],[176],[177],[178],[179],[180],[181],[182],[183],[184],[185],[186],[187],[188],[189],[190],[191],[192],[193],[194],[195],[196],[197],[198],[199],[200],[201],[202],[203],[204],[205],[206],[207],[208],[209],[210],[211],[212],[213],[214],[215],[216],[217]],"type":"Polygon","properties":{"id":"lake_huron","ecoId":"8","name":"Lake Huron","biome":"Lake system","biomeNum":null,"realm":"North America","ecoBiomeCode":"LAKE","nnhCode":null,"nnhName":"United States of America","layerType":"lake","country":"United States of America","continent":"North America","sourceLakeName":"Huron","areaKm2":59530.98,"centerLon":-82.309383,"centerLat":44.774344,"isMarine":false,"isLake":true,"FID":"lake_huron"},"id":"lake_huron"},{"arcs":[[218],[219],[220],[221],[222],[223],[224]],"type":"Polygon","properties":{"id":"lake_erie","ecoId":"9","name":"Lake Erie","biome":"Lake system","biomeNum":null,"realm":"North America","ecoBiomeCode":"LAKE","nnhCode":null,"nnhName":"United States of America","layerType":"lake","country":"United States of America","continent":"North America","sourceLakeName":"Erie","areaKm2":25808.05,"centerLon":-81.238823,"centerLat":42.143516,"isMarine":false,"isLake":true,"FID":"lake_erie"},"id":"lake_erie"},{"arcs":[[225],[226],[227],[228],[229],[230],[231],[232],[233],[234],[235],[236]],"type":"Polygon","properties":{"id":"lake_ladoga","ecoId":"10","name":"Lake Ladoga","biome":"Lake system","biomeNum":null,"realm":"Europe","ecoBiomeCode":"LAKE","nnhCode":null,"nnhName":"Russia","layerType":"lake","country":"Russia","continent":"Europe","sourceLakeName":"Ladoga","areaKm2":17544.72,"centerLon":31.714631,"centerLat":60.841688,"isMarine":false,"isLake":true,"FID":"lake_ladoga"},"id":"lake_ladoga"},{"arcs":[[237],[238],[239]],"type":"Polygon","properties":{"id":"lake_baikal","ecoId":"11","name":"Lake Baikal","biome":"Lake system","biomeNum":null,"realm":"Europe","ecoBiomeCode":"LAKE","nnhCode":null,"nnhName":"Russia","layerType":"lake","country":"Russia","continent":"Europe","sourceLakeName":"Baikal","areaKm2":32101.2,"centerLon":108.188423,"centerLat":53.663135,"isMarine":false,"isLake":true,"FID":"lake_baikal"},"id":"lake_baikal"},{"arcs":[[240],[241],[242],[243],[244],[245],[246],[247],[248],[249],[250]],"type":"Polygon","properties":{"id":"lake_balkhash","ecoId":"12","name":"Lake Balkhash","biome":"Lake system","biomeNum":null,"realm":"Asia","ecoBiomeCode":"LAKE","nnhCode":null,"nnhName":"Kazakhstan","layerType":"lake","country":"Kazakhstan","continent":"Asia","sourceLakeName":"Balkhash","areaKm2":16760.23,"centerLon":73.931301,"centerLat":45.932398,"isMarine":false,"isLake":true,"FID":"lake_balkhash"},"id":"lake_balkhash"},{"arcs":[[[251],[252],[253],[254]],[[255]]],"type":"MultiPolygon","properties":{"id":"lake_aral_sea","ecoId":"13|130","name":"Aral Sea","biome":"Lake system","biomeNum":null,"realm":"Asia","ecoBiomeCode":"LAKE","nnhCode":null,"nnhName":"Kazakhstan, Uzbekistan","layerType":"lake","country":"Kazakhstan, Uzbekistan","continent":"Asia","sourceLakeName":"Large Aral Sea | Small Aral Sea","areaKm2":26891.12,"centerLon":60.558907,"centerLat":46.441225,"isMarine":false,"isLake":true,"FID":"lake_aral_sea"},"id":"lake_aral_sea"},{"arcs":[[256],[257],[258],[259],[260],[261],[262],[263],[264],[265],[266],[267],[268],[269],[270],[271],[272],[273],[274],[275],[276],[277],[278],[279],[280],[281],[282],[283],[284],[285],[286],[287],[288],[289],[290],[291],[292],[293],[294],[295],[296],[297],[298],[299],[300],[301],[302],[303],[304],[305],[306],[307],[308],[309],[310],[311],[312],[313],[314],[315],[316],[317]],"type":"Polygon","properties":{"id":"lake_victoria","ecoId":"16","name":"Lake Victoria","biome":"Lake system","biomeNum":null,"realm":"Africa","ecoBiomeCode":"LAKE","nnhCode":null,"nnhName":"Uganda","layerType":"lake","country":"Uganda","continent":"Africa","sourceLakeName":"Victoria","areaKm2":66866.69,"centerLon":32.871725,"centerLat":-1.275795,"isMarine":false,"isLake":true,"FID":"lake_victoria"},"id":"lake_victoria"},{"arcs":[[318],[319],[320],[321]],"type":"Polygon","properties":{"id":"lake_tanganyika","ecoId":"17","name":"Lake Tanganyika","biome":"Lake system","biomeNum":null,"realm":"Africa","ecoBiomeCode":"LAKE","nnhCode":null,"nnhName":"Democratic Republic of the Congo","layerType":"lake","country":"Democratic Republic of the Congo","continent":"Africa","sourceLakeName":"Tanganyika","areaKm2":32685.41,"centerLon":29.469515,"centerLat":-6.078322,"isMarine":false,"isLake":true,"FID":"lake_tanganyika"},"id":"lake_tanganyika"},{"arcs":[[322],[323],[324]],"type":"Polygon","properties":{"id":"lake_malawi","ecoId":"18","name":"Lake Malawi","biome":"Lake system","biomeNum":null,"realm":"Africa","ecoBiomeCode":"LAKE","nnhCode":null,"nnhName":"Malawi","layerType":"lake","country":"Malawi","continent":"Africa","sourceLakeName":"Malawi","areaKm2":29429.16,"centerLon":34.505419,"centerLat":-11.956531,"isMarine":false,"isLake":true,"FID":"lake_malawi"},"id":"lake_malawi"},{"arcs":[[325],[326],[327],[328],[329],[330],[331]],"type":"Polygon","properties":{"id":"lake_nicaragua","ecoId":"72","name":"Lake Nicaragua","biome":"Lake system","biomeNum":null,"realm":"North America","ecoBiomeCode":"LAKE","nnhCode":null,"nnhName":"Nicaragua","layerType":"lake","country":"Nicaragua","continent":"North America","sourceLakeName":"Nicaragua","areaKm2":7802.51,"centerLon":-85.318865,"centerLat":11.579557,"isMarine":false,"isLake":true,"FID":"lake_nicaragua"},"id":"lake_nicaragua"},{"arcs":[[332],[333],[334],[335],[336],[337],[338],[339],[340],[341],[342]],"type":"Polygon","properties":{"id":"lake_titicaca","ecoId":"78","name":"Lake Titicaca","biome":"Lake system","biomeNum":null,"realm":"South America","ecoBiomeCode":"LAKE","nnhCode":null,"nnhName":"Bolivia","layerType":"lake","country":"Bolivia","continent":"South America","sourceLakeName":"Titicaca","areaKm2":7974.76,"centerLon":-69.294125,"centerLat":-15.914982,"isMarine":false,"isLake":true,"FID":"lake_titicaca"},"id":"lake_titicaca"},{"arcs":[[343],[344],[345],[346],[347],[348],[349]],"type":"Polygon","properties":{"id":"lake_onega","ecoId":"100","name":"Lake Onega","biome":"Lake system","biomeNum":null,"realm":"Europe","ecoBiomeCode":"LAKE","nnhCode":null,"nnhName":"Russia","layerType":"lake","country":"Russia","continent":"Europe","sourceLakeName":"Onega","areaKm2":10021.25,"centerLon":34.911439,"centerLat":61.885417,"isMarine":false,"isLake":true,"FID":"lake_onega"},"id":"lake_onega"},{"arcs":[[350],[351],[352],[353],[354],[355],[356],[357],[358],[359],[360]],"type":"Polygon","properties":{"id":"lake_vanern","ecoId":"105","name":"Lake Vanern","biome":"Lake system","biomeNum":null,"realm":"Europe","ecoBiomeCode":"LAKE","nnhCode":null,"nnhName":"Sweden","layerType":"lake","country":"Sweden","continent":"Europe","sourceLakeName":"Vanern","areaKm2":5515.75,"centerLon":13.551277,"centerLat":58.883451,"isMarine":false,"isLake":true,"FID":"lake_vanern"},"id":"lake_vanern"},{"arcs":[[361]],"type":"Polygon","properties":{"id":"lake_issyk_kul","ecoId":"136","name":"Lake Issyk Kul","biome":"Lake system","biomeNum":null,"realm":"Asia","ecoBiomeCode":"LAKE","nnhCode":null,"nnhName":"Kyrgyzstan","layerType":"lake","country":"Kyrgyzstan","continent":"Asia","sourceLakeName":"Issyk Kul","areaKm2":6206.04,"centerLon":77.075373,"centerLat":42.460243,"isMarine":false,"isLake":true,"FID":"lake_issyk_kul"},"id":"lake_issyk_kul"},{"arcs":[[362],[363],[364]],"type":"Polygon","properties":{"id":"lake_turkana","ecoId":"158","name":"Lake Turkana","biome":"Lake system","biomeNum":null,"realm":"Africa","ecoBiomeCode":"LAKE","nnhCode":null,"nnhName":"Kenya","layerType":"lake","country":"Kenya","continent":"Africa","sourceLakeName":"Turkana","areaKm2":7440.44,"centerLon":36.13193,"centerLat":3.490192,"isMarine":false,"isLake":true,"FID":"lake_turkana"},"id":"lake_turkana"},{"arcs":[[365]],"type":"Polygon","properties":{"id":"lake_albert","ecoId":"159","name":"Lake Albert","biome":"Lake system","biomeNum":null,"realm":"Africa","ecoBiomeCode":"LAKE","nnhCode":null,"nnhName":"Uganda","layerType":"lake","country":"Uganda","continent":"Africa","sourceLakeName":"Albert","areaKm2":5502.29,"centerLon":31.141898,"centerLat":1.882104,"isMarine":false,"isLake":true,"FID":"lake_albert"},"id":"lake_albert"},{"arcs":[[366],[367],[368],[369],[370],[371]],"type":"Polygon","properties":{"id":"lake_kivu","ecoId":"163","name":"Lake Kivu","biome":"Lake system","biomeNum":null,"realm":"Africa","ecoBiomeCode":"LAKE","nnhCode":null,"nnhName":"Rwanda","layerType":"lake","country":"Rwanda","continent":"Africa","sourceLakeName":"Kivu","areaKm2":2390.2,"centerLon":29.227572,"centerLat":-2.042058,"isMarine":false,"isLake":true,"FID":"lake_kivu"},"id":"lake_kivu"}]}}}