{"type":"Topology","arcs":[[[153.52301705099998,-68.79055711000436],[153.55620370100016,-68.82929744400603],[153.50136272900008,-68.83000370300614],[153.48712488900003,-68.80649748500514],[153.52301705099998,-68.79055711000436]],[[149.7684540260001,-68.35416312998483],[149.79194411000014,-68.38248992798621],[149.86410700000022,-68.41806703098774],[149.76592654400022,-68.41164682498754],[149.69000424100022,-68.3720832209857],[149.7684540260001,-68.35416312998483]],[[-62.39710069799992,-72.16611630915158],[-62.45947046499992,-72.1904541811526],[-62.49125213999991,-72.16704670115163],[-62.39710069799992,-72.16611630915158]],[[-62.63595670099993,-72.14747662515082],[-62.634704947999914,-72.16219156615144],[-62.74904488099992,-72.18474090515244],[-62.73279169299991,-72.1568725751512],[-62.63595670099993,-72.14747662515082]],[[-62.29299739199984,-72.0109517261448],[-62.27707901299994,-72.0088396691448],[-62.30513810899993,-72.0299537471456],[-62.38104531899994,-72.01861062214508],[-62.36893904999994,-72.01819291814522],[-62.29299739199984,-72.0109517261448]],[[-68.49258385799993,-71.84073925013736],[-68.43332226999998,-71.87783890913904],[-68.48631301599994,-71.88591856413935],[-68.52897541099998,-71.84612395413765],[-68.49258385799993,-71.84073925013736]],[[-68.59441044199984,-71.83382903813722],[-68.63486755699984,-71.85381217413801],[-68.57452487299997,-71.90091228513994],[-68.65292017199992,-71.89652519613996],[-68.71902055699995,-71.87947304513902],[-68.80392507899995,-71.87593236013896],[-68.72788173999999,-71.84678394513774],[-68.59441044199984,-71.83382903813722]],[[-68.26203415399993,-71.8020636241357],[-68.23607622899988,-71.81304828013624],[-68.33464879099995,-71.83461425513707],[-68.33430077399998,-71.85164662513789],[-68.2557324689999,-71.85742578113803],[-68.25305076299998,-71.8785277341391],[-68.34728048999995,-71.88488423613946],[-68.3718104749999,-71.8252243401368],[-68.25790254499992,-71.81315338913639],[-68.26203415399993,-71.8020636241357]],[[-70.40740122199998,-71.78432248113504],[-70.38160775199987,-71.79397826913541],[-70.43176776199994,-71.82370604213668],[-70.48841721099996,-71.8127227271363],[-70.40740122199998,-71.78432248113504]],[[-67.06662861299998,-71.62649704912816],[-67.02005706499989,-71.63392677112833],[-67.03830866499999,-71.66072959312969],[-67.11325145899997,-71.65805040112953],[-67.06662861299998,-71.62649704912816]],[[-62.19687639799996,-71.6033923241271],[-62.284617189999956,-71.6345133371284],[-62.316297610999925,-71.621190966128],[-62.19687639799996,-71.6033923241271]],[[-68.31615059399996,-71.54016156912438],[-68.33979511199993,-71.56781699812562],[-68.26685760799995,-71.59050162212664],[-68.33419080199995,-71.60145945612696],[-68.44006953699993,-71.57888329412613],[-68.31615059399996,-71.54016156912438]],[[-67.46484104699994,-71.54293881012448],[-67.4706213529999,-71.53109057812408],[-67.35335385299987,-71.50493291812279],[-67.34173300899988,-71.54869049312472],[-67.46484104699994,-71.54293881012448]],[[-67.18861468999988,-71.40776734411864],[-67.24009535199997,-71.4352051791198],[-67.29281536599996,-71.42685881211948],[-67.2409114149999,-71.40369440811845],[-67.18861468999988,-71.40776734411864]],[[-63.036575621999916,-71.39581273411811],[-62.996602308999904,-71.41952598511914],[-63.14464052599987,-71.41733763711899],[-63.036575621999916,-71.39581273411811]],[[-67.52825121999994,-71.41688593211904],[-67.52750564099989,-71.40528215111856],[-67.52571442899995,-71.40279763711845],[-67.5231960939999,-71.39109003111795],[-67.51601533699989,-71.36773266611677],[-67.51710725599997,-71.35833242911653],[-67.42126455999994,-71.36035911311654],[-67.45831594099995,-71.38887871811778],[-67.52825121999994,-71.41688593211904]],[[-68.40777053099985,-71.30196706511401],[-68.38957106499991,-71.32160704411488],[-68.29003525499996,-71.31858972711477],[-68.2792894829999,-71.34840752011608],[-68.32329918699992,-71.3544867491164],[-68.40419514499996,-71.33764196811555],[-68.40777053099985,-71.30196706511401]],[[-67.51784925099992,-71.30324743511406],[-67.5178428329999,-71.30328291311417],[-67.51727547799999,-71.30641938711419],[-67.51650103799994,-71.31070067111435],[-67.51567769099995,-71.31525232611472],[-67.56000506299995,-71.31661914011472],[-67.53697627799994,-71.28626490411341],[-67.50952622499995,-71.28277185711322],[-67.50560124799992,-71.27739200611295],[-67.50250236499994,-71.27320206911276],[-67.4363545089999,-71.28853606511335],[-67.51784925099992,-71.30324743511406]],[[-68.27059476399984,-71.14193283210717],[-68.22636109399991,-71.18296561810895],[-68.31585906899994,-71.18675457510909],[-68.27059476399984,-71.14193283210717]],[[-68.42036400999984,-71.01778020110169],[-68.31786904999996,-71.03007260310228],[-68.28971657299996,-71.05287842910325],[-68.39873533799994,-71.0513966761031],[-68.44482760999988,-71.03941926710267],[-68.56325724199996,-71.04930019410308],[-68.5756750359999,-71.07151543010383],[-68.64981266499996,-71.06168865110374],[-68.5908337139999,-71.03626783810253],[-68.53704819399991,-71.04156855510281],[-68.48357431199992,-71.02285393710201],[-68.42036400999984,-71.01778020110169]],[[-67.40033569799985,-71.03980013510261],[-67.42090410899988,-71.0168430571016],[-67.33694962299988,-71.0051240261013],[-67.29597416899992,-71.01703303910158],[-67.40033569799985,-71.03980013510261]],[[-67.01821740299994,-70.92439889009763],[-67.02846093099998,-70.95127580809876],[-67.09939432299996,-70.94675561409854],[-67.13993576299997,-70.92760983109783],[-67.01821740299994,-70.92439889009763]],[[-69.7068523769999,-70.81964534309319],[-69.62978476899997,-70.83332763209371],[-69.71415050099989,-70.8505878220944],[-69.7068523769999,-70.81964534309319]],[[-69.37686577199993,-70.79231848509188],[-69.33067375399996,-70.79124358909188],[-69.34007020599995,-70.8376925930939],[-69.40015204899998,-70.81842125009311],[-69.37686577199993,-70.79231848509188]],[[-68.38361369499995,-70.8323308160936],[-68.32405272399986,-70.8511292450944],[-68.33432390799987,-70.90583900209693],[-68.3735451949999,-70.92822036909773],[-68.49371792899989,-70.9169353050974],[-68.59497336999988,-70.88337616409596],[-68.51252625599993,-70.83809777609389],[-68.58636431499995,-70.79638605609208],[-68.51001067799994,-70.77527153109119],[-68.40091111399992,-70.76706011209083],[-68.34776261699987,-70.79741552209218],[-68.47697624399996,-70.80688003509246],[-68.47417685599999,-70.82587595009328],[-68.38361369499995,-70.8323308160936]],[[-69.27293180499998,-70.71147399008841],[-69.28255172099996,-70.7534893030902],[-69.34311786799998,-70.74625471108975],[-69.27293180499998,-70.71147399008841]],[[-68.64652326799994,-70.63226011208499],[-68.59638756699991,-70.63308891508511],[-68.62469963299998,-70.66894000608654],[-68.75736526499996,-70.65304036708581],[-68.71262918499997,-70.63466622308496],[-68.64652326799994,-70.63226011208499]],[[-67.18950786499988,-70.60419396908377],[-67.15927415899989,-70.64189209708536],[-67.21244511799995,-70.6460894200855],[-67.24029919899988,-70.61635980408434],[-67.18950786499988,-70.60419396908377]],[[-66.83038860299989,-70.53973509708091],[-66.9109147509999,-70.56287653508198],[-66.94834599899995,-70.55035346408147],[-66.85230074999998,-70.52895278008052],[-66.83038860299989,-70.53973509708091]],[[-67.4790041629999,-70.52216427408011],[-67.49193945699993,-70.5491335610814],[-67.57846101499997,-70.54120058908109],[-67.54754586199988,-70.51994156007999],[-67.4790041629999,-70.52216427408011]],[[-67.82577729999996,-70.46249632407759],[-67.82655664899987,-70.45604454107736],[-67.82867814799994,-70.44480489307682],[-67.83425817499995,-70.43933707907664],[-67.77033207299995,-70.41975313507565],[-67.76642979499984,-70.45712135007737],[-67.68632542199992,-70.45774228207736],[-67.70574043299995,-70.4791853780784],[-67.78155041799994,-70.45973952207748],[-67.82577729999996,-70.46249632407759]],[[-66.84916759399988,-70.3652834830733],[-66.87230182299999,-70.3841734510743],[-66.83644335699995,-70.40627134107513],[-66.86699372799995,-70.42246283707578],[-66.94348968899986,-70.42354125407591],[-66.89419167299991,-70.36349009107339],[-66.84916759399988,-70.3652834830733]],[[-67.44743622599992,-70.35416672807293],[-67.57061655599989,-70.40118167907502],[-67.57660291399996,-70.36131615907321],[-67.44743622599992,-70.35416672807293]],[[-66.72339423499989,-70.32993178607191],[-66.7218517959999,-70.36009893907321],[-66.80548126399998,-70.36872727407344],[-66.76505063599996,-70.32975291707174],[-66.72339423499989,-70.32993178607191]],[[-67.49236726899989,-70.28686538406993],[-67.50498019299988,-70.34672225407247],[-67.60336047499993,-70.32883006907178],[-67.61267679499991,-70.29633962007034],[-67.49236726899989,-70.28686538406993]],[[-68.16927124599988,-70.19250736006597],[-68.17816682599988,-70.1843394930656],[-68.08310425499995,-70.14523848906373],[-68.04731485699995,-70.1660219290647],[-68.16927124599988,-70.19250736006597]],[[-67.70622540899996,-70.125108670063],[-67.74766756799988,-70.15369968906415],[-67.86739002499989,-70.1422365930636],[-67.70622540899996,-70.125108670063]],[[-70.15611300699993,-69.93780390605485],[-70.09897120399995,-69.98986627305703],[-70.16806460199984,-69.98980475105695],[-70.15611300699993,-69.93780390605485]],[[-69.8693388169999,-69.92095979405407],[-69.78448391699987,-69.93235516405453],[-69.84953522299998,-69.95304908405535],[-69.8693388169999,-69.92095979405407]],[[-70.06307686399991,-69.90280726705326],[-70.01083562699988,-69.93416129605447],[-70.0804513829999,-69.93299721705469],[-70.06307686399991,-69.90280726705326]],[[-70.53496914699997,-69.8375016540502],[-70.51223154699993,-69.85404703505114],[-70.55473669899997,-69.88127750205228],[-70.62143035499997,-69.86350953705148],[-70.53496914699997,-69.8375016540502]],[[-68.00691842499992,-69.82639311404986],[-68.06019063799994,-69.85154755005098],[-68.10573707899994,-69.83543283205019],[-68.00691842499992,-69.82639311404986]],[[-70.80782450899986,-69.73808939404606],[-70.78810842199988,-69.75273124304677],[-70.91468878699999,-69.77492083104771],[-70.90230234199998,-69.74386670704638],[-70.81269523599991,-69.75679562904688],[-70.80782450899986,-69.73808939404606]],[[-69.73330718199998,-69.7154889230451],[-69.68578244299988,-69.73763995504598],[-69.7549365239999,-69.74675293204632],[-69.77584150199993,-69.72325677204542],[-69.73330718199998,-69.7154889230451]],[[-68.62326979899991,-69.5173210920364],[-68.63556778899992,-69.51196050903611],[-68.64174479799988,-69.5096149240359],[-68.64800974799995,-69.50654404603584],[-68.61437714899988,-69.49607743403546],[-68.59510513399992,-69.50038858303566],[-68.62326979899991,-69.5173210920364]],[[-70.06144947299993,-69.15390119002038],[-70.05975225199995,-69.15884956902063],[-70.09651161899995,-69.18466111002164],[-70.23447394399994,-69.19368238802225],[-70.25391376399982,-69.16964358302111],[-70.1838170519999,-69.14559924702003],[-70.06144947299993,-69.15390119002038]],[[-70.58417462599994,-69.02192036001459],[-70.66072121199993,-69.06079396601625],[-70.70513777399998,-69.04238998201541],[-70.67522124099992,-69.02446393401482],[-70.58417462599994,-69.02192036001459]],[[-64.13989804199996,-68.8249732180059],[-64.09615387799994,-68.8408906270065],[-64.08074659299994,-68.86904461200778],[-64.15184997199998,-68.87020416500793],[-64.13989804199996,-68.8249732180059]],[[76.05242390600009,-69.41690733703196],[76.0579414180001,-69.40546642203145],[76.14662150600014,-69.39879384203122],[76.10839766400011,-69.42750472103234],[76.05242390600009,-69.41690733703196]],[[76.397425898,-69.37711944803029],[76.40220678800016,-69.41560560003194],[76.29971308300003,-69.40244027203138],[76.30995319300017,-69.4008442110313],[76.31763599599996,-69.3981536050312],[76.32373683400009,-69.37205671602993],[76.3558136640001,-69.37288626403013],[76.397425898,-69.37711944803029]],[[77.91341814700012,-68.65912980599855],[77.9073376490001,-68.65218786599819],[77.9001446340001,-68.64851866899804],[77.89317000300008,-68.64518542899786],[77.88554624100009,-68.62858464599712],[77.94487706400007,-68.61570702099654],[77.94274068300017,-68.58961213499529],[78.02724924300013,-68.54130519599339],[78.11034897200004,-68.52810905699276],[78.15803045300002,-68.54240573999331],[78.20980884100015,-68.53840991699313],[78.24760654600016,-68.49999949499141],[78.18925908900019,-68.47645522399038],[78.09079040199998,-68.5035177939915],[78.06522154200009,-68.49640631899129],[78.12676996600013,-68.4819371579906],[78.22799992700016,-68.43594815198854],[78.25235110600016,-68.44225803998889],[78.25720116900008,-68.44507277198905],[78.26356226700004,-68.44312088698892],[78.2927828060001,-68.43142219198835],[78.34297543200012,-68.4412001859887],[78.3436256660001,-68.4394255949887],[78.35186901100006,-68.42262057498785],[78.39438043000007,-68.43770691898868],[78.37953988900007,-68.44493715198888],[78.37791693600013,-68.4455599379889],[78.37500486100015,-68.44667740698897],[78.34485861000012,-68.44798304298907],[78.40637108700014,-68.4545470989893],[78.42513297800008,-68.43101925498833],[78.48682699700004,-68.41689725198762],[78.51790794200014,-68.43598000298861],[78.5011835240001,-68.48011241699054],[78.55367286700003,-68.50153321699149],[78.53367514800014,-68.52396034899253],[78.57294672700009,-68.60935940299628],[78.40116558700002,-68.64009065699771],[78.23736637200005,-68.65343666399828],[78.08525455100016,-68.64519138299784],[78.0106570910001,-68.66316855999875],[77.91341814700012,-68.65912980599855]],[[99.59492194700016,-66.66208925890682],[99.6389648010001,-66.62385691590514],[99.68064313100011,-66.62175099890504],[99.67533473100019,-66.65589038290668],[99.59492194700016,-66.66208925890682]],[[99.72023834700012,-66.60525299890413],[99.740675987,-66.59461065590364],[99.82482452400016,-66.59904596990371],[99.72074823600012,-66.63524457390541],[99.72023834700012,-66.60525299890413]],[[99.87077005200013,-66.51754566489988],[99.91608437600013,-66.48841855089852],[99.949325041,-66.49556490689886],[99.96085280800018,-66.52348274790022],[99.87077005200013,-66.51754566489988]],[[100.51749129700009,-66.31679316789017],[100.48539754600004,-66.27106381388802],[100.56179476700008,-66.25415331688708],[100.5860110230002,-66.26157467688762],[100.59824291900009,-66.25563510488732],[100.6256166280001,-66.24236270788666],[100.63338572600018,-66.23807215288643],[100.66632418200007,-66.1964586428844],[100.73793421800006,-66.19096622688413],[100.745809131,-66.230865530886],[100.78550517000008,-66.24615999588679],[100.86046707400008,-66.21849232788546],[100.9762160050001,-66.24470908788673],[100.98405694400003,-66.21834933288542],[101.13211309500007,-66.20628123188484],[101.089168061,-66.25630461788727],[100.9648474580001,-66.33100483889093],[100.91338372400008,-66.3456711628916],[100.82305108100007,-66.34901487289179],[100.73002952000013,-66.3417668708914],[100.62514018800009,-66.32552374189062],[100.534086866,-66.32625548189073],[100.51749129700009,-66.31679316789017]],[[101.06962095300007,-66.19334962588427],[100.94459291700014,-66.20556658988478],[100.94173602700003,-66.1812889008836],[101.0476229750002,-66.18328094488366],[101.06962095300007,-66.19334962588427]],[[100.85115263600005,-66.13806318388156],[100.85506993000014,-66.13354744988132],[100.85802744300013,-66.13013812188105],[100.860570972,-66.12720602088093],[100.86713740700019,-66.12124858088063],[100.90655057700005,-66.09547829887947],[100.96367348700004,-66.09025921687926],[101.00377805999999,-66.10869941188],[100.94650549800002,-66.14030204888161],[100.85115263600005,-66.13806318388156]],[[101.22328443400004,-66.11090284688022],[101.2993913060001,-66.11260286488033],[101.28087550700018,-66.13152015788118],[101.22328443400004,-66.11090284688022]],[[-99.77477465299995,-74.77795659026692],[-99.82011942399988,-74.78720049226712],[-99.91086043699993,-74.7800098222669],[-99.82138609799995,-74.75567748326588],[-99.77477465299995,-74.77795659026692]],[[-99.17418523799995,-74.56070461525708],[-99.23668257399997,-74.54950253225654],[-99.21937477599991,-74.52637467425564],[-99.11632879399994,-74.53184353225586],[-99.17418523799995,-74.56070461525708]],[[-81.64124149499997,-80.40496359652857],[-81.6509983709999,-80.37642236752745],[-81.83167924799993,-80.35327657052603],[-81.74599303099995,-80.3361250105253],[-81.6450225719999,-80.34583880152577],[-81.44861606499988,-80.40091094452868],[-81.64124149499997,-80.40496359652857]],[[-81.9762361199999,-80.32535660752467],[-82.17801979199993,-80.31010220852403],[-82.17057229999993,-80.28919337452307],[-82.2624914729999,-80.263731322522],[-82.14213852699993,-80.25395986352153],[-82.01019658899996,-80.264259382522],[-81.90946853699988,-80.29198773452319],[-81.9762361199999,-80.32535660752467]],[[-82.64635562999993,-80.16078290251667],[-82.82237264999998,-80.17851700551788],[-82.98913352899996,-80.1201237825151],[-82.89439719599989,-80.10446319651425],[-82.75941145699994,-80.15515713451691],[-82.64635562999993,-80.16078290251667]],[[-83.11883011899988,-80.04874648551174],[-83.24662502799997,-80.04871865751164],[-83.16243162699999,-80.01544416451014],[-83.07329658699996,-80.03092789251072],[-83.11883011899988,-80.04874648551174]],[[-81.27138869699996,-80.00903183850986],[-81.182130951,-80.04438621751139],[-81.39574333299993,-80.03836348251103],[-81.27138869699996,-80.00903183850986]],[[-81.54022074499996,-80.01717201051005],[-81.70598267099989,-79.99754695050912],[-81.75720265799993,-79.98029111950835],[-81.70822600499997,-79.95466226750686],[-81.51622669799985,-79.96944090950781],[-81.42477087799995,-79.96610524550775],[-81.29033767299988,-80.00231022050939],[-81.42523540699995,-80.0269925885106],[-81.54022074499996,-80.01717201051005]],[[-82.75575191599994,-79.98264576450849],[-82.93785570899995,-79.97365315250804],[-82.96802051099996,-79.95689185450725],[-83.10064657999992,-79.94702852950675],[-83.03961289199998,-79.91700822850528],[-82.94425797699989,-79.93553492450616],[-82.82412731899984,-79.94184364950641],[-82.86142412099997,-79.96601488950738],[-82.75575191599994,-79.98264576450849]],[[-82.09415563399989,-79.890793312504],[-82.00637108799998,-79.88231048850369],[-81.68916353499996,-79.88525488450375],[-81.62920641799991,-79.9252618915056],[-81.48444737299997,-79.93454133250636],[-81.51756478599998,-79.95693627850723],[-81.84283506299992,-79.94761895050684],[-81.85283350299994,-79.93542612650627],[-82.09415563399989,-79.890793312504]],[[-81.8605416699999,-79.86025283150268],[-81.96221268699992,-79.87846051150349],[-82.18826750799997,-79.89135154850399],[-82.44609579299998,-79.85953299250248],[-82.30766575799991,-79.81808949450053],[-82.08904015599995,-79.83992519850156],[-81.9659843799999,-79.83965144550169],[-81.8605416699999,-79.86025283150268]],[[-83.12580788899997,-79.9071026595049],[-83.19850399499992,-79.88100911350358],[-83.33066520499995,-79.85729401750243],[-83.38017679299992,-79.82478797950081],[-83.09077470699998,-79.80976022650034],[-83.04199837799989,-79.8349508725015],[-83.14678595699996,-79.85855616550263],[-83.08907736899988,-79.87848163350326],[-83.12580788899997,-79.9071026595049]],[[-83.4906431109999,-79.8803169365035],[-83.59911503999994,-79.87465428750322],[-83.83939479499998,-79.81529044050036],[-83.69890197099994,-79.79734461049958],[-83.52286885799987,-79.8438754235017],[-83.4906431109999,-79.8803169365035]],[[-82.5516742869999,-79.80670870950003],[-82.4539652279999,-79.82224490850066],[-82.52168902299996,-79.83749126150155],[-82.69251361399992,-79.83873027450149],[-82.5516742869999,-79.80670870950003]],[[-82.92749080899989,-79.87675244650352],[-83.07692695999998,-79.866330215503],[-82.9733165359999,-79.8296732895011],[-82.9987606499999,-79.79052609749938],[-82.88334934199997,-79.79735902749968],[-82.83716855899989,-79.83365704150137],[-82.92749080899989,-79.87675244650352]],[[-82.78710443599988,-79.80700224350014],[-82.8668664899999,-79.78346735849888],[-82.76356619799992,-79.77094311449851],[-82.62343396799996,-79.77116221749829],[-82.65923811699997,-79.80758026050009],[-82.78710443599988,-79.80700224350014]],[[-81.33437486999998,-79.76482398749793],[-81.27183528399995,-79.77446284449853],[-81.13183079099991,-79.74602387449704],[-81.00206781699995,-79.7496353024972],[-80.93068733099994,-79.7843972474989],[-81.06338984399984,-79.80822365550004],[-81.19626887799988,-79.79364785549917],[-81.33437486999998,-79.76482398749793]],[[-83.443653973,-79.68054509049409],[-83.30903318199988,-79.7055722904952],[-83.49236072799988,-79.73330215149633],[-83.61660807799994,-79.70625793049527],[-83.443653973,-79.68054509049409]],[[-82.84952432699994,-79.65054021249242],[-82.84677858199996,-79.67519341149362],[-83.02339792199994,-79.66821094849341],[-82.99375614899998,-79.64051394349205],[-82.84952432699994,-79.65054021249242]],[[-84.11375789499994,-79.7678183404983],[-84.25432263499987,-79.74533907249717],[-84.24654640099993,-79.72956164249612],[-84.41382863899992,-79.7149008494957],[-84.34749640599989,-79.69446324649472],[-84.46024026099991,-79.65582215549267],[-84.29845521499992,-79.66055172949305],[-84.20588677799992,-79.68573315549428],[-84.29887129399998,-79.71884001049577],[-84.05991621399987,-79.73179189949661],[-83.88904652499991,-79.73285137349659],[-84.11375789499994,-79.7678183404983]],[[-82.71478987599994,-79.55785191748824],[-82.56883825299997,-79.58911894348968],[-82.73234292699993,-79.61197522949078],[-82.85261892699992,-79.6064357954905],[-82.88818687699995,-79.5738165994891],[-82.71478987599994,-79.55785191748824]],[[-83.01456272199985,-79.52891958848674],[-82.82370453399993,-79.53261718248707],[-82.95915698099992,-79.55681222648812],[-83.01456272199985,-79.52891958848674]],[[-84.8250013839999,-79.5825212094894],[-84.97644533599993,-79.57686794848901],[-85.04283908599989,-79.52924899748683],[-84.94529716299996,-79.52488990248659],[-84.8250013839999,-79.5825212094894]],[[-83.32961042499983,-79.51206206548595],[-83.14471545999999,-79.52946541848694],[-83.253936061,-79.54353880648743],[-83.32961042499983,-79.51206206548595]],[[-85.06083704899991,-79.47082962348408],[-85.18710728499985,-79.48399843648455],[-85.28273444399991,-79.46776251648394],[-85.3060860999999,-79.42580101648187],[-85.36488333299997,-79.40304816248073],[-85.26902902399996,-79.38182417047966],[-85.13045314099995,-79.38666103347983],[-85.27812070799989,-79.41674872448122],[-85.1266058469999,-79.43284449948244],[-85.06083704899991,-79.47082962348408]],[[-85.28886832699992,-79.37465479047952],[-85.4329760989999,-79.38871074448004],[-85.54564316999988,-79.37898890647953],[-85.56620633299991,-79.36157851347882],[-85.41815839299994,-79.34843249847816],[-85.28886832699992,-79.37465479047952]],[[-83.99999765099994,-79.24432234647328],[-83.97102441999992,-79.2726956034746],[-84.10559743999993,-79.2688204804745],[-83.99999765099994,-79.24432234647328]],[[-84.33642742899984,-79.20723626647143],[-84.29373971899997,-79.22835582147262],[-84.34207633099999,-79.25117271147337],[-84.43783743399985,-79.2454783794733],[-84.49871941199996,-79.21223992947172],[-84.33642742899984,-79.20723626647143]],[[-86.45486862899999,-79.18681794247038],[-86.54636468399997,-79.16330535346947],[-86.46002417199992,-79.15249772346888],[-86.42453601899993,-79.1043020964666],[-86.37352340099994,-79.10643780646673],[-86.380556159,-79.18374580647021],[-86.45486862899999,-79.18681794247038]],[[-84.41876608299997,-78.98815183846092],[-84.53211896299995,-78.99680783346165],[-84.57319784799994,-78.97213435046021],[-84.47179840799991,-78.94838656545912],[-84.41876608299997,-78.98815183846092]],[[-84.75708950099991,-78.89858412745673],[-84.76936144799991,-78.88129678045604],[-84.91694938899985,-78.88822308545645],[-84.90305084499987,-78.85001718145459],[-84.81640137799995,-78.8446780744542],[-84.67219084699995,-78.8920514374566],[-84.58510635599997,-78.90099124345706],[-84.57226594699995,-78.93472472945865],[-84.69490916399997,-78.93670956445848],[-84.79022535599994,-78.92261823845811],[-84.75708950099991,-78.89858412745673]],[[-85.99458277399992,-78.85977606845499],[-85.87665588699997,-78.82265126345321],[-85.76774457999988,-78.85167797345461],[-85.99458277399992,-78.85977606845499]],[[-84.31394212899993,-78.71995346244827],[-84.44113504599994,-78.732503691449],[-84.45714414899996,-78.74769505844961],[-84.64934109799987,-78.76750552745054],[-84.647237745,-78.79164038845174],[-84.85103642199994,-78.79309062645189],[-84.939601827,-78.78193631945153],[-85.04821037899995,-78.7478761084497],[-84.995871074,-78.73909941344925],[-84.85089996399995,-78.7673078814508],[-84.73971330299997,-78.77541234745108],[-84.64473088399996,-78.74230901344937],[-84.51247998799992,-78.74107050244949],[-84.45542016199988,-78.72284890844843],[-84.31394212899993,-78.71995346244827]],[[-85.29791742899995,-78.72646201344863],[-85.22537806599995,-78.7052534434476],[-85.26120166599998,-78.6866389044468],[-85.04005427999985,-78.65630428244549],[-84.95553968699983,-78.70390395544761],[-85.17616722399998,-78.71222081844797],[-85.29791742899995,-78.72646201344863]],[[-84.67459008499998,-78.61961466644371],[-84.71974223799991,-78.6391379704446],[-84.8176083759999,-78.63319536544424],[-84.92791141299995,-78.6101996054431],[-84.80447509799994,-78.60236973244287],[-84.67459008499998,-78.61961466644371]],[[-85.73225944099988,-78.62784653644393],[-85.59956229799997,-78.56229131044081],[-85.53594278599994,-78.5745064304416],[-85.63137883799997,-78.62329465844375],[-85.73225944099988,-78.62784653644393]],[[-85.63317642399987,-78.55884383244074],[-85.76408101499999,-78.56603835844113],[-85.87720054599991,-78.54496004244014],[-85.72896351199995,-78.53450696743973],[-85.63317642399987,-78.55884383244074]],[[-85.34563076299995,-78.50178501043825],[-85.24937294799986,-78.5264385434393],[-85.37781711499997,-78.54515131744012],[-85.45150849299996,-78.51765933543888],[-85.34563076299995,-78.50178501043825]],[[-85.55847754299992,-78.65645800644549],[-85.38005474899983,-78.62349163244367],[-85.40635281299996,-78.6065526384429],[-85.28154639299991,-78.57799615344156],[-85.14216685599989,-78.56470462944087],[-85.00154025699997,-78.51239030043848],[-84.85432665599996,-78.49157165743745],[-84.79088249799997,-78.51553033043884],[-84.93262908399993,-78.54830308244026],[-85.01417480899983,-78.54562455943994],[-85.05088420799996,-78.57626579244146],[-85.15020661299997,-78.57800855844181],[-85.06258283399993,-78.62923474744419],[-85.27448832899995,-78.65257131644512],[-85.34405177899998,-78.64566546344489],[-85.47531126199988,-78.66576829244589],[-85.55847754299992,-78.65645800644549]],[[-84.80334371199996,-78.43461878143479],[-84.95085855799994,-78.49675553043794],[-84.96993845999998,-78.45351646043574],[-84.80334371199996,-78.43461878143479]],[[-85.77462210099998,-78.51594691143872],[-85.80638986399998,-78.49612973743774],[-85.98123223999994,-78.4995448614379],[-85.89954251599993,-78.47140261043657],[-85.67235010199985,-78.44400970243558],[-85.54563663099998,-78.44308936843514],[-85.53662943399989,-78.47007407843657],[-85.70224316399991,-78.48035549243713],[-85.68855165599997,-78.51579871943889],[-85.54317687899992,-78.50260761043812],[-85.53043855799996,-78.53258130743954],[-85.73324817499997,-78.53017720943959],[-85.77462210099998,-78.51594691143872]],[[-85.73871066199996,-78.44810526943562],[-85.92363898699989,-78.46838193943643],[-86.01899423899992,-78.45478330243594],[-86.10849690599997,-78.40851433943364],[-86.06157448999983,-78.3868585114326],[-86.16624891399982,-78.37097882143195],[-86.22696207899997,-78.31399526842917],[-86.18874846499989,-78.2929052184283],[-86.30256402699995,-78.27996489542761],[-86.19833015499988,-78.25228532542651],[-86.17038890399986,-78.2227176474249],[-85.96075859499996,-78.2080570224242],[-85.98561111799997,-78.26440271242686],[-85.94444925199991,-78.29373050042835],[-85.82042771399989,-78.30369809642866],[-85.87845916899988,-78.32746566242989],[-86.00789692899995,-78.31425041342911],[-85.97538351499998,-78.34924470543076],[-85.89157433799994,-78.3799085694323],[-85.77217508799993,-78.39596880543301],[-85.78554405899996,-78.41031091743378],[-85.64918100599994,-78.4252934074344],[-85.73871066199996,-78.44810526943562]],[[-85.46802101299994,-78.13429591042083],[-85.33136861499985,-78.13478172642081],[-85.40497198099996,-78.16035508942204],[-85.46802101299994,-78.13429591042083]],[[-86.07183293699995,-78.21067452442452],[-86.30794638499998,-78.21798119942467],[-86.36440707299988,-78.17451447642262],[-86.3202947769999,-78.13015340442048],[-86.45311697899996,-78.08530182341839],[-86.17946633899999,-78.08362091641837],[-86.17346707599994,-78.11616299741982],[-86.10050626899987,-78.14009669342111],[-86.07844341499997,-78.1659134674223],[-85.93752529199992,-78.12061680642006],[-85.95310558099992,-78.08847068641875],[-85.74354048499998,-78.09011789841882],[-85.699397676,-78.0648280104175],[-85.75238389799995,-78.03434033441594],[-85.70085277399993,-78.02709836741562],[-85.57035588099994,-78.04447288641674],[-85.57779565799994,-78.07113573041798],[-85.84652410799995,-78.13005030742048],[-85.89436149199996,-78.16288810242206],[-85.97788651999998,-78.17105073742246],[-85.95872112199986,-78.20005330742386],[-86.07183293699995,-78.21067452442452]],[[-86.14771936899994,-78.03803524641643],[-86.12094940299993,-77.99801382241449],[-86.16829778399995,-77.93297944841123],[-86.25125519099998,-77.93226480741131],[-86.21827725199994,-77.89801097240986],[-86.28014862899983,-77.85580036240772],[-86.34583980899994,-77.83986568740694],[-86.30880904699994,-77.81137256940579],[-86.47097429699994,-77.82100941540607],[-86.33725422099991,-77.77631474240405],[-86.19691328,-77.77800537340396],[-86.22982181799988,-77.80225020640516],[-86.18950685899995,-77.82990831740645],[-86.02166136099997,-77.81500595840586],[-85.98981112099995,-77.86810081040836],[-86.13097617299997,-77.88930887740936],[-86.05236964999982,-77.90187234941],[-85.98954088899995,-77.93093057541142],[-85.7518705889999,-77.945819188412],[-85.80289075299997,-77.967247699413],[-85.89652351899994,-77.97100061441323],[-85.92426897199988,-78.02323782841577],[-86.14771936899994,-78.03803524641643]],[[-85.93801429199988,-77.7213522354014],[-85.8275317149999,-77.74243088640242],[-85.96676976399992,-77.76963386140372],[-85.93801429199988,-77.7213522354014]],[[-86.33890998099997,-77.77083431740385],[-86.41658192399996,-77.72626604440168],[-86.60465480899995,-77.71611522040129],[-86.67036459699989,-77.6611597533986],[-86.41101047299986,-77.71616500940117],[-86.275529191,-77.7552312314031],[-86.33890998099997,-77.77083431740385]],[[-86.01650397499996,-77.58653949539496],[-86.08563693499991,-77.63512337239743],[-86.0455274979999,-77.66723881439887],[-86.20460585899986,-77.67487003739919],[-86.25333071999984,-77.62983254539715],[-86.12739793799994,-77.58790189139536],[-86.01650397499996,-77.58653949539496]],[[-86.69329480999994,-77.65512159539838],[-86.82455781099992,-77.61107618539637],[-86.84742566299995,-77.584004639395],[-86.73640530199998,-77.5735614543946],[-86.72137972899992,-77.60184250939598],[-86.6591772669999,-77.62168734439683],[-86.69329480999994,-77.65512159539838]],[[-86.09439568799996,-77.49519364539115],[-86.16710269599984,-77.46923119338983],[-86.11625134299989,-77.45793690938919],[-85.9336090999999,-77.47079978338978],[-86.0031314819999,-77.49636962739119],[-86.09439568799996,-77.49519364539115]],[[39.471510197000086,-69.6421235380418],[39.41386417500013,-69.67245541104319],[39.39199326700008,-69.64353578904188],[39.471510197000086,-69.6421235380418]],[[39.835402292000026,-69.40065296303132],[39.848924517,-69.41766922503201],[39.819597903000044,-69.44714135003329],[39.80925865400013,-69.48482321603483],[39.75274566200011,-69.5200907580365],[39.703896413000166,-69.50096106703566],[39.63757308500004,-69.4978050940355],[39.58254295300003,-69.48045370703481],[39.581817224000076,-69.48018522703481],[39.556019484000046,-69.46871711503432],[39.546890010000126,-69.46053815503387],[39.540821420000036,-69.44954137503329],[39.54599772500012,-69.43909661803298],[39.546516977000124,-69.43658824603276],[39.550075698000114,-69.42858889903253],[39.55303378299998,-69.42563701403243],[39.56782366800007,-69.41559877103191],[39.57724918400015,-69.41141270503174],[39.58575124700007,-69.40990714303182],[39.59235829800008,-69.40949830803166],[39.689866753,-69.43884893903295],[39.743914693000136,-69.44917961103343],[39.78315689400017,-69.4423623710331],[39.79427086000009,-69.43465843903277],[39.801776198000084,-69.42469528203222],[39.80201882500016,-69.41542589803193],[39.81039828400009,-69.4034840030313],[39.835402292000026,-69.40065296303132]],[[39.8223046280001,-69.36744342502985],[39.759201827000076,-69.34731085202895],[39.77107152600012,-69.32181692802776],[39.82876033300015,-69.32538443502797],[39.8223046280001,-69.36744342502985]],[[39.75244095300008,-69.18376420402171],[39.77116054200018,-69.21078248402291],[39.82799087500007,-69.23083736802381],[39.83833381100004,-69.27675060202583],[39.75230645000005,-69.2837043990261],[39.72870331100011,-69.26381925102518],[39.73101489600014,-69.2585611140251],[39.73142250000012,-69.25763394202502],[39.71425680700014,-69.2486398110245],[39.71307661200006,-69.21836224202335],[39.635453483,-69.22350521302344],[39.64312604000008,-69.20998610002293],[39.643475235000096,-69.19811453602237],[39.62329767700004,-69.17033643202123],[39.70862716100009,-69.1723787670212],[39.75244095300008,-69.18376420402171]],[[39.599640585000145,-69.00145241601368],[39.57213435200009,-69.03306645201502],[39.4978498740001,-69.02560286701477],[39.49112020900009,-69.01058265901418],[39.599640585000145,-69.00145241601368]],[[49.339879938000195,-68.1742004909768],[49.40708991800011,-68.20506300497817],[49.32662478999998,-68.21403550097858],[49.339879938000195,-68.1742004909768]],[[49.09447866900018,-68.2187343979787],[49.06674025900014,-68.19787401197789],[48.97952769600016,-68.18647478697737],[48.98710896300008,-68.16360089897636],[49.05613061100019,-68.15515026097596],[49.09447866900018,-68.2187343979787]],[[49.136902182000135,-68.15129089597583],[49.16642862000015,-68.13578285997507],[49.22827351200004,-68.14392135597548],[49.21928827600004,-68.17426553397681],[49.12191214800009,-68.16759185997657],[49.136902182000135,-68.15129089597583]],[[49.37066165000015,-68.1489059079756],[49.283936578000066,-68.1492604629757],[49.3577216640001,-68.11315288597412],[49.39590644600008,-68.13164856897485],[49.37066165000015,-68.1489059079756]],[[48.87303406700016,-68.13608578197507],[48.77008899900011,-68.10710969897383],[48.661036204000084,-68.11709690897418],[48.68075564600014,-68.08778303497293],[48.73530509300008,-68.07623679097236],[48.89472861899998,-68.08222482497261],[48.90107875100011,-68.09845923597335],[48.98016052899999,-68.10332074197366],[48.934400517000086,-68.12812799997474],[48.87303406700016,-68.13608578197507]],[[48.67286843800014,-67.99692652096881],[48.70044474400009,-68.02078612096983],[48.60296752900006,-68.02768292097011],[48.605644711000075,-68.00268690196907],[48.67286843800014,-67.99692652096881]],[[44.075229712000166,-67.96874315196749],[44.083505304000134,-67.96942101296754],[44.09760881600016,-67.97082395396758],[44.099719396000175,-67.9710339029675],[44.15868337300003,-67.9802681369681],[44.0009530340002,-67.98487348296814],[44.0195463920001,-67.97582482196786],[44.04334949100002,-67.97030008296765],[44.075229712000166,-67.96874315196749]],[[44.54844120300004,-67.93078773096583],[44.55091832300019,-67.92731918796562],[44.55244186100014,-67.9251858809656],[44.63119645,-67.9459019999665],[44.55664878000017,-67.97337034696783],[44.523752628,-67.96265773196718],[44.53509766100018,-67.94635424096646],[44.53768151000002,-67.9425044109663],[44.54844120300004,-67.93078773096583]],[[50.01837900600004,-67.75370723195772],[49.96433415000013,-67.72216695595624],[49.98437679700015,-67.69729767195521],[50.06049121400008,-67.73786257895692],[50.01837900600004,-67.75370723195772]],[[50.253431971000055,-67.68835685995464],[50.333310200000135,-67.72974134995657],[50.30217946300018,-67.73861829095699],[50.22434826500006,-67.69892711495531],[50.253431971000055,-67.68835685995464]],[[49.12094822800008,-67.74356378395721],[49.07425765700003,-67.7186544349562],[49.11016825900014,-67.69629201095519],[49.161690163,-67.69990897095528],[49.191396811,-67.72047464895631],[49.12094822800008,-67.74356378395721]],[[50.08352972100015,-67.67913843895433],[50.09492224000019,-67.69968031295521],[50.171995380000105,-67.69879752995524],[50.20936242100003,-67.75290340695773],[50.10475974900009,-67.74770897195752],[50.065351210000195,-67.72692318495653],[50.03875089500008,-67.69199795995495],[50.08352972100015,-67.67913843895433]],[[45.89850663000009,-67.65943837995354],[45.889550612000164,-67.68760332595468],[45.820081175000084,-67.66878013295376],[45.89850663000009,-67.65943837995354]],[[49.9449395910001,-67.64220373595263],[49.96133527200015,-67.62866125695201],[50.047102123000045,-67.6413216239526],[50.06943001399997,-67.6577642419533],[49.97680240400007,-67.6629477809536],[49.9449395910001,-67.64220373595263]],[[59.40917131599996,-67.41474947194213],[59.53228810900009,-67.42870450794285],[59.506377959000176,-67.4399602349434],[59.40917131599996,-67.41474947194213]],[[49.1554339640001,-67.3878973029409],[49.174664322000126,-67.35862994093954],[49.23372778700008,-67.35250442893935],[49.26045735100011,-67.38088623494069],[49.23240713300004,-67.39486658394132],[49.1554339640001,-67.3878973029409]],[[49.99832412300003,-67.40679068394185],[49.96524191100018,-67.39356369994118],[49.967899645000166,-67.36579544993995],[50.0321501420001,-67.37872873094048],[49.99832412300003,-67.40679068394185]],[[50.37809187700003,-67.32817946493812],[50.49046859900011,-67.35743684593957],[50.42141728100011,-67.37851096994059],[50.3351087900001,-67.34622101593897],[50.37809187700003,-67.32817946493812]],[[50.107565173000076,-67.31397163093743],[50.08058717000018,-67.35065487693922],[49.98297349700004,-67.29987544293695],[50.04393828800004,-67.28647076293613],[50.06676238700015,-67.3090993959373],[50.107565173000076,-67.31397163093743]],[[50.68796073400005,-67.26265961093512],[50.73044392200012,-67.30300876793694],[50.65652992400009,-67.30641601193715],[50.596534418000026,-67.2760054499357],[50.60388015200015,-67.26030999493504],[50.68796073400005,-67.26265961093512]],[[59.32725175700006,-67.26500520393523],[59.374650936000144,-67.26409761093514],[59.4187888820001,-67.29017573293632],[59.51861101700017,-67.32038395693786],[59.44866233100015,-67.3273059029381],[59.430950190000026,-67.31212962393734],[59.33470796500006,-67.27897566293596],[59.32725175700006,-67.26500520393523]],[[50.48986342600006,-67.22858431193352],[50.58486177500014,-67.29266163993653],[50.57471480599997,-67.30467592893712],[50.47056844399999,-67.28218794393605],[50.431134255000075,-67.23593960193382],[50.48986342600006,-67.22858431193352]],[[50.380382986000136,-67.28264676993604],[50.31493320600003,-67.25210394093475],[50.30874802800019,-67.2268819459335],[50.37430191200008,-67.2282818919336],[50.4023657090001,-67.25116617393455],[50.380382986000136,-67.28264676993604]],[[50.58377296400005,-67.21936438193312],[50.63455424200009,-67.19892644393225],[50.71584817300009,-67.23431652893379],[50.649549640000025,-67.25101479593451],[50.58377296400005,-67.21936438193312]],[[51.14805766000011,-67.21943478993303],[51.124419511000156,-67.2358190699339],[51.014082776000116,-67.18969746193169],[51.05711145999999,-67.18010319693133],[51.12738955500003,-67.20020468393227],[51.14805766000011,-67.21943478993303]],[[50.72226552800004,-67.16894061293077],[50.81728131200003,-67.18627680593154],[50.78522655400012,-67.20721380293259],[50.70594314699996,-67.17394357693105],[50.72226552800004,-67.16894061293077]],[[51.18999116500003,-67.16506773193065],[51.30464810400008,-67.18531271893154],[51.29541359000018,-67.21930051193304],[51.18834663600011,-67.21039138393265],[51.14790712300015,-67.18668299293161],[51.18999116500003,-67.16506773193065]],[[50.44367787900006,-67.19631238193216],[50.36570811300015,-67.21172142393281],[50.34228194100006,-67.18442450193143],[50.40071262999998,-67.16595554493058],[50.44367787900006,-67.19631238193216]],[[50.78369651100008,-67.15364089393],[50.823344233000164,-67.1470173969297],[50.943802334,-67.13626515492919],[50.9251735470001,-67.15984949293035],[50.87293834400008,-67.1451370679297],[50.78369651100008,-67.15364089393]],[[50.227189544000055,-67.16916369693072],[50.164594069000074,-67.16946322793078],[50.14091275600014,-67.14930790392988],[50.07225689500002,-67.1494247479298],[50.077661549000084,-67.11462759892831],[50.17616018200011,-67.11363031992823],[50.24246257100014,-67.13832727192936],[50.227189544000055,-67.16916369693072]],[[50.91863012700014,-67.11609845592831],[50.847885104,-67.13012980692892],[50.828135051000054,-67.12615379592884],[50.84276448600019,-67.09812245092753],[50.91863012700014,-67.11609845592831]],[[58.826338892000024,-67.1010254709275],[58.84062226200007,-67.10388883092766],[58.85232225200019,-67.10642760392794],[58.8586299430001,-67.12054160092849],[58.836949408000066,-67.12118473892833],[58.790396286000075,-67.10119925992764],[58.826338892000024,-67.1010254709275]],[[58.635931072000105,-67.10686094292784],[58.66843534400015,-67.11588526292823],[58.599248195000136,-67.12757529492885],[58.633030566000116,-67.10668644892787],[58.635016470000146,-67.10680592092787],[58.635211423,-67.10681764892793],[58.635931072000105,-67.10686094292784]],[[51.11018703400015,-67.13408971492909],[51.19233860200018,-67.11237068692816],[51.242262409000084,-67.12777461892888],[51.23704651700018,-67.16222693693041],[51.17917683100016,-67.14076104192928],[51.11018703400015,-67.13408971492909]],[[50.291761019000035,-67.08051145392663],[50.337484127000096,-67.1027306119277],[50.33770458600014,-67.10288898192759],[50.31755823900004,-67.11888639492837],[50.24542389800012,-67.09238855692722],[50.291761019000035,-67.08051145392663]],[[51.45392248100018,-67.06582562492594],[51.431479255,-67.04072952592473],[51.495731262000035,-67.01553267692361],[51.53257443500018,-67.03774204692472],[51.45392248100018,-67.06582562492594]],[[51.633099311000194,-67.05716040992549],[51.57824207900006,-67.02203234292385],[51.67793613999998,-67.02221188292387],[51.633099311000194,-67.05716040992549]],[[51.1704048300001,-66.98846230392233],[51.11119403700008,-67.00390110592299],[51.08992863700007,-66.9775366569218],[51.13797674199997,-66.96840406692137],[51.1704048300001,-66.98846230392233]],[[51.41933219700002,-67.00070977892291],[51.382668229000096,-67.01464268592353],[51.32189974199997,-67.00425163592303],[51.28563257400003,-66.98182215792193],[51.37088192600003,-66.96209534092102],[51.40318646500013,-66.96997081292146],[51.41933219700002,-67.00070977892291]],[[57.36821061400001,-66.95941396892094],[57.46271543500011,-66.97500146492173],[57.41362462200009,-66.99034337092242],[57.36821061400001,-66.95941396892094]],[[51.009636344000114,-67.0059514879231],[50.95515680100004,-66.9843612049221],[51.009665344000034,-66.9573764959208],[51.054236466000134,-66.95923778192103],[51.06413097200009,-67.00001173292284],[51.009636344000114,-67.0059514879231]],[[50.757698529000145,-66.95831929192099],[50.742504815000125,-66.93501792691985],[50.77660693800009,-66.9129523909187],[50.82830821200009,-66.90016076291816],[50.860269260000095,-66.91900395991908],[50.78549460600009,-66.9598109359209],[50.757698529000145,-66.95831929192099]],[[51.48777985100003,-66.86868469291662],[51.524038806000135,-66.89909860791795],[51.4656462530001,-66.90718949491854],[51.48777985100003,-66.86868469291662]],[[50.960874265000086,-66.83458072691505],[50.91881687700015,-66.82983338391494],[50.90343356500006,-66.79910095491333],[50.97298092300014,-66.79599009491324],[51.00997916100015,-66.83072840291493],[50.960874265000086,-66.83458072691505]],[[50.849388540000064,-66.81126444191395],[50.81623625600008,-66.79626032691316],[50.613937266000036,-66.80470241591361],[50.57117982200009,-66.79139680991301],[50.56210003600006,-66.7484314919109],[50.60865817500012,-66.73584404791043],[50.66867547400011,-66.74554711091086],[50.713322200999976,-66.72996313491015],[50.77494782200018,-66.73002465791009],[50.85142685200014,-66.77386571691216],[50.849388540000064,-66.81126444191395]],[[53.62079366699998,-66.56848034290232],[53.60272881500014,-66.5404395119011],[53.57005228800016,-66.53235046890066],[53.59134450800007,-66.50634895789948],[53.654987989000055,-66.53101322090056],[53.62079366699998,-66.56848034290232]],[[-60.66641034799994,-64.60648507980274],[-60.60437652899993,-64.62002705580346],[-60.64818925699983,-64.64114560380459],[-60.66641034799994,-64.60648507980274]],[[-60.25171183799994,-64.47561988179547],[-60.35410403199988,-64.4728909007954],[-60.343715832999976,-64.45899973479472],[-60.266589049999936,-64.4591531237947],[-60.25171183799994,-64.47561988179547]],[[-59.9869530179999,-64.43904794979353],[-60.019241330999876,-64.46154454179478],[-60.04817500799999,-64.43901659979348],[-60.1307230399999,-64.40935973779193],[-60.11082405899997,-64.39367383779097],[-60.01799846799996,-64.40355392679163],[-59.9869530179999,-64.43904794979353]],[[-56.887384364999896,-64.33501627478786],[-56.96254528299988,-64.37879058979019],[-56.997887564999985,-64.37097779078968],[-56.92419118799995,-64.32798852478737],[-56.887384364999896,-64.33501627478786]],[[-58.76256449099997,-64.28942151078516],[-58.7414694819999,-64.29879602078584],[-58.759429056999984,-64.33298883478773],[-58.828020169999945,-64.34190098078814],[-58.80077599699996,-64.30354805978605],[-58.76256449099997,-64.28942151078516]],[[-57.54815824399997,-64.28034643878482],[-57.54285769299997,-64.30759082078625],[-57.47154174999996,-64.29967193078583],[-57.44083782099989,-64.33062664678754],[-57.38790306499994,-64.31044536178642],[-57.30625424299984,-64.33975890078807],[-57.28103476199992,-64.35804704778906],[-57.324716397999914,-64.38472229679063],[-57.36348070399998,-64.38629591679067],[-57.38064634499988,-64.355812598789],[-57.4707327299999,-64.3183516797868],[-57.55578242599984,-64.30652296578623],[-57.54815824399997,-64.28034643878482]],[[-59.158729671999865,-64.24324107978255],[-59.18306402199987,-64.27339297778428],[-59.06341549299998,-64.25736677178344],[-59.06041711699992,-64.2696080437842],[-59.17893291599995,-64.29940924178574],[-59.222266032999855,-64.28465876278503],[-59.21338607099994,-64.2618058297837],[-59.158729671999865,-64.24324107978255]],[[-56.58054164599986,-64.23240289478207],[-56.5984796809999,-64.25029413878305],[-56.64856677799997,-64.26313201478386],[-56.68645859399999,-64.2932566067855],[-56.710322819999924,-64.30813296278639],[-56.876383140999955,-64.32326146478707],[-56.81668150299998,-64.26956445778414],[-56.769041173999874,-64.24743272978296],[-56.72155356899993,-64.25756810578345],[-56.66635502599996,-64.23426201178215],[-56.608275591999984,-64.21046508578084],[-56.58054164599986,-64.23240289478207]],[[-58.82031724399995,-64.20735914678068],[-58.88388530899988,-64.21567908778115],[-58.91878485799993,-64.19045870677971],[-58.89564761099995,-64.1741760157788],[-58.82031724399995,-64.20735914678068]],[[-57.298016671999946,-64.20442363378052],[-57.305614536999926,-64.24241998978259],[-57.401329873999934,-64.21300670578105],[-57.43384345599996,-64.2369538117823],[-57.32892545599992,-64.25764320678337],[-57.35285931999992,-64.28341438478496],[-57.403052523,-64.27670215378454],[-57.48374127999995,-64.23879799978242],[-57.47333598199993,-64.21722129578126],[-57.40795828499989,-64.20882849278077],[-57.32728243499997,-64.23535856778216],[-57.298016671999946,-64.20442363378052]],[[-59.06865988499992,-64.11606693977554],[-59.032102366999936,-64.13646011777666],[-59.07835707899987,-64.15536651377782],[-59.12336121099986,-64.12219042477595],[-59.06865988499992,-64.11606693977554]],[[-59.092744117999914,-64.17075938277856],[-59.05353707999989,-64.21629610078108],[-59.14661480099989,-64.21196617578096],[-59.16637112099994,-64.19411908477993],[-59.13281264999982,-64.17225186477873],[-59.092744117999914,-64.17075938277856]],[[-58.32418547999993,-64.12365496877602],[-58.37007358399995,-64.12194502277583],[-58.38714649099989,-64.12110785977589],[-58.40296425099996,-64.11938341777575],[-58.40480565599989,-64.11913304477578],[-58.408245873999874,-64.11885533877576],[-58.410179752999895,-64.1188255577757],[-58.427718703999915,-64.1126824477754],[-58.42891578199994,-64.08897463377401],[-58.417474309999875,-64.06521013477273],[-58.32418547999993,-64.12365496877602]],[[-58.264271955999966,-63.998968688768876],[-58.21503948699996,-63.99896935876892],[-58.20252999399992,-64.02972760277062],[-58.272378264999986,-64.03306226077096],[-58.264271955999966,-63.998968688768876]],[[-58.30011443899992,-63.998896689768976],[-58.35954338699998,-64.01824187577013],[-58.36001880899989,-64.0300254967707],[-58.38984145499995,-64.04581472477152],[-58.41223339299995,-64.03620664877103],[-58.35593732299987,-63.996088665768774],[-58.30011443899992,-63.998896689768976]],[[-57.452450467999874,-63.91699790476427],[-57.51584364599995,-63.95267474876628],[-57.49834423799983,-63.960195330766716],[-57.484026767999865,-63.96080653876671],[-57.476495289999946,-63.964486363766966],[-57.48183607299995,-63.97488277776767],[-57.488829265999925,-63.981107851767916],[-57.51474293399996,-63.98874175676844],[-57.48906077399981,-64.00072168076905],[-57.53847881899996,-64.01725364976993],[-57.560647954999986,-64.00042076976898],[-57.67399555099996,-64.00304677376911],[-57.603661019999954,-63.97634186176768],[-57.56536460499996,-63.95434420776637],[-57.53380811299997,-63.93560671276531],[-57.45860468699988,-63.91413801376409],[-57.452450467999874,-63.91699790476427]],[[-57.54085406699994,-63.8748987727618],[-57.60598065699997,-63.90910710776372],[-57.63002516299996,-63.86695584076139],[-57.605907109,-63.86434871976114],[-57.5642454679999,-63.84810409476033],[-57.54085406699994,-63.8748987727618]],[[-57.810085109999875,-63.99896868776895],[-57.87082224899989,-63.998968353768994]],[[-57.87082224899989,-63.998968353768994],[-57.90007493399995,-63.99896567176888],[-57.91136485899993,-63.99896784976887],[-57.92779876099995,-63.99896952676883],[-57.975918279999966,-63.9989685207689],[-57.99127577499984,-63.97492351376756],[-57.95994001999996,-63.94978869076613],[-58.06803492899991,-63.91691300876421],[-58.01932012699996,-63.8901207477627],[-58.05798384999997,-63.87994008476206],[-58.09843077999983,-63.8908749977626],[-58.112572187999895,-63.85935076976097],[-58.05340701199993,-63.850416199760424],[-58.04393046599988,-63.84759721076024],[-58.01094313799991,-63.84343388375998],[-57.97263508699991,-63.874109797761776],[-57.94120619499988,-63.84863475676037],[-57.93819501199989,-63.84374938975996],[-57.96372180999998,-63.82084023775869],[-57.95677623499995,-63.805819829757795],[-57.828156498999874,-63.80079225675755],[-57.80391124499992,-63.78702104375683],[-57.779556206999985,-63.783147388756504],[-57.812513348999964,-63.82847149075921],[-57.776544575999935,-63.86368823876125],[-57.76669415899988,-63.89911637776327],[-57.835509611999946,-63.92384467776464],[-57.80405064099995,-63.94068610776559],[-57.88556954199992,-63.980192714767895],[-57.810085109999875,-63.99896868776895]],[[-57.874335973999855,-63.67143855275005],[-57.94426623299994,-63.67457147475023],[-57.946281963999915,-63.67466080275018],[-57.96817053199992,-63.67365023275013],[-57.91728734599996,-63.66185679174945],[-57.874335973999855,-63.67143855275005]],[[-57.38261963099983,-63.5503073657428],[-57.509597785999965,-63.56305439874355],[-57.47364966799996,-63.539287253742216],[-57.40914516299995,-63.536786676742054],[-57.38261963099983,-63.5503073657428]],[[-67.1231749659999,-68.08600322097283],[-67.20408802199995,-68.0759112379724],[-67.20941405499991,-68.05719242797154],[-67.17544403099993,-68.05942151297161],[-67.1231749659999,-68.08600322097283]],[[-67.01402444899992,-67.94207617696632],[-67.03060827199995,-67.94377284296641],[-67.04005792599992,-67.94473962296638],[-67.0652055769999,-67.94731244196667],[-67.07606531999987,-67.94842348596664],[-67.10760810899995,-67.94902820796663],[-67.09753052299992,-67.93273050496597],[-67.0106805609999,-67.92095610596529],[-67.01402444899992,-67.94207617696632]],[[-66.91758708299989,-67.79410718295965],[-66.95533131199993,-67.82430719196093],[-66.99872812999995,-67.81314752196045],[-66.91758708299989,-67.79410718295965]],[[-67.19177298999983,-67.79519300895964],[-67.16197645499994,-67.8010312729599],[-67.2389149129999,-67.80411545396004],[-67.24826199799998,-67.80925244696026],[-67.27847073799995,-67.8241831399609],[-67.33816279299998,-67.81875367896073],[-67.21653266299994,-67.79577368295966],[-67.19177298999983,-67.79519300895964]],[[-66.88282497099992,-67.73369274795684],[-66.88566107199993,-67.74562372195729],[-66.98823063099998,-67.75229538395769],[-67.03152820599983,-67.78066143095903],[-67.09020188599999,-67.77938084395899],[-67.03761028399992,-67.74279063695732],[-66.88282497099992,-67.73369274795684]],[[-67.12387171099994,-67.71413889995588],[-67.12178641999985,-67.6882029679547],[-67.01893204599997,-67.66716021595386],[-67.12387171099994,-67.71413889995588]],[[-67.11838014999995,-67.53110775194752],[-67.12265199599987,-67.53406961594766],[-67.1351137289999,-67.54015076894798],[-67.20224721799995,-67.55195934794851],[-67.21454125799994,-67.55787368794871],[-67.18287492699989,-67.53325873294762],[-67.11698449599999,-67.5269305579474],[-67.11838014999995,-67.53110775194752]],[[-65.52752500699994,-67.40329861394163],[-65.52484212699983,-67.4679405469447],[-65.57388080499993,-67.46588295694454],[-65.52752500699994,-67.40329861394163]],[[-65.20852273299994,-67.3487573209392],[-65.21176124999994,-67.35080932193918],[-65.21761843899998,-67.35419609993932],[-65.22308965799994,-67.35680011293952],[-65.24776701199993,-67.36896077894008],[-65.25212211999991,-67.37163057994026],[-65.26282841299991,-67.37648646794047],[-65.26512397199997,-67.3772261059404],[-65.2720550589999,-67.36155671893964],[-65.20852273299994,-67.3487573209392]],[[-62.696665677999974,-65.9778350528735],[-62.6179578999999,-65.98140675087375],[-62.580978604999984,-65.99986940787474],[-62.71678174999988,-66.00427376487505],[-62.696665677999974,-65.9778350528735]],[[-62.10909196299996,-65.63586470585653],[-62.11890590099995,-65.64618646385705],[-62.124477000999825,-65.65115448785728],[-62.12760614999991,-65.65295419885734],[-62.14097744699996,-65.66132817385781],[-62.14880982699998,-65.66693411285802],[-62.16755498099997,-65.65446411785753],[-62.10909196299996,-65.63586470585653]],[[-63.937669461,-65.65620671685753],[-63.91844706599993,-65.62860643985621],[-63.861785379999894,-65.60796951485494],[-63.84652410699982,-65.65279729185731],[-63.755413789,-65.65965570385772],[-63.64885561799991,-65.68136836185883],[-63.71121985199994,-65.69430734285942],[-63.75567379599995,-65.6821612898589],[-63.847540496999905,-65.67330547085847],[-63.937669461,-65.65620671685753]],[[-62.761874227999954,-65.58829919185406],[-62.620197042999905,-65.57662185585349],[-62.583241718999936,-65.59550075885448],[-62.62261488699994,-65.60674022485505],[-62.64920111899993,-65.58165787285377],[-62.71065675499988,-65.59384231485436],[-62.761874227999954,-65.58829919185406]],[[-62.20780724299994,-65.49596997784944],[-62.30512436199996,-65.4895487668491],[-62.17841089099993,-65.46962179084815],[-62.20780724299994,-65.49596997784944]],[[-62.31340719599994,-65.45418969384728],[-62.34868663899988,-65.46359134284786],[-62.4507495929999,-65.4699123068481],[-62.46943604899996,-65.45777212184757],[-62.32778652299997,-65.44828329984693],[-62.31340719599994,-65.45418969384728]],[[-62.59867063099995,-65.46165009384775],[-62.53243948599993,-65.43688876884625],[-62.43068716499993,-65.43266412084625],[-62.432741904999936,-65.44758156684694],[-62.53574832699995,-65.44672946184684],[-62.59867063099995,-65.46165009384775]],[[-63.88679376599992,-65.45246893884712],[-63.914550441999936,-65.45596840484733],[-63.88669824999994,-65.42692083784586],[-63.85901549499987,-65.42057355584542],[-63.813199994999934,-65.43866439184637],[-63.73702388699995,-65.44587115484696],[-63.66998422499988,-65.46652182584785],[-63.72543640399988,-65.47575583784824],[-63.84322079899989,-65.43183598784616],[-63.88679376599992,-65.45246893884712]],[[-62.70923870399997,-65.42336556884578],[-62.62820343899995,-65.41459323284519],[-62.55027014799999,-65.39347619284416],[-62.52403260199998,-65.40584621084489],[-62.653610672999946,-65.43119762184614],[-62.70923870399997,-65.42336556884578]],[[-62.265766449999944,-65.34852788384194],[-62.10733802399988,-65.35640788184224],[-62.097169932999975,-65.38801923584397],[-62.21547936999997,-65.39850315784453],[-62.265766449999944,-65.34852788384194]],[[-64.07899646999994,-65.2920803818389],[-64.06351672199997,-65.29652166383914],[-64.05751034799994,-65.29743916583925],[-64.05101956799994,-65.29843066383931],[-64.02568304599998,-65.29330152583904],[-64.05637737299998,-65.31193398983994],[-64.10108088199996,-65.2910721728389],[-64.07899646999994,-65.2920803818389]],[[-62.30147404199988,-65.27480449083797],[-62.253635316999976,-65.30285051783952],[-62.27848012599993,-65.3138231028401],[-62.385043995999865,-65.31980141384041],[-62.32681891599998,-65.26888904383772],[-62.30147404199988,-65.27480449083797]],[[-62.255316727999904,-65.20864895283466],[-62.199154096999955,-65.22207391683526],[-62.18404889799995,-65.23822585083622],[-62.22569657799994,-65.253783506837],[-62.37525527099995,-65.25172340183697],[-62.255316727999904,-65.20864895283466]],[[-61.98287994799989,-65.19047732883372],[-61.99362967899992,-65.20090204283429],[-62.05681239399996,-65.19187005183367],[-62.02549943599991,-65.17293767183278],[-61.98287994799989,-65.19047732883372]],[[-63.00235531699997,-65.15116466383152],[-63.00497013499994,-65.13820757883094],[-62.93073980399993,-65.12825641083046],[-62.95044784599997,-65.15609506983198],[-63.00235531699997,-65.15116466383152]],[[-60.07014692399991,-65.0111645078243],[-60.01702401499995,-65.0155744248245],[-60.02948603899995,-65.04024086082575],[-60.071566562,-65.0371905168256],[-60.07014692399991,-65.0111645078243]],[[-61.02456623999989,-65.0019391718238],[-61.06498287499994,-65.0004033568238],[-61.07252745099988,-64.99856092882366],[-61.09734194399992,-64.99211402682326],[-61.10313961899992,-64.99115585482326],[-61.110809191999984,-64.9898883178232],[-61.0568450849999,-64.9834269578229],[-61.02456623999989,-65.0019391718238]],[[-62.40514654999988,-64.85411403781596],[-62.52681841299989,-64.84752741981572],[-62.47979274199996,-64.837092043815],[-62.44274151999991,-64.82518846581442],[-62.3817618089999,-64.8240319298144],[-62.40514654999988,-64.85411403781596]],[[-62.48489908499988,-64.89073246981798],[-62.45787912599996,-64.88663104881776],[-62.32968100099998,-64.87880802381734],[-62.341611510999876,-64.8497104668157],[-62.37164540499997,-64.85508462181599],[-62.339768457999966,-64.82168466181429],[-62.28720283999991,-64.82673660281442],[-62.26645862799996,-64.84454932781551],[-62.267606948999905,-64.8795204858173],[-62.303716705999925,-64.88137372581744],[-62.382387434999885,-64.91982153081952],[-62.48489908499988,-64.89073246981798]],[[-62.160029034999866,-64.83066235281463],[-62.2459102159999,-64.82280381281437],[-62.3012884669999,-64.78937961981258],[-62.244091341999884,-64.7716782068115],[-62.23337473999993,-64.8118617368137],[-62.160029034999866,-64.83066235281463]],[[-61.647123748999945,-64.79062785281259],[-61.696749494999956,-64.76889792881146],[-61.64768516899994,-64.75830805981093],[-61.647123748999945,-64.79062785281259]],[[-62.12128480899992,-64.69767394880762],[-62.07830393699992,-64.72193812980885],[-62.13781195399996,-64.74468176281002],[-62.15975122099995,-64.71970971980879],[-62.12128480899992,-64.69767394880762]],[[-62.461850295999895,-64.59655401680216],[-62.45443580299991,-64.628413588804],[-62.470269917999985,-64.63064321780398],[-62.50103650699996,-64.60191610180244],[-62.4567127269999,-64.5898143628018],[-62.461850295999895,-64.59655401680216]],[[-62.56919090199989,-64.46022704579464],[-62.62039267599994,-64.48049295479586],[-62.63376053599994,-64.47075897579519],[-62.637943709999945,-64.4703919797953],[-62.64622735499987,-64.46892875779513],[-62.62038414299992,-64.46871496079528],[-62.60885918299987,-64.46487506079502],[-62.56919090199989,-64.46022704579464]],[[-61.057737885999984,-64.36330435078929],[-61.0610171329999,-64.3619934037893],[-61.08649823499984,-64.32238338878706],[-61.083824554999985,-64.31941750778681],[-61.04453608799997,-64.33706294478779],[-61.057737885999984,-64.36330435078929]],[[-62.42273869899998,-64.2254695167817],[-62.42587183799997,-64.23495298278216],[-62.376257913999936,-64.23153239478204],[-62.39886290999986,-64.27062610978433],[-62.430563951999886,-64.29292516678547],[-62.486334590999945,-64.28685954978509],[-62.48073640899991,-64.28273476778487],[-62.46282787999989,-64.26953962978413],[-62.44959391299994,-64.2607544427837],[-62.443447551999945,-64.25674601378351],[-62.43938198699993,-64.25251068978322],[-62.43635876599989,-64.24936123378299],[-62.420921739999926,-64.21094188378089],[-62.42273869899998,-64.2254695167817]],[[-57.405010843999946,-64.04578446777163],[-57.40138155299986,-64.04665683277155],[-57.420722587999826,-64.07856025477338],[-57.33472154599997,-64.06563569077272],[-57.294095238999944,-64.04550511277147],[-57.29225609899998,-64.04575515877161],[-57.33151563199992,-64.08965991077403],[-57.42186068199993,-64.08082202877358],[-57.405010843999946,-64.04578446777163]],[[-57.661781578999914,-64.04301901677145],[-57.74397835499997,-64.0358534357709],[-57.734689357999905,-64.01828881577006],[-57.688527106999956,-64.01003402476958],[-57.661781578999914,-64.04301901677145]],[[-57.810085109999875,-63.99896868776895],[-57.8267357659999,-64.02371274677033],[-57.899396,-64.01991104877015],[-57.87082224899989,-63.998968353768994]],[[-58.23680691199996,-63.9619815977667],[-58.27708084999988,-63.96971969076724],[-58.32893551599993,-63.949010681766076],[-58.26090815299989,-63.91490688176413],[-58.22982952999996,-63.90097280376343],[-58.180892782999926,-63.88307180276221],[-58.12065486199986,-63.93440085076525],[-58.18146425299989,-63.92505971976479],[-58.23680691199996,-63.9619815977667]],[[-57.67543327099997,-63.82796697975922],[-57.667531900999904,-63.832089099759294],[-57.66444372699993,-63.83370019075953],[-57.70421022999993,-63.81754433475853],[-57.693405438999825,-63.80655132075787],[-57.6930223189999,-63.80582303175781],[-57.69201428099989,-63.8039068107578],[-57.639049290999935,-63.80880351475808],[-57.67543327099997,-63.82796697975922]],[[-57.495157090999825,-63.7202128297528],[-57.5570286649999,-63.704780355752],[-57.51101214799985,-63.69708510575159],[-57.495157090999825,-63.7202128297528]],[[-62.51487412099988,-62.946012962706114],[-62.51635653599986,-62.95452913870662]],[[-62.51635653599986,-62.95452913870662],[-62.576899331999975,-62.98904815970895]],[[-62.576899331999975,-62.98904815970895],[-62.589793307999976,-62.99535202270922],[-62.60890313699996,-63.00574017070982],[-62.61652440899995,-63.011191295710304],[-62.61965707199989,-63.0135650217102],[-62.631708593,-63.026554049711216],[-62.63669320299993,-63.03070925871141],[-62.642086294999956,-63.034829783711636],[-62.64294331499997,-63.035715947711815],[-62.64856060499995,-63.08074470171435]],[[-62.64856060499995,-63.08074470171435],[-62.65247788299991,-63.081805213714595],[-62.663300758999924,-63.085804998714785],[-62.67040235799987,-63.08786800371491]],[[-62.67040235799987,-63.08786800371491],[-62.65588817099995,-63.04948049471245]],[[-62.65588817099995,-63.04948049471245],[-62.60402012899987,-62.98293024570847],[-62.51487412099988,-62.946012962706114]],[[-60.62213238999993,-62.90860465570375],[-60.6463512279999,-62.92137110670459]],[[-60.6463512279999,-62.92137110670459],[-60.71339043099987,-62.95986826770711],[-60.70096928299995,-62.97470793070797],[-60.56385907099997,-62.9987724487094]],[[-60.56385907099997,-62.9987724487094],[-60.57731084999989,-63.01157205871022],[-60.61403768199993,-63.017666039710655],[-60.66828772699996,-63.01656214271054],[-60.71829568999993,-62.99822538070941],[-60.731422474999924,-62.98012800770835],[-60.74362910799993,-62.96873171970759],[-60.744734538999914,-62.96209980270714],[-60.74557310299996,-62.95706892470686],[-60.74748669499991,-62.94558852770608]],[[-60.74748669499991,-62.94558852770608],[-60.73752210799996,-62.91910756070449],[-60.69381180599998,-62.90153237870336],[-60.660191475999916,-62.893029102702755],[-60.62213238999993,-62.90860465570375]],[[-60.582764771999955,-63.00627422470986],[-60.68787905799991,-62.99176261970904],[-60.648910770999926,-63.01384891971036],[-60.60744648599995,-63.015166052710484],[-60.582764771999955,-63.00627422470986]],[[-60.32943294699994,-62.688562974689816],[-60.38667477999991,-62.70346742569077],[-60.421166156999966,-62.70527942569091],[-60.41427304499991,-62.6750111886889],[-60.371476725999905,-62.66000176868792]],[[-60.371476725999905,-62.66000176868792],[-60.40222331799998,-62.68854541268977],[-60.39662772899993,-62.69278978069005],[-60.37771393699996,-62.697164747690316],[-60.36298970299997,-62.6972031556903],[-60.32943294699994,-62.688562974689816]],[[-61.21702843899986,-62.62268307168559],[-61.29066007799992,-62.62343790868553],[-61.29563157899997,-62.61930132068531],[-61.2937299529999,-62.61184846168492]],[[-61.2937299529999,-62.61184846168492],[-61.21702843899986,-62.62268307168559]],[[-60.98567586599989,-62.64566511068708],[-60.97655027599994,-62.65628449968773],[-60.86222844799993,-62.677696582688974],[-60.81288052299994,-62.66628775268835]],[[-60.81288052299994,-62.66628775268835],[-60.79871444999998,-62.66725957568845]],[[-60.79871444999998,-62.66725957568845],[-60.86924309799991,-62.685832397689666],[-60.97177795199997,-62.660534126688],[-61.06396350099988,-62.657889299687774],[-61.09767469199983,-62.67319164368887],[-61.149302708999926,-62.67483567068898],[-61.15028355399983,-62.64907557068735],[-61.1449162209999,-62.63759045668648],[-61.13901784299992,-62.633652195686324],[-61.12622266999995,-62.62195340268551],[-61.163330163999895,-62.604434529684475],[-61.171679643999944,-62.575617268682535]],[[-61.171679643999944,-62.575617268682535],[-61.130991427999895,-62.580657743682856],[-61.09933766299991,-62.60636002068452],[-60.98898667799982,-62.62671782768588],[-60.98567586599989,-62.64566511068708]],[[-58.71478478799991,-62.23547889066016],[-58.77901908199993,-62.23667335366018],[-58.75784121299995,-62.21377084365867]],[[-58.75784121299995,-62.21377084365867],[-58.71478478799991,-62.23547889066016]],[[-58.42926112699989,-62.20767736965825],[-58.47202605899997,-62.23551547666013],[-58.509198312999956,-62.23190888165997]],[[-58.509198312999956,-62.23190888165997],[-58.50019171599991,-62.23005186565982],[-58.473030585999936,-62.22329544465929],[-58.42926112699989,-62.20767736965825]],[[-58.90313105499996,-62.14263708765388],[-58.88910687399994,-62.182275786656575],[-58.958002792999885,-62.19871505165766],[-58.95329761099997,-62.21796254365895]],[[-58.95329761099997,-62.21796254365895],[-59.00727096799989,-62.229767333659794],[-59.00062797299995,-62.18844771965695],[-58.96719874899998,-62.161234518655135],[-58.90313105499996,-62.14263708765388]],[[-55.50986302499996,-61.47226830460684],[-55.45573361099998,-61.49524114360859]],[[-55.45573361099998,-61.49524114360859],[-55.46503516699988,-61.49394967560845],[-55.55337126399996,-61.47865811560725],[-55.50986302499996,-61.47226830460684]],[[-55.37890008299996,-61.16431861358423],[-55.35745588299988,-61.23592152258952]],[[-55.35745588299988,-61.23592152258952],[-55.36386324599987,-61.23287623058928]],[[-55.36386324599987,-61.23287623058928],[-55.39310511399998,-61.17502692658493]],[[-55.39310511399998,-61.17502692658493],[-55.38597407199995,-61.171458516584735],[-55.38149013199995,-61.16748122058429],[-55.37890008299996,-61.16431861358423]],[[-55.34994861699993,-61.0615766015763],[-55.36909423499998,-61.05986508257634],[-55.45698187599998,-61.11309806758036],[-55.47756813799993,-61.10805422157993]],[[-55.47756813799993,-61.10805422157993],[-55.47649499699998,-61.10733962157994]],[[-55.47649499699998,-61.10733962157994],[-55.37110621799991,-61.05787548257606]],[[-55.37110621799991,-61.05787548257606],[-55.34994861699993,-61.0615766015763]],[[160.26457973900006,-72.94900665918577],[160.2943931760001,-72.97355826918688],[160.3645140240002,-72.9642510001865],[160.4350030080002,-72.98150750118714],[160.3910035330002,-73.00936879118848],[160.30165760700018,-72.99167089818773],[160.21721191100005,-72.95601879418606],[160.26457973900006,-72.94900665918577]],[[160.33099612400017,-72.72041815517575],[160.22056182100027,-72.69741233617476],[160.29544728400012,-72.68738958817424],[160.33099612400017,-72.72041815517575]],[[160.18697267200014,-72.66831203317355],[160.09138390400017,-72.65268480717278],[160.19497907100003,-72.62898463117182],[160.25866328900008,-72.6507658531729],[160.18697267200014,-72.66831203317355]],[[160.406556161,-72.61544533717124],[160.52499216200007,-72.59775465417042],[160.55706552700002,-72.62068352717145],[160.43074282300003,-72.62893115417178],[160.406556161,-72.61544533717124]],[[160.33481441700016,-71.67890307613047],[160.26435175000017,-71.65893603312948],[160.33655517000022,-71.62861532412816],[160.39378749900015,-71.6449055591289],[160.33481441700016,-71.67890307613047]],[[160.21027219500013,-71.58679816012648],[160.1532707040003,-71.55345912812484],[160.24502475200006,-71.52675353512373],[160.32161392000012,-71.53425953312409],[160.37348652000003,-71.52381433612369],[160.46828705800021,-71.52676962912379],[160.52451305300016,-71.54758676412462],[160.43285791200012,-71.55751027112511],[160.2548292360001,-71.5666767241256],[160.21027219500013,-71.58679816012648]],[[161.99698318400007,-75.15785409728385],[161.98433320900006,-75.19036767928542],[161.8548403010002,-75.21017563328618],[161.8003149900001,-75.18770541828509],[161.80767967000008,-75.16987207428443],[161.99698318400007,-75.15785409728385]],[[161.97310564700007,-75.02303247227762],[161.95528772500006,-75.06130543027943],[162.05531404500005,-75.05633445627929],[162.13376701300012,-75.07794485528038],[162.19501779400014,-75.117657323282],[162.131442876,-75.14298677428324],[162.0216380600001,-75.12299056228228],[161.9527994720001,-75.07204282027999],[161.88457092300004,-75.04717789527871],[161.90881055700018,-75.01927922227769],[161.97310564700007,-75.02303247227762]],[[162.1132410670001,-74.82432596826897],[162.24350427500008,-74.84898419626992],[162.34256550200007,-74.90261498627244],[162.3221746690002,-74.9113757552727],[162.1075742250002,-74.91607146627302],[162.07020182100007,-74.87775475427118],[162.18397697900014,-74.84403752926985],[162.1132410670001,-74.82432596826897]],[[162.1948996090002,-74.62025135625983],[162.13466622300007,-74.64361960826088],[162.04127887700005,-74.6185043992597],[161.97860132700006,-74.61949547525971],[161.88932413400013,-74.57076072425765],[162.10952301900033,-74.55484465725677],[162.09154869300016,-74.5714919612576],[162.1311250350002,-74.60225942625891],[162.1948996090002,-74.62025135625983]],[[161.83557985200002,-74.35438583224777],[161.880038321,-74.38762931024934],[161.8132113930002,-74.40751706025021],[161.73841763000007,-74.40651005825028],[161.74985256200011,-74.37309039124855],[161.83557985200002,-74.35438583224777]],[[162.0069553070002,-74.0980282392365],[161.90878222700007,-74.09128398923625],[161.94066448500018,-74.0707226702353],[161.900075269,-74.03572133723382],[161.95057726000024,-74.02300196223311],[162.06992488200024,-74.05349567223458],[162.19412126500015,-74.07281999023535],[162.09623702800002,-74.10168777923667],[162.0069553070002,-74.0980282392365]],[[161.88095211600023,-73.99978592523215],[161.75009664300012,-73.99739775223215],[161.67361577000008,-73.94583008422985],[161.77355676300022,-73.94370812022974],[161.89252820200022,-73.9865758722316],[161.88095211600023,-73.99978592523215]],[[161.88218962200003,-73.33933041820293],[161.90677693800012,-73.32420158020223],[162.0276167060001,-73.32748544420247],[162.07813244500025,-73.30606782920145],[162.15423596300013,-73.30744061720145],[162.22940188300018,-73.3285826352025],[162.1625563470002,-73.35693242220377],[162.081150435,-73.34868898420333],[161.96658167400003,-73.3534822622037],[161.88218962200003,-73.33933041820293]],[[162.0156310820001,-73.27862680820039],[161.9829822140002,-73.28967902220077],[161.85926645000004,-73.2406089951986],[162.03597464000006,-73.26748641619986],[162.0156310820001,-73.27862680820039]],[[161.80440217800003,-73.10389658019261],[161.79764669700035,-73.14310009719439],[161.8860017150001,-73.15439270419482],[161.85875833800026,-73.17850493519589],[161.6809742450001,-73.16936329219558],[161.73050259700003,-73.12360763819343],[161.80440217800003,-73.10389658019261]],[[161.04438990800008,-73.00940047518846],[161.11605470300003,-73.00646731018823],[161.14651220300001,-73.02458044318897],[161.2511822680001,-73.02465872918916],[161.3248243570001,-73.06590676119097],[161.31969127900015,-73.09488888019219],[161.19145749500035,-73.06413801219077],[161.13347163600008,-73.02980203518936],[161.04438990800008,-73.00940047518846]],[[161.43311087800006,-71.95501950314244],[161.389492107,-71.9618465661428],[161.343649785,-71.92670726714128],[161.35687592800002,-71.89016634613961],[161.55292352600003,-71.84743840413768],[161.65945923200013,-71.86347818813846],[161.55133599200008,-71.90044993914005],[161.67394014900003,-71.91272356514051],[161.64623862000008,-71.94675896714199],[161.596643716,-71.94960948514222],[161.62769851200017,-71.98083225514365],[161.51668602900008,-71.97619689314331],[161.43311087800006,-71.95501950314244]],[[161.39221974800034,-71.760846102134],[161.31621613900018,-71.74052416913312],[161.2789429740002,-71.71694050213203],[161.3281417470001,-71.70337170413141],[161.44126563400016,-71.74427540813319],[161.39221974800034,-71.760846102134]],[[162.11095045700017,-71.70914583213165],[162.07049937800014,-71.68012800713045],[161.9049123000001,-71.68176918413059],[161.83655382900008,-71.66727485612996],[161.87049870700014,-71.64051344112883],[162.0052806010002,-71.60995770412731],[162.03735865900012,-71.64377048212887],[162.14398874800017,-71.69641136913121],[162.11095045700017,-71.70914583213165]],[[161.91968641600022,-71.61284661212754],[161.83773115100018,-71.59956615112706],[161.9225518540003,-71.56976813812574],[161.99897472400005,-71.57333396912574],[161.96923857100023,-71.61124717612743],[161.91968641600022,-71.61284661212754]],[[161.7883144480002,-71.59555608012671],[161.7216531470002,-71.56785337612548],[161.66259674700007,-71.57508712812593],[161.61074560400002,-71.54560259912472],[161.64340553400018,-71.5288423061239],[161.70710131800013,-71.52924748812396],[161.73636590600017,-71.49527008912246],[161.79132422500004,-71.4810506871219],[161.8022896020002,-71.52596563612366],[161.85270928400018,-71.5358507531242],[161.876538038,-71.56391019112536],[161.8121500760002,-71.56730654012561],[161.7883144480002,-71.59555608012671]],[[161.98578311400001,-71.4368658031198],[161.95779995100008,-71.3835325701176],[162.03706562800016,-71.36300678911681],[162.0702130510001,-71.41744174011913],[162.070298212,-71.4473552561203],[161.98578311400001,-71.4368658031198]],[[162.15586406500017,-70.81655979509296],[162.10362450500008,-70.79193308409202],[162.15953349600008,-70.76603148409069],[162.20104120000005,-70.78879271909173],[162.15586406500017,-70.81655979509296]],[[162.56409374400005,-75.08458167828066],[162.51194421800017,-75.07239368728004],[162.61897378700007,-75.0363120942785],[162.68890019800017,-75.0599479262795],[162.63637848100004,-75.10006772528125],[162.56409374400005,-75.08458167828066]],[[162.63488331500008,-74.95694097127483],[162.7761414050002,-74.98893789327636],[162.75570816400034,-75.02535811627796],[162.63329242900008,-75.03654444027838],[162.59781936400006,-75.02616680227807],[162.4316200720002,-75.03377472327841],[162.32471422000012,-75.00167638027686],[162.35410587800015,-74.95850084527471],[162.27530740600014,-74.94406586027446],[162.4093736540002,-74.91347726627296],[162.4926158740002,-74.95432162627468],[162.63488331500008,-74.95694097127483]],[[162.34042509800008,-74.70740440726358],[162.25909160200013,-74.68710108326273],[162.22653108300017,-74.62294412625992],[162.29797074100009,-74.61761122325964],[162.36336553700005,-74.63397572126026],[162.31329336800002,-74.6905115132629],[162.34042509800008,-74.70740440726358]],[[162.7598183130002,-74.63264685426032],[162.5930408370002,-74.64557762126088],[162.7349491980001,-74.68719043426273],[162.7934284160001,-74.69266381926312],[162.71381237700018,-74.73578671626494],[162.52448170400007,-74.73157061726475],[162.57305066100002,-74.68825527126286],[162.4669105800001,-74.70407896926359],[162.39030934200002,-74.67858338926241],[162.50095034000003,-74.62801098926012],[162.60547070300012,-74.61809184125973],[162.63238047900018,-74.5887635502583],[162.5810434790002,-74.57147134125766],[162.51532178900015,-74.51925541725532],[162.5553765740002,-74.48848191825385],[162.47609882500024,-74.45412498625238],[162.44786034900014,-74.40618919925016],[162.52516768100006,-74.38642416024926],[162.5069779360001,-74.36710051324837],[162.42170561900025,-74.36784633524847],[162.33147623900015,-74.3446836072475],[162.4746918400002,-74.32232051324655],[162.6575027270003,-74.34648471024751],[162.70380220200002,-74.3883400962494],[162.81301777200017,-74.40343859225017],[162.9350023390001,-74.4110825562505],[162.9908504780002,-74.4291728892512],[162.92196595900018,-74.45934808825264],[162.83313769900016,-74.45024734825222],[162.80274758900032,-74.43071281325119],[162.6754457080001,-74.4219270662508],[162.6993505700001,-74.39465552824974],[162.62515762100008,-74.36520569924834],[162.60120095800005,-74.4221035892509],[162.65664459000004,-74.44520395525181],[162.66669801600005,-74.52050968525543],[162.7249044890001,-74.54603661425644],[162.69157098700018,-74.57215195225764],[162.7688511580002,-74.58209373225804],[162.7598183130002,-74.63264685426032]],[[162.44673248000004,-74.21188889524149],[162.48468759600007,-74.19694110624087],[162.60327330300004,-74.23293183824248],[162.57031732300013,-74.2538180412435],[162.61157189000002,-74.27437718124438],[162.56986838700016,-74.2970530882454],[162.38719278100018,-74.29857054824525],[162.36040991000002,-74.27563195224427],[162.47260206100006,-74.27038605224412],[162.44673248000004,-74.21188889524149]],[[162.6802611150002,-74.20135937624096],[162.62782742700006,-74.20780187724142],[162.55853185800012,-74.18461098624032],[162.50053124500005,-74.19457204324071],[162.41620574600006,-74.1660950192395],[162.4235576840001,-74.15253611223886],[162.28595745600023,-74.12599849323784],[162.16832661800004,-74.12169388223752],[162.22426846900032,-74.0861462162358],[162.267802584,-74.08814144523598],[162.56759119000014,-74.15088890023893],[162.67510138000014,-74.15993130123934],[162.73424780100027,-74.17959944424008],[162.6802611150002,-74.20135937624096]],[[162.748111641,-74.09396787623623],[162.69007481800028,-74.06904310423518],[162.78976016000001,-74.06806191723514],[162.748111641,-74.09396787623623]],[[162.63476647000013,-74.0575344102348],[162.6373915170002,-74.08210898723578],[162.43252883800005,-74.04329925123405],[162.568297451,-74.03204017223356],[162.52907448800022,-74.00591913323227],[162.5971974250002,-73.99675536323197],[162.63476647000013,-74.0575344102348]],[[162.70656303200022,-73.87839261722675],[162.6470023810001,-73.84958651922545],[162.72297279600002,-73.8445412822252],[162.77844492100022,-73.86569537022625],[162.70656303200022,-73.87839261722675]],[[162.60962762400024,-73.81900815122395],[162.49788608400002,-73.79423240922303],[162.53976510400017,-73.77581669022233],[162.63690838400007,-73.79773168722309],[162.72882336600003,-73.8046809592235],[162.68101146000004,-73.82640082522444],[162.60962762400024,-73.81900815122395]],[[162.53707920700003,-73.71726320621964],[162.58546074400022,-73.71114391121937],[162.70857267900013,-73.73394370322036],[162.83776132700012,-73.74323605122073],[162.79677883400007,-73.76032206522152],[162.70524355200007,-73.74895854722101],[162.61454663300003,-73.74851547922094],[162.52532375000018,-73.7340965882203],[162.53707920700003,-73.71726320621964]],[[162.6812929250003,-73.67040466021751],[162.53959227100003,-73.64132179221639],[162.60341680000013,-73.61680622421521],[162.65282260700027,-73.63327985621575],[162.6812929250003,-73.67040466021751]],[[162.55060391500012,-73.59867968121443],[162.40021642000008,-73.55997639621269],[162.38848728199997,-73.52768392721121],[162.47650367200004,-73.5177674612109],[162.50766827100014,-73.53269932421159],[162.486679307,-73.57356095121331],[162.55060391500012,-73.59867968121443]],[[162.32438648700006,-73.46760678020861],[162.37255529200021,-73.48933016720953],[162.3479419900003,-73.50698581421037],[162.25413789400022,-73.49983152220997],[162.32438648700006,-73.46760678020861]],[[162.19985968700007,-72.9745882381869],[162.3206107730001,-73.01443716218874],[162.32489208400008,-73.06371606719094],[162.2776228230001,-73.07454381419132],[162.21927922200007,-73.05216429119034],[162.27980530600004,-73.0399485001898],[162.26380625800002,-72.99868839818785],[162.19985968700007,-72.9745882381869]],[[162.77742266500013,-71.52048906612347],[162.7418156560002,-71.50844074612307],[162.65779710000004,-71.50789877212296],[162.62759943900005,-71.48426481312192],[162.64858907400003,-71.42862035411954],[162.7760386440001,-71.44944218312044],[162.74035837600002,-71.50171476912281],[162.77742266500013,-71.52048906612347]],[[162.5750291270001,-71.25967347311227],[162.49495241500017,-71.17586329310859],[162.51826182600007,-71.1319109221067],[162.5807061920001,-71.17064723310831],[162.59190173700003,-71.22535375711078],[162.5750291270001,-71.25967347311227]],[[162.95878516000022,-74.38662633224935],[162.8715197910002,-74.34201950224737],[162.91151321900008,-74.32512677524657],[162.9974919660001,-74.33700309924714],[162.95878516000022,-74.38662633224935]],[[162.794963817,-74.2728246842442],[162.71148690200005,-74.20518739324132],[162.75649941500038,-74.19628715024086],[162.91832167400005,-74.23985345024286],[162.9564982400001,-74.26153643624369],[162.88496151900017,-74.27815105124446],[162.794963817,-74.2728246842442]],[[162.89742340200016,-74.07155549623536],[162.8815453890002,-74.08435349423581],[162.94647867900014,-74.1173423312374],[162.89238805700006,-74.13132988823797],[162.7911629560001,-74.0993911372366],[162.8183496680001,-74.0648181192351],[162.89742340200016,-74.07155549623536]],[[163.2222861470001,-74.04488058223406],[163.1249346630001,-74.0711442802354],[162.99036734700007,-74.06015241523475],[162.98600406000008,-74.04496808923408],[163.0841763000002,-74.03054232523371],[163.2222861470001,-74.04488058223406]],[[163.2118805130001,-73.91021318422823],[163.13536175400006,-73.92159933422847],[163.0576777440001,-73.94634624222974],[162.96312715500005,-73.95720768423023],[162.92395196700016,-73.94405831622976],[162.99479047700015,-73.91536755422841],[163.20650687400015,-73.85629405622569],[163.2118805130001,-73.91021318422823]],[[162.87017583500017,-73.72791409422008],[162.7057682610002,-73.69538106621867],[162.65168568500007,-73.70615047421892],[162.5550847170001,-73.69303161721851],[162.6140901510001,-73.66736437521737],[162.68368461900002,-73.68644025321814],[162.87183428100013,-73.68962789221833],[162.96186568000007,-73.71948172921971],[162.87017583500017,-73.72791409422008]],[[162.93015508200008,-73.51330744821064],[162.76777576000018,-73.52174199421097],[162.78973551800001,-73.42451338720657],[162.8901036500001,-73.40746928320601],[162.9735589400002,-73.432175623207],[162.92063524700006,-73.4473596152077],[162.86896364400002,-73.48530433720941],[162.93015508200008,-73.51330744821064]],[[162.76809343500008,-73.39775163620551],[162.78913034400009,-73.37855321420452],[162.90965344300002,-73.36036146020383],[162.8952446080002,-73.33092906620253],[162.72379874800004,-73.33123685020257],[162.72254967500004,-73.29595522520107],[162.80105327200022,-73.29068920920072],[162.78321959100003,-73.26707654019984],[162.62375164099998,-73.25746433819938],[162.66433666600003,-73.24333596419874],[162.63243160900012,-73.21460345919753],[162.69579328900033,-73.21217086219748],[162.72531352500005,-73.18409985719614],[162.80785368000005,-73.2014566061969],[162.97316784200018,-73.26520167619965],[162.90411786200002,-73.28739528820068],[162.94492986900025,-73.3334469912027],[163.03471567700012,-73.34788247820326],[163.02161810900034,-73.36933026720433],[162.86241653700017,-73.3977759432055],[162.76809343500008,-73.39775163620551]],[[162.8533134510003,-73.24751820019881],[162.8387752010002,-73.30424929020134],[162.93833448400017,-73.26158588919961],[162.8533134510003,-73.24751820019881]],[[163.1431557530001,-73.10246645819258],[163.05819993600014,-73.11248971019293],[163.04929784800004,-73.04856644119009],[163.15849682400025,-73.065693861191],[163.10850964700015,-73.07981871519164],[163.1431557530001,-73.10246645819258]],[[162.9301202120001,-72.8733641431824],[162.95891524900014,-72.9132861581842],[162.90834787700015,-73.02748913218922],[162.92796271100008,-73.04520999019002],[162.8787646080002,-73.08590951119167],[162.82412983300003,-73.06800760319088],[162.84457162700016,-73.04881203119017],[162.82142733900014,-73.00834234318836],[162.86115489200026,-72.96949857618674],[162.86126989200017,-72.89880205618354],[162.9301202120001,-72.8733641431824]],[[163.04057613800012,-72.12628683114981],[163.07390846800013,-72.09394591514842],[163.15480861700007,-72.09764384514857],[163.13136660400016,-72.11949329614947],[163.04057613800012,-72.12628683114981]],[[163.1600944140001,-71.95313793314239],[163.06489657500006,-71.94253985114186],[163.08826399100008,-71.91338171214073],[163.1600944140001,-71.95313793314239]],[[162.8738387300001,-71.70411434113143],[162.80501506200005,-71.67851298213036],[162.8821203870001,-71.66887446013],[162.8738387300001,-71.70411434113143]],[[162.77972953300005,-71.57076776512577],[162.70504238700002,-71.55594654212518],[162.67162925700006,-71.51751013712341],[162.77492133600003,-71.52304823012365],[162.84309272300004,-71.5443139651246],[162.8600245070002,-71.56674545512567],[162.77972953300005,-71.57076776512577]],[[162.97372741800004,-71.52571518512379],[162.97194391600007,-71.50120867012264],[163.00927323800025,-71.4798737001217],[163.1009025640002,-71.48499336812208],[163.01166576900005,-71.52320597712367],[162.97372741800004,-71.52571518512379]],[[163.30280341200012,-74.3990297092499],[163.3092725670001,-74.36057033724815],[163.237115083,-74.35188819124778],[163.28050804600002,-74.3287261332468],[163.34721628500003,-74.36258752724828],[163.30280341200012,-74.3990297092499]],[[163.25200419900008,-74.12093012223752],[163.28463412300005,-74.13776568423836],[163.26115656900015,-74.198758303241],[163.305691818,-74.22053382524193],[163.24059793200001,-74.25399456424348],[163.19616158900033,-74.23871434824268],[163.20484122300013,-74.21292171424145],[163.15600102700012,-74.19796185424096],[162.96397842200008,-74.16599058123958],[162.909705075,-74.13493645523816],[163.1823076400001,-74.132164559238],[163.19629553100003,-74.10783825523698],[163.1318507410001,-74.09853903223645],[163.23998890100006,-74.06870229523514],[163.2803417460001,-74.09335096823627],[163.25200419900008,-74.12093012223752]],[[163.1562648870001,-73.99235687323188],[163.2597633270001,-73.97724127923117],[163.25498346200015,-74.00894299023271],[163.1562648870001,-73.99235687323188]],[[163.2377086880001,-72.40619053916215],[163.17979558200022,-72.40442531016194],[163.17658212800006,-72.36101474616005],[163.27910256600023,-72.39191280016135],[163.2377086880001,-72.40619053916215]],[[163.28166441200003,-72.2822575141567],[163.22769717000003,-72.268858366156],[163.20379616700015,-72.22154451615401],[163.27308737600006,-72.20744447315329],[163.32212605400002,-72.22680785015422],[163.30632448300003,-72.27887742715654],[163.28166441200003,-72.2822575141567]],[[163.6167545930001,-74.85752602927042],[163.733457217,-74.88073971827147],[163.71283102200005,-74.93154563927368],[163.6159732320002,-74.91775304427308],[163.58433975000014,-74.89819034627226],[163.6167545930001,-74.85752602927042]],[[163.74332305900003,-74.5647056342573],[163.75536416900002,-74.59794592925861],[163.66298784900005,-74.58733074725826],[163.74332305900003,-74.5647056342573]],[[164.01911393100022,-74.39714461824965],[163.8770627440002,-74.42818633925125],[163.85976986800003,-74.44660926625201],[163.89918880000005,-74.48354614925363],[163.80976760300007,-74.52463928325545],[163.6378500070001,-74.5341462092561],[163.65517356400005,-74.47301310925315],[163.81327794400025,-74.4514674192522],[163.82489862200035,-74.41190280925048],[164.01911393100022,-74.39714461824965]],[[163.6621191480001,-74.37103632124862],[163.74905276200002,-74.39277680724963],[163.6747704620002,-74.41519539025049],[163.67286391400023,-74.44896223525217],[163.50434786200023,-74.4759997502534],[163.49832278100004,-74.449309749252],[163.5660113680001,-74.38581529824934],[163.6621191480001,-74.37103632124862]],[[163.6300295210003,-74.3016498932455],[163.64846183600002,-74.32247507524647],[163.5625516540002,-74.3703853822487],[163.53453999100017,-74.3221639392463],[163.6300295210003,-74.3016498932455]],[[163.73834554700022,-74.17939358524006],[163.87141987800032,-74.18320550824025],[163.8092978830001,-74.22255386524208],[163.7004125580001,-74.22548987924216],[163.69178891800004,-74.20410914524122],[163.73834554700022,-74.17939358524006]],[[163.61553351700002,-74.13003890723792],[163.76338330600015,-74.1389703322384],[163.7410450210001,-74.16080469523916],[163.6533805060002,-74.15487516723893],[163.61553351700002,-74.13003890723792]],[[163.6065067060001,-74.09533965923636],[163.60056041400003,-74.11750142023739],[163.46484226200002,-74.09875243623644],[163.52759239700003,-74.08579736123589],[163.6065067060001,-74.09533965923636]],[[163.68004787700008,-72.42459938616282],[163.76812344100003,-72.41204714516239],[163.7657175,-72.43824010016344],[163.68004787700008,-72.42459938616282]],[[163.56436700700021,-72.35850872316001],[163.51639534400022,-72.33930862515913],[163.617141,-72.29946037115737],[163.72237415800006,-72.29645478715719],[163.75603622900005,-72.3080820001578],[163.5788978810001,-72.33448752115895],[163.56436700700021,-72.35850872316001]],[[163.85234100300005,-74.70345521226346],[163.88486311700032,-74.7125284342639],[164.037160679,-74.70473929626354],[164.12265713300008,-74.69363327026305],[164.11622368200005,-74.74363100726532],[164.00839481400018,-74.76976059526658],[164.04000365400017,-74.8034332272679],[163.98861485400013,-74.83150959726915],[163.99738870200008,-74.85210997627009],[163.93788605100008,-74.88863949827169],[163.88740735900024,-74.87037431827096],[163.9558830090002,-74.84350108726979],[163.87312894800016,-74.81204697726838],[163.83779586000003,-74.83718515326944],[163.76567341000006,-74.81770023826863],[163.72313037400005,-74.78234451926708],[163.7919516920001,-74.7662997052663],[163.90628307800006,-74.76652551426628],[163.87135349200003,-74.72122717726437],[163.80146504000012,-74.71502608526406],[163.79462870800006,-74.71695399026416],[163.78848025900004,-74.71903771026422],[163.76956909600005,-74.72342398026441],[163.75414289300022,-74.72783247126463],[163.6987799300001,-74.71966361626416],[163.9138405400001,-74.63727299526069],[163.85234100300005,-74.70345521226346]],[[164.2083912160001,-74.63719686626044],[164.08089775400012,-74.62858485626023],[164.034914973,-74.63870250426056],[164.06139863800013,-74.67617560326228],[163.95890384700022,-74.68916873226277],[163.9370029040001,-74.66829265226207],[163.9712394380001,-74.65673345526139],[163.97530055400017,-74.6553623102612],[163.99861207900017,-74.64749169726095],[164.01666187400005,-74.64262321826078],[163.96684922500003,-74.62571367625996],[164.0480913560002,-74.5924951752585],[164.11345463500004,-74.61517443425937],[164.23998773000017,-74.59977335225881],[164.2083912160001,-74.63719686626044]],[[163.93714039400015,-74.24587517924317],[163.9510102710001,-74.27447910524425],[164.00551227600005,-74.30311136224553],[163.9514323850002,-74.31933119024643],[164.06300712800007,-74.36270336524824],[163.9943534460001,-74.36389275724844],[163.9013935770001,-74.32023593224632],[163.93280342900002,-74.29421514224529],[163.89828036900008,-74.24918687024329],[163.93714039400015,-74.24587517924317]],[[164.32396202500013,-73.25713308519923],[164.26766981200012,-73.2819896282004],[164.19361801500014,-73.28474107320056],[164.146470463,-73.25289318119914],[164.2736910400001,-73.23499127319846],[164.32396202500013,-73.25713308519923]],[[164.08116904300016,-71.13365385610676],[164.00822080500004,-71.1126296881059],[164.07032503200003,-71.10265857210533],[164.08116904300016,-71.13365385610676]],[[164.69577116000016,-74.32882487224677],[164.8085176930002,-74.34082474524729],[164.7802290950001,-74.36890647924858],[164.71322346400018,-74.37328501824871],[164.6507544540001,-74.35266150524772],[164.69577116000016,-74.32882487224677]],[[164.81222652000008,-74.041712892234],[164.84332138200006,-74.05902538423472],[164.7364292750001,-74.07130705723519],[164.81037914500007,-74.09095558723612],[164.7962832950001,-74.11506412823735],[164.7333100320002,-74.11663322123724],[164.6461618400001,-74.08981564723621],[164.67011330600025,-74.05789567123485],[164.7397102880002,-74.02614651823328],[164.81222652000008,-74.041712892234]],[[164.62912092100012,-73.17214491219562],[164.49979212900018,-73.16921392619547],[164.53128295000005,-73.1420719721944],[164.60034868600005,-73.13744482519422],[164.62912092100012,-73.17214491219562]],[[164.43794572900015,-72.26622812415593],[164.4663030600001,-72.23757792915467],[164.52684925900027,-72.25262781015537],[164.43794572900015,-72.26622812415593]],[[165.04296213200016,-73.95938195123026],[165.08866799700007,-73.98035599523118],[164.95748831300014,-74.01233095623265],[164.87374636100017,-73.98890688023162],[164.9463977080001,-73.98028223423124],[165.05521497000018,-73.98552612323154],[165.04296213200016,-73.95938195123026]],[[165.28717400800005,-73.79489223322307],[165.2658068510001,-73.818838669224],[165.32461011500004,-73.84168841722497],[165.24792505900004,-73.84832906622546],[165.22582180500035,-73.81870338522411],[165.28717400800005,-73.79489223322307]],[[165.74951343000018,-73.11131339319289],[165.7148011070002,-73.07578081619131],[165.60408399900007,-73.05862707619066],[165.63346191200003,-73.04091476618969],[165.73164739700016,-73.03044643618932],[165.86614749100022,-73.09108483519198],[165.8507663590002,-73.10442413619262],[165.74951343000018,-73.11131339319289]],[[165.52917288900017,-72.74004355117654],[165.52294530100005,-72.75414862317729],[165.39851053600012,-72.7478922001769],[165.41769521000015,-72.72588349317587],[165.52031774200032,-72.72649637917601],[165.52917288900017,-72.74004355117654]],[[165.70290701300019,-71.82170075513658],[165.64308551400006,-71.82142884613651],[165.59766312400004,-71.76866826513431],[165.6991718690002,-71.74012837613314],[165.75777882800003,-71.77946349013476],[165.70290701300019,-71.82170075513658]],[[165.51864487900002,-71.7051944341315],[165.58453069000007,-71.69060187013083],[165.66608580000008,-71.7009552001313],[165.54629109000018,-71.72571837013255],[165.51864487900002,-71.7051944341315]],[[165.4772962660002,-71.60774923912734],[165.52643636400012,-71.61680253612771],[165.54859812600012,-71.65156029012917],[165.47707816800008,-71.6569994771294],[165.420951582,-71.61926296112783],[165.4772962660002,-71.60774923912734]],[[165.94556873800002,-72.06535288514718],[165.79187994500012,-72.05672153314678],[165.8541187840002,-72.04051562014617],[165.94556873800002,-72.06535288514718]],[[166.33439532100022,-73.38745731320508],[166.352771478,-73.42314797520653],[166.26488249400006,-73.41929028620643],[166.33439532100022,-73.38745731320508]],[[166.32180368600007,-72.96767132118663],[166.54111341800024,-73.02438866518902],[166.45569055900012,-73.0367492941896],[166.44008110400011,-73.01222601518865],[166.32180368600007,-72.96767132118663]],[[166.18873924400032,-72.57792540916951],[166.2729140350001,-72.56261904316895],[166.261630985,-72.59717747517037],[166.18873924400032,-72.57792540916951]],[[166.4235878590001,-72.34151021815919],[166.30440838,-72.3814146301611],[166.27864340700012,-72.36221872316025],[166.4235878590001,-72.34151021815919]],[[166.99369244800005,-72.49122129316578],[167.02916651900026,-72.50269612316633],[167.17953457000021,-72.49863542516607],[167.29449342300003,-72.50481004016643],[167.28935900300007,-72.52058411716702],[167.03653002400029,-72.51714217116687],[166.99369244800005,-72.49122129316578]],[[167.60513291200002,-72.64589076917255],[167.67901086900008,-72.6715191191737],[167.62689016100018,-72.67931144217393],[167.60513291200002,-72.64589076917255]],[[168.3177009090001,-72.49901881216601],[168.360781899,-72.51959354316705],[168.29197264900014,-72.53637965216782],[168.2543137470003,-72.52234431716725],[168.3177009090001,-72.49901881216601]],[[168.2974166970001,-72.38139300416097],[168.33844277500017,-72.39483942716161],[168.2972773900002,-72.4198263931627],[168.24420986400003,-72.41649626116238],[168.2567302530001,-72.38695959616128],[168.2974166970001,-72.38139300416097]],[[168.42788291600027,-71.76963536913425],[168.40449136000015,-71.8011179771357],[168.34267396200002,-71.77918755713475],[168.2825979880001,-71.79058477113533],[168.1474296880002,-71.79996965613566],[168.23960685600002,-71.76665778113428],[168.42788291600027,-71.76963536913425]],[[168.79184725400023,-72.5932119951703],[168.96310368700017,-72.61154138117105],[168.99337209100008,-72.62858900617172],[168.8265126390003,-72.63017285017185],[168.79184725400023,-72.5932119951703]],[[169.03489656000005,-72.77756180217817],[169.17688303800003,-72.79254613717893],[169.21161145400004,-72.77709526617815],[169.3256757920001,-72.76331189117765],[169.2639946820001,-72.83229380818057],[169.20310784200024,-72.82963154718048],[169.1508384420001,-72.80548293917931],[169.03489656000005,-72.77756180217817]],[[169.3474778000001,-72.66337827617318],[169.35750926500032,-72.68632324217424],[169.310467826,-72.74208437817673],[169.17157360200017,-72.7732238311781],[169.11835252100013,-72.7612299931775],[169.0982339330003,-72.73728841917655],[169.02917473300033,-72.74372002317679],[168.96736286600003,-72.73011417717618],[169.28102185699998,-72.71208419317556],[169.33196272400005,-72.6903889691745],[169.3474778000001,-72.66337827617318]],[[169.35106442000003,-72.6003300781705],[169.39174080400014,-72.63402316317202],[169.33142510900007,-72.65298420917281],[169.18711281900002,-72.66442802617341],[169.3415838110002,-72.62222345017146],[169.35106442000003,-72.6003300781705]],[[169.19670557600026,-72.48858585416569],[169.10307917700015,-72.47117328116485],[169.1845891940001,-72.45936753416427],[169.19670557600026,-72.48858585416569]],[[169.58377279800015,-72.18287660215239],[169.56978172,-72.20677425515352],[169.4939796120001,-72.22291093415406],[169.44349891100012,-72.21608538015371],[169.58377279800015,-72.18287660215239]],[[169.47007810300028,-72.16443188115164],[169.3895088690001,-72.1917022461526],[169.35499603700018,-72.1713891991519],[169.47007810300028,-72.16443188115164]],[[169.6313540300001,-71.88991036313958],[169.57044958900008,-71.9292010521413],[169.45250526900008,-71.91896288914093],[169.44348834800007,-71.88750274413948],[169.6313540300001,-71.88991036313958]],[[169.73177716400008,-73.59867651621425],[169.75816556900006,-73.6147580212151],[169.8393522130002,-73.61650648721515],[169.85979304800026,-73.58001958821342],[169.90376169700005,-73.56148959821283],[169.862829431,-73.61997173521529],[169.6790269610001,-73.62892143221579],[169.69065160200012,-73.59736553221427],[169.62956633600015,-73.57248689321308],[169.54286230000002,-73.56810499621307],[169.53011228600005,-73.56315535421268],[169.63910729400007,-73.55774965721264],[169.69945316400003,-73.57067975521309],[169.73177716400008,-73.59867651621425]],[[169.68874276600013,-72.75672069517748],[169.7321177880002,-72.74258377117673],[169.7958348650002,-72.75773641417749],[169.7434824810002,-72.771886749178],[169.68874276600013,-72.75672069517748]],[[169.6438278160001,-72.4547127261642],[169.6382278650003,-72.46979998916481],[169.739521026,-72.49511418516596],[169.66063353800004,-72.51154775116662],[169.5948364090001,-72.4633425691645],[169.6438278160001,-72.4547127261642]],[[170.3281343110002,-72.42820047516302],[170.29658990500002,-72.50910207816652],[170.25549241100012,-72.5589660401687],[170.27485143,-72.5924809251701],[170.2355948030001,-72.61229031017109],[170.19570092200001,-72.6245871481716],[170.06227902700005,-72.59897704217046],[170.1169704800001,-72.59438602217027],[170.20726186999997,-72.60986391917102],[170.2383864500002,-72.59462049117026],[170.2099853660001,-72.56209651516883],[170.25564294999998,-72.50966366616655],[170.2781767,-72.4368773701634],[170.23657679600012,-72.39637784216166],[170.27620460600005,-72.35307607515983],[170.32736483400004,-72.42458223716297],[170.3281343110002,-72.42820047516302]],[[169.7761950520002,-72.41388915316233],[169.6878559590002,-72.43789107816328],[169.66790165600003,-72.40904994316213],[169.7761950520002,-72.41388915316233]],[[169.9280455730002,-72.36047997516016],[169.89588036800015,-72.382994644161],[169.8060257530002,-72.38225181516096],[169.78776241700012,-72.36425670016027],[169.92560957500004,-72.34567971215937],[169.9280455730002,-72.36047997516016]],[[169.7650331990002,-72.243910795155],[169.8019799750001,-72.247101954155],[169.78910419200005,-72.28457997315678],[169.8805053610001,-72.26797759515603],[170.0076667640002,-72.29210089015716],[169.96445350900012,-72.32342977415851],[169.82780479500002,-72.31166761315788],[169.7639117010001,-72.31295876215786],[169.72422069200007,-72.2921736451571],[169.76514752900005,-72.26907361315607],[169.7650331990002,-72.243910795155]],[[169.90582391600003,-71.81041334413614],[169.87865581000003,-71.82639847713673],[169.77476828400006,-71.8428221531374],[169.7450887880001,-71.80719569813606],[169.8126982540001,-71.7971568561354],[169.8764325940002,-71.75541948813374],[169.91163408500017,-71.78261475113494],[169.90582391600003,-71.81041334413614]],[[169.6975674040002,-71.72228815913216],[169.634467071,-71.72814409413257],[169.60214040300013,-71.75615089313384],[169.49614482500007,-71.77762181713464],[169.4558949110001,-71.76780526413415],[169.60487072500007,-71.73157899913274],[169.64995431900002,-71.71413709013193],[169.6975674040002,-71.72228815913216]],[[169.999415781,-71.71891561413213],[170.01344172800023,-71.7554196551337],[169.93313887400018,-71.7582468721339],[169.999415781,-71.71891561413213]],[[170.082294229,-71.64822613612903],[170.19636795200026,-71.6754210641303],[170.2083819060001,-71.69343378113112],[170.0080231600002,-71.70771990213167],[170.082294229,-71.64822613612903]],[[169.86460354599998,-71.63864176112865],[169.90986952700018,-71.63505933412844],[169.9302777930002,-71.68331765813066],[169.72663837100004,-71.69737679713114],[169.65638911000008,-71.68002977113048],[169.86460354599998,-71.63864176112865]],[[170.27536273699997,-71.58732494512638],[170.28078781700012,-71.58324153012626],[170.28517178500007,-71.58015181012624],[170.34130228,-71.54601936512448],[170.3790380250001,-71.55062101412493],[170.4084399090001,-71.58187345512609],[170.45590279000012,-71.5989680181269],[170.36298097600002,-71.62025873112793],[170.29153377200012,-71.61069598212747],[170.27536273699997,-71.58732494512638]],[[169.63895826400008,-71.52735083012391],[169.60176707300002,-71.56774457812561],[169.55213814000012,-71.5663642461256],[169.51089312500017,-71.53286578912395],[169.63895826400008,-71.52735083012391]],[[170.43247594100023,-71.48259150712197],[170.4322329760001,-71.47979810812181],[170.43034559100033,-71.47542402512164],[170.4189208920002,-71.46777528412123],[170.40819017200013,-71.46059115712085],[170.3927413380002,-71.4521355771205],[170.42654767800002,-71.42264673611926],[170.38286252300023,-71.39253524011801],[170.30237501700014,-71.37251596011707],[170.3143365090001,-71.38431631811754],[170.31687151800008,-71.38836357111768],[170.320901756,-71.393143409118],[170.323658484,-71.3988934511182],[170.3366194330001,-71.42837197711955],[170.358206039,-71.4391537501199],[170.30909688200003,-71.45070617412054],[170.23564456200006,-71.3659935981167],[170.22510317200022,-71.29203647411363],[170.3172311870003,-71.3173857491147],[170.40101102500023,-71.37714941311738],[170.47366053000022,-71.46386208012113],[170.58846281000024,-71.55095779912486],[170.64804911200017,-71.62394677012816],[170.70539711000015,-71.66590190112984],[170.68724039100002,-71.7136304881319],[170.63758832300016,-71.6990280321312],[170.66810315700002,-71.66447613812991],[170.55075646700018,-71.62106607612785],[170.5613639390001,-71.60516928812726],[170.47963163100007,-71.59341768712679],[170.55014743800007,-71.57664515812594],[170.52099013600025,-71.52778501312389],[170.44999572500006,-71.50580882812307],[170.43247594100023,-71.48259150712197]],[[67.80789139900003,-74.46344784525266],[67.7400933420002,-74.48001066125354],[67.61981465800017,-74.45128469325223],[67.61132211300014,-74.37990722824902],[67.75778084000012,-74.38381168824927],[67.80970138700019,-74.40706510725028],[67.80789139900003,-74.46344784525266]],[[66.6346172750001,-74.38123626324914],[66.54076925700002,-74.35501933624805],[66.57281781100015,-74.32264137224642],[66.71204295500007,-74.29800460224537],[66.73784347000002,-74.31893170724628],[66.8344932220001,-74.287995096245],[66.92587947300007,-74.28031995324457],[66.90561688200017,-74.31244863824597],[66.94208387500002,-74.31896221824636],[66.83820372500001,-74.35235640424789],[66.70323038599997,-74.34385614524741],[66.64375019800012,-74.35818082324816],[66.6346172750001,-74.38123626324914]],[[67.70638265400004,-74.30183412724566],[67.60009035600011,-74.28628150024487],[67.64430826600011,-74.2633467602438],[67.62986071000006,-74.24414196824297],[67.74340520100003,-74.21776410824175],[67.80373648600005,-74.24444757224302],[67.876828553,-74.24601079824299],[67.91117710500004,-74.26628294224393],[67.98830137200021,-74.27241363624432],[68.06159024900012,-74.29767418824541],[68.01030706300014,-74.3228108552465],[67.91710964999999,-74.29063036824505],[67.82133446700011,-74.26836316324406],[67.78317449800016,-74.29342791324525],[67.70638265400004,-74.30183412724566]],[[66.47887541600005,-74.19347569024062],[66.36067745800007,-74.21297049624172],[66.3002697300002,-74.17961050824012],[66.41530636700001,-74.16688928923949],[66.47061219699998,-74.14767544423876],[66.54177693100013,-74.16563502023946],[66.47887541600005,-74.19347569024062]],[[66.69133461900009,-74.14579974123869],[66.62686300400003,-74.1263614302378],[66.62209152000008,-74.10652849823703],[66.72266836300007,-74.0980512062365],[66.840713101,-74.10682572023696],[66.76485181700018,-74.15525453223907],[66.69133461900009,-74.14579974123869]],[[66.88738623700016,-74.06801414123517],[66.76472659100013,-74.04541098923424],[66.80138871300004,-74.01269489923274],[66.67832740800009,-74.01840146923293],[66.67045729900002,-73.99521594223181],[66.73395929500009,-73.96609099623076],[66.83742923400018,-73.9756646422311],[66.95422708100006,-74.00129533823223],[67.01782127500013,-74.02728260123338],[66.99788842900004,-74.05400043123458],[66.88738623700016,-74.06801414123517]],[[63.35790506000007,-73.95550565323026],[63.30544136600008,-73.97452252323116],[63.18578898100007,-73.9712121742308],[63.26961357900012,-73.93617228422927],[63.40781679700017,-73.92628968122884],[63.41626324400015,-73.95151201123007],[63.35790506000007,-73.95550565323026]],[[65.1990845300001,-74.02341636323314],[65.08528807800012,-74.04345079623401],[65.05036955700012,-74.02973866823325],[65.06561490400001,-73.98180589723142],[65.11357081000006,-73.92730171222885],[65.20765653700015,-73.91859676722862],[65.28353927600006,-73.89535960722736],[65.40449924000018,-73.88392149122701],[65.4017707630001,-73.92829329122897],[65.32096482400016,-73.95678607423022],[65.29136110500002,-73.99240699723168],[65.2243613390001,-74.00321211323224],[65.1990845300001,-74.02341636323314]],[[64.78346803000017,-73.80728270222363],[64.68909229100007,-73.80367831422348],[64.77803353899996,-73.75804906022134],[64.80091630900012,-73.73036010222032],[64.93452607700004,-73.71572680221945],[64.97341628300012,-73.73883806522056],[64.94139220200015,-73.77350931922213],[64.86114382900013,-73.7827403122225],[64.78346803000017,-73.80728270222363]],[[68.72630996400017,-73.70212380621902],[68.53731708499997,-73.70213570921892],[68.44964720600017,-73.67548409621763],[68.41146644700007,-73.6442930102164],[68.34070840500004,-73.6504936092167],[68.30916544600005,-73.6050018172145],[68.35976098100014,-73.58247795821352],[68.45175978100008,-73.59593008021436],[68.53217059600007,-73.6194580922153],[68.58426246700009,-73.66109035021711],[68.72630996400017,-73.70212380621902]],[[64.3328911050001,-73.66165814121703],[64.16241486000007,-73.6527081092166],[64.168272974,-73.63424830021594],[64.27779700100005,-73.59600987621423],[64.29638605900014,-73.5704613222132],[64.4650662270002,-73.54476323521202],[64.58530601400008,-73.5586590952127],[64.607291588,-73.53464929121157],[64.89586906200014,-73.54123512321189],[65.00659605800018,-73.55976550621251],[64.96138036600017,-73.5738368842133],[64.72124796500002,-73.57688504721332],[64.65912228,-73.60778243121474],[64.52493918800008,-73.60981185821485],[64.45720516900008,-73.62464934221546],[64.40922026600003,-73.6519143432167],[64.3328911050001,-73.66165814121703]],[[66.94338340600018,-73.57413377021321],[66.98691433600005,-73.60523936121464],[67.01581213300017,-73.6563560822169],[66.84284160100009,-73.66023908521716],[66.5825606050002,-73.65674785221685],[66.57734236700009,-73.64522021621644],[66.67761008300018,-73.58315907221366],[66.75797412600014,-73.51263119621056],[66.82821198900005,-73.50222170721023],[66.92471321200014,-73.52074924021096],[66.88435416700008,-73.54553219121208],[66.94338340600018,-73.57413377021321]],[[60.810475539000095,-73.59645545821431],[60.71715206300012,-73.60876210921481],[60.65756441900008,-73.59750034621425],[60.66358782500002,-73.56123971621277],[60.701445711000126,-73.54348130721192],[60.813319855000074,-73.52202580421105],[60.87463299900003,-73.49926373320993],[60.97173252500017,-73.48441267020934],[60.98867252600014,-73.50725688621034],[60.96886373200004,-73.55465271121236],[60.921263386000064,-73.5788985492135],[60.810475539000095,-73.59645545821431]],[[68.55441684600004,-73.52902369121142],[68.54355590800007,-73.5644566922128],[68.42266165600012,-73.56576494021286],[68.33112168300015,-73.53770784921163],[68.32508285500018,-73.50718228721028],[68.35009915700003,-73.46508768220846],[68.51653482100015,-73.46564709020845],[68.59305743500005,-73.48178360220923],[68.55870955600014,-73.49830249520996],[68.55441684600004,-73.52902369121142]],[[68.5946932480001,-73.46215267320837],[68.42818734600007,-73.45866228020817],[68.47661062500013,-73.43546686220705],[68.5554424550001,-73.4365137632073],[68.5946932480001,-73.46215267320837]],[[65.058040512,-73.5080338882104],[64.94465879700016,-73.49691461920982],[64.87188859500009,-73.47795038820892],[64.95629908600006,-73.45212539820787],[65.13138957,-73.42152440020647],[65.27048311800019,-73.41311013920624],[65.34145623800009,-73.41826786120644],[65.49688997900017,-73.38951507120501],[65.65901834600014,-73.39325977320539],[65.77073004800008,-73.385798199205],[65.91052348400007,-73.41649927920643],[65.75931439500016,-73.46356234220838],[65.64979640400003,-73.47087320920868],[65.36256573400016,-73.44161717020744],[65.2419392040001,-73.45736878420814],[65.06072892300017,-73.4904803322096],[65.058040512,-73.5080338882104]],[[62.738273798000016,-73.44431262420756],[62.77043701600007,-73.39554333920543],[62.99756974900002,-73.37791987820466],[62.9767744080001,-73.40629916920582],[63.08773911600008,-73.40857066520607],[63.147671087000106,-73.43089453220686],[62.89912224700015,-73.45082922020781],[62.738273798000016,-73.44431262420756]],[[61.29864866900005,-73.54637407021201],[61.30523668200003,-73.50513022821016],[61.247399682000086,-73.49198421420964],[61.2473891210002,-73.44585087120768],[61.30533944300009,-73.43134950220714],[61.291588256000175,-73.38356643320495],[61.41971223299997,-73.42308762420673],[61.54051796700014,-73.37793915620446],[61.57919979500002,-73.39502148220534],[61.665047450000095,-73.38269471420485],[61.81856692800017,-73.37175632620448],[61.84449518300004,-73.39149856620533],[62.02115760900004,-73.42213108220642],[62.055528287000136,-73.4471452062078],[62.12952593600005,-73.42263701320668],[62.01153970600018,-73.39823409820549],[62.09431471900016,-73.38247695220487],[62.30307800500004,-73.38521733320493],[62.31432065500014,-73.40526568020569],[62.260019480000096,-73.43074265220685],[62.26833600800007,-73.44998482820776],[62.19048452300011,-73.4948219922097],[62.087706594000096,-73.51704242621074],[62.0813581380001,-73.53244485021142],[61.97360755500005,-73.53153725721138],[61.952323882000016,-73.56417874821281],[61.906143771000075,-73.56390851521276],[61.852581207000114,-73.52340278421102],[61.530063385,-73.51581531521076],[61.29864866900005,-73.54637407021201]],[[68.30744095300014,-73.36558187920404],[68.38105202900016,-73.3500384712034],[68.4702029950002,-73.37374116220435],[68.57493893800006,-73.38868828120518],[68.55193848300009,-73.40548696320587],[68.39941896600004,-73.42527446420678],[68.34375405400004,-73.41944317120645],[68.30744095300014,-73.36558187920404]],[[68.49790536300009,-73.35361234920347],[68.48248718100018,-73.34061855020298],[68.64284830500003,-73.33842617820297],[68.63043671500012,-73.35176011520342],[68.49790536300009,-73.35361234920347]],[[68.36891083800003,-73.32564025120234],[68.24457179300003,-73.32127512220218],[68.17353580600019,-73.28008274420046],[68.15198005700016,-73.23667503119833],[68.25346583500014,-73.23002935219802],[68.51811095400011,-73.26642074119982],[68.55393622900016,-73.29054336420086],[68.52852228500007,-73.31344860020177],[68.36891083800003,-73.32564025120234]],[[68.78166139400014,-73.18921533519637],[68.748207863,-73.21231788119736],[68.522643217,-73.18659129519628],[68.56171430300014,-73.17263592419562],[68.69202109500003,-73.18875902419639],[68.78166139400014,-73.18921533519637]],[[68.35502352700017,-73.22950028719812],[68.25747020699998,-73.21252843419747],[68.20026235400013,-73.21745699619754],[68.17002680500018,-73.1921459851964],[68.25381988700013,-73.15423428619486],[68.4371600090002,-73.17857769019585],[68.60081790600006,-73.2190695061975],[68.54035183700012,-73.2561223951992],[68.35502352700017,-73.22950028719812]],[[62.78053503300009,-73.22288444819779],[62.671789353,-73.22388642119795],[62.695333456,-73.18920393619634],[62.75124831700002,-73.16510796619525],[62.83466153100015,-73.15284238719472],[62.94437649500007,-73.1579623911949],[62.95556215000005,-73.17482846319575],[62.9020017680001,-73.20031482319686],[62.80877971100004,-73.19825756819672],[62.78053503300009,-73.22288444819779]],[[63.95181510200011,-73.14805698919466],[63.89943221000011,-73.17202639219563],[63.782835701000174,-73.19153226119649],[63.756507964000036,-73.16910110619538],[63.95181510200011,-73.14805698919466]],[[61.0619862100001,-73.1725467401955],[60.8976081390001,-73.15008926619464],[60.773534299000104,-73.14097981019422],[60.770233838000195,-73.11647279119319],[60.877036091000086,-73.13445432819401],[61.043305622000034,-73.15373891619483],[61.0619862100001,-73.1725467401955]],[[63.17100162100014,-73.13144975019375],[63.24447238400017,-73.11177976319286],[63.32318016199996,-73.11996553219328],[63.256871739000125,-73.17868330219582],[63.18291214300005,-73.19100118419642],[63.03898441600006,-73.18527248619617],[63.029081023000174,-73.15604008419488],[63.17100162100014,-73.13144975019375]],[[68.15289435700015,-73.158775604195],[68.1070131400001,-73.17571946019581],[68.0110657940001,-73.1794948381959],[68.00735596200008,-73.14463616519434],[68.09456383100007,-73.12888270719367],[68.02220970600007,-73.08463747319163],[68.05697265700013,-73.05930517219059],[68.22948788100001,-73.0723770911912],[68.47130286800017,-73.10132886619255],[68.44606075500019,-73.11466079119305],[68.2188872850001,-73.13547960319391],[68.15289435700015,-73.158775604195]],[[64.92455010100007,-73.1217170151934],[64.817653972,-73.07554025419118],[64.89639896700004,-73.04420919119008],[64.94466231900007,-73.09198052619207],[64.92455010100007,-73.1217170151934]],[[68.46127877700008,-73.06863607819099],[68.40857402100005,-73.07505829519123],[68.24778038600004,-73.05812835219055],[68.1708705280001,-73.05919168119065],[68.15657686100002,-73.03486453918957],[68.29009694500019,-73.04328114618991],[68.42921144800003,-73.04085341118967],[68.46127877700008,-73.06863607819099]],[[68.8159036620001,-73.0602276851907],[68.73239322000006,-73.05141226619038],[68.72567042600019,-73.03365201218949],[68.87299618000009,-73.04794433619013],[68.8159036620001,-73.0602276851907]],[[66.2405982670001,-73.1460595801945],[66.18300484600014,-73.13759955419408],[66.23342235000013,-73.09677799419228],[66.35130816400003,-73.03394571418954],[66.5836911580002,-72.9888971581876],[66.63503167600015,-73.01545925118857],[66.51194287600013,-73.08002608419157],[66.34282299300007,-73.11370324319304],[66.33893479500006,-73.13503553019402],[66.2405982670001,-73.1460595801945]],[[68.72683333200013,-73.02967680918928],[68.6619610640002,-73.02525418018918],[68.64454983400005,-72.99796017818792],[68.70145073900004,-72.97950690818696],[68.79623048700006,-72.9808983051872],[68.84197239700008,-72.9943259511877],[68.94485795300005,-73.00100163618795],[68.87289257900011,-73.04109397118977],[68.72683333200013,-73.02967680918928]],[[65.73285053400014,-73.02766666018928],[65.7983154040001,-72.99295081518771],[65.84490388500006,-72.98473034518736],[65.85552929199996,-72.95307121318598],[65.96096345000012,-72.94524200918566],[66.02293859700005,-72.97436427318694],[65.95637234400003,-72.9951633031877],[65.79792128600013,-73.08848510319184],[65.7330661190001,-73.08925137819186],[65.70175433500003,-73.06127726719065],[65.73285053400014,-73.02766666018928]],[[65.67154879300011,-72.94512516618556],[65.62043911199997,-72.97300791318672],[65.54095013800003,-72.96867748418663],[65.54945559400015,-72.94560528118564],[65.67154879300011,-72.94512516618556]],[[61.053638,-72.9814002131871],[60.97940565500015,-72.97285854718697],[60.96704620100019,-72.94606444218567],[61.025256025000076,-72.94377098418555],[61.053638,-72.9814002131871]],[[68.13822233300016,-73.02975995718937],[68.16074418000017,-72.9550937671859],[68.21890237100011,-72.94638781618563],[68.33838141900009,-72.95774764618612],[68.44469366800011,-72.9407781411855],[68.44049416300004,-73.00311991218817],[68.38781773700003,-73.02207810818888],[68.23810515300016,-73.01279699018865],[68.13822233300016,-73.02975995718937]],[[68.67277121000004,-72.95770892218628],[68.7803873450002,-72.93620061418517],[68.7954667290001,-72.9567071171861],[68.67277121000004,-72.95770892218628]],[[61.123182007000196,-72.94017078818543],[61.24537662300013,-72.9160598991843],[61.28809953500008,-72.926891502185],[61.25740834900018,-72.95015263318578],[61.123182007000196,-72.94017078818543]],[[68.6967647510001,-72.90504842018395],[68.63469170400003,-72.9046521251838],[68.60792609900011,-72.86480655318208],[68.7549541250001,-72.88082689118289],[68.6967647510001,-72.90504842018395]],[[68.3703759960001,-72.91760334418441],[68.38809970400018,-72.84216450918123],[68.43943083400006,-72.83684082518077],[68.4886864390001,-72.86155722318193],[68.46572856400007,-72.90932403218416],[68.3703759960001,-72.91760334418441]],[[68.10357404400014,-72.86223364218203],[68.06567877600008,-72.81161916517988],[68.20586046300012,-72.80812474817958],[68.20535737900008,-72.84497311818129],[68.10357404400014,-72.86223364218203]],[[68.50781696700005,-72.75607981417727],[68.42848674700002,-72.78083108117838],[68.38196364700008,-72.75426177917727],[68.50781696700005,-72.75607981417727]],[[64.37189261700017,-72.76447814917773],[64.19663533500004,-72.75303533817714],[64.1190275990001,-72.72878899817613],[64.16672315999999,-72.71377616517543],[64.23639859500008,-72.72594049017599],[64.36196860800014,-72.73311590617647],[64.41277067300007,-72.75210846717727],[64.37189261700017,-72.76447814917773]],[[68.94730580400018,-72.80897148917968],[68.95581142699999,-72.72149657117583],[69.01234235600003,-72.76211545817763],[68.94730580400018,-72.80897148917968]],[[68.15872464200004,-72.78365796317854],[68.04249509300007,-72.79061846617884],[68.01084652100016,-72.77717187717825],[68.03668861100016,-72.72035545817575],[68.01667764700017,-72.69047597317447],[68.1545553150001,-72.6458741721726],[68.25396824600004,-72.6627241521733],[68.33741750200015,-72.77682067417823],[68.22115174100009,-72.76435996517779],[68.15872464200004,-72.78365796317854]],[[68.53169383200002,-72.68518732617424],[68.53682791900019,-72.7062461951751],[68.414041202,-72.69207172117461],[68.44849000000016,-72.64299850817234],[68.51373123899998,-72.63035892917173],[68.54126312099999,-72.61038031917087],[68.50307917700009,-72.5884733681699],[68.60945462200004,-72.56808404616905],[68.64917564000012,-72.57609480216944],[68.54689341300006,-72.62845137417168],[68.53169383200002,-72.68518732617424]],[[68.05196631100016,-72.6606246511732],[68.02557688400009,-72.64699449917256],[68.44134392100017,-72.50158669416612],[68.46128145800003,-72.52258051916719],[68.39483792000009,-72.54081971516797],[68.36667488099998,-72.56651512116903],[68.22759323500014,-72.63262757517195],[68.16399635700003,-72.60627335317085],[68.05196631100016,-72.6606246511732]],[[66.69745123200005,-72.50429220516637],[66.66832360100005,-72.53975169316797],[66.44193518200018,-72.52981360216744],[66.57389555800012,-72.49270187316574],[66.69745123200005,-72.50429220516637]],[[68.85652523000007,-72.49366361316585],[68.85637787600011,-72.47287900016492],[68.96059062300003,-72.47306826216492],[68.91628336300009,-72.49693440016608],[68.85652523000007,-72.49366361316585]],[[68.74544463600012,-72.22794605215428],[68.70678866900012,-72.23615280415468],[68.67681816200007,-72.25456034315548],[68.56246381000011,-72.28916739015705],[68.4898125650002,-72.27555807015636],[68.49018596200006,-72.23591747415469],[68.63329125600018,-72.17774804915197],[68.71757568300016,-72.0981662051486],[68.74079496100006,-72.0910230991483],[68.85760549100019,-72.17718042615206],[68.85307020900011,-72.19523672915301],[68.78910704100008,-72.23769058215477],[68.74544463600012,-72.22794605215428]],[[66.86513160500017,-72.00344445914455],[66.944309943,-72.00392709014451],[66.97338878900013,-72.01724225114513],[67.12001096300007,-72.0288907541456],[67.00651961500012,-72.07095417814749],[66.9084948940001,-72.08490418514802],[66.87844458700016,-72.05163086614662],[66.81103947399998,-72.03853128714604],[66.74117075000004,-72.00676553814475],[66.86513160500017,-72.00344445914455]],[[66.7936869140001,-71.7754458741345],[66.8403734640001,-71.77150889213448],[66.99492676700015,-71.7909290991352],[66.98398418900018,-71.81448292813624],[66.8824747760001,-71.81056891213615],[66.7936869140001,-71.7754458741345]],[[67.73271706100013,-71.75740644113384],[67.73215987300006,-71.75782681313373],[67.7250399560001,-71.76250174213405],[67.6801410850001,-71.73861326313299],[67.78581011900017,-71.72873862413257],[67.73271706100013,-71.75740644113384]],[[66.79636208500017,-71.46978389612146],[66.68434260000004,-71.50388400612276],[66.66365789800011,-71.48535697612195],[66.79636208500017,-71.46978389612146]],[[67.97382305300016,-71.38622537311757],[68.02822741000006,-71.41189895311894],[67.94769120299998,-71.4557276071209],[67.91659841300009,-71.44528873012027],[67.89394492500014,-71.45530750612082],[67.94606310300014,-71.45939066712087],[67.81015334000006,-71.52879385912382],[67.79716490200006,-71.54463935012467],[67.70734305300016,-71.56159695312529],[67.67655751600017,-71.55352977212488],[67.63814656000011,-71.53820891912433],[67.53782067000003,-71.53168913712403],[67.53874670300019,-71.51042021712307],[67.38385460500007,-71.54154374512437],[67.36088298300005,-71.52270641612357],[67.48690880300012,-71.4751935781215],[67.59182563000019,-71.45209053012049],[67.69889761200011,-71.41372687911898],[67.83472841700006,-71.38658073411769],[67.97382305300016,-71.38622537311757]],[[66.52396839500011,-71.23658283011125],[66.4151957250001,-71.21525171611029],[66.43415107200008,-71.19676324110955],[66.53480318600016,-71.21432350311026],[66.52396839500011,-71.23658283011125]],[[67.29767117100003,-71.26923706011264],[67.18915582500003,-71.27244582211264],[67.1501787880001,-71.22367854911062],[67.07570521100007,-71.20623814910992],[67.19879501700018,-71.18561882610909],[67.40478238100002,-71.17439025710847],[67.50057617100013,-71.18038617010879],[67.37665907200005,-71.26039834011218],[67.29767117100003,-71.26923706011264]],[[67.81986377700015,-71.09292332310488],[67.95459454200017,-71.13205576210666],[67.88611855700002,-71.14606796210732],[67.7917867370001,-71.20706292810988],[67.58299495700004,-71.26332194911238],[67.53882783900013,-71.25679194211217],[67.56899013000009,-71.22441749811063],[67.64127552400004,-71.22587276511076],[67.659368541,-71.20670485410997],[67.60511312900013,-71.18604848310892],[67.63078322100004,-71.16424815010804],[67.73862382600008,-71.16618001210811],[67.75208885600013,-71.11727678410611],[67.81986377700015,-71.09292332310488]],[[67.16483270500014,-70.98988069110037],[67.17885563599998,-71.0206132861019],[67.0758988330001,-70.99862670710085],[67.16483270500014,-70.98988069110037]],[[65.14121450300019,-71.002910364101],[65.16293386900008,-70.97984738110002],[65.22871356200005,-70.99041596010044],[65.17809304999996,-71.022698704102],[65.14121450300019,-71.002910364101]],[[65.79384164500004,-70.76243246109057],[65.74737755400002,-70.75417728909032],[65.76233875200016,-70.73146550808933],[65.82666418600017,-70.7370280760894],[65.79384164500004,-70.76243246109057]],[[68.67776572000014,-70.74270574108974],[68.67571408200018,-70.74434985008978],[68.67276298600007,-70.74671475108995],[68.62498454200016,-70.76557602409073],[68.585767962,-70.76867640009087],[68.6356232690001,-70.73996124108959],[68.68366206400002,-70.73722250108943],[68.68528286100008,-70.73365446108932],[68.68666537800016,-70.7306109740892],[68.69894849300013,-70.7003338060879],[68.69899851700018,-70.69962599408784],[68.73231912300008,-70.71182904808835],[68.67776572000014,-70.74270574108974]],[[66.44695812200013,-70.75430553309025],[66.35628534000011,-70.78545102009163],[66.28914928600005,-70.76650472709066],[66.35249521000003,-70.75529342409031],[66.33356450600007,-70.68970182008756],[66.4275704370001,-70.68198761608713],[66.48051877300009,-70.6923017200876],[66.55725009800007,-70.69109942008743],[66.56198034400012,-70.72709434308916],[66.44695812200013,-70.75430553309025]],[[64.320280358,-70.68705850308734],[64.2685368380001,-70.67158868908662],[64.32815566200001,-70.64619268608551],[64.37549700600003,-70.65232857608576],[64.320280358,-70.68705850308734]],[[67.48300467900003,-70.66057536608619],[67.469740144,-70.69124761108759],[67.42028907500001,-70.71136184008853],[67.3696279930001,-70.70793984408816],[67.31962472600007,-70.73037820708923],[67.26568078600019,-70.73033177108924],[67.26915223700007,-70.70305000708805],[67.37086281600006,-70.67832824408703],[67.48300467900003,-70.66057536608619]],[[67.37580160400017,-70.58656916708298],[67.45361955900016,-70.58596315508296],[67.59100453700016,-70.62548535308453],[67.62447768000014,-70.64628874208563],[67.54580644800016,-70.67262318308677],[67.52104512300012,-70.63632030908519],[67.45549576600007,-70.6060701750838],[67.37725988900013,-70.6081083200839],[67.30761161000014,-70.63532101808502],[67.27812909200004,-70.67911262308701],[67.2155611770001,-70.71540326008859],[67.1263512050001,-70.7113683780884],[67.14678377800003,-70.67085745108658],[67.05805073800013,-70.68141094208704],[67.04274152000016,-70.66000539708617],[67.12093498400002,-70.62625732708473],[67.32108720000008,-70.58818989308308],[67.37580160400017,-70.58656916708298]],[[67.0026055990001,-70.56626316108218],[66.95909730200009,-70.60289594708362],[66.9188579480001,-70.5886123410832],[66.84973873400014,-70.59628547308348],[66.79510932600016,-70.61650447608433],[66.71094593200013,-70.62169874308448],[66.71809921800013,-70.58867604308307],[66.76593090300008,-70.57389823908251],[66.94323135900015,-70.55446713608161],[67.0026055990001,-70.56626316108218]],[[67.27512015500002,-70.52210962408029],[67.33300962400016,-70.53454116508074],[67.1923565400001,-70.563724784082],[67.10191761300013,-70.55219664508151],[67.1506268820001,-70.52796002708037],[67.27512015500002,-70.52210962408029]],[[65.33382618899998,-70.51339579407986],[65.27802415000008,-70.53685691808083],[65.23883840200006,-70.49682510007904],[65.29942617500016,-70.48900209907883],[65.33382618899998,-70.51339579407986]],[[68.84914295600015,-70.5207287020801],[68.85030625200011,-70.53062726708052],[68.84926246899998,-70.53175335508055],[68.84343159800011,-70.53658128508074],[68.82329594000016,-70.54757692208119],[68.76362051300003,-70.54930203708132],[68.7950606490001,-70.47718359907827],[68.81094289000015,-70.48804506207865],[68.81404340600017,-70.48948294707886],[68.84914295600015,-70.5207287020801]],[[68.29222927100004,-70.46069659107752],[68.28772939100008,-70.50742335107941],[68.25024751700016,-70.54868931908135],[68.24385799000004,-70.59148029408327],[68.16152822200019,-70.62295116708458],[68.1748291360001,-70.65899688508607],[68.14240473600012,-70.7119415330883],[68.14476927000013,-70.76369058609075],[68.16811053400016,-70.76978926009095],[68.19715082400012,-70.8226271230933],[68.23362586100012,-70.83170623609367],[68.33395527000003,-70.82451405709332],[68.39700380300019,-70.79908050409216],[68.48658308200004,-70.81283621809293],[68.37855120400008,-70.83715984009393],[68.26963989700012,-70.86931702409535],[68.0740526350001,-70.88002440709568],[67.96395662900005,-70.90917382809697],[67.86931937400016,-70.9205383520975],[67.84719097000016,-70.93539343709814],[67.77098871300008,-70.94543496109856],[67.76080704300017,-70.90715462609683],[67.6693463630001,-70.92047867309743],[67.66191094100004,-70.8951074790964],[67.78938968000011,-70.87650031809567],[67.64139806900009,-70.85210729409451],[67.7265513640001,-70.82753154409355],[67.88240537300015,-70.8092621730926],[67.83203128900004,-70.79688612009217],[67.75139449900013,-70.79912191009228],[67.75917190100006,-70.77575432909133],[67.94805464300003,-70.73806408008956],[67.97505947100012,-70.71327358608848],[67.87196034500008,-70.72206536708894],[67.80763960500013,-70.75818685809051],[67.72604694300001,-70.78755035309173],[67.63558924000009,-70.80650620209258],[67.55528320100008,-70.80123213909235],[67.57235529900008,-70.77236518809106],[67.54719767600017,-70.72454104808894],[67.5971459620002,-70.70360187108811],[67.76830717300004,-70.68081683208699],[67.66409828300004,-70.64750780708556],[67.73321984300003,-70.6425517530853],[67.82511470800017,-70.67216687208679],[68.00850880900002,-70.66155387008617],[68.00568477700011,-70.63018844108495],[67.87552667800001,-70.65162282008573],[67.88678156500002,-70.6171570900843],[67.94488242800003,-70.58692791308297],[67.74849134000014,-70.53903705208093],[67.7266179180001,-70.54572396908124],[67.7588946280001,-70.59334476508323],[67.67728855299998,-70.59737025908343],[67.58318220700009,-70.58803465908301],[67.55243133800013,-70.55707843508169],[67.57098133700009,-70.5383525860809],[67.62929610400005,-70.52837727808053],[67.70965310700018,-70.53015156008044],[67.82459586600002,-70.52079064708018],[67.98923616600011,-70.51686022607998],[68.03803152000016,-70.51105975407977],[68.019091267,-70.51439731708],[68.01247612000009,-70.51536882707981],[68.04312691900016,-70.51905810708008],[68.13548513500017,-70.4909478750788],[68.19821180500003,-70.45115192407718],[68.25345885100012,-70.4335486970763],[68.29222927100004,-70.46069659107752]],[[68.01799461200015,-70.82501093709332],[67.91506010600006,-70.89049625809628],[67.98881133000015,-70.88943359909611],[68.03208040700007,-70.85684441309468],[68.01799461200015,-70.82501093709332]],[[72.53778066100006,-70.43764300207653],[72.62853184200014,-70.47223459807803],[72.62833067700005,-70.50590739907949],[72.57173644200005,-70.52166191607999],[72.48978195300002,-70.52091637508013],[72.42861381700015,-70.47855153807828],[72.47429101800003,-70.43111732307635],[72.53778066100006,-70.43764300207653]],[[64.99214816700015,-70.48028173107846],[64.95499436000013,-70.4964241100791],[64.79838966800003,-70.48410522207845],[64.83518355500011,-70.45965067407745],[64.82489023800014,-70.43627856607642],[64.86628495500008,-70.41442609807545],[65.02493801600008,-70.42462469907595],[65.07203343300004,-70.46702993707775],[64.99214816700015,-70.48028173107846]],[[65.77882043199996,-70.44376696107678],[65.66178454200018,-70.47841524807838],[65.68032196600011,-70.50917667707968],[65.5382587100001,-70.50167252407931],[65.58124732800019,-70.47871062707836],[65.58070954500016,-70.44091040807659],[65.7356521040001,-70.4505160730771],[65.77882043199996,-70.44376696107678]],[[65.13202558800009,-70.47400100107825],[65.150544238,-70.44126915407666],[65.12550496800002,-70.41999805407566],[65.31615126200012,-70.41445057307541],[65.23828553100009,-70.4533763140772],[65.15836992000004,-70.45678523607738],[65.13202558800009,-70.47400100107825]],[[64.60829959700003,-70.47922695207832],[64.53614864800011,-70.43008953407623],[64.64259953000004,-70.41513839207556],[64.70445749800012,-70.42429964807596],[64.69074704600013,-70.449011353077],[64.62993614600015,-70.45795551707738],[64.60829959700003,-70.47922695207832]],[[66.64350578300008,-70.38938515307447],[66.56993443600011,-70.41247294607545],[66.51813291300009,-70.3926586210746],[66.64350578300008,-70.38938515307447]],[[68.91822216600019,-70.3326491200719],[68.89761132500007,-70.38566140607426],[68.86960922000014,-70.3901680220744],[68.85792199200016,-70.45342040407715],[68.79628212199998,-70.46164741207753],[68.74843243000004,-70.45195571707715],[68.67070322600017,-70.44720488407688],[68.63689765500004,-70.38862474507442],[68.65469675700018,-70.37224061307363],[68.6889759550001,-70.35853869207301],[68.7672108210001,-70.33569485007203],[68.84675276600012,-70.32578307807168],[68.91822216600019,-70.3326491200719]],[[64.32979298300006,-70.33262891707194],[64.27786472499996,-70.34008713707215],[64.19854758400008,-70.32852764907183],[64.25218826500003,-70.30346558207069],[64.32979298300006,-70.33262891707194]],[[65.88854545500016,-70.24623057106824],[65.89319724400018,-70.26261149906883],[65.80373380500014,-70.28275472906981],[65.79178120500006,-70.25507683606853],[65.88854545500016,-70.24623057106824]],[[65.21512397700019,-70.19165413406576],[65.23666782300016,-70.20487357406647],[65.19192420200005,-70.22686048806727],[65.11982522200009,-70.19806796906622],[65.21512397700019,-70.19165413406576]],[[65.02236829000009,-70.1632865780646],[64.94102742000018,-70.17198146406504],[64.92617870600009,-70.19541409006601],[64.81146393400017,-70.20278580906626],[64.7713462860001,-70.18377681906546],[64.92674582600011,-70.16194010806453],[65.02236829000009,-70.1632865780646]],[[63.01658913500007,-67.68074424495445],[63.07169044600005,-67.70731639695568],[63.02391877600014,-67.71657220095614],[63.01658913500007,-67.68074424495445]],[[-62.239969431999896,-63.30721144972839],[-62.23910054299994,-63.30563457672833],[-62.24913161599982,-63.2821268777268],[-62.25672189299989,-63.27514444572644],[-62.26389348799989,-63.25884069172551],[-62.21055558299998,-63.20967462672245],[-62.15250352699995,-63.22800819572347],[-62.08389261999998,-63.2166178607229],[-62.02528350299991,-63.22689440872346],[-61.950561518999905,-63.26745393572592],[-61.94250449799995,-63.28717688872714],[-61.97111562199996,-63.30495473772821],[-62.07361556899996,-63.302734539728036],[-62.154167501999886,-63.32245766072914],[-62.237502562999964,-63.33356602872998],[-62.239969431999896,-63.30721144972839]],[[-62.67040235799987,-63.08786800371491],[-62.719451602999975,-63.07688650471422],[-62.65588817099995,-63.04948049471245]],[[-60.6463512279999,-62.92137110670459],[-60.64167050699995,-62.96105145270711],[-60.57868701999996,-62.981826608708275],[-60.57795780599986,-62.98198570470827],[-60.56385907099997,-62.9987724487094]],[[-60.74748669499991,-62.94558852770608],[-60.746116564999966,-62.926878098704876],[-60.72666954399993,-62.90854436170385],[-60.703056548999946,-62.896046776703024],[-60.60166955099997,-62.87576692870171],[-60.51555655999993,-62.878544021701856],[-60.463340487999965,-62.91271737570404],[-60.46666760099992,-62.95188098070651],[-60.50987712999994,-62.970507000707606],[-60.51389969299988,-62.9692964637076],[-60.54917151199999,-62.9510491607064],[-60.57278450699993,-62.91854682170441],[-60.62213238999993,-62.90860465570375]],[[-62.576899331999975,-62.98904815970895],[-62.52398410499994,-62.96762702670757],[-62.520886871999835,-62.96307280670702],[-62.51635653599986,-62.95452913870662]],[[-62.51487412099988,-62.946012962706114],[-62.496822574999946,-62.923838043704805],[-62.48178271499996,-62.91648143070427],[-62.475903700999815,-62.914377117704085],[-62.47393940699993,-62.913855389704096],[-62.45476889399992,-62.908763584703784],[-62.44543679899988,-62.906284923703666],[-62.396589088,-62.896308905703094],[-62.37822716399988,-62.8933133657028],[-62.362808627999975,-62.89079800570268],[-62.35502529999995,-62.88950944870264],[-62.273338551999984,-62.87549183470183],[-62.26500660499989,-62.893269516702794],[-62.355560495999946,-62.98410855970849],[-62.5986175829999,-63.06799833471368],[-62.64856060499995,-63.08074470171435]],[[-61.320906561999884,-62.71102634169114],[-61.223046766999865,-62.73282563569271],[-61.19361162399984,-62.75520951269412],[-61.24240690999989,-62.767874082694924],[-61.25083483399993,-62.7709586706951],[-61.328613573999974,-62.80520655969727],[-61.41389457699983,-62.8127070216977],[-61.47277861999997,-62.778266451695444],[-61.47917149799998,-62.75215045369396],[-61.43666854299988,-62.73187060669257],[-61.36611152599987,-62.72909334669236],[-61.320906561999884,-62.71102634169114]],[[-61.2101886779999,-62.72107539169194],[-61.225709150999876,-62.726462514692216],[-61.3190739989999,-62.70970809469125],[-61.27611553499996,-62.69436980369027],[-61.16500049999991,-62.70909546669116],[-61.2101886779999,-62.72107539169194]],[[-61.2937299529999,-62.61184846168492],[-61.22861461899992,-62.60631522868452],[-61.21702843899986,-62.62268307168559]],[[-60.371476725999905,-62.66000176868792],[-60.364553892999886,-62.65667513968776],[-60.35283215199984,-62.65104249268748],[-60.347264129999914,-62.63957784968664],[-60.34777851799991,-62.635208921686385],[-60.33055856899988,-62.617149508685166],[-60.40111558599989,-62.61131335768474],[-60.53527850699992,-62.63159219868621],[-60.61250248999993,-62.60909232068478],[-60.69306163199991,-62.62103267668559],[-60.73638953399995,-62.64937004768739],[-60.79871444999998,-62.66725957568845]],[[-60.81288052299994,-62.66628775268835],[-60.906951539999845,-62.649926941687305],[-60.98567586599989,-62.64566511068708]],[[-61.171679643999944,-62.575617268682535],[-61.12611349799987,-62.560476276681605],[-61.0680616099999,-62.579642000682725],[-60.946945623999966,-62.6002039826841],[-60.90028356899995,-62.572973693682414],[-60.8147276389999,-62.54381254968048],[-60.80884777199987,-62.48160091167651],[-60.80467769299997,-62.457913900674846],[-60.68749956899996,-62.476030613675974],[-60.66722860699996,-62.50714390267814],[-60.56166859399996,-62.54547535168061],[-60.488616619999966,-62.551312844680965],[-60.43695056899998,-62.537700968680056],[-60.323615502999985,-62.534367150679905],[-60.271118637999905,-62.523250400679196],[-60.19694549999985,-62.49602748767746],[-60.14033729299996,-62.461375791675174],[-60.12735123099992,-62.45955319867504],[-60.07639361599996,-62.471307410675784],[-60.01222260299994,-62.51797818367883],[-60.06389653299994,-62.551312844680965],[-60.04000056499996,-62.58214416668298],[-59.9586184879999,-62.61436453768505],[-59.87778458699994,-62.603255833684415],[-59.81805759799994,-62.60959105068482],[-59.820349361999945,-62.615373533685116],[-59.82678086999988,-62.62046749668552],[-59.83315126899991,-62.62395897268573],[-60.00995678299994,-62.69086159868983],[-60.06040582699994,-62.70555592069094],[-60.105530387999856,-62.71219668169139],[-60.1178660899999,-62.71403174969145],[-60.14804525499994,-62.72719288969238],[-60.158682884999905,-62.731963676692594],[-60.2408375039999,-62.75631575669425],[-60.29012136899995,-62.75674006269418],[-60.3260835339999,-62.73682288669297],[-60.33079497999989,-62.73038624569255],[-60.29651840299988,-62.701693012690676],[-60.32943294699994,-62.688562974689816]],[[-59.64769868799994,-62.48449526467666],[-59.641600332999914,-62.48107018767648],[-59.61975398499988,-62.4750208426761],[-59.61680366599995,-62.474779346676094],[-59.58250455499996,-62.47547338467606],[-59.54222850399992,-62.49685930767737],[-59.58081259099998,-62.522495586679184],[-59.583528310999895,-62.52181631267913],[-59.626004439999974,-62.54625295268067],[-59.66985512999997,-62.5555406026813],[-59.71291411499993,-62.550510225680895],[-59.73200405099994,-62.54506715168055],[-59.75705786299993,-62.53666448367994],[-59.77317277799989,-62.53172043267967],[-59.790041813999935,-62.528749399679526],[-59.7915914849999,-62.52865067467953],[-59.87111661599988,-62.52602766067932],[-59.96639253599993,-62.48075264267633],[-59.97925759999998,-62.4511686916744],[-59.973558108999946,-62.444214028673976],[-59.95833551499986,-62.437972581673534],[-59.83000153699998,-62.439919027673696],[-59.74750550399989,-62.43380744667322],[-59.71722453799999,-62.452141351674506],[-59.74889354699997,-62.472139231675754],[-59.72972849299991,-62.489916074676984],[-59.68444861399995,-62.496584381677486],[-59.64769868799994,-62.48449526467666]],[[-59.37898535999995,-62.4393401176737],[-59.38214282399997,-62.439444626673634],[-59.491668528999966,-62.455475504674745],[-59.5619506199999,-62.430473628673106],[-59.59972349899983,-62.40769077767163],[-59.62139155699993,-62.37685912066954],[-59.67736106799992,-62.364488771668746],[-59.675376767999964,-62.36009250566845],[-59.64800892999993,-62.343690691667376],[-59.643010523999905,-62.342245698667284],[-59.62447999099993,-62.33214730666665],[-59.618181085999886,-62.32804655866625],[-59.56027960299992,-62.31352445366531],[-59.50500447199994,-62.324076934665996],[-59.445281568,-62.35824241066841],[-59.381111560999884,-62.356022379668126],[-59.335555581999984,-62.363804641668644],[-59.32472247499992,-62.395467950670756],[-59.335555581999984,-62.429359338673],[-59.37898535999995,-62.4393401176737]],[[-59.01611926099997,-62.23629711866025],[-58.975439307999906,-62.24405509466061],[-58.87611362899992,-62.257408282661686],[-58.81945062299991,-62.289910620663825],[-58.828235661999926,-62.31189104066519],[-58.82891032099996,-62.3121734076652],[-58.91750363499989,-62.32296297966595],[-58.97917147599997,-62.343524794667395],[-59.034728573999864,-62.34601991866753],[-59.110000578999966,-62.3296311186664],[-59.134170634999904,-62.306856314664785],[-59.18722556799996,-62.30130196266456],[-59.208892619999915,-62.28609273866354],[-59.208892619999915,-62.28407131366336],[-59.13250749799987,-62.251571795661185],[-59.01611926099997,-62.23629711866025]],[[-58.509198312999956,-62.23190888165997],[-58.58361856799986,-62.248519777661016],[-58.640556500999935,-62.24101931466053],[-58.64556150299996,-62.22434888265945],[-58.71478478799991,-62.23547889066016]],[[-58.75784121299995,-62.21377084365867],[-58.83055848799988,-62.22657679265964],[-58.86583758399989,-62.20490789665812],[-58.91625892599995,-62.21367395565865],[-58.93026815199987,-62.21646066465884],[-58.95329761099997,-62.21796254365895]],[[-58.90313105499996,-62.14263708765388],[-58.85139455899984,-62.120180434652326],[-58.79527983399991,-62.08206474064975],[-58.7880573719999,-62.07797155564944],[-58.76713884499998,-62.067228028648806],[-58.766180266999974,-62.06681560564872],[-58.68666853599989,-62.045729017647346],[-58.658296127999904,-62.00852207464479],[-58.65553336499995,-62.00650582764452],[-58.61167162499997,-61.99490015064383],[-58.56750452699997,-61.9996231856441],[-58.54104649599992,-61.98533590764307],[-58.53981525899985,-61.984460685643064],[-58.49336967299997,-61.97070682564213],[-58.49194572099991,-61.97043392464212],[-58.47639854899989,-61.965810894641784],[-58.47558575899996,-61.965462622641795],[-58.393025835999936,-61.935260484639656],[-58.391446214999974,-61.93491720763968],[-58.357700123999955,-61.93170979163953],[-58.35505593799996,-61.93206882963953],[-58.226112627999846,-61.950449409640754],[-58.10889456199987,-61.93184041063943],[-58.029159947999915,-61.912175761638046],[-58.02318533899996,-61.91027361663808],[-58.00535437499996,-61.90649908563778],[-57.98437552299992,-61.904314046637445],[-57.89194458799988,-61.928781183639266],[-57.8047255209999,-61.93544949063969],[-57.76266029899984,-61.91936502363858],[-57.75231132599992,-61.912698922638135],[-57.6904942619999,-61.8939100886368],[-57.68694249099997,-61.890978494636585],[-57.65834061099998,-61.87878329863583],[-57.62194856699988,-61.90795232163783],[-57.63766982699991,-61.934943040639695],[-57.63909508299992,-61.93634233163977],[-57.65306051499988,-61.97072908864216],[-57.58666947099987,-62.00294945964423],[-57.63003988999985,-62.01398525464502],[-57.633946041999934,-62.0137112386451],[-57.735839519999956,-61.99656312064388],[-57.81916854599995,-62.02795250964607],[-57.881950509999974,-62.043791121647146],[-57.92639152799989,-62.06823710964892],[-57.99500260199994,-62.071563384649075],[-58.08389251799998,-62.062125863648376],[-58.13000455199993,-62.07740037364951],[-58.12506288399997,-62.14028346865377],[-58.14114903799993,-62.14178830065377],[-58.174367047999844,-62.151462115654425],[-58.187425010999966,-62.160037716655104],[-58.228889551999835,-62.173237713655915],[-58.303611536999945,-62.16379114165533],[-58.35250049599989,-62.14379443465401],[-58.369614236999944,-62.11778698965216],[-58.36253833999995,-62.104048344651375],[-58.31309507299987,-62.09382933465055],[-58.28556784599994,-62.09351481865058],[-58.29445443599997,-62.071388269649105],[-58.30738526199996,-62.068340868648804],[-58.37222261099993,-62.05239765964774],[-58.41379400299991,-62.06226026364836],[-58.41528075999991,-62.08837835365024],[-58.45278158599991,-62.109071059651605],[-58.51909222199993,-62.122683266652416],[-58.521484247999965,-62.12343867665258],[-58.569450636999875,-62.149623377654265],[-58.54712597399996,-62.164161076655276],[-58.54480104199991,-62.164252125655366],[-58.454444554999824,-62.14879155765424],[-58.41139258599991,-62.16268523265524],[-58.40778350599998,-62.188794190656964],[-58.42926112699989,-62.20767736965825]],[[-55.50986302499996,-61.47226830460684],[-55.46527850699994,-61.4707084986068],[-55.45573361099998,-61.49524114360859]],[[-55.80944850499992,-61.494879727608456],[-55.83694449999996,-61.49542857460858],[-55.865562496999985,-61.46320904160631],[-55.838340589999916,-61.457096958605746],[-55.76277957599994,-61.48348788360769],[-55.80944850499992,-61.494879727608456]],[[-55.36386324599987,-61.23287623058928],[-55.405837569999896,-61.190416147586035],[-55.39310511399998,-61.17502692658493]],[[-54.02129313199997,-61.139092709582094],[-54.02152225599991,-61.140238956582394],[-54.00671711299997,-61.17864456158523],[-54.01015190499998,-61.196168234586466],[-54.029724533999904,-61.24514427559014],[-54.059448605999926,-61.26931516959207],[-54.18207305799989,-61.25510433759096],[-54.192517672999884,-61.25219056059066],[-54.196670586999964,-61.2270847945889],[-54.136672588999936,-61.18792102258594],[-54.12472552699995,-61.152916685583286],[-54.05500049799996,-61.10819101857991],[-54.00778154899995,-61.10819101857991],[-54.02129313199997,-61.139092709582094]],[[-54.656025913999834,-61.10109755257946],[-54.68861167099993,-61.10321948857962],[-54.701482926999965,-61.09731661457917],[-54.720738344999965,-61.106488431579905],[-54.74616670299997,-61.09686063957917],[-54.77486014799989,-61.102986303579556],[-54.78842911399993,-61.11064770158011],[-54.803900100999954,-61.107287059579946],[-54.824670464999876,-61.10849573057988],[-54.83380925799991,-61.11288466458019],[-54.847717523999904,-61.10186027857947],[-54.860466480999946,-61.098331938579236],[-54.780555471999946,-61.08791921757838],[-54.68611153999991,-61.08430292957813],[-54.656025913999834,-61.10109755257946]],[[-55.34994861699993,-61.0615766015763],[-55.28034661599996,-61.077304283577654],[-55.274664091999895,-61.07706698757763],[-55.18583658399996,-61.07680263457753],[-55.113760229999905,-61.090409377578574],[-55.11031205599994,-61.09134462157871],[-55.09615621699998,-61.095184092578954],[-55.093629687999915,-61.095869359579],[-55.00444750499997,-61.10597065157975],[-54.92889353299995,-61.09319126757873],[-54.886394889999956,-61.09655017557909],[-54.88044691999988,-61.09737783457918],[-54.8612086309999,-61.0983629485792],[-54.84260975699988,-61.11208486358022],[-54.8341782299999,-61.1136638465804],[-54.828181980999936,-61.1117730565802],[-54.81468912299993,-61.112942834580366],[-54.78603909599997,-61.111766853580285],[-54.75046209499993,-61.102048703579456],[-54.71870221299998,-61.10999877458003],[-54.70634543899996,-61.10526869657967],[-54.66239992599998,-61.10627755057988],[-54.751945521999914,-61.137359035582115],[-54.82038551899989,-61.145068041582725],[-54.824224579999964,-61.145568245582744],[-54.97447680199997,-61.15139048058319],[-54.977634878999936,-61.15150244958325],[-55.01082813499994,-61.15600289958356],[-55.01844095599995,-61.15724974558369],[-55.056945543999916,-61.17819365558525],[-55.06417057699997,-61.199030564586806],[-55.13697276499994,-61.21877254858824],[-55.17012641699995,-61.240640132589775],[-55.172205277999915,-61.24238243259006],[-55.17818606099996,-61.248454493590536],[-55.201097171999834,-61.269110385591986],[-55.20986539099994,-61.273129585592216],[-55.21586906499993,-61.27532536659248],[-55.229341408999964,-61.277184644592616],[-55.242512885999986,-61.27770030259256],[-55.26302677399991,-61.274375840592334],[-55.35745588299988,-61.23592152258952]],[[-55.37890008299996,-61.16431861358423],[-55.49444551899995,-61.12486145058124],[-55.47756813799993,-61.10805422157993]],[[-55.47649499699998,-61.10733962157994],[-55.42361458099987,-61.06930234057698],[-55.37110621799991,-61.05787548257606]],[[-44.81072973299995,-60.71606769554969],[-44.771925633999956,-60.731855680550886],[-44.74190259899991,-60.73242167955087],[-44.70409068399993,-60.743683846551825],[-44.708125196999944,-60.74704060455201],[-44.69671023699988,-60.77322998655421],[-44.72528058799992,-60.774567802554266],[-44.73740420199994,-60.74497679355185],[-44.761209205999926,-60.749128978552264],[-44.8063966229999,-60.74734455355225],[-44.81072973299995,-60.71606769554969]],[[-44.53223307699995,-60.67792494054661],[-44.53205437999998,-60.68170893054692],[-44.52848999399992,-60.685265851547314],[-44.522439103999936,-60.68442551854707],[-44.50003870899996,-60.686018630547274],[-44.495161093999904,-60.68810843654757],[-44.49072519199995,-60.68934432554754],[-44.48429594099991,-60.6921302485478],[-44.44845632199991,-60.70711217154905],[-44.438051704999964,-60.71006350254924],[-44.42214470199997,-60.71864394354982],[-44.426183387999906,-60.72117057255017],[-44.445046216999906,-60.72110881755011],[-44.44896768899986,-60.721653367550225],[-44.50651443599986,-60.727545007550624],[-44.507861996999964,-60.728689254550616],[-44.56273906699988,-60.74425448055193],[-44.56956297299996,-60.74579343755205],[-44.60120124599991,-60.74396986755187],[-44.60229888299989,-60.744668774551954],[-44.63968491399986,-60.742944681551826],[-44.648470096999965,-60.74246188855175],[-44.69797098299994,-60.74191463255172],[-44.729195637999965,-60.73015979555075],[-44.664451606999876,-60.71456728954964],[-44.649459188999906,-60.68500537454721],[-44.63934466999996,-60.70899143654909],[-44.6152073319999,-60.70797286454905],[-44.61042332299991,-60.71225247854944],[-44.59534146299995,-60.718639720549994],[-44.56410019699996,-60.68991676454759],[-44.54996758999994,-60.69471596854799],[-44.53223307699995,-60.67792494054661]],[[-45.02305557699998,-60.64709917854414],[-45.02257223199996,-60.664601402545586],[-45.01989425199997,-60.67027334254596],[-44.99940314899987,-60.69952944454837],[-44.994728599999966,-60.70872362654909],[-45.00739533099987,-60.72360653055017],[-45.01593432299994,-60.72421556455031],[-45.02088954599998,-60.723992345550315],[-45.02348912799994,-60.72379777855033],[-45.04572219699992,-60.698700719548235],[-45.050975501999915,-60.695187886548055],[-45.0711135539999,-60.629282933542804],[-45.03584098999993,-60.63057393754295],[-45.02305557699998,-60.64709917854414]],[[-45.37642467299997,-60.670107530546055],[-45.3891098919999,-60.64778960554422],[-45.44062123399987,-60.6630600985455],[-45.47401683899993,-60.660465741545366]],[[-45.47401683899993,-60.660465741545366],[-45.571541600999986,-60.65580297854489],[-45.58593879799997,-60.64709049954424],[-45.601281981999925,-60.64598599654412],[-45.61347176399988,-60.641685994543806],[-45.6533627679999,-60.63903222354354],[-45.68323777199998,-60.6390674995436],[-45.7411386579999,-60.622394015542284],[-45.74113396199988,-60.622287924542164],[-45.80964402399996,-60.582330162539066],[-45.819570840999916,-60.58519300953927],[-45.88056148899994,-60.59567368054015],[-45.90750159599991,-60.61678568354186],[-45.95944961399988,-60.62178263854217],[-46.02004860999994,-60.61257517354148],[-46.016974168999916,-60.60533282954095],[-45.97888959499994,-60.527616985534614],[-45.91971446599996,-60.52280801553426],[-45.90637572899994,-60.52552619453453],[-45.86583750199992,-60.52539695453447],[-45.805000474999986,-60.50733713853303],[-45.741111597999975,-60.5001119375324],[-45.6981735469999,-60.51741454753383],[-45.68092755599997,-60.52264110453437],[-45.596672462999884,-60.53234018753503],[-45.53806351299993,-60.54566892253618],[-45.491950472999974,-60.535391535535304],[-45.423614492999874,-60.54845389353633],[-45.39398948299997,-60.582649888539144],[-45.39185911499993,-60.58734849253952],[-45.386007021999944,-60.60270509454058],[-45.38211332399993,-60.60647886554108],[-45.350006462999936,-60.61873045254191],[-45.30722858199989,-60.615671560541685],[-45.2284643069999,-60.625361756542475],[-45.23864356099989,-60.62702525454257],[-45.25072191899994,-60.62867911454274],[-45.26683564599988,-60.632163552543105],[-45.27242637699982,-60.63997582454366],[-45.231797678999946,-60.634403168543244],[-45.22658174899993,-60.634695924543124],[-45.21958695699993,-60.6371075585434],[-45.2242427129999,-60.64890684354432],[-45.21614825699987,-60.65264227354469],[-45.18903145199994,-60.666209924545775],[-45.16724293899989,-60.68248483954695],[-45.167457190999926,-60.69698429154819],[-45.167930708999954,-60.7018815875487],[-45.16887197999994,-60.72647776955058],[-45.16445686099996,-60.73229905955087],[-45.163523254999966,-60.73603382155122],[-45.1529888839999,-60.75025216855239],[-45.15145286599994,-60.7530487785526],[-45.15897335299991,-60.75265043755257],[-45.22377753699981,-60.72369267455033],[-45.25560852199987,-60.706675881548954],[-45.26869684999996,-60.70196193354862],[-45.27985171099993,-60.70156745854856],[-45.34370172199993,-60.68662689754743],[-45.36162014899996,-60.67429320654634],[-45.37642467299997,-60.670107530546055]],[[-27.196666458999914,-59.4395183794414],[-27.152500534999945,-59.45007790144234],[-27.166389515999978,-59.47396548744449],[-27.247501528999972,-59.466183225443785],[-27.24722257899998,-59.43841129744124],[-27.196666458999914,-59.4395183794414]],[[-27.324447567999982,-59.4647953494437],[-27.344169514999916,-59.46702325944389],[-27.408336503999973,-59.43785423644125],[-27.40277846399988,-59.42424269643999],[-27.332500564999975,-59.42174069843983],[-27.324447567999982,-59.4647953494437]],[[-26.58277855199992,-59.06812127840683],[-26.635559563999887,-59.05922489440591],[-26.66083552899994,-59.01950439640213],[-26.59500154699998,-58.99617370339982],[-26.50111350199995,-59.03506204640368],[-26.53639259699986,-59.05672976940574],[-26.58277855199992,-59.06812127840683]],[[-26.354446456999934,-58.38615169833905],[-26.28666653199991,-58.3867085923392],[-26.246948548999907,-58.39948093634054],[-26.25583655099996,-58.43559235434429],[-26.24361456299993,-58.492822145350154],[-26.305000604999975,-58.47448757034828],[-26.337223489999868,-58.47782155634863],[-26.371669591999876,-58.46115095634691],[-26.420001489999947,-58.454764952346245],[-26.457225521999927,-58.43226524134393],[-26.433612526999923,-58.387257606339304],[-26.354446456999934,-58.38615169833905]],[[-26.407779500999876,-57.78334869027468],[-26.38888954099997,-57.80335327627698],[-26.446666502999904,-57.8150185382782],[-26.49916856499993,-57.79585314927612],[-26.51222254099991,-57.76918813527314],[-26.44333654099989,-57.74196522327012],[-26.407779500999876,-57.78334869027468]],[[-26.703334459999894,-57.051941639190034],[-26.67583444199988,-57.05444380519039],[-26.651390464999963,-57.077492362193176],[-26.686111492999938,-57.086663841194216],[-26.728889541999926,-57.06082997719107],[-26.703334459999894,-57.051941639190034]],[[-27.14944449299998,-56.72276083214952],[-27.21083455799987,-56.71526137514854],[-27.209724458999975,-56.691647710145624],[-27.170280562999896,-56.67748749114385],[-27.091667531999974,-56.693318894145754],[-27.099166484999895,-56.7133154331484],[-27.14944449299998,-56.72276083214952]],[[-27.563892557999964,-56.31858194009759],[-27.60527753399998,-56.298859154094984],[-27.59500148799998,-56.275253535091835],[-27.540836456999898,-56.28191379609271],[-27.563892557999964,-56.31858194009759]],[[-37.032783576999975,-54.486868040829215],[-37.021118481999906,-54.50464538683206],[-37.08361847899993,-54.510756632833015],[-37.10583454499994,-54.469091532826376],[-37.07750656199988,-54.46492539182573],[-37.032783576999975,-54.486868040829215]],[[3.449999481000077,-54.448254959822876],[3.346110485000054,-54.449093988823144],[3.354999493000093,-54.40437016481577],[3.388333484000099,-54.3896448368134],[3.44388857000007,-54.3821443748121],[3.483611583000084,-54.400203855815015],[3.465555455000185,-54.44353192482215],[3.449999481000077,-54.448254959822876]],[[-37.686950552,-54.00019244574803],[-37.65222952399995,-53.996027310747415],[-37.49500245399997,-54.00852472874953],[-37.44583856899993,-53.98963309274628],[-37.454444603999946,-54.02324888275202],[-37.423057561999876,-54.058245842757884],[-37.36000050399997,-54.04046933475492],[-37.27027860099991,-54.04825159675628],[-37.23194849299995,-54.073803325760615],[-37.18527956499991,-54.050471627756636],[-37.162780524999945,-54.029361301753134],[-37.104728468999895,-54.05408070775721],[-37.14000655899992,-54.08019637076172],[-37.14694945699989,-54.11158408376708],[-37.11055757999992,-54.108250097766536],[-37.08361847899993,-54.076023356761034],[-37.02777857499996,-54.05408070775721],[-36.98917353999997,-54.04935767275651],[-36.96833746999993,-54.06435792675911],[-37.02777857499996,-54.104915776765914],[-37.0194474659999,-54.12047342776861],[-36.948615522999944,-54.093807743764074],[-36.93222856699987,-54.07324609676067],[-36.89944459599997,-54.065188908759126],[-36.876113568999926,-54.078800280761584],[-36.816390496999865,-54.08352331576236],[-36.80361161499985,-54.10324576676564],[-36.73500054099998,-54.09685959476456],[-36.65639454999996,-54.10574793276608],[-36.635284558999835,-54.133801659770846],[-36.688613579999924,-54.14463593977271],[-36.71444660499998,-54.17769466877812],[-36.690834615999904,-54.184637901779375],[-36.545005593999974,-54.16019224877531],[-36.52250655399989,-54.17991469977859],[-36.5736155439999,-54.19908813578181],[-36.620285477999964,-54.2268598957864],[-36.67750554599991,-54.24825336178994],[-36.65861558599988,-54.26464182679277],[-36.60694852899991,-54.26575561379282],[-36.52305556899995,-54.2324217907874],[-36.47250347299996,-54.239922253788585],[-36.46972654799998,-54.26436656579271],[-36.50111359099992,-54.283249987795806],[-36.48167461599991,-54.337702518804804],[-36.440002475999954,-54.307420713799864],[-36.3911135159999,-54.34491967280607],[-36.34611560499991,-54.359644999808424],[-36.353057496999895,-54.302972605799056],[-36.38861855899995,-54.275749860794456],[-36.36805758299994,-54.25519642779123],[-36.28222655899998,-54.267700718793165],[-36.25722552099995,-54.28463819779599],[-36.248161498999934,-54.316514910801324],[-36.220840517999925,-54.337702518804804],[-36.25805650299986,-54.36269718580897],[-36.16944855499998,-54.38325849781232],[-36.16555750799989,-54.407147256816266],[-36.1911166129999,-54.41825528981803],[-36.160003490999884,-54.44270111082203],[-36.097503494999955,-54.451314354823474],[-36.06139358499996,-54.46464359282561],[-36.02083556699994,-54.50269944483178],[-36.07222752999991,-54.51409061883368],[-36.09500149699987,-54.549926439839446],[-36.068611576999956,-54.5688169028425],[-35.99889358899993,-54.56742919484225],[-35.96916951599991,-54.57631719684366],[-35.908889550999966,-54.5777064138439],[-35.93361649999997,-54.62715343985181],[-35.91278059799987,-54.64965298285538],[-35.91445161399992,-54.71493157986567],[-35.83666956399986,-54.74020821486973],[-35.80750255299994,-54.76854491487429],[-35.822227544999976,-54.787153577877156],[-35.8841704799999,-54.78632142287705],[-35.902229457999844,-54.8085468778805],[-35.979728534999936,-54.80715816388032],[-36.09000353499988,-54.76160201687308],[-36.08361853699995,-54.78271351687642],[-36.039451606999876,-54.79826982587877],[-35.98972345099986,-54.82854341588365],[-35.92639146699992,-54.84521485388616],[-35.95444452399994,-54.864654498889195],[-36.07639350399989,-54.88826816489295],[-36.115837566999915,-54.88520893789246],[-36.108062512999815,-54.8610464248887],[-36.180282499999926,-54.827155372883425],[-36.1911166129999,-54.81298727488121],[-36.251113604999944,-54.78604733487692],[-36.298339594999895,-54.73770638486935],[-36.29389148599995,-54.719654782866485],[-36.34750347999989,-54.64742490485507],[-36.439445581999955,-54.585480628845076],[-36.46666748899997,-54.58104023184447],[-36.48694649799995,-54.5585406888408],[-36.46861259299993,-54.52687000383574],[-36.51583858299995,-54.513258630833526],[-36.52694661599986,-54.49353634783024],[-36.58694461399988,-54.49853347083113],[-36.635284558999835,-54.51159582883325],[-36.685005505999975,-54.472142545826806],[-36.72888946299991,-54.47020565582643],[-36.80889154299991,-54.44769823382285],[-36.80194847799992,-54.40103500581527],[-36.87750261799994,-54.383533423812366],[-36.92000557199998,-54.33547427380447],[-36.99139457699982,-54.348536630806656],[-37.080833506999916,-54.31991813180197],[-37.080833506999916,-54.289643367796856],[-37.14611847499998,-54.2593615627918],[-37.18639351999997,-54.2593615627918],[-37.24694857899992,-54.24491937678943],[-37.282226500999855,-54.26408476579271],[-37.38195052899988,-54.2699207497936],[-37.4100035859999,-54.24519312978949],[-37.32083857599986,-54.231582929787265],[-37.3322295829999,-54.2146375717844],[-37.398895551999935,-54.19853107478177],[-37.40000146099993,-54.18158571577882],[-37.264167522999905,-54.15852927977493],[-37.239448451999856,-54.14574972677286],[-37.35028051399996,-54.14046963077197],[-37.400558521999926,-54.145193000772814],[-37.46472953499995,-54.129079630770086],[-37.55250549499993,-54.13491561477103],[-37.56222548599993,-54.16853157277663],[-37.65500661599998,-54.17964077877853],[-37.68861352099998,-54.171858349777125],[-37.72084059799988,-54.13602956877121],[-37.67500348999993,-54.11324805976744],[-37.67639153299989,-54.07268903576052],[-37.647506488999966,-54.070750971760084],[-37.616394540999984,-54.04074426175502],[-37.66306346899989,-54.03657828775439],[-37.85916848699992,-54.04074426175502],[-37.9091725749999,-54.0451925377558],[-37.973060613999856,-54.02880424075303],[-37.956947578999966,-53.996858460747546],[-37.9102784829999,-53.987688155745964],[-37.86611155299994,-53.99213643174678],[-37.83500647799997,-54.0079674997495],[-37.74722247099992,-53.992967413746925],[-37.72361752299997,-53.96824783974268],[-37.67388953499994,-53.97769307074428],[-37.686950552,-54.00019244574803]],[[-64.52803798099995,-74.66274594526169],[-64.51099722799995,-74.63356819326032],[-64.35354797699983,-74.62400745525991],[-64.46475626199998,-74.66038828226169],[-64.38298724399982,-74.68915381126286],[-64.18381436999988,-74.70488447026356],[-64.30689780799992,-74.72217952926438],[-64.43307148399991,-74.69757192826313],[-64.4466364239999,-74.67915319126226],[-64.52803798099995,-74.66274594526169]],[[-64.30153372099981,-74.36989973424856],[-64.29064512199993,-74.33070661024685],[-64.20858525099999,-74.35469294424792],[-64.30153372099981,-74.36989973424856]],[[-64.03448198999996,-74.20573473224135],[-63.96005434799996,-74.22582113224219],[-64.03823775399997,-74.24486297924292],[-64.06962179299988,-74.21269406124154],[-64.03448198999996,-74.20573473224135]],[[-61.6213626619999,-73.95382575823012],[-61.5329833049999,-73.97930440123108],[-61.56039934699993,-73.99961731823207],[-61.665847250999946,-74.02688345423327],[-61.695892697999895,-74.01732355623288],[-61.572787302999934,-73.9891032522317],[-61.581085985999955,-73.97518395123107],[-61.6213626619999,-73.95382575823012]],[[-61.74062676499993,-73.45106156720774],[-61.69395111399995,-73.48478130720927],[-61.77250784899995,-73.50852288921045],[-61.96595705399983,-73.50350397121012],[-61.962157200999904,-73.47656301420909],[-61.82492762199996,-73.49219795220975],[-61.74062676499993,-73.45106156720774]],[[-62.53180045099997,-73.45410738420794],[-62.52141845199992,-73.41769453920635],[-62.39976547299994,-73.4257726852068],[-62.407515553999914,-73.44247279520737],[-62.53180045099997,-73.45410738420794]],[[-62.21715072199986,-73.33719822920283],[-62.2925171359999,-73.35756777120385],[-62.32686182999987,-73.32488453720221],[-62.21715072199986,-73.33719822920283]],[[-62.69559145399996,-73.13370867419391],[-62.66570995499994,-73.10244064219249],[-62.59617164799994,-73.10963399519287],[-62.622045921999934,-73.13067442319374],[-62.69559145399996,-73.13370867419391]],[[-62.643089872999944,-73.0253752151893],[-62.68792619999988,-73.03335579618955],[-62.74906197899991,-73.0140683581886],[-62.68643924799994,-72.9942469931878],[-62.643089872999944,-73.0253752151893]],[[-61.40505462599991,-72.76717645317788],[-61.485715051999925,-72.78739847317883],[-61.47448178799986,-72.74247480617683],[-61.40505462599991,-72.76717645317788]],[[-61.40452488999995,-72.68356593017423],[-61.47410644699988,-72.71723386917579],[-61.51251016399986,-72.70192012617503],[-61.40452488999995,-72.68356593017423]],[[-61.299027460999966,-72.67924551817406],[-61.29844072799995,-72.679971115174],[-61.283088965999916,-72.69388171417461],[-61.23557878199989,-72.700946069175],[-61.29690757899994,-72.71310997117557],[-61.20544320999994,-72.73527894017636],[-61.22569087799997,-72.7486329941771],[-61.352873736999975,-72.70066334317501],[-61.299027460999966,-72.67924551817406]],[[-45.59724275799992,-60.69114484054781],[-45.597525886999904,-60.694191777547886],[-45.59627839299998,-60.70959976054927],[-45.59760067599996,-60.71468797654962],[-45.59304795299994,-60.72351695555029],[-45.59230421799998,-60.72661757755041],[-45.592487412999965,-60.727245671550556],[-45.593250828999935,-60.729863078550714],[-45.60232230399992,-60.73230200155087],[-45.60420916599991,-60.73213862755091],[-45.636891030999955,-60.72490243255036],[-45.66938482799998,-60.71912600654995],[-45.642454278999935,-60.691596353547624],[-45.64107394799993,-60.685351319547195],[-45.62942329499998,-60.675241240546484],[-45.615437061999955,-60.6750328385465],[-45.59724275799992,-60.69114484054781]],[[-45.37642467299997,-60.670107530546055],[-45.39590123199997,-60.667394096545664],[-45.45813299699995,-60.663489549545545],[-45.47401683899993,-60.660465741545366]],[[159.09373697300006,-79.97100572050776],[159.12100220099998,-79.98167483950851],[158.97260022000012,-79.99559681550902],[158.9917156570002,-79.95924934850724],[159.09373697300006,-79.97100572050776]],[[159.2478573320002,-79.72912527949626],[159.3087885960002,-79.76817423549817],[159.26730100900022,-79.77924522549858],[159.09154316100012,-79.7759844964985],[159.2478573320002,-79.72912527949626]],[[159.72499568300006,-79.70348234549517],[159.79556915900014,-79.70813346549524],[159.78420647900018,-79.75299812349748],[159.6316678510001,-79.82316691850089],[159.63859683600003,-79.84973957350215],[159.50710282500017,-79.87736935450334],[159.15875213400022,-79.906754642505],[158.81775941700025,-79.88442440550382],[158.99733354800003,-79.85276795650242],[158.9196979840001,-79.84105072150155],[158.72941076800006,-79.83365469450126],[158.6447731270001,-79.81416458350051],[158.43769427200013,-79.8206429585007],[158.35453117500003,-79.84526330050207],[158.22810352600004,-79.83130323450114],[158.36396836100016,-79.76902835149802],[158.33098623000015,-79.74963111149722],[158.4239600130002,-79.73494517349667],[158.63391268800012,-79.71882190549596],[158.69681990400022,-79.73527793449666],[158.8647341350002,-79.74148943049688],[158.8753221570001,-79.77462126249836],[158.96016666500014,-79.79376754849946],[159.32647308,-79.80324765249988],[159.35017291700012,-79.78186205649887],[159.56665308700008,-79.7464764974972],[159.72499568300006,-79.70348234549517]],[[158.7768042460001,-79.68295455449402],[158.88717819900035,-79.69667070549491],[158.7236745270002,-79.71766386149574],[158.6710447050001,-79.69341081549446],[158.7768042460001,-79.68295455449402]],[[158.90592936200005,-79.53978890948731],[158.84993520600005,-79.5640828594884],[158.848481115,-79.60471532449037],[158.7670292670002,-79.63954784549202],[158.95774530100005,-79.62976884349155],[158.90315075600006,-79.65754882849282],[158.64182688600022,-79.66255131749298],[158.5943705430002,-79.6203631704912],[158.79830300000015,-79.54360183848742],[158.90592936200005,-79.53978890948731]],[[158.17951294400007,-79.42057808248171],[157.93087927900012,-79.44583125848263],[157.91204496600008,-79.41454143348146],[158.08063544700016,-79.42903844348194],[158.17951294400007,-79.42057808248171]],[[157.26062633200002,-79.17277757846978],[157.11586845700003,-79.16640012046958],[156.96454185200008,-79.18427973347025],[156.96408369900018,-79.20326341047144],[157.1703880650001,-79.21843617047193],[157.08165921400007,-79.26196089547392],[157.13154480200012,-79.29086305047548],[157.37875689500004,-79.31198880747642],[157.42929644100013,-79.26188026147413],[157.5180700500001,-79.29066238747541],[157.66047428100023,-79.27647735147467],[157.75949359800018,-79.30844845847649],[157.56919766600004,-79.32355248547702],[157.40306878200008,-79.3127681564764],[157.331687632,-79.32640434547714],[157.17302568500008,-79.32481379447691],[157.07629764400016,-79.30965763147626],[156.99137250200022,-79.2617448104739],[156.93137800200006,-79.18695054347057],[156.98494375100003,-79.15480777646886],[157.1298385800003,-79.14679551246856],[157.26062633200002,-79.17277757846978]],[[157.6052184050002,-79.10207385046655],[157.61166292000007,-79.14321761146843],[157.48949780600003,-79.12630225346766],[157.6052184050002,-79.10207385046655]],[[160.2115864760001,-78.89127242345668],[160.0444629970002,-78.8912692374564],[160.0447384250001,-78.84952616945458],[160.17990790000022,-78.85515260845479],[160.2115864760001,-78.89127242345668]],[[161.90690015500005,-78.59891236244268],[162.0233250020001,-78.61964987044365],[162.04631187800007,-78.64282181844472],[161.90604519900012,-78.66989034744611],[161.80044290000012,-78.63705506644452],[161.80051867300017,-78.62179597344372],[161.90690015500005,-78.59891236244268]],[[159.53443806700022,-78.68033001144664],[159.483692666,-78.64317436144466],[159.31714368200016,-78.64041067844471],[159.38897980400017,-78.60976156744316],[159.44127988300016,-78.56046237844087],[159.5846708350001,-78.57407576844162],[159.4549967040001,-78.60973021944316],[159.43218065600013,-78.63725254444465],[159.55908808000004,-78.64368263944478],[159.53443806700022,-78.68033001144664]],[[164.48583172700023,-78.52964579643921],[164.54079071500007,-78.5410976604399],[164.42026426500004,-78.57282149944136],[164.16226499500024,-78.5692513104413],[164.21447940700034,-78.54624951544022],[164.37034263700002,-78.54798842544042],[164.48583172700023,-78.52964579643921]],[[158.65014173900008,-78.63973308544453],[158.70361679200016,-78.57926534244173],[158.784896976,-78.52350336743898],[158.89788005000003,-78.52625162743924],[158.80252295400024,-78.5567793694407],[158.7490862860002,-78.59450901244233],[158.771673681,-78.61678392844357],[158.65014173900008,-78.63973308544453]],[[161.91488710200005,-78.51411077143871],[161.85818099300002,-78.54782531344021],[161.93805167800008,-78.5788983824416],[161.78731415300004,-78.58063025144163],[161.83248843900014,-78.5375175804398],[161.91488710200005,-78.51411077143871]],[[167.22492049000004,-78.66583130444599],[167.04385447,-78.68306670444653],[166.94205879700004,-78.67811507744649],[167.03658618300005,-78.66255617844568],[167.08935967200034,-78.63178100344423],[167.06869458300002,-78.60117547744271],[166.92781234000006,-78.56160030644078],[166.7325053590002,-78.56378235844114],[166.62153362000012,-78.56766847144115],[166.4935573310001,-78.54452686644004],[166.1274783560001,-78.52232482143911],[165.99806445100012,-78.5214970754389],[165.966847883,-78.49942231843796],[166.20652436999998,-78.5192181124389],[166.2251423360002,-78.51990881243896],[166.27207485200006,-78.52461237143925],[166.31222841000007,-78.52654190943937],[166.33539085000007,-78.52891147643926],[166.34852232300022,-78.53025485443938],[166.4251486370001,-78.53511562543967],[166.4475664270001,-78.5361862804397],[166.2815589690001,-78.50601552543817],[166.13219775400012,-78.50665925643828],[165.61673028400014,-78.4544639504359],[165.52889628800028,-78.42655237043465],[165.67058319800026,-78.40783037643364],[165.7649227290002,-78.43804329343504],[165.87843905600008,-78.44805095443552],[165.986186618,-78.47450877743691],[166.224764173,-78.48682364243756],[166.30179423100014,-78.48147397343715],[166.43575570500005,-78.49659426243781],[166.4527359360002,-78.51981465843885],[166.59149454300007,-78.53368654643958],[166.9169904580001,-78.51874982143883],[167.11916522700005,-78.54794198944026],[167.2199558120002,-78.61725482444352],[167.22492049000004,-78.66583130444599]],[[162.63833381299997,-78.3604300244315],[162.670463336,-78.39345691543296],[162.65465757500013,-78.42357746443439],[162.53658568200012,-78.42187828343437],[162.63854486900001,-78.38532763943263],[162.63833381299997,-78.3604300244315]],[[158.25898833700026,-78.46794557743657],[158.184263137,-78.44780268243555],[158.26830885000004,-78.42823596043472],[158.29584240500026,-78.37083062943199],[158.3433525610002,-78.35698941943122],[158.46013179800002,-78.39155154043308],[158.40791386000012,-78.42684188143457],[158.45405608700003,-78.46795060643649],[158.40526149000004,-78.48323937143707],[158.25898833700026,-78.46794557743657]],[[161.00884676700002,-78.35110347743105],[161.0651312670002,-78.3718205324319],[161.2238778700001,-78.3767335034321],[161.20048933800015,-78.39348926943299],[161.02424080900013,-78.40075051543332],[160.98339879800002,-78.36819636343182],[161.00884676700002,-78.35110347743105]],[[163.74439426600017,-78.40042479343322],[163.64498535800007,-78.36680547043174],[163.79917069600003,-78.34042761043048],[163.8980616000002,-78.3844993394326],[163.90277240100033,-78.44737788743556],[163.94569396300005,-78.45502302443595],[164.13046588100008,-78.41495231443399],[164.0435780360003,-78.40144671643337],[164.05687827500003,-78.35956165843136],[164.1292188230001,-78.33245842843013],[164.32655739800018,-78.34633216043068],[164.35497525000028,-78.37656720643231],[164.32923257000004,-78.41109462643377],[164.13932857600003,-78.47799464543695],[163.9395889200002,-78.4808025834371],[163.78014695100012,-78.50792224143828],[163.84615161400006,-78.44125155143529],[163.77918940100028,-78.44304997343544],[163.69499667500008,-78.48095999543729],[163.5303914520002,-78.49970126743797],[163.5430249950002,-78.46214110643628],[163.49044714100023,-78.435724019435],[163.74439426600017,-78.40042479343322]],[[166.27535158400008,-78.3045578364287],[166.1851424910002,-78.28597345842779],[166.31056656700002,-78.26634496842716],[166.36507494400004,-78.27861591142762],[166.27535158400008,-78.3045578364287]],[[163.76860825300002,-78.26385420042702],[163.69686181300003,-78.25309719642645],[163.83752311300006,-78.23210136042535],[163.95490282900028,-78.25410772042659],[163.76860825300002,-78.26385420042702]],[[165.14220948899998,-78.22566925042517],[165.21689,-78.1946122714235],[165.26673405900013,-78.21587080442467],[165.36166417700008,-78.22124410842476],[165.50427360000015,-78.26088113842651],[165.5854369400001,-78.26231612142685],[165.62044581800026,-78.28441602342771],[165.70919478200005,-78.29696574842843],[165.6113326740001,-78.33986552043064],[165.62660299800004,-78.36323410743148],[165.48182148800012,-78.39519079643307],[165.32818097300014,-78.39605815643311],[164.96958390700013,-78.37652160843207],[164.8255202240002,-78.373646782432],[164.757399295,-78.35928153543132],[164.72082937300002,-78.33006539443011],[164.76084023400006,-78.2964294744283],[165.12921647700009,-78.24619436242615],[165.14220948899998,-78.22566925042517]],[[166.45979637800008,-78.15062998042161],[166.50668646900021,-78.1562991794217],[166.5235135910001,-78.15794071142194],[166.59106091300012,-78.16453014042214],[166.72357293200002,-78.19495254142377],[166.74449699100035,-78.20289171442403],[166.71862148500009,-78.24056396042583],[166.67819412500035,-78.24112030842579],[166.5679834660001,-78.2472488064261],[166.4864922210002,-78.26565312542682],[166.1796051460001,-78.24879962642633],[166.12670999900004,-78.27180426242735],[166.11475994300008,-78.26602380142708],[166.10569046100022,-78.25977189742667],[166.10381298100015,-78.2524196254264],[166.11808456200018,-78.24640932642615],[166.12434687200016,-78.24377203242605],[166.14899522500002,-78.23463592942551],[166.1457264840002,-78.181201562423],[166.1844480630001,-78.16640376442228],[166.1171168840002,-78.1504413824215],[166.06398836600005,-78.12044282842002],[166.2256122540001,-78.11441335841994],[166.33331556300004,-78.14320872642115],[166.45979637800008,-78.15062998042161]],[[167.2227401720002,-78.1057222764195],[167.25265738100006,-78.09843219441917],[167.27433880600017,-78.09218386741881],[167.30995586300003,-78.07964910141827],[167.3553888140003,-78.07416813641801],[167.397268337,-78.03051349141582],[167.543861007,-78.0348927014163],[167.494155801,-78.11415301542],[167.2227401720002,-78.1057222764195]],[[165.21408834700014,-78.183933198423],[165.1591982730001,-78.15226504642155],[165.25514670200016,-78.10409984841928],[165.35009731300033,-78.06948198041782],[165.3598550250001,-78.0451749544166],[165.45970759600004,-78.03035092341594],[165.53511767400002,-78.02336137841566],[165.60154897500013,-78.05515059741715],[165.6221193460001,-78.11009013841982],[165.57955837400007,-78.13572368442094],[165.35627025300005,-78.1915270654236],[165.21408834700014,-78.183933198423]],[[161.52890651600012,-78.0578477264173],[161.412705628,-77.99933816341445],[161.58178829700032,-77.98806382941406],[161.58307625800012,-78.0144356534154],[161.65273761500006,-78.03528313141612],[161.52890651600012,-78.0578477264173]],[[161.00990674300022,-78.03725992041629],[160.97126179500012,-78.0258285084157],[161.07675026900017,-77.9553727174124],[161.15393706400005,-77.95738755941245],[161.2437996550001,-77.9853450734139],[161.16361431100017,-77.9983955344144],[161.13807682300035,-78.02038228041553],[161.00990674300022,-78.03725992041629]],[[162.28334649500027,-77.99247120341418],[162.30603882900004,-78.02564561541581],[162.25475849200004,-78.03758061241635],[162.29564141100025,-78.07945326441826],[162.2348160910003,-78.10415004841946],[162.40635030200005,-78.10327648641942],[162.296766594,-78.13610103742076],[162.23646380800017,-78.1121163794198],[162.0580468810002,-78.09027765741864],[162.06149502900018,-78.05496602741702],[162.18823784100005,-78.02871775141591],[162.07973406000013,-78.01665032141524],[161.97532718600027,-78.02464716341564],[161.82577872100012,-77.95021281641212],[161.85383916500027,-77.91763720641073],[161.96378044200003,-77.89650776140974],[162.02833822200014,-77.92424097541114],[162.1739312640002,-77.9379834464115],[162.28334649500027,-77.99247120341418]],[[161.4691138480002,-77.94855504241205],[161.15794898100026,-77.90343892741005],[161.2940282280001,-77.87780286640873],[161.42253727099998,-77.8854987974092],[161.6196082980001,-77.86896749940846],[161.68985470700028,-77.88439121240911],[161.7112486840001,-77.9135612534104],[161.58981011700007,-77.95139349141218],[161.4691138480002,-77.94855504241205]],[[164.51235467200001,-78.00791164241488],[164.48695365800006,-78.01823589641536],[164.3225748210001,-78.03220093741601],[164.39753454800004,-78.0628416664175],[164.37947489400005,-78.09175106541882],[164.22713378300023,-78.11968745542009],[164.20674592900014,-78.1261491184204],[164.20251105400018,-78.13981012742101],[163.984621381,-78.16666247442215],[163.85639899900013,-78.19396033242337],[163.6892012530001,-78.20228876242413],[163.52214331900018,-78.21912633642474],[163.44712659700022,-78.2437954604259],[163.44430608800016,-78.28354698742777],[163.5687874560001,-78.26649886042718],[163.62744319900003,-78.27674590842751],[163.62211163500012,-78.30276519042872],[163.5254826740001,-78.34585204443066],[163.28500175300007,-78.36384162843157],[163.12683987100013,-78.35606305143118],[162.9452353040002,-78.32343262442974],[162.82387854100023,-78.33902950843047],[162.901127532,-78.36739136543164],[162.96473245700008,-78.34735760243088],[163.07214105600008,-78.3722252104319],[163.06156527000007,-78.3972973374332],[162.95972074900033,-78.40088814543323],[162.82135944600012,-78.39191145943282],[162.74195797900015,-78.35095142843093],[162.59467112100026,-78.30629061942892],[162.4490247650001,-78.28443798442785],[162.44428312100013,-78.25546391242644],[162.53475993200004,-78.20828836342432],[162.65911238800012,-78.2380491604258],[162.7798713540002,-78.22214935442501],[162.84644096000022,-78.23239539642542],[163.24539691000007,-78.24814399342613],[163.21648637200008,-78.2203459034248],[163.05287206100013,-78.18844587642324],[163.06135639300012,-78.16562093942215],[162.94264093700005,-78.15115846242159],[162.77478773000018,-78.15166355642158],[162.69722642500005,-78.17524454142269],[162.67858204800004,-78.19985230942389],[163.01468007100004,-78.19627977342374],[163.06818831700014,-78.2205405314248],[162.83942983000006,-78.21982974642485],[162.78541917000018,-78.2092583184243],[162.55655724800022,-78.20322652942404],[162.5975452760001,-78.17649579242276],[162.72741268800007,-78.1304229664206],[162.63999242400018,-78.08473135041869],[162.55838902900018,-78.08350725741845],[162.48716495500014,-78.06412543941758],[162.58803047000015,-78.05273409341686],[162.53416582400007,-78.03455222941615],[162.61687193800017,-78.02177166641559],[162.72515577700003,-78.028010151416],[162.8340545130001,-78.05714113241704],[162.92867316000007,-78.04479039241657],[162.96771976900015,-78.07837032141818],[162.96635050100016,-78.1171817334199],[163.1578204030002,-78.14043096342101],[163.42125064700008,-78.13671828142088],[163.5016643120001,-78.14899291242156],[163.62910600500015,-78.07929953941805],[163.648727375,-78.05371025041711],[163.77732325300008,-78.05320264141703],[163.78222650400016,-78.01949379841565],[163.655243303,-78.0123410154151],[163.54665033700016,-77.97911480341347],[163.73268792800002,-77.98194906041371],[163.69306347100007,-77.91976336141092],[163.847126094,-77.8632384664081],[164.3201370280001,-77.8514479734076],[164.48225969700013,-77.85321219640757],[164.54450373200007,-77.87504622440846],[164.56139126200026,-77.9080151134102],[164.51235467200001,-78.00791164241488]],[[164.27682352700003,-77.88705950940907],[164.21287695700028,-77.88232104940913],[164.05015632300012,-77.89458025840953],[163.89890984900015,-77.91494745341045],[163.8865146860001,-77.95427971641234],[164.00082142800008,-77.95214819841206],[164.03412693200013,-77.9142567834106],[164.2044353690001,-77.90064104740995],[164.39708628200003,-77.91856206641071],[164.44387022900003,-77.90694591741008],[164.27682352700003,-77.88705950940907]],[[163.30530960200016,-78.15037173642149],[163.3054769050001,-78.16383944842188],[163.10186380100004,-78.15637703742185],[163.11814532000005,-78.17254774642242],[163.2979968930001,-78.17439629142277],[163.47731403500018,-78.16982664442243],[163.30530960200016,-78.15037173642149]],[[162.74521787200013,-77.84883382440742],[162.74721477600016,-77.86965867140822],[162.65378820500007,-77.87381877840873],[162.6654888400002,-77.8993007804098],[162.5948925710003,-77.924337032411],[162.67856495100023,-77.93553391741165],[162.61409300200012,-77.96447647441295],[162.3363627220001,-77.95745344141245],[162.2391554060001,-77.94723606541218],[162.13915792000034,-77.91454696541065],[162.10540213800013,-77.88021987340895],[162.22790873400015,-77.86699171640828],[162.306777946,-77.88995244040936],[162.28991841100014,-77.94290764841179],[162.488518299,-77.94202419541176],[162.37024071100018,-77.89176527840942],[162.269658506,-77.86572202440833],[162.3088296680002,-77.85665095840776],[162.51174942200024,-77.84999354540764],[162.54292860300004,-77.9012435384098],[162.63734273600016,-77.88653463440912],[162.56788170700008,-77.84759531440743],[162.74521787200013,-77.84883382440742]],[[166.68618094700003,-77.83661988440689],[166.73098600900013,-77.8517582074076],[166.61973989400005,-77.84406150240724],[166.67891818900023,-77.81962088540615],[166.67817154900013,-77.82910014640632],[166.68618094700003,-77.83661988440689]],[[162.89576529500005,-77.84264395440705],[162.92084245000024,-77.81118313840584],[163.14073572900006,-77.78151839740416],[163.181370877,-77.80179607340528],[163.08244108100007,-77.8542195344077],[162.96829610900022,-77.82547764140645],[162.89576529500005,-77.84264395440705]],[[160.5548168320001,-77.73430378940199],[160.64793880400006,-77.732168750402],[160.74949499,-77.75393488440315],[160.66265206900005,-77.7756570994041],[160.7047803700001,-77.80137044040514],[160.825910989,-77.80028699540519],[161.04636133200023,-77.82757060440636],[161.1482415600002,-77.83227737940656],[161.25733408600001,-77.86922398540851],[161.04473323,-77.88087047740893],[161.00262252900004,-77.89895678640983],[160.89428806500007,-77.9086603524102],[160.78712606200008,-77.89329799340959],[160.71214102200008,-77.90582827441014],[160.75829917500025,-77.92720431441101],[160.44276817500008,-77.94051612341184],[160.4279590220002,-77.96099999441263],[160.32791493500008,-77.96207371641282],[160.31552546999998,-77.89184876240951],[160.371288283,-77.86065382140802],[160.05814126400014,-77.86727703540829],[160.00789290700004,-77.84722801840732],[160.17323657200004,-77.83122310340669],[160.10978503800015,-77.81318892840592],[160.26824011700012,-77.74805313340289],[160.5548168320001,-77.73430378940199]],[[160.41262516400013,-77.82373822840631],[160.3530774180002,-77.80379381740526],[160.23772914100016,-77.84730010340749],[160.34750395500004,-77.8497767884074],[160.41262516400013,-77.82373822840631]],[[163.23768656100015,-77.80417703840538],[163.18246706600007,-77.77318980040386],[163.45188282900006,-77.72230559340164],[163.7405260150001,-77.71121566040114],[163.9060768830002,-77.69562732640016],[163.9456334440001,-77.72678371040168],[163.8158573940001,-77.73083988240192],[163.75495144400003,-77.74431631240257],[163.4993820850002,-77.74660222540267],[163.5830348520002,-77.77347344440393],[163.68823766900002,-77.76199526140347],[163.79282676600008,-77.77332961140388],[163.75774932600004,-77.82587511240641],[163.52729182200005,-77.79561911140478],[163.33117717100004,-77.79271059040484],[163.23768656100015,-77.80417703840538]],[[166.26225140500003,-77.58328172639511],[166.13649163400007,-77.54317536639306],[166.2197595220001,-77.53227357039259],[166.26415962700003,-77.51903361239194],[166.28178892700004,-77.51508296539174],[166.45564395600013,-77.55325812939378],[166.3870496180002,-77.58339259239494],[166.26225140500003,-77.58328172639511]],[[167.94999119900027,-77.51273077339175],[167.89474571800008,-77.51194538939146],[167.79419569900017,-77.48339913039035],[167.90186195600018,-77.48112059339039],[167.94999119900027,-77.51273077339175]],[[168.3291428850002,-77.46908350438964],[168.51333477300008,-77.47107504538981],[168.6851655360001,-77.48059035339033],[168.8005993060002,-77.46275483038944],[168.87728704500012,-77.48041232139026],[168.739628312,-77.51663389239195],[168.49421581400009,-77.51882760539206],[168.40529283700016,-77.496151698391],[168.2877863870002,-77.49212151039069],[168.3291428850002,-77.46908350438964]],[[166.96842519199998,-77.55603757039378],[166.89402956700008,-77.53143415939246],[166.952366296,-77.48234250739046],[167.0979982320001,-77.48549879839052],[167.12826730800006,-77.46328574038938],[167.22910516600004,-77.46546335938963],[167.41217119800024,-77.49133864039072],[167.27734555100014,-77.53015658939265],[166.96842519199998,-77.55603757039378]],[[169.11416458300005,-77.4503864893887],[169.23753903700003,-77.4481419813886],[169.3302147590001,-77.4666447053895],[169.37959123300004,-77.52558778039239],[169.2695725060003,-77.54445142839315],[169.11617540500018,-77.54312574539335],[168.96359184800033,-77.51535129339189],[168.82006913400016,-77.5058834273914],[168.92346330400005,-77.47412522139007],[169.11416458300005,-77.4503864893887]],[[166.4559894250002,-77.31403513338252],[166.42933005600017,-77.30754834138216],[166.37788326600014,-77.28918135138134],[166.33229330800006,-77.25806632637996],[166.43010631100003,-77.23323497637872],[166.4081740360001,-77.26379301338022],[166.51469364800005,-77.2970400123818],[166.4559894250002,-77.31403513338252]],[[160.01558246800002,-77.22329599937834],[159.98687477200008,-77.20646412537751],[160.02240349400003,-77.17772223237611],[160.13321213000015,-77.18277702537652],[160.06715382299996,-77.2217332763781],[160.01558246800002,-77.22329599937834]],[[161.17004927100004,-77.17066701437584],[161.1611403080002,-77.18545152437665],[160.99265141700016,-77.20669060437741],[160.8969845250001,-77.18953837437677],[160.9915051050001,-77.16554835137569],[161.17004927100004,-77.17066701437584]],[[160.3991639870001,-77.15364705037516],[160.35221977900005,-77.24720656037944],[160.26665459600008,-77.24136353437903],[160.26367734400014,-77.21394145637784],[160.20820957700005,-77.17483265437599],[160.3991639870001,-77.15364705037516]],[[163.83393536800017,-77.51347097939176],[163.72235068900014,-77.54136873039306],[163.6399963360003,-77.54477969839343],[163.50921925800014,-77.56201554539386],[163.69552054300016,-77.603518387396],[163.69040975700022,-77.63432357039743],[163.60732310300014,-77.65837360739864],[163.240718965,-77.68340751239971],[163.03935808000003,-77.71806418140152],[162.9324582630001,-77.7493803244027],[162.8174107310001,-77.75346432440287],[162.65418818800003,-77.80322971540518],[162.51273479800017,-77.81276446940564],[162.42351460100022,-77.80582022740542],[162.24646426000015,-77.80916343440563],[162.16680144900008,-77.81868444140599],[161.83239137300006,-77.82482687140637],[161.66329093700017,-77.81587231240592],[161.62584141800014,-77.80471582740542],[161.71355790000018,-77.7793357494043],[161.88429700300014,-77.76955708240372],[162.022765259,-77.75061732740288],[161.9619892290001,-77.73378578740216],[161.72902033800003,-77.7321015274019],[161.55169205500007,-77.77127973140387],[161.39557938200016,-77.78021266440419],[161.28646842000023,-77.80587152440553],[161.16800676800008,-77.78593415440452],[161.1163968530003,-77.76118305440346],[161.188418886,-77.71494795640115],[160.9537575250001,-77.67494111639945],[160.77417936900008,-77.65706250939844],[160.58173515600015,-77.65298186239833],[160.40173907900004,-77.60455623639612],[160.35996516300028,-77.56781398139444],[160.12411625400034,-77.57993270839484],[160.06120501500004,-77.55792031339388],[160.11187682600016,-77.53841913839307],[160.24647683100008,-77.53088866539242],[160.43956260000016,-77.560352743394],[160.67282569100007,-77.56812444739434],[160.73199792900016,-77.5341120123928],[160.691216766,-77.52129054439219],[160.48957056100005,-77.51681577939188],[160.53506989900004,-77.47620996939011],[160.4469033060002,-77.4639507603894],[160.51115413700032,-77.44592832038863],[160.3853593220001,-77.43232599438794],[160.34988776700015,-77.41628637838738],[160.4700985520002,-77.40026553838648],[160.62099097700002,-77.40648524838679],[160.57156203400007,-77.36608010038512],[160.42496467000024,-77.34923934038416],[160.45052764200022,-77.3253143623831],[160.40447845100005,-77.29675519538164],[160.43267116200013,-77.27090774338059],[160.4233052210003,-77.22094554437821],[160.6110423240001,-77.19239660437694],[160.6564357110002,-77.16857673437575],[160.83901107100016,-77.17237072037582],[160.8428467980002,-77.20248909037734],[160.89679978700002,-77.21435501937783],[160.84071108800003,-77.23845903637898],[160.72742325300024,-77.22606621937831],[160.6086259870001,-77.24388766037923],[160.65974103100004,-77.29840106638194],[160.83244803700006,-77.2642919033801],[160.92960573200003,-77.25825206937994],[160.9420459920002,-77.23513812437886],[161.00908548300023,-77.21061266637767],[161.093213673,-77.22587025037828],[160.9503462580002,-77.23865819037908],[160.98574472500013,-77.26732900338034],[160.88922573,-77.28687359838125],[161.0081557640002,-77.31408830738258],[161.19107293300033,-77.28927534938124],[161.26513546100023,-77.26460974538021],[161.51272440300033,-77.2687416903803],[161.44506330800013,-77.25031189037949],[161.44195412300016,-77.22780211237855],[161.36982731800015,-77.19826377037715],[161.4923117800001,-77.17492586137622],[161.58434964000014,-77.14681445537477],[161.65873134900005,-77.14685334737494],[161.76989403500025,-77.16480554737565],[162.05283115400007,-77.22758569137842],[162.14677237800012,-77.23429423437882],[162.01218226400007,-77.27022947938038],[162.14056004399998,-77.28599400138121],[162.21103159500024,-77.304920513382],[162.2119494130002,-77.3311664423833],[162.37359095899998,-77.3288890773834],[162.36000472800026,-77.36464729738482],[162.50480065200009,-77.36875007238496],[162.51703437900005,-77.38676060938585],[162.78280384800016,-77.37026770038513],[163.02806648000012,-77.3767013163854],[162.79216409100002,-77.41408931338722],[162.77393377900015,-77.43068599038797],[162.8354697140002,-77.4542748553892],[162.9389611140001,-77.46677596638958],[162.8199541330002,-77.49881446239118],[162.8011312230002,-77.51856323939191],[162.6720416470001,-77.5039956533913],[162.52514018600004,-77.52322072939226],[162.45291916600002,-77.55410285839389],[162.41917914200008,-77.6090769333963],[162.32374091300014,-77.62201658539682],[162.46779470200008,-77.6381477313977],[162.59025201000009,-77.62312718739689],[162.60589097300004,-77.60453092339611],[162.90768687900004,-77.60095721239585],[162.91254084000008,-77.62591350139708],[163.05010619900008,-77.61970032939676],[162.96175905900012,-77.59766161439563],[162.83878928200025,-77.59071251139531],[162.8451208070002,-77.56779202039438],[162.67055268500005,-77.58530132039512],[162.71269238500008,-77.52783815439251],[162.89941444200005,-77.54836142039338],[162.96245274900005,-77.57196101239452],[163.17177845700007,-77.55805459239373],[163.34128440900008,-77.5851750883951],[163.363297812,-77.56826224539431],[163.2442762460001,-77.54699684539331],[163.2561530730001,-77.53044006539267],[163.58891241200013,-77.51197673739188],[163.57184735500005,-77.48527634139053],[163.64423031600018,-77.46144406738928],[163.64857214399998,-77.41609041038731],[163.78144514200017,-77.43329980438801],[163.75383698400006,-77.46142814238952],[163.84631975700012,-77.48277182839053],[163.83393536800017,-77.51347097939176]],[[162.37530841300003,-77.39980755038646],[162.30683175900015,-77.39277814838611],[162.2567015840002,-77.45012413538869],[162.353533727,-77.43275213038794],[162.48566208000022,-77.42530631538777],[162.37530841300003,-77.39980755038646]],[[162.33738447700014,-77.58448123439503],[162.2614311610001,-77.54078987639305],[162.22189924100007,-77.60130640239595],[162.33738447700014,-77.58448123439503]],[[161.59366076300023,-77.6369782873975],[161.4208364140001,-77.64431782139783],[161.35314413700007,-77.66961810239914],[161.42019955600009,-77.68757147539988],[161.5139863830001,-77.6780833253995],[161.6890014290001,-77.6985938504004],[161.8456347880001,-77.67958050139951],[161.84820853600013,-77.65766215139857],[161.98545370400007,-77.66175889139863],[162.06463070100025,-77.6804181883995],[162.1308351880001,-77.6550481693985],[161.90710618000003,-77.63827798639757],[161.85555141900022,-77.65067013239822],[161.74219300800019,-77.63645827439755],[161.59366076300023,-77.6369782873975]],[[162.13607589400007,-77.57816898839474],[161.91010807900022,-77.58600087439505],[161.92123203900005,-77.60703409439624],[162.13607589400007,-77.57816898839474]],[[160.99804450100007,-77.11943931637354],[161.0484350140001,-77.14058485537454],[160.82161677000008,-77.14127669837448],[160.82292753200022,-77.12549977037371],[160.99804450100007,-77.11943931637354]],[[162.537383975,-77.07834903137166],[162.4648167820001,-77.09028687737224],[162.43242523700005,-77.11638495037346],[162.32065955600032,-77.12276374837359],[162.06453632300006,-77.15728094237541],[162.01806116500003,-77.18941784137682],[161.93235667300007,-77.15974036037522],[162.09746648600014,-77.13491248437425],[162.0538059720002,-77.11182368437323],[162.32690307100023,-77.11839526637357],[162.39918159000013,-77.08295086537183],[162.537383975,-77.07834903137166]],[[161.5400572970001,-77.13204168037413],[161.452177537,-77.16134750837554],[161.3084734370001,-77.1703656013758],[161.27127855800003,-77.1591931903752],[161.44658713900003,-77.12629504537382],[161.53951549400006,-77.06641017937109],[161.5811489230002,-77.06349277337091],[161.7672654700001,-77.088113617372],[161.65569039500002,-77.1159687043733],[161.5400572970001,-77.13204168037413]],[[161.68989997100002,-77.0535645723706],[161.61875853900005,-77.03563215436964],[161.7965739780002,-76.99835127736799],[161.86260144400012,-77.00555921436819],[161.68989997100002,-77.0535645723706]],[[166.96803669100015,-76.96473590036635],[166.90570252600003,-76.97417660436672],[166.89294991200015,-76.96063432636616],[166.9520018500001,-76.94731988436557],[166.85841096500008,-76.92862976136473],[166.86008262800007,-76.92702664936455],[166.98782558800028,-76.94497715636547],[166.96803669100015,-76.96473590036635]],[[161.82403360700013,-76.92758300936472],[161.86810835400013,-76.94300504636531],[161.73254476500006,-76.95508236836599],[161.66916984000008,-76.93519176936503],[161.82403360700013,-76.92758300936472]],[[162.55494209000017,-76.92366204036446],[162.5062758680001,-76.93544825536509],[162.34781399500014,-76.94620369136551],[162.39238252300004,-76.90817420136364],[162.49345104900007,-76.8979063663631],[162.55494209000017,-76.92366204036446]],[[161.84037564200003,-76.85632071136125],[161.8123955000001,-76.87489350736207],[161.68837446300006,-76.8802208793625],[161.71766604200013,-76.85218943736116],[161.84037564200003,-76.85632071136125]],[[162.4090715690001,-76.7355359293557],[162.36059632200022,-76.77490725235765],[162.404749356,-76.80049134635877],[162.50332761900017,-76.83014167035999],[162.47143546700022,-76.85727574536145],[162.3268539520001,-76.84585305036092],[162.23214595100023,-76.8090259713593],[162.15379876300017,-76.79445117635849],[162.18697083000006,-76.77055687635746],[162.14354903200024,-76.74340855135607],[162.32910298400023,-76.7429344713561],[162.4090715690001,-76.7355359293557]],[[160.03802049600014,-76.89806998136336],[159.9942952760002,-76.88865693236289],[159.97490423600004,-76.85136448936112],[159.92095359400025,-76.82539080535982],[159.79435210200006,-76.82178323235969],[159.71492365000006,-76.8031601453589],[159.71247730700009,-76.77478186035754],[159.80252228500024,-76.7566925323566],[159.9743099610001,-76.75221927635639],[160.1216197870001,-76.73101355635559],[160.21003951400016,-76.71017546635456],[160.29376218600032,-76.74585724135612],[160.13204905900008,-76.77447608835762],[160.07873359400003,-76.80775326235903],[160.13636356100005,-76.84198413036069],[160.0450101680001,-76.86958222736197],[160.03802049600014,-76.89806998136336]],[[161.47989348400006,-76.68507919935337],[161.54045275700025,-76.70498119835423],[161.4955527300002,-76.72842606135546],[161.34132782800017,-76.720540531355],[161.3333789320001,-76.694727948354],[161.47989348400006,-76.68507919935337]],[[161.65288329200007,-76.6417995603516],[161.72702779300013,-76.63842148535139],[161.81741391200012,-76.653787028352],[161.769404533,-76.68054240935334],[161.68168805000005,-76.69183367435376],[161.65288329200007,-76.6417995603516]],[[159.47865078300003,-76.77829840435777],[159.45847067200017,-76.761283973357],[159.54217993300006,-76.73063117335558],[159.51808614200004,-76.70238012535428],[159.57845280100014,-76.66975154335267],[159.64156738100004,-76.69657548735385],[159.72349448400007,-76.69377526035386],[159.827722319,-76.65615692835203],[159.80067189300007,-76.63724583835113],[159.8923709570001,-76.62317664135051],[159.9360115200001,-76.67401642435286],[159.75054155600017,-76.73843523135574],[159.5984250380002,-76.74416543735619],[159.5777167020001,-76.762996732357],[159.47865078300003,-76.77829840435777]],[[162.18405845100006,-76.57877567034856],[162.23927459800018,-76.60399917434971],[162.1692311930002,-76.62224373435056],[162.09294276900005,-76.61491174535013],[162.18405845100006,-76.57877567034856]],[[161.18015449600006,-76.95809650136609],[161.0361717840001,-77.00238096336805],[160.79326497200006,-76.99357912336787],[160.79345591000015,-76.96074367536629],[160.69837625800017,-76.94113051736537],[160.77386655800024,-76.91315221536394],[160.7192974940001,-76.9003320903634],[160.70165525800022,-76.83232767136015],[160.78134673700012,-76.80691305935906],[160.59981459400035,-76.78075799135777],[160.57874415700005,-76.742512525356],[160.50243259900003,-76.73752093235592],[160.47904121100032,-76.70743391235462],[160.30428818400011,-76.6844227283535],[160.32243233000017,-76.63960853035142],[160.3941400420001,-76.61237336935012],[160.45699562100003,-76.62260717435048],[160.55627947200003,-76.54561936334693],[160.6447424490001,-76.55783196934755],[160.55505990400002,-76.60957180134993],[160.6136480910002,-76.60913577434994],[160.73453110800008,-76.58200589034861],[160.90291355200011,-76.56274192234793],[161.04652461000012,-76.55324019234733],[160.98897544700014,-76.59621338934927],[160.922073414,-76.57120999334815],[160.8078419420001,-76.57814870434851],[160.63853128900007,-76.63660076635121],[160.78883479700013,-76.64868244635183],[160.78941448900017,-76.6646526613524],[160.95399557100006,-76.6657015733527],[161.18654737600022,-76.62207157035049],[161.26304048500003,-76.66046589835237],[161.17242218700028,-76.7127951473548],[161.23573760000008,-76.76579293635727],[161.33311238600024,-76.78101967535795],[161.28036706200012,-76.79791910735872],[161.46351289100014,-76.8332076033603],[161.31866315100012,-76.88638342436273],[161.21581095900012,-76.89286431436312],[161.12107798100018,-76.9172310203643],[161.18015449600006,-76.95809650136609]],[[161.13021844900015,-76.77388097235753],[160.9545606800002,-76.77606278335774],[160.90874501100006,-76.7910499673584],[160.8704249440001,-76.84572447236083],[160.90969484700008,-76.86657429736174],[161.0089007460002,-76.86237865036176],[161.0660316530001,-76.89035946536286],[161.2527387880001,-76.86230388336162],[161.20566482900028,-76.82310103635983],[161.09666953200005,-76.82496902835993],[161.04355054100017,-76.80239336835879],[161.13021844900015,-76.77388097235753]],[[160.8656769310002,-76.93828452436522],[160.79271444800005,-76.93485246936504],[160.8334895700001,-76.98208048836702],[160.9520162680002,-76.97907423436696],[160.8656769310002,-76.93828452436522]],[[162.1571495170001,-76.50643177134525],[162.10951815800001,-76.51673145834566],[162.11111239600024,-76.5470494843471],[162.0250404450002,-76.54679584734723],[162.05272571300006,-76.51738038434569],[162.1571495170001,-76.50643177134525]],[[162.037162189,-76.2985754103358],[162.07973607200017,-76.32120722833666],[162.020800707,-76.33977566533771],[161.957637844,-76.30104304333595],[162.037162189,-76.2985754103358]],[[161.85069410700004,-76.1231535073278],[162.03211058100018,-76.16364498832968],[162.03236337900032,-76.18486093433049],[161.9346132490002,-76.19417574733096],[161.7677982230003,-76.18188418433041],[161.7529151410001,-76.14049885632853],[161.85069410700004,-76.1231535073278]],[[160.756091885,-76.14763403832885],[160.76666063200014,-76.10088948632658],[160.83695833900003,-76.10404812432691],[160.756091885,-76.14763403832885]],[[159.99463138900023,-76.04704747232428],[160.0631631970001,-76.00080650632214],[160.22875228800027,-76.01195863332266],[159.99463138900023,-76.04704747232428]],[[160.78338974300004,-76.00874869832231],[160.86529253600017,-76.0275657423233],[160.74516841900004,-76.05161326432432],[160.6199038420001,-76.05764354332473],[160.62466208200013,-76.03385418432352],[160.78338974300004,-76.00874869832231]],[[159.63983350300018,-76.00601854332244],[159.48774364000016,-76.00899462232249],[159.46274678400013,-75.98427420032132],[159.58326552200012,-75.98900528432162],[159.63983350300018,-76.00601854332244]],[[160.44210550100013,-75.9587229653202],[160.64196216900004,-75.96448988432044],[160.6548875730001,-75.98408024332137],[160.4085004250001,-76.01824003332277],[160.44210550100013,-75.9587229653202]],[[158.5656938630001,-75.96425368232056],[158.4108951370001,-75.9668693403206],[158.3077981890001,-75.94741024131977],[158.33872474400002,-75.92530899831876],[158.3058455400001,-75.89842906131742],[158.4515854360002,-75.90713333631757],[158.52802440200003,-75.92122583631847],[158.5656938630001,-75.96425368232056]],[[160.00192448400014,-75.89419083531718],[159.9884648200001,-75.92485251931853],[159.8297497320002,-75.92467582931859],[159.7760146720003,-75.96163785732041],[159.61633130600012,-75.95570329931994],[159.63344330200013,-75.92678320831872],[159.69033314700002,-75.9062190383178],[159.7646625550001,-75.90873411331793],[160.00192448400014,-75.89419083531718]],[[160.16587089000018,-75.83839650731468],[160.05923124600008,-75.86453179331585],[159.99866224800007,-75.84267899031487],[160.0871656250002,-75.83168226431437],[160.16587089000018,-75.83839650731468]],[[158.58552729800013,-75.81658410331373],[158.47671607000007,-75.81314718631364],[158.3900746490001,-75.78994523131257],[158.42896870600003,-75.77646109131183],[158.60193538100006,-75.79879853631286],[158.58552729800013,-75.81658410331373]],[[160.80005230300011,-75.64245754030568],[160.84782649000005,-75.665832666307],[160.7790928410002,-75.6762921113073],[160.80932788700022,-75.70543432430864],[160.92813940100018,-75.69761283230827],[160.92600838700002,-75.71711669030921],[160.72317882100003,-75.70716317630864],[160.80005230300011,-75.64245754030568]],[[159.279123856,-75.75790774031097],[159.1805432490002,-75.7528512723108],[159.07432353900015,-75.71053169630889],[158.91688752800007,-75.67425631430733],[159.005839841,-75.64552045630582],[159.12292032400023,-75.66891100430689],[159.35941078500014,-75.63602442730567],[159.31364608000013,-75.66900505030691],[159.31797365600005,-75.69848237130836],[159.27423150500007,-75.72057070630927],[159.3353153170001,-75.73966720431028],[159.279123856,-75.75790774031097]],[[160.9330330930001,-75.58555126830333],[160.9674116520001,-75.59663147830358],[160.88955631300007,-75.625468924305],[160.778158262,-75.60536726930427],[160.9330330930001,-75.58555126830333]],[[73.36351132900018,-53.01210053856967],[73.40971348800014,-53.01544471857019],[73.44444256300011,-53.02822510857258],[73.48637353700008,-53.0121108995696],[73.53166163000013,-53.01072285656933],[73.63276649300008,-53.044338311575764],[73.66333060000005,-53.07406305558138],[73.74665862000006,-53.12489125159089],[73.68859851800015,-53.13878425559353],[73.61833151500012,-53.17211807859986],[73.55055259600014,-53.19378563360382],[73.50999457800009,-53.19739471360459],[73.46054051100015,-53.18711749460265],[73.39665263900014,-53.13628242559307],[73.37998958300005,-53.09461732558526],[73.35581952700005,-53.07322402658125],[73.36137354400012,-53.03767017257449],[73.31694057200006,-53.01711573457056],[73.25555453100004,-53.01711573457056],[73.23443548700006,-52.985728189564625],[73.30749550799997,-52.96405962856047],[73.36351132900018,-53.01210053856967]],[[69.8127746350001,-49.67595048781555],[69.76193252500012,-49.65677755481058],[69.79499863000018,-49.645112124807476],[69.8127746350001,-49.67595048781555]],[[69.89694252100014,-49.50594252477042],[69.98887657700004,-49.54233507278017],[69.95388749500016,-49.54594415178113],[69.84388758900006,-49.51428168077264],[69.8452756320001,-49.498442565768485],[69.89694252100014,-49.50594252477042]],[[68.73916649500012,-49.33289075772377],[68.80166649199998,-49.32622245072189],[68.78915348400011,-49.35955593873092],[68.69970650700014,-49.3606698937313],[68.65026853300002,-49.35122482972878],[68.66722160300014,-49.315106538718965],[68.73916649500012,-49.33289075772377]],[[69.64027355800005,-49.20038996768748],[69.54777556900008,-49.20538709068889],[69.5330505770001,-49.19455297768591],[69.5974886370002,-49.17483086268058],[69.64999354900004,-49.16538579867789],[69.64027355800005,-49.20038996768748]],[[69.56082149800004,-49.162882626677245],[69.5388795200002,-49.14982948967367],[69.62165852499999,-49.135661558669675],[69.62582349299998,-49.15094243867402],[69.56082149800004,-49.162882626677245]],[[69.31388861900012,-48.94010220161523],[69.40693662900007,-48.92760511961171],[69.40693662900007,-48.94010220161523],[69.37304658300015,-48.9803857956265],[69.32554650500013,-49.00483094563338],[69.33027658100019,-49.04955443464581],[69.29832459800014,-49.08343794265525],[69.21554559300016,-49.09733094765915],[69.20416263300017,-49.084276971655534],[69.19943255700014,-48.974549644624815],[69.23637361600015,-48.95066138761819],[69.28305059100018,-48.905662805605594],[69.35110460400017,-48.882049810598765],[69.36109952100003,-48.91371999360782],[69.31832851300015,-48.92649133161144],[69.31388861900012,-48.94010220161523]],[[69.21249357400018,-48.87566380659706],[69.22360261300014,-48.89843777260347],[69.1883235180001,-48.95788658862019],[69.15222148800018,-48.98594065062804],[69.13888554400006,-48.96872070162322],[69.1549985800001,-48.94482523661655],[69.14804059400007,-48.92205127061016],[69.17666663800001,-48.88594085759998],[69.21249357400018,-48.87566380659706]],[[69.48805249700018,-48.85677334359168],[69.45748855700016,-48.883438859599245],[69.40277048800006,-48.837051395586094],[69.45082058600006,-48.82621711558306],[69.45498655900008,-48.84426838258807],[69.48805249700018,-48.85677334359168]],[[69.07638554800008,-48.662046477536066],[69.0374905000001,-48.674825527539845],[69.08137563000014,-48.72926917355534],[69.11555451700008,-48.73454926955695],[68.96415756400006,-48.818992250581],[68.92304952600011,-48.833160348585025],[68.90554861500007,-48.87677072059729],[68.94860863100001,-48.86566151359415],[68.95111062900007,-48.84510841658845],[69.01609753600019,-48.830383256584255],[69.07943756700013,-48.78565859457145],[69.15277050200012,-48.75593435456305],[69.1797174830001,-48.75482827856261],[69.18582152000005,-48.78232460857054],[69.11444056200017,-48.80371790757662],[69.13388054200016,-48.83621940858577],[69.12998949500019,-48.883438859599245],[69.05499258400016,-48.923440151610556],[69.0569306480001,-48.943993416616316],[69.11248757800006,-48.91760299460886],[69.11305251900018,-48.95677246561998],[69.0802765950001,-48.96955252162355],[69.027496589,-49.00344189663305],[69.00166356300008,-49.03483044864168],[69.01165764200005,-49.06232644364939],[68.99971058000006,-49.08233069365498],[69.04916364100006,-49.08316268165507],[69.05970757200002,-49.01954822663748],[69.10388154300006,-48.99371503363025],[69.15805059799999,-49.01761016363683],[69.18443263900019,-49.06843752165111],[69.16943355800002,-49.09983311365979],[69.21720856200017,-49.123438396666295],[69.24777250200003,-49.10927113666248],[69.31805459200012,-49.10093902166007],[69.35083051600007,-49.08788571565654],[69.40582250600016,-49.03483044864168],[69.46026648800006,-49.03649324964216],[69.43971255300016,-49.08510795365572],[69.45971663500012,-49.088441938656665],[69.49137860400016,-49.061220534649145],[69.49581950400007,-49.02955035164023],[69.52442962100018,-49.00705114463404],[69.53193662200002,-48.97065876462377],[69.54777556900008,-48.953713406619016],[69.5874935520002,-48.955109496619414],[69.61665352300014,-48.97232961362429],[69.61109950600007,-49.00593685463369],[69.58583058300013,-49.02093727563789],[69.59220853999999,-49.0403844646433],[69.63693253200017,-49.04927263464567],[69.65887451000005,-49.07344269065238],[69.61555448800004,-49.123438396666295],[69.5233305860001,-49.13677551367003],[69.48138452500005,-49.12288217366618],[69.35360760800017,-49.11538204666416],[69.33305350500012,-49.155940734675305],[69.28248548300013,-49.18427609368318],[69.30110152200007,-49.19816222568697],[69.35610960600005,-49.17232869667992],[69.37110851900017,-49.14094048067121],[69.40777549000012,-49.1306642676682],[69.45249948100017,-49.16871978467893],[69.43026748900013,-49.18288788268274],[69.43527249100015,-49.21677826469213],[69.46333359400018,-49.23816368469798],[69.50221254900009,-49.23621740669735],[69.50416553200017,-49.27538788470807],[69.551376602,-49.26511083270526],[69.65859958400006,-49.260105663703904],[69.70388751000011,-49.24843973070068],[69.72387650500015,-49.264278677705015],[69.6880495680001,-49.28899825171188],[69.60610959200017,-49.28594690271102],[69.6088865160001,-49.305943441716494],[69.69415260000005,-49.30955218671739],[69.7363735870001,-49.2959411497137],[69.76388550800014,-49.26566772670548],[69.81109657800005,-49.26511083270526],[69.85638450300006,-49.2467767607003],[69.84805255600014,-49.21233015669093],[69.89860549100008,-49.20427330368861],[69.90470852200008,-49.17955372968182],[69.95111057100007,-49.176776972681076],[69.95111057100007,-49.16038867567653],[69.98359664800012,-49.14732665267299],[70.04222152300014,-49.137606495670255],[70.07888748800012,-49.1178840446648],[70.144164576,-49.135661558669675],[70.14305162700003,-49.165110704677915],[70.19332863000017,-49.14844060767322],[70.22499059800015,-49.153994624674745],[70.2458196280001,-49.1264982936671],[70.25498959700008,-49.08593994065591],[70.30610663400006,-49.050943483646236],[70.45693948500019,-49.06288367264957],[70.52638254700008,-49.092608080657726],[70.52722157500006,-49.16121982567672],[70.55583152500009,-49.190662098684925],[70.56860353400003,-49.22344623669385],[70.56166063600006,-49.25649658370292],[70.50555452300004,-49.329556436722896],[70.4511105420001,-49.36927609673369],[70.40582261600012,-49.3606698937313],[70.35943548700016,-49.3362247437247],[70.34359754600007,-49.36427880573229],[70.30693057500015,-49.38011020973665],[70.32192948800008,-49.404836488743264],[70.37249751000007,-49.41233661574531],[70.41888463800018,-49.41066543174479],[70.4105525240002,-49.43538584375156],[70.30305461500006,-49.43289071875076],[70.25833163000009,-49.36372207973217],[70.20582554400016,-49.34344256772669],[70.1277776200002,-49.33927659472553],[70.04026753400018,-49.36483586673244],[69.95944251800017,-49.35594669173004],[69.89416459100018,-49.33649966972464],[69.87832648200005,-49.34566276672723],[69.82249462500016,-49.34760787072774],[69.92248553300004,-49.39233236573986],[69.89610248700006,-49.411497419745075],[69.88638249700017,-49.438169808752164],[69.83166459500018,-49.392057271739795],[69.80860849400005,-49.404280432743164],[69.77471962100013,-49.398725242741655],[69.79249562600006,-49.43594189875166],[69.71137959000009,-49.413168435745526],[69.69665560400007,-49.42122445074763],[69.76721161500012,-49.45094198475569],[69.76304664700012,-49.4645530227593],[69.80194052200011,-49.494277430767326],[69.8122105330001,-49.53400379577795],[69.84082048300012,-49.549835031782166],[69.89471461100015,-49.55594627778374],[70.00248761400013,-49.58289359279095],[70.04693550500005,-49.588447609792446],[70.11888157099996,-49.617059068800074],[70.12110864300006,-49.59789367979492],[70.04054262800003,-49.56233228178555],[70.04582255600008,-49.52455873177545],[70.15361064600017,-49.50539367777028],[70.1969294950001,-49.51816468077373],[70.316375639,-49.53649908877864],[70.33637955400003,-49.55094915478241],[70.31666548500003,-49.59816759979511],[70.2924955970002,-49.61678380679999],[70.233047619,-49.607338910797466],[70.24165348600019,-49.63066993880367],[70.28109754900004,-49.65872332981101],[70.25360155400007,-49.68900496681905],[70.14776661500004,-49.68622787481831],[70.1286015610001,-49.70817002082407],[70.08415249700009,-49.72066710382737],[70.04693550500005,-49.70427914182301],[70.01832555500005,-49.70622391082364],[69.95388749500016,-49.694558983820436],[69.87944060500007,-49.70011283282197],[69.85083048700005,-49.6842817648178],[69.81416351600012,-49.62594707080243],[69.77915951500017,-49.59372753879386],[69.7869416090001,-49.531226871777235],[69.75637850800007,-49.50316560076972],[69.64332557700004,-49.49928243276865],[69.65499855100006,-49.53289000877754],[69.69082649300006,-49.54399921578049],[69.72109958000016,-49.579002378789944],[69.717773641,-49.63594919680502],[69.69749463199996,-49.6640024208123],[69.6413875130001,-49.665948530812926],[69.61082458000001,-49.64455539880739],[69.54832458300018,-49.64650117380789],[69.44583150900019,-49.62344389980175],[69.37332150900018,-49.567612209786915],[69.31748948400006,-49.554832154783576],[69.27722164800008,-49.564278391786075],[69.25471456200016,-49.51066555977171],[69.2074885720001,-49.486502376765216],[69.19526658400015,-49.52261278977485],[69.22555559700008,-49.546776139781386],[69.20304851000009,-49.56649842278662],[69.18249558100013,-49.53900091877933],[69.14360053300015,-49.51621957677316],[69.17637662400017,-49.586227411791775],[69.14887962300014,-49.594276552793964],[69.12721257100007,-49.617615962800215],[69.1024935,-49.58567068579165],[69.09887654099997,-49.540389967779696],[69.0677645930001,-49.56011225078485],[69.08833361600011,-49.60816989279763],[69.10916163900016,-49.62899908980318],[69.10610962100003,-49.67289176381473],[69.03582753,-49.69567277082083],[69.00665264000014,-49.718172313826706],[68.98110962800006,-49.72205514682777],[68.94970649200019,-49.70817002082407],[68.93026751800011,-49.72289518082798],[68.84443649400015,-49.715944235826136],[68.79777561200012,-49.71983511582715],[68.75776660900009,-49.6637284998124],[68.78082254300011,-49.63039501180352],[68.76998859800017,-49.596779556794615],[68.78193649800016,-49.57705744178941],[68.82611063600011,-49.5506670197824],[68.81776460700011,-49.49761141676826],[68.82666048900006,-49.473166265761535],[68.85415648400004,-49.47066410076104],[68.893600547,-49.448446859754974],[68.9058225350002,-49.42177447074787],[68.88082853800012,-49.40150250274241],[68.80915857200011,-49.364552893732444],[68.82138056100018,-49.33788855172507],[68.91415364400018,-49.32372062072126],[68.92027260100014,-49.28872399571178],[68.89804060900006,-49.287884128711525],[68.8608246230001,-49.31705231371947],[68.81193549700009,-49.2870531467113],[68.85110463300003,-49.27177880470713],[68.77915957300019,-49.244274427699644],[68.75888056400015,-49.21788417269241],[68.79777561200012,-49.17038292167925],[68.82304353,-49.16649958567826],[68.86471550300018,-49.18038487968204],[68.89776652100011,-49.16094573667667],[68.87998951000014,-49.14760862067309],[68.84111055500017,-49.15622270167543],[68.76777661300021,-49.10538712966136],[68.77665757500009,-49.08649683465607],[68.73916649500012,-49.06955164365139],[68.7716525730001,-49.02871937064002],[68.81721458700008,-49.053720407646956],[68.83415256900018,-49.044275511644386],[68.79638656300006,-49.00066497263223],[68.79693557800005,-48.97065876462377],[68.90165756800008,-48.963440437621685],[68.85333254300014,-48.92594231761115],[68.82611063600011,-48.8823247375989],[68.78999351800012,-48.86483069959403],[68.79054253300018,-48.84426838258807],[68.86499059700003,-48.818161100580774],[68.89637763900014,-48.81982407058127],[68.8991545640001,-48.78538484157142],[68.95082061500011,-48.75232544256196],[68.9188845580001,-48.73621240655741],[68.939987508,-48.71732898455205],[68.96916155999997,-48.660383507535684],[68.9952695120001,-48.66426650853677],[69.02665756000017,-48.65065530353274],[69.07638554800008,-48.662046477536066]],[[68.68304462499998,-48.63038417352702],[68.64193759200009,-48.65260141353338],[68.62081955500008,-48.62676822052587],[68.68304462499998,-48.63038417352702]],[[68.79777561200012,-48.61288192152198],[68.77415457100015,-48.59815692951771],[68.78721659400009,-48.57510066051096],[68.8247065000001,-48.56843268850898],[68.82304353,-48.59815692951771],[68.79777561200012,-48.61288192152198]],[[37.85083050500004,-46.95481188700937],[37.82916261500009,-46.967315843013516],[37.786384566000095,-46.955368781009525],[37.698051544,-46.95953391601091],[37.60916146100015,-46.95175970100843],[37.57582847600002,-46.92036477899803],[37.581382493000156,-46.89786557199063],[37.62832651500015,-46.86064941897831],[37.65415954100007,-46.828979235967815],[37.70027157500016,-46.821480114965254],[37.781944505000176,-46.83009335896817],[37.84722159300003,-46.85620131097678],[37.866104512,-46.88342338498583],[37.892219505000135,-46.89369959898926],[37.85083050500004,-46.95481188700937]],[[37.97471654300011,-46.646476369906736],[37.95944253600009,-46.65647832691007],[37.87610647000013,-46.649253294907666],[37.85610959600012,-46.631758418901704],[37.872772484000166,-46.60786312089359],[37.90249655700006,-46.59425208388904],[37.94277160100017,-46.60120319589135],[37.978881511000104,-46.6184221398972],[37.97471654300011,-46.646476369906736]],[[52.20138552400016,-46.37119824081295],[52.25721754900001,-46.37592110781463],[52.31082954300018,-46.40592044182497],[52.298606549000105,-46.44258758083746],[52.24221762999996,-46.46120244684389],[52.19138356700011,-46.46147770784399],[52.10944359000006,-46.42953360483311],[52.100555588000134,-46.39703143382191],[52.178329591,-46.369253303812336],[52.20138552400016,-46.37119824081295]],[[51.818054605000164,-46.379255093815765],[51.841941520000084,-46.3800874168161],[51.86305251700003,-46.41314530782745],[51.81944248100006,-46.45147558284056],[51.77666459900018,-46.446195486838754],[51.72444148700003,-46.451757550840675],[51.65083362500006,-46.38369515581723],[51.655548613000114,-46.3675903348117],[51.688606504,-46.35508520580753],[51.7341614770001,-46.32425522379681],[51.784439485000064,-46.34147400080277],[51.78805560600006,-46.36620128581121],[51.818054605000164,-46.379255093815765]],[[50.27388759500019,-46.048695127700945],[50.297492542999976,-46.08175335371255],[50.28443957300004,-46.123700420727126],[50.26249658800014,-46.12981149872931],[50.18527260500008,-46.105923409720944],[50.174720627000056,-46.06536505670679],[50.19499946900003,-46.05175519270194],[50.27388759500019,-46.048695127700945]],[[-149.49022535499998,-87.30024676286497],[-149.07966751699985,-87.30918975386689],[-149.044950991,-87.33775897986844],[-149.50377034399992,-87.38839105887023],[-150.20469553999993,-87.37189261686923],[-150.1297941589999,-87.35059134286831],[-149.71532882999995,-87.3378337458674],[-149.49022535499998,-87.30024676286497]],[[-145.28040763199994,-86.58202852183084],[-146.12937673999997,-86.57968896382992],[-146.02132473999987,-86.54660172282878],[-145.49967293999998,-86.56304216182878],[-145.28040763199994,-86.58202852183084]],[[-153.06811891799998,-86.52459754282756],[-152.749349811,-86.56665996082931],[-152.28066210099996,-86.57505192483023],[-152.1395414759999,-86.5983393758313],[-152.49183484899996,-86.6086179408317],[-152.98496822799996,-86.57273734582998],[-153.64941837999984,-86.56162260282976],[-153.21558884099994,-86.54374315782862],[-153.06811891799998,-86.52459754282756]],[[-165.37302283599993,-86.59068200083122],[-165.49449443099988,-86.5659303998297],[-164.86458141399996,-86.52226334882752],[-164.10665070299993,-86.52419889882725],[-163.77976909899994,-86.54236383182874],[-164.1554768199999,-86.56363845082986],[-164.77544855799994,-86.5560256688288],[-165.37302283599993,-86.59068200083122]],[[-146.99787065899997,-86.59570812883109],[-147.26962028399996,-86.60621115983142],[-146.90070776999994,-86.65504364383452],[-146.66681133599997,-86.66590793583421],[-145.79391843099995,-86.65180236083368],[-145.9442422199999,-86.68313929183547],[-146.36160835199993,-86.72662059983757],[-147.08577355099996,-86.7391597638382],[-147.28085906899994,-86.77102441983989],[-147.01900497,-86.78256647284009],[-147.05422439899993,-86.80788016484138],[-147.5712115039999,-86.78724692884077],[-147.87648573799996,-86.76122932283924],[-147.36981373699993,-86.7497814838395],[-147.52124779099992,-86.72964646783753],[-148.0293556169999,-86.73826926983877],[-148.00426555199996,-86.71540963183688],[-148.261051634,-86.70488564483706],[-149.04336597499994,-86.69696759383547],[-149.02470601299993,-86.66429257483419],[-148.5635574869999,-86.6737175258351],[-147.8565611099999,-86.67100279383439],[-147.93164638899995,-86.68951004383545],[-147.663408956,-86.70502377983651],[-147.00896093399993,-86.71835687783745],[-146.6131431649999,-86.69483171583637],[-146.81389904599996,-86.67151392283489],[-147.17224079699994,-86.66732883683464],[-147.55907885799994,-86.64699148183387],[-147.52104998,-86.61093151383223],[-147.76518574699995,-86.58369048583046],[-148.16601489299987,-86.57417970383032],[-147.82154333999995,-86.53822886882799],[-147.332270671,-86.55248347482919],[-146.83535555999995,-86.57675429083005],[-146.99787065899997,-86.59570812883109]],[[-155.36310418999997,-86.46787785082508],[-154.95587445399994,-86.48060309382579],[-155.481307337,-86.50668239082735],[-155.6470047269999,-86.47817133582495],[-155.36310418999997,-86.46787785082508]],[[-144.93496998299995,-86.44844792182336],[-144.48295102899996,-86.4827988188255],[-144.00427912599994,-86.47863736982572],[-143.75774345299993,-86.49718418182589],[-144.42661188899996,-86.53120248482838],[-143.89807417899985,-86.53192869282819],[-143.99467849799996,-86.56346175982961],[-144.381492078,-86.56051887382961],[-144.73458709199986,-86.54105088982834],[-145.19009526999997,-86.49996663982654],[-144.93496998299995,-86.44844792182336]],[[-165.48150297599994,-86.51297921382667],[-165.75117672999997,-86.49953061282623],[-165.66718986799998,-86.46121021282504],[-165.50617259699993,-86.44635931782345],[-165.01239986399992,-86.45750909782406],[-164.14678998699998,-86.45438884982421],[-164.29301519799992,-86.49357208282616],[-164.73380338599995,-86.49265107882623],[-165.0196662989999,-86.46650321882485],[-165.39081761599994,-86.48531238482587],[-165.48150297599994,-86.51297921382667]],[[-152.41990317,-86.38182718782124],[-152.05670359099997,-86.40011013782127],[-152.10388149099998,-86.42136380182265],[-152.53077701999985,-86.40638164782152],[-152.41990317,-86.38182718782124]],[[-150.97401641999997,-86.41350660382238],[-151.45642279900002,-86.42248630782245],[-151.80276653399997,-86.40640276982187],[-151.44943213299996,-86.39101392482046],[-151.29637465799993,-86.41614422182221],[-150.97401641999997,-86.41350660382238]],[[-159.45690375699988,-86.49256658882607],[-159.92756373699996,-86.43487308882314],[-159.67674976099997,-86.39138926682091],[-159.75153648399993,-86.37418707981992],[-160.15711196499996,-86.37633133982015],[-160.06841228799993,-86.35053987781916],[-160.26883170899993,-86.28163406881576],[-159.5575997889999,-86.32333774181788],[-159.06166149699993,-86.35975259881945],[-159.21521550799997,-86.38385426782045],[-159.01244695799997,-86.42531654182265],[-159.01438888499996,-86.44650616982423],[-158.517411735,-86.48741506982572],[-158.83785285299993,-86.5281298448275],[-159.3276840919999,-86.5164426178278],[-159.45690375699988,-86.49256658882607]],[[-151.94855403399993,-86.30481506881647],[-151.74914713999993,-86.2822261668153],[-151.47596153099994,-86.29571097781616],[-151.8074505099999,-86.32998576681817],[-151.94855403399993,-86.30481506881647]],[[-150.85868307399994,-86.30110473481697],[-150.7716671459999,-86.32498897681721],[-151.15826263399998,-86.3500051118192],[-151.33151345699997,-86.30855189081748],[-151.1793092629999,-86.2687601308156],[-150.85868307399994,-86.30110473481697]],[[-149.3651904419999,-86.2521994948139],[-148.68597791099992,-86.26797105881515],[-148.91131809199993,-86.30019295081688],[-149.22727438399997,-86.29874925181667],[-149.3651904419999,-86.2521994948139]],[[-153.25379793199994,-86.28392048481528],[-153.52797310599996,-86.25624192081452],[-153.31078415799988,-86.23777373081346],[-153.02276324499996,-86.23959578981396],[-152.98869415399997,-86.26725256181496],[-153.25379793199994,-86.28392048481528]],[[-129.93394437499995,-86.26270872981463],[-129.50005497799998,-86.28019204581571],[-129.50347144999992,-86.3169539148171],[-129.85529208399993,-86.30391636181659],[-129.93394437499995,-86.26270872981463]],[[-125.82347839199996,-86.1969675928114],[-125.65542183999992,-86.20649547481166],[-125.95203622299995,-86.23701868981362],[-126.2955091379999,-86.24251068181373],[-126.39406644499985,-86.26621035481477],[-127.02021430299992,-86.25734850081457],[-126.88783718399992,-86.22756725181334],[-126.63593708800002,-86.20625055381174],[-126.23976057299988,-86.20997547381215],[-125.82347839199996,-86.1969675928114]],[[-160.92920524299996,-86.20938723181243],[-160.913730736,-86.18743434781105],[-160.65732637499994,-86.1810196758105],[-160.49614901499996,-86.20293819381168],[-160.92920524299996,-86.20938723181243]],[[-131.36217983299986,-86.17341912981067],[-130.93406641399991,-86.19231882081135],[-131.35643303199996,-86.22156748281222],[-131.7781958149999,-86.17049116281012],[-131.36217983299986,-86.17341912981067]],[[-146.55002523499996,-86.18865307681115],[-146.35261556999995,-86.22301419981292],[-146.4000717479999,-86.24496155181394],[-146.79647942699995,-86.25555259281425],[-147.15363933899997,-86.28052078381552],[-146.92280800399993,-86.30377688681665],[-146.52653913299997,-86.3054931658168],[-146.61759613599997,-86.3514986008192],[-147.42778249699992,-86.3603202218194],[-148.51451745799994,-86.34868462681894],[-148.84455184199996,-86.3548069388194],[-148.72504882499996,-86.3179260468176],[-148.14996939899996,-86.29726733081678],[-148.276530826,-86.28077576081542],[-147.9663204919999,-86.2324492088136],[-148.386061566,-86.2199093748127],[-148.30945814899994,-86.17558920581081],[-147.50440368799994,-86.24267044181353],[-147.25861198999996,-86.23423723681341],[-147.28341957999996,-86.1973342178115],[-146.79389092499994,-86.14948124280926],[-146.35797580999994,-86.16924996981001],[-146.55002523499996,-86.18865307681115]],[[-152.39837239999994,-86.21773125181231],[-152.54964050799998,-86.19662427081148],[-152.93069068699992,-86.17948880381047],[-153.0500362939999,-86.20645674981157],[-153.49956228999991,-86.19637314881153],[-153.75273744799992,-86.17482226081098],[-152.83063352099995,-86.13740811280874],[-152.67080598499996,-86.11219785280754],[-152.33130994299998,-86.1067806268073],[-152.1091661149999,-86.13590154880859],[-151.93009674399988,-86.18693059481114],[-152.1270611559999,-86.21031644981238],[-152.39837239999994,-86.21773125181231]],[[-153.621663878,-86.12997403180803],[-153.85624493499992,-86.14085039380838],[-154.2070756619999,-86.12476467780772],[-153.9933333729999,-86.09792547780613],[-153.59149454599995,-86.11739765280778],[-153.621663878,-86.12997403180803]],[[-146.39645042899994,-86.10571897480713],[-146.22808760199993,-86.12584409880803],[-146.55397561999996,-86.149447547809],[-146.82505754199997,-86.13092755780829],[-146.56848386699994,-86.09031604780637],[-146.39645042899994,-86.10571897480713]],[[-130.99680515699998,-86.05295034680431],[-130.85906159399994,-86.07855036480572],[-130.43711139699997,-86.10572769080672],[-130.6690462899999,-86.11865879380768],[-130.79066758099995,-86.16152956280946],[-131.01324123799992,-86.17053156280996],[-131.27101352699992,-86.15670778780941],[-131.47834400199997,-86.10678565580712],[-131.33955957599986,-86.07060465280536],[-130.99680515699998,-86.05295034680431]],[[-161.89928335499997,-86.13644922280847],[-162.14114174299996,-86.13087072880818],[-161.88322762999994,-86.09944444680667],[-162.03943518999995,-86.07680977880553],[-161.94743118999992,-86.06025920180532],[-161.51260270399993,-86.11213733480716],[-161.89928335499997,-86.13644922280847]],[[-132.30308035299998,-86.03394387080381],[-132.24787510099995,-86.05182197380455],[-132.44247296599985,-86.0745191718057],[-132.85788260299987,-86.09689684980712],[-133.13771455599996,-86.09061611980616],[-132.30308035299998,-86.03394387080381]],[[-147.00620328699992,-86.06048316580488],[-147.41735474399988,-86.0884574438058],[-147.56651042899995,-86.0778189598059],[-148.41474662499994,-86.06933261580518],[-148.6454894409999,-86.04997057880423],[-148.180598232,-86.04298057180418],[-147.92604794699997,-86.05719729080441],[-147.47777201799994,-86.06492021180533],[-147.00620328699992,-86.06048316580488]],[[-158.47343538699997,-86.03497534880348],[-158.4460315899999,-86.02570495980311],[-157.75466007999992,-86.03779468680384],[-158.0075671849999,-86.05903141980492],[-158.47343538699997,-86.03497534880348]],[[-150.59306313999997,-86.08820598680599],[-150.71253631999994,-86.05615508480449],[-150.27593203399996,-86.04264445680387],[-149.70451834699998,-86.05379758980452],[-149.77468344999994,-86.07485830280594],[-150.1483818709999,-86.06361246680511],[-150.32352348799995,-86.08709521580613],[-150.59306313999997,-86.08820598680599]],[[-159.44508459599996,-86.23226396881313],[-159.3389014399999,-86.22245965281317],[-158.8440606599999,-86.24084754381332],[-158.808685507,-86.21352990481292],[-158.21466364799997,-86.23013379181319],[-158.12805792499992,-86.19257530581152],[-159.00602005199997,-86.15335435380933],[-158.72836387399994,-86.13327667180863],[-158.97583228699995,-86.08444955080583],[-159.36899565799993,-86.0790457358055],[-158.9144659969999,-86.0420915868037],[-157.57375859299995,-86.09388673980631],[-157.22853285199992,-86.08891375480597],[-156.7497710899999,-86.0582993438046],[-157.18198393799995,-86.049408823804],[-157.11492565399996,-86.03331204280343],[-156.7386211439999,-86.02194634580292],[-156.55929276499995,-86.04362564380348],[-156.32715167199993,-86.01555681780286],[-155.93646346999992,-86.01162000380239],[-155.52216041799994,-86.05053065780409],[-156.04841724899995,-86.06420858880513],[-156.46948382099995,-86.09465502580628],[-156.7393617639999,-86.10082327080659],[-156.78400547599992,-86.12833302180785],[-156.57621466699996,-86.13730887080871],[-156.45254147999998,-86.20646194681187],[-156.65442891,-86.23056059781327],[-156.98625501899994,-86.23770399381372],[-157.64404540899997,-86.21703404581284],[-157.97312173899996,-86.24988726281366],[-158.0139283789999,-86.27456812181573],[-158.58266940199994,-86.27738645381598],[-158.61604867099996,-86.30611677881679],[-159.07354268799997,-86.3017362278165],[-159.32482351699994,-86.2764600858153],[-159.18126526299991,-86.24046633581366],[-159.44508459599996,-86.23226396881313]],[[-146.0664644979999,-85.96306613480017],[-145.9586758549999,-86.0068294098023],[-146.26263832399997,-86.02043005880276],[-146.0664644979999,-85.96306613480017]],[[-160.75457190899996,-86.03834236080378],[-160.55854543199993,-86.0122612198027],[-160.18740718499996,-85.99448386680173],[-159.8910305199999,-86.00029956880233],[-160.06547425299993,-86.03122595380353],[-160.5686873829999,-86.0893990668064],[-160.85155996099988,-86.05235271680488],[-160.75457190899996,-86.03834236080378]],[[-158.4248298859999,-85.97577964280077],[-158.73331623099998,-85.99188212280177],[-158.74471965499998,-85.95105385679936],[-158.2639998759999,-85.95389096379937],[-158.4248298859999,-85.97577964280077]],[[-125.73765856599998,-85.95907232280004],[-125.4426758069999,-85.9843286838014],[-125.430760927,-86.03165343080359],[-125.84879577099997,-86.03683126980374],[-126.12418481399999,-86.02455362080283],[-126.40636723299997,-86.0327077068031],[-126.72600972399997,-85.98910687380109],[-126.61616082399993,-85.9610018388],[-126.7934948039999,-85.942702795799],[-125.73765856599998,-85.95907232280004]],[[-161.45148586299993,-85.95588568979942],[-162.19513949499995,-85.94218646979893],[-162.14086414499988,-85.92409295079783],[-161.72711429699996,-85.91651621079765],[-161.45148586299993,-85.95588568979942]],[[-154.359783778,-86.09703883980643],[-154.74997677999994,-86.10004039980662],[-154.76346159399995,-86.05760180180498],[-155.05063777699988,-86.0139208378027],[-155.77977597099994,-86.0103969168022],[-155.7314809289999,-85.9850158328013],[-154.89767837999995,-85.98655542080104],[-154.81080728799995,-85.95486360079965],[-153.76762102799995,-85.92884448579848],[-153.2647167,-85.9321940637986],[-153.16320645199997,-85.9753546798009],[-153.50810194899995,-86.00517767080197],[-153.40972820699997,-86.02486257780292],[-152.99990712399995,-86.02914120580346],[-152.6042043559999,-86.0546124788048],[-152.92120354699992,-86.07238849080554],[-153.37643041599992,-86.07977362080612],[-154.05196865499994,-86.07081772080534],[-154.359783778,-86.09703883980643]],[[-154.38338706299987,-85.9528663597997],[-154.58835502099996,-85.95999751880014],[-154.49028302499994,-85.98877930880053],[-154.2067551479999,-86.0108549038024],[-153.74228906899998,-85.96672651279981],[-154.38338706299987,-85.9528663597997]],[[-151.252288339,-85.9768860538008],[-151.58071877099994,-85.96601991779994],[-151.57545660599993,-85.93154295679817],[-151.39203249399995,-85.91576938279765],[-150.75679244399993,-85.92331896579799],[-150.40319434499995,-85.93346224679851],[-150.70945378799993,-85.95835198279977],[-151.252288339,-85.9768860538008]],[[-129.60145107899996,-85.90964371779754],[-129.55310457199994,-85.92804887579811],[-129.2588497069999,-85.95343901179957],[-129.79361650999996,-85.97362146980029],[-130.34511343499992,-85.93497333679858],[-130.0515887869999,-85.91049984579728],[-129.60145107899996,-85.90964371779754]],[[-149.26331843399993,-85.93753752879853],[-149.05770858399993,-85.97384660680082],[-149.52035210699992,-85.97709627180066],[-149.75120070499995,-85.93549401979863],[-150.25780783199997,-85.93711273379857],[-150.28778554499985,-85.91331448979712],[-149.72176698,-85.90483770079727],[-149.48490234299993,-85.93401595479826],[-149.26331843399993,-85.93753752879853]],[[-128.56038207899988,-85.897763371797],[-128.59867549599994,-85.91119772379764],[-128.36319857299992,-85.94814818479934],[-128.10287063099994,-85.96600181379993],[-127.92434809899986,-86.01358891380244],[-128.2224693699999,-86.01414228680227],[-128.31326033999986,-85.98739864080153],[-128.63734591799988,-85.9900961058018],[-128.44750780599986,-86.01933990680259],[-128.9239506219999,-86.01631018380226],[-129.17333229699994,-86.02317446280298],[-129.44903901099997,-86.0057077428019],[-128.94164080299998,-85.99191984180187],[-129.02079769399995,-85.97653770180037],[-128.64746773899995,-85.92225127879837],[-129.06140131899997,-85.93030193279827],[-129.19517888799993,-85.91558598679768],[-128.56038207899988,-85.897763371797]],[[-133.5348833129999,-86.01336947480218],[-133.7361900539999,-86.04008244380366],[-134.07309038899993,-86.02746046580336],[-133.76530678499995,-86.00525511880197],[-133.96031686899988,-85.99061276780174],[-133.94910773699993,-85.95353976279952],[-133.62834442399998,-85.91404924779786],[-133.368885692,-85.90325351979737],[-133.08386114299998,-85.90778544879738],[-132.58673763999988,-85.88824890179662],[-132.340058974,-85.91391379679811],[-131.54914144499998,-85.97227332280015],[-131.86521960699991,-85.97606831580022],[-132.13096527699997,-85.95502302479979],[-132.6110381349999,-85.94717035179902],[-133.42038982099996,-85.9534717007997],[-133.336109755,-85.9759263258009],[-133.587986877,-85.9993431928018],[-133.5348833129999,-86.01336947480218]],[[-157.973483669,-85.92662646579824],[-158.20965881099994,-85.90960851379707],[-158.55323986399995,-85.9059161167967],[-158.95110431299997,-85.91552982779787],[-159.10717172699998,-85.89268309779621],[-159.00414032899994,-85.87203075079533],[-157.88247779399993,-85.89323378979671],[-157.71263135899994,-85.91907369879738],[-157.973483669,-85.92662646579824]],[[-162.25053887499993,-85.92333254479848],[-162.39565398299996,-85.89330754979711],[-162.71090335499997,-85.90547086979755],[-162.91875568899994,-85.89379939979662],[-162.61924653599996,-85.86980468379522],[-162.04798456999995,-85.8798693427959],[-161.69466978199992,-85.86756990079506],[-161.12638322499993,-85.87525191779552],[-161.282823626,-85.88970567679642],[-161.78407688799993,-85.89537016979648],[-162.2402670149999,-85.91108020979755],[-162.25053887499993,-85.92333254479848]],[[-127.18684292599995,-85.83967675979436],[-126.64108844199994,-85.88196951279545],[-126.18507601799996,-85.89005704679657],[-127.03736368999982,-85.93200144779863],[-127.29324334699999,-85.92130915179789],[-127.3496384899999,-85.86675970479492],[-127.18684292599995,-85.83967675979436]],[[-155.766486286,-85.91050671979733],[-156.20999408399993,-85.84246860579422],[-155.86955238499993,-85.85195222879423],[-155.89203584699996,-85.86920504279546],[-155.43501976999997,-85.86338447879521],[-155.34048091599996,-85.88611972979616],[-155.766486286,-85.91050671979733]],[[-142.95215255799997,-85.84212109079411],[-142.70172449700001,-85.87850627679616],[-143.2612891719998,-85.88936553979656],[-142.95215255799997,-85.84212109079411]],[[-128.0796343119999,-85.79285140679126],[-128.00501791299996,-85.84532113579468],[-128.324417666,-85.87428833379573],[-128.66578757699983,-85.8645767217951],[-129.1151097259999,-85.87429420079586],[-129.04023449699991,-85.83200949479308],[-128.44115566099995,-85.8471106717946],[-128.41808329599982,-85.82336590479329],[-128.0796343119999,-85.79285140679126]],[[-160.16811808299994,-85.77062275779045],[-159.87364258399995,-85.77566849879105],[-159.8348145839999,-85.80105729279173],[-160.1145288589999,-85.81731282679304],[-160.27006117499988,-85.77658715579071],[-160.16811808299994,-85.77062275779045]],[[-158.81505088699998,-85.71654286478791],[-158.62912578499999,-85.71904570278804],[-158.3356162309999,-85.74695828978922],[-158.79317612399998,-85.74683826078979],[-158.81505088699998,-85.71654286478791]],[[-154.78417696499994,-85.82084060379304],[-154.815994355,-85.77440853079086],[-154.28639918099995,-85.7221403027878],[-153.75182901999992,-85.71263991478729],[-153.4881238479999,-85.73835375978888],[-153.47087890799995,-85.75728328978964],[-152.89593461099994,-85.85524246279465],[-153.15376322399993,-85.87064488679489],[-153.14266223099992,-85.82006829479309],[-153.46344968699992,-85.80715211279269],[-153.45322292599994,-85.7882834357915],[-153.89078894899995,-85.7879831957914],[-154.02802490699995,-85.83402081679382],[-154.78417696499994,-85.82084060379304]],[[-137.87609245799996,-85.72399924178788],[-137.9457772749999,-85.78125453579129],[-138.19491419999997,-85.83526016579405],[-138.37356397399998,-85.84626309379395],[-138.79262945999992,-85.83570239479423],[-138.99691461999998,-85.7653486957902],[-139.22846847599993,-85.75352718979],[-138.32562951699992,-85.71925826778835],[-137.87609245799996,-85.72399924178788]],[[-158.35121193999996,-85.71039490478775],[-158.79650625299988,-85.68305949578644],[-158.66661067799996,-85.66901812578556],[-158.34077546199993,-85.68313442978632],[-158.35121193999996,-85.71039490478775]],[[-126.38136668299995,-85.6667716067854],[-126.75762544299995,-85.70180445578738],[-127.48460595699993,-85.6916420657869],[-127.31043279399985,-85.67684179778573],[-126.98148923699988,-85.6805729197861],[-126.38136668299995,-85.6667716067854]],[[-144.8719310089999,-85.64905627978466],[-144.3439567289999,-85.65798116678471],[-144.58164312199995,-85.68503410478607],[-144.8719310089999,-85.64905627978466]],[[-136.84060949899998,-85.69266230978658],[-137.05762560299988,-85.67517631278561],[-137.38623372299998,-85.67556590378564],[-137.36902717999996,-85.64841959078461],[-137.06571934599992,-85.65539115778475],[-136.84060949899998,-85.69266230978658]],[[-68.98529897099996,-85.64838740478433],[-69.12149522999988,-85.62586153378331],[-68.77313029499999,-85.62054572878287],[-68.61241209199994,-85.63869507078412],[-68.98529897099996,-85.64838740478433]],[[-151.751797168,-85.64477044378478],[-151.73133843399992,-85.61875552078283],[-151.44803754299994,-85.62177719778288],[-151.4057312159999,-85.652233190785],[-151.751797168,-85.64477044378478]],[[-153.51594473699998,-85.66158253678526],[-153.85325159299998,-85.63386340378423],[-153.55689152599993,-85.62270038178319],[-153.51594473699998,-85.66158253678526]],[[-155.12561108399996,-85.62439402878312],[-154.80656906699994,-85.61007354178251],[-154.51051844999992,-85.65901147078506],[-155.05912580299994,-85.66306244678513],[-155.25442371699998,-85.65397042478473],[-155.12561108399996,-85.62439402878312]],[[-156.18011493699993,-85.6191972477829],[-156.07595365599994,-85.60434551478215],[-155.73801780699995,-85.6101551817824],[-155.60666260699998,-85.65043124878434],[-155.71253832699992,-85.66656725678574],[-155.367044685,-85.68103358978607],[-154.69682224899998,-85.68495430978646],[-154.63272715499997,-85.70265186678735],[-155.06816232799997,-85.73194210378837],[-155.76935541599997,-85.72804066178882],[-156.29084712999997,-85.74338072378924],[-156.43672833999997,-85.71803434178779],[-156.36193658899998,-85.6918524507868],[-155.93130759799993,-85.66136058378537],[-156.18858786999996,-85.63756552478405],[-156.18011493699993,-85.6191972477829]],[[-125.74020700099996,-85.56660983678059],[-125.51607967599989,-85.56807331778055],[-126.02063960899994,-85.6269945997835],[-126.36562026599995,-85.6427041367845],[-126.42458194899993,-85.60669831578271],[-126.124423536,-85.61422711178322],[-126.19410181499995,-85.58289252778137],[-125.74020700099996,-85.56660983678059]],[[-156.82233962899988,-85.6704693697856],[-156.91183944,-85.63438911678406],[-156.83671106999992,-85.61095313878268],[-156.90071933299996,-85.57782466078127],[-156.652944316,-85.57487456378105],[-156.77828449599997,-85.61803786178261],[-156.82233962899988,-85.6704693697856]],[[-151.46768473399993,-85.58600523378152],[-151.3608710759999,-85.55539451077988],[-151.04905510699987,-85.54939423877968],[-151.19551601399988,-85.58414210278126],[-151.46768473399993,-85.58600523378152]],[[-140.89687757199988,-85.51716295877782],[-140.48549075299997,-85.5314306397785],[-140.7158413059999,-85.54732776377932],[-140.89687757199988,-85.51716295877782]],[[-156.1123794069999,-85.50835340777813],[-155.89020725199993,-85.48768966177626],[-155.65493166799996,-85.51402812577822],[-156.03481525699993,-85.55996667377995],[-155.92160050599992,-85.57417785978139],[-155.60535117699996,-85.56386593578034],[-155.26342135599995,-85.60158501778253],[-155.37722468799998,-85.61989696878324],[-156.10978084599992,-85.58666505678131],[-156.00074799599992,-85.57991946578122],[-156.24760889299992,-85.53339720377907],[-156.1123794069999,-85.50835340777813]],[[-154.75945805799998,-85.47037130077531],[-154.45772753099996,-85.48605988377655],[-154.67856126799995,-85.50543331877762],[-154.42159799499993,-85.52946223277905],[-154.50926083099998,-85.55670460278016],[-154.70845064199995,-85.56924644878107],[-154.97870861799998,-85.51282548977777],[-154.76534886699994,-85.50435506977773],[-154.75945805799998,-85.47037130077531]],[[-176.81607515199997,-85.63238952978357],[-177.41731333199994,-85.61716212078284],[-177.37002395199997,-85.57754202178117],[-177.15374410899986,-85.55916485977953],[-177.4451479669999,-85.54865059677965],[-178.00935119599993,-85.55893368677995],[-178.50642071299993,-85.52451942277833],[-178.36211042699992,-85.50398593177734],[-177.95011743099994,-85.51019591777792],[-177.6997631229999,-85.48853371877672],[-177.16740947199995,-85.46738784577593],[-176.65984043899988,-85.50501791077721],[-176.38075815499994,-85.50147823277725],[-176.18013639099996,-85.52990295377873],[-176.19995256399991,-85.54658462377986],[-176.61774751699994,-85.56084124078036],[-176.40481456699993,-85.58514474578124],[-176.4164186439999,-85.61770711278328],[-176.81607515199997,-85.63238952978357]],[[-157.22301577399992,-85.44687781677439],[-156.64008679999992,-85.45320649777464],[-156.42183755599993,-85.46680144677558],[-156.43384345599995,-85.48932664777699],[-157.32528821599993,-85.44946917277457],[-157.22301577399992,-85.44687781677439]],[[-145.27168072599997,-85.48985269577635],[-144.8880842799999,-85.46154599177486],[-144.61078801599993,-85.4701428097759],[-145.1926720349999,-85.49896868877718],[-145.27168072599997,-85.48985269577635]],[[-146.18612827399994,-85.46089572377494],[-146.22111368899994,-85.43897351777427],[-145.85997270699997,-85.44024622677462],[-145.985487398,-85.48947986877631],[-146.21565505799992,-85.48041885977645],[-146.18612827399994,-85.46089572377494]],[[-178.74739196999994,-85.4680959487757],[-178.54425194199996,-85.44862712677494],[-178.244572132,-85.39981928577258],[-178.10532653799993,-85.40773834277267],[-178.33083871099993,-85.44465829377451],[-178.74739196999994,-85.4680959487757]],[[170.9703377740001,-85.44203844477427],[171.1351463410001,-85.39587090477218],[171.72232386600012,-85.40055689377246],[171.82834827400026,-85.42829345977376],[172.05416254000022,-85.45137873877488],[172.20710853200023,-85.49158825377663],[172.13056562300002,-85.50948211477798],[171.8172177780002,-85.51903715277817],[171.56681704300024,-85.50064305977759],[171.12020626,-85.5060341337773],[170.9703377740001,-85.44203844477427]],[[-124.54321157899992,-85.39362421877176],[-124.0199279819998,-85.41266723977292],[-124.08876891199996,-85.4253024607735],[-124.54321157899992,-85.39362421877176]],[[173.02384266600004,-85.40660058277255],[173.13056881300005,-85.45835617377543],[172.5295882910001,-85.47419428877629],[172.29824450000024,-85.46758934577589],[172.32189588200012,-85.44234019477477],[171.8807615180002,-85.40225104477283],[172.3025475940001,-85.37920549477117],[172.71846332600012,-85.3887598627716],[173.02384266600004,-85.40660058277255]],[[166.16232383400018,-85.37193754477096],[166.33089855100002,-85.40710902977266],[165.8218771150001,-85.42574653377311],[165.48743367300006,-85.41613634277249],[165.60589919200027,-85.38900243477168],[166.090634732,-85.38276747077137],[166.16232383400018,-85.37193754477096]],[[-124.32522333899995,-85.45844485477485],[-124.598941363,-85.49533630577749],[-125.07773497799995,-85.5140722147783],[-125.54365849899993,-85.51311047477809],[-125.8956958929999,-85.52298318677846],[-126.3176973929999,-85.46580014477563],[-127.18895416099994,-85.41086177677299],[-127.37625154399983,-85.40672396477248],[-127.38914275299994,-85.38129577477153],[-127.06348724299991,-85.37928478777111],[-126.8690005249999,-85.39913062877244],[-126.179027971,-85.38390807977147],[-125.78980676599997,-85.40309862277289],[-125.133708,-85.4588258957753],[-124.32522333899995,-85.45844485477485]],[[-125.49536682099992,-85.4460371177742],[-125.7815135379999,-85.43176977177401],[-125.94660322999994,-85.44320839177459],[-125.372081375,-85.499138842777],[-125.19236659199994,-85.47522425777584],[-125.49536682099992,-85.4460371177742]],[[-87.92413317999987,-85.36378261977055],[-88.24973102699992,-85.34631305076991],[-88.1130276639999,-85.31904402576828],[-87.938088226,-85.31920780876868],[-87.7336940919999,-85.3576812617703],[-87.92413317999987,-85.36378261977055]],[[-175.41103879899995,-85.39550092777225],[-175.44186376299996,-85.35033502476963],[-175.77917581799994,-85.34153888376957],[-176.05738974499994,-85.377980898771],[-176.2947012989999,-85.39240833877193],[-176.42197098299997,-85.36143417677019],[-176.15668766899995,-85.35181577177003],[-175.74528743599996,-85.31703102776812],[-175.33639608299995,-85.31952900376808],[-175.1154458459999,-85.33629315176911],[-174.80753751099996,-85.32668396676843],[-174.57025361999993,-85.34804257276977],[-174.70643310899993,-85.36666633077046],[-174.65603974899992,-85.39122581977226],[-174.38011342799996,-85.41580341377326],[-174.6864622129999,-85.44029651777454],[-174.4735718489999,-85.47525241977633],[-174.79816318699994,-85.47710197277586],[-174.9092356909999,-85.43382685877391],[-175.02575893499989,-85.43275732877399],[-175.41103879899995,-85.39550092777225]],[[-176.9057367439999,-85.33640312176938],[-176.831485798,-85.31995212276813],[-176.56033245699996,-85.31312438876796],[-176.5002016719999,-85.33613775076866],[-176.814804458,-85.35153346877007],[-176.9057367439999,-85.33640312176938]],[[167.5501393930001,-85.31390256476809],[167.97947455300005,-85.36098423677036],[168.164614438,-85.38848141577186],[168.22342357000002,-85.41867304277307],[167.60288053100012,-85.41933688977333],[167.5044038520002,-85.39718401477177],[166.9339190580001,-85.39675553077248],[166.68555194400025,-85.42117487477323],[166.46135656200008,-85.3982939457722],[166.71089732200005,-85.38890285777185],[166.668628203,-85.33710301176947],[166.82044380100035,-85.32185514976854],[167.5501393930001,-85.31390256476809]],[[167.66215150300025,-85.28210110876684],[167.93644369200013,-85.27498285876618],[168.089092627,-85.30372575776762],[168.00738395700023,-85.31640020476755],[167.6267771700002,-85.29275233276695],[167.66215150300025,-85.28210110876684]],[[-167.1397758319999,-85.16112002276016],[-167.00777957699998,-85.2190688367636],[-167.10972636299996,-85.24364324576459],[-167.13583919099997,-85.28372384576674],[-167.29634046099997,-85.31599368276774],[-167.19115290299996,-85.33339619676896],[-166.53846171599997,-85.32922854576911],[-166.64249492099992,-85.35454844077032],[-167.14313764999997,-85.3629031897703],[-167.40756919299994,-85.34311987876941],[-167.67791970899998,-85.29610962076687],[-167.24932584499987,-85.26606065376569],[-167.4747265449999,-85.212859016763],[-167.71872668799995,-85.20493291876261],[-167.71519069799993,-85.17585105576131],[-167.31755825099995,-85.19981827976241],[-167.1643750569999,-85.18638795076201],[-167.1397758319999,-85.16112002276016]],[[-177.68119284399995,-85.30069837976737],[-178.1322193809999,-85.24433173476456],[-178.4086568319999,-85.22646653976366],[-178.32518209599988,-85.19041914476195],[-177.76530561699997,-85.17996187876133],[-177.46453196399997,-85.20309191676293],[-177.12333288499997,-85.16684570276094],[-176.76989738999995,-85.15650528076021],[-176.65888959699996,-85.16433364676094],[-176.62797629199994,-85.20174578276223],[-176.75043343199994,-85.2265771807635],[-177.434720873,-85.27257222176596],[-177.68119284399995,-85.30069837976737]],[[-175.00202137699995,-85.16669097376104],[-174.73578437299992,-85.15195239775959],[-173.78351413599995,-85.15825961376025],[-173.69338466399992,-85.18618007976197],[-173.42958092499993,-85.19595841176228],[-173.36735348599998,-85.230200510764],[-174.21053035599988,-85.21537073976326],[-174.2578780749999,-85.23821964876447],[-174.86708576599992,-85.22606621976361],[-175.43985999299994,-85.24317419376469],[-175.5378852119999,-85.27464288776589],[-175.89628849199997,-85.26916464176557],[-175.70765620499995,-85.21974441876354],[-175.44076087899995,-85.18497274976146],[-175.00202137699995,-85.16669097376104]],[[-172.83911668399995,-85.21143057276323],[-173.10537883399994,-85.1908107477619],[-173.20044172799993,-85.16678434776091],[-173.0395533809999,-85.15203420476007],[-172.53253035099996,-85.13980399775969],[-172.45513969699994,-85.15998058676035],[-172.69794793799994,-85.1837761487618],[-172.83911668399995,-85.21143057276323]],[[167.12674499200008,-85.07107538075617],[167.27573203200018,-85.10449890375777],[167.28090618200014,-85.13188359875916],[167.53219557000025,-85.18536921376196],[167.45245648500008,-85.21898987976341],[167.75881735000004,-85.24038201276468],[167.4949577860002,-85.27035202276598],[166.93234979800002,-85.25099082376497],[166.46103955800015,-85.26656993876553],[166.41982673000007,-85.234173199764],[166.17625237800007,-85.21671184476294],[166.4320495610002,-85.18220906776182],[166.25962486100002,-85.17536440276147],[165.79954318600008,-85.19815329776206],[165.10167655500015,-85.2011781597627],[165.03875475300015,-85.22471757176405],[165.2584073060001,-85.23802351276424],[165.23737609200006,-85.27083884376593],[165.07601902500014,-85.28442876376675],[165.38705465000012,-85.33911383076934],[165.23920049800006,-85.36230874577026],[164.939244925,-85.3088564897677],[164.56799285700012,-85.28166374076663],[164.39945400400006,-85.25563238876526],[164.57717120600012,-85.23040050376407],[164.63759017000015,-85.19372547176201],[164.84002109100004,-85.1841526647612],[165.41327190900017,-85.18167832576175],[166.33149316900005,-85.1290741507589],[166.49766915500015,-85.12684137875867],[167.12674499200008,-85.07107538075617]],[[171.06195486200014,-85.05122199775525],[171.13146902800005,-85.07339096675615],[171.3595346720001,-85.10015204775743],[171.3616334950001,-85.12422236775858],[171.83980617400013,-85.17398423776164],[171.51171354900018,-85.17056944976096],[171.26540803500015,-85.14231605375966],[171.2361595440002,-85.11513571075845],[171.002389181,-85.09078660775701],[171.06195486200014,-85.05122199775525]],[[-171.7109241439999,-85.08808193475686],[-171.93521272199993,-85.08465323175683],[-172.39700983399993,-85.10287935175731],[-172.5072739839999,-85.07152683075607],[-172.07838139099994,-85.07663593775662],[-171.72583454999995,-85.0720456707561],[-171.7109241439999,-85.08808193475686]],[[172.9704539470003,-85.04501670475489],[172.82227106100004,-85.04236617875429],[172.32321821300002,-85.09063791275673],[172.06186467300006,-85.09917471675782],[171.90961991300026,-85.06067879975569],[172.048669879,-85.04482576475493],[172.97481002400013,-85.03410664675435],[172.9704539470003,-85.04501670475489]],[[-166.82602481199996,-85.03354640075413],[-166.58540273899996,-85.03691710075478],[-166.38643924399994,-85.05933618675543],[-166.59428035699995,-85.08558848475694],[-166.76735716799996,-85.07012956675601],[-166.82602481199996,-85.03354640075413]],[[-177.97854047299992,-85.13707736275947],[-178.26274325999995,-85.08805159175697],[-178.81469750499997,-85.0778313647565],[-179.23616105199986,-85.05320280975539],[-179.10051145999992,-85.043021643755],[-178.39502668199995,-85.0489828557552],[-178.1432704199999,-85.08239564875643],[-177.936702696,-85.12316038075865],[-177.97854047299992,-85.13707736275947]],[[-167.27977261399994,-85.02290724675375],[-167.4705612309999,-85.06900538575601],[-167.15522150799995,-85.0918397097572],[-167.12650442399996,-85.11902189775863],[-167.55996667699992,-85.11089161575815],[-167.57745133099988,-85.091463698757],[-167.81375605299993,-85.08778186175674],[-167.94709407999994,-85.04579236675485],[-167.49888537500001,-85.04198480175458],[-167.27977261399994,-85.02290724675375]],[[-165.56101296499997,-85.00849296375313],[-165.36863054899993,-85.01680483875347],[-165.28219744999998,-85.01907065675334],[-165.16572001799994,-85.02976129975387],[-165.18345043299996,-85.05895011475525],[-165.6929307049999,-85.06780057075625],[-165.92853653599994,-85.06406257575608],[-166.31694636699993,-85.0345192047545],[-166.06313352699993,-84.99452091475248],[-165.71823217899995,-84.9977789607524],[-165.56101296499997,-85.00849296375313]],[[-177.72707138099994,-85.02424550275408],[-177.85433151799998,-84.9987879757528],[-177.43431417899995,-85.00231172975256],[-177.0621967659999,-85.02757932175359],[-176.89261520599993,-85.06118439575569],[-177.23554263399996,-85.08764339275687],[-177.607796016,-85.06194782075585],[-177.72707138099994,-85.02424550275408]],[[177.49089154600003,-84.95855298075064],[177.6181151470001,-84.96681536075072],[177.3119960130001,-84.99266666875221],[177.10498790300016,-84.97383520775149],[177.3325648770002,-84.9541305187506],[177.49089154600003,-84.95855298075064]],[[-170.93729881699994,-84.95593598175037],[-170.7618088479999,-84.98137204975144],[-170.47663979699988,-84.95154419774998],[-170.50762552199996,-84.99876987075247],[-170.95033217499994,-85.02259309275361],[-170.93729881699994,-84.95593598175037]],[[179.00577429500007,-84.95366180275037],[179.0356014780001,-84.98504449975198],[178.6797620540001,-84.98442423775184],[178.771498166,-84.94835756474981],[179.00577429500007,-84.95366180275037]],[[-64.64876727499995,-84.98653848975235],[-64.87712627799982,-84.95742628475061],[-64.59535357499988,-84.94399461474988],[-64.42786882999997,-84.96987257775112],[-64.64876727499995,-84.98653848975235]],[[-171.28318925199994,-84.94014145274953],[-171.15469010099994,-84.97010341475139],[-171.28280501999987,-85.03352360175397],[-171.54847910299992,-85.00380035575277],[-171.63006757499988,-84.97083750275144],[-171.28318925199994,-84.94014145274953]],[[173.70285487400008,-84.95890367975072],[173.83764733100008,-84.9760518867516],[173.47912670400012,-84.98452683275168],[173.41529496300006,-84.96408352975101],[173.70285487400008,-84.95890367975072]],[[172.7385044620003,-84.92157754174883],[172.97359599000004,-84.91661176474824],[173.09630676300014,-84.93529821874931],[172.7838054860002,-84.96725289675125],[172.57824811100008,-84.94985105375008],[172.7385044620003,-84.92157754174883]],[[-166.99367954199994,-84.91784910174839],[-166.74828078799996,-84.95426412675023],[-166.35634837099997,-84.95713157675016],[-166.3259617829999,-84.98613448175213],[-166.43671140899997,-85.02134066875387],[-166.96430347499995,-85.0012076647524],[-166.74642503199993,-84.97796648175189],[-167.18435835699992,-84.94260271574963],[-166.99367954199994,-84.91784910174839]],[[163.652915483,-84.97007407875154],[163.69692970300002,-84.94248989474958],[163.98885792700025,-84.91497477874819],[164.19283699300001,-84.91141012074814],[164.45654350499998,-84.92910499574876],[164.3106034460002,-84.97801442575121],[163.652915483,-84.97007407875154]],[[177.86208193000016,-84.91509363374844],[177.89715400500003,-84.92284656174884],[178.42748343300013,-84.94251185574977],[178.51250731300013,-84.95649656375035],[178.26671008800017,-84.97314068375157],[178.11549630400012,-84.95683686975049],[177.64723203800008,-84.95118729675048],[177.65099232900022,-84.91810189974858],[177.86208193000016,-84.91509363374844]],[[172.50805316500032,-85.0102621347531],[172.48356543300025,-84.96116159775056],[172.2919151440002,-84.95344705775011],[171.78210295900004,-84.95163773975007],[171.8003322630001,-84.92010668474867],[172.14836209300003,-84.90129785374755],[172.61998296700003,-84.90659018974767],[172.4735917960002,-84.94710061375007],[172.6175439980001,-84.99669484575257],[172.50805316500032,-85.0102621347531]],[[170.87663074400007,-85.18119418676149],[170.337554292,-85.20925161176311],[170.5332347660002,-85.24353897476443],[170.1067823080001,-85.24414599276483],[169.8189563510001,-85.18631553076163],[169.86936916600015,-85.1752193957616],[169.61902944500022,-85.11740234675842],[169.43712999600007,-85.10204887275775],[169.2790133860002,-85.0594744877557],[169.16228209300024,-84.98460008975182],[169.1780189540002,-84.9639997107509],[169.73174010100013,-85.00507038175269],[169.6816147930003,-84.97346288375108],[169.730828983,-84.9406359847497],[170.20517163400007,-84.8994880327473],[170.56671494600005,-84.91904318774847],[170.5502133210001,-84.96714946375093],[170.20278396500007,-84.99045988075177],[170.09227791400016,-84.97707917275164],[170.1964145590001,-84.93035809174899],[169.9094338320001,-84.94282399774963],[170.03136543100007,-84.97334637475115],[169.98233949600035,-85.00057633875268],[169.7816858680001,-85.01145722675315],[169.81929917200029,-85.0557225787552],[169.9515628020001,-85.08343433475693],[170.22570127000017,-85.09465837775731],[170.17795273500008,-85.05110766875498],[170.36510847400015,-85.03569267175452],[170.56462852200013,-85.05955797075569],[170.70673469200014,-85.14815639875977],[170.926581206,-85.16113309876059],[170.87663074400007,-85.18119418676149]],[[-172.31864974299995,-85.02674666275409],[-172.23292244899997,-84.98945036475168],[-171.97250751800001,-84.9306293297491],[-171.91362797199992,-84.89370652874751],[-171.72400426899998,-84.8991038057479],[-171.44750612999994,-84.92819757174932],[-171.56469172199994,-84.95422674275022],[-172.05143422799986,-84.97824828075166],[-172.14433006099995,-84.991170834752],[-171.69360242899995,-85.00898037375318],[-172.31864974299995,-85.02674666275409]],[[-175.94237238199992,-84.96125698275051],[-176.18356391699996,-84.91848662974826],[-175.97969902299997,-84.88182903174697],[-175.94237238199992,-84.96125698275051]],[[177.62382054300022,-84.86861344774617],[177.71816946300007,-84.8918526187474],[177.47371266900018,-84.90563934574809],[177.33836717500014,-84.94454329474996],[177.00867779100003,-84.95604779575035],[177.1305440010001,-84.91852015674851],[177.55102435100017,-84.8846304327468],[177.62382054300022,-84.86861344774617]],[[170.10499729100002,-84.89699156574743],[169.87037918300015,-84.90645574374804],[169.31529798500003,-84.89680481674729],[169.23219540400004,-84.868842441746],[169.66681200800008,-84.8444764067447],[170.10499729100002,-84.89699156574743]],[[-172.50245254300003,-84.84494009374504],[-172.22594903799995,-84.83563818874461],[-172.15278605999995,-84.86395444874583],[-172.39621892299996,-84.89306715774758],[-172.6308891729999,-84.88198610874703],[-172.50245254300003,-84.84494009374504]],[[177.0212769640001,-84.83501323374477],[177.3057860350003,-84.84295559374495],[177.30314388500005,-84.85880745574566],[176.90073157100016,-84.8550248687456],[177.0212769640001,-84.83501323374477]],[[179.74196652800003,-84.82491136074381],[179.85072126800011,-84.84518652174444],[179.69307336000008,-84.86201454074586],[179.50553105200015,-84.85173245574508],[179.74196652800003,-84.82491136074381]],[[-168.52659573699992,-84.83380782374459],[-168.24511059099996,-84.84722893574504],[-168.50995133899997,-84.86225124474564],[-168.65049176699995,-84.8835816877466],[-169.15521866099994,-84.89749431174756],[-169.13179860299994,-84.87464556974636],[-169.43401243799997,-84.8578328077455],[-169.40820303899991,-84.82251882974379],[-169.08313593899993,-84.84541987374507],[-168.52659573699992,-84.83380782374459]],[[-175.80941103599997,-84.80760725074322],[-175.58873521799998,-84.8376897447448],[-175.97232814499995,-84.84074545274493],[-175.80941103599997,-84.80760725074322]],[[-177.06927813399992,-84.93236589274927],[-177.48117893299997,-84.92058763874866],[-177.46334424499992,-84.89256558374731],[-177.55736358999988,-84.85055580374542],[-177.259498958,-84.8580721947459],[-176.99516112599989,-84.84639468974524],[-176.75770909299987,-84.80106869274307],[-176.7592694699999,-84.87321528174664],[-176.881385464,-84.92625732774856],[-177.06927813399992,-84.93236589274927]],[[-66.12130630399986,-84.8234011087437],[-66.05709570099987,-84.80835592174358],[-65.65295805899996,-84.805379003743],[-65.67601098199997,-84.8226485817439],[-66.12130630399986,-84.8234011087437]],[[163.34656769600005,-84.7896701377422],[163.65945537900018,-84.8088222917433],[163.4294987800001,-84.83591596574438],[163.10750515700033,-84.85618123574538],[163.02333824800002,-84.82386295174398],[162.85399557100004,-84.80186882974257],[163.11577894100014,-84.78314247674211],[163.34656769600005,-84.7896701377422]],[[-62.30200495699995,-84.90734975774802],[-62.58103929299993,-84.9030739797476],[-62.72224189199994,-84.87962978774658],[-63.26069053599998,-84.8936421557473],[-63.31753797099991,-84.83689916374438],[-63.201347312999935,-84.7960068587422],[-63.05743868699988,-84.80437820474306],[-63.01706170199997,-84.83866355474474],[-62.47461505599995,-84.84169126674506],[-62.07975149599992,-84.9034201517483],[-62.30200495699995,-84.90734975774802]],[[177.13299806200015,-84.80877619074336],[177.34617491700007,-84.78619315574205],[177.54252325100003,-84.78247829474212],[177.57032687900005,-84.81416961174344],[177.33964507200002,-84.8219818837438],[177.13299806200015,-84.80877619074336]],[[-179.487124218,-84.82045872474407],[-179.30472420699996,-84.79315198174265],[-179.00045312899994,-84.79632067774223],[-178.96422652699988,-84.82562130774392],[-179.487124218,-84.82045872474407]],[[178.51569092400007,-84.76959496874136],[178.83347314800017,-84.80885414274293],[179.05181694300006,-84.81401773174363],[179.11731585000007,-84.84828548074454],[178.76594549100002,-84.83359803274408],[178.5690213120001,-84.84511862874517],[178.63238551199998,-84.88232892874655],[178.41149075500027,-84.90413110574775],[178.1887714300001,-84.81138715474349],[178.2830494430001,-84.77672595974212],[178.51569092400007,-84.76959496874136]],[[-174.03632080999992,-84.85043929474541],[-174.2652663819999,-84.86330066074555],[-174.79693288899998,-84.86281953774572],[-174.71036137599992,-84.84739113074521],[-174.3446249389999,-84.85073132074542],[-174.17695093099994,-84.81041937974307],[-173.80361394,-84.81311583974362],[-173.71343686899993,-84.78135495174203],[-173.30148142199994,-84.79867029374303],[-173.6554553609999,-84.81052834474283],[-174.02673878099992,-84.83220428974441],[-174.03632080999992,-84.85043929474541]],[[-65.1565290809999,-84.80988109374351],[-65.31342093699988,-84.82345307674412],[-65.55469143099998,-84.79830752474312],[-65.87828633999993,-84.78216229674206],[-65.75597989799991,-84.76402100074134],[-65.51740284699996,-84.77158684474107],[-65.1565290809999,-84.80988109374351]],[[-177.33642692299998,-84.78098480674171],[-177.0922940099999,-84.77552064174155],[-176.92541092499988,-84.75793976074081],[-176.73733669499995,-84.76508282074094],[-176.876198239,-84.78976736774213],[-177.33642692299998,-84.78098480674171]],[[-115.81643088699997,-84.8188111767438],[-116.132013182,-84.83090827974432],[-116.50826841799991,-84.81566745874343],[-116.23526268399985,-84.79335448874252],[-116.43773785399993,-84.76601405074078],[-116.23889422299993,-84.74804441674029],[-115.82069928599996,-84.74555431974022],[-115.64688620299981,-84.76738382274141],[-115.93096862999987,-84.80894282274339],[-115.81643088699997,-84.8188111767438]],[[-174.23037401999994,-84.76082900374108],[-174.2839744649999,-84.79455360474283],[-174.4461817899999,-84.81394531274331],[-174.60410813999994,-84.79461043374204],[-174.48851846099998,-84.76038828274083],[-174.23037401999994,-84.76082900374108]],[[-179.97648187499993,-84.80145677474286],[-179.9994320449999,-84.79831925974288],[-179.9994320369999,-84.75975008374071],[-179.99943203899994,-84.75843311874073],[-179.99440742799996,-84.75781419874014],[-179.99943203999996,-84.75462991274081],[-179.9994320449999,-84.74050204173996],[-179.98337700499988,-84.74419762474],[-179.8586720009999,-84.76527392874094],[-179.97648187499993,-84.80145677474286]],[[163.6295333070001,-84.73208141173907],[164.03126819700014,-84.77042863274134],[163.8538539180001,-84.78424771474164],[163.49841498400022,-84.75913988174098],[163.6295333070001,-84.73208141173907]],[[-171.17542710399997,-84.72776405873914],[-170.99480438599988,-84.7273801677393],[-170.8566408949999,-84.75438214374049],[-170.94946113,-84.76989638274168],[-171.34897329599988,-84.7920846297424],[-171.41772337799998,-84.76739907674128],[-171.17542710399997,-84.72776405873914]],[[177.37658849400017,-84.70659002173821],[177.33868836800008,-84.73481894173962],[177.49863190100018,-84.76095339074112],[177.21120309000014,-84.77678697974179],[177.24927052400002,-84.73443102673953],[177.37658849400017,-84.70659002173821]],[[-114.06199945799993,-84.74073924973966],[-114.31857195499987,-84.70348519573811],[-113.935057826,-84.7164999497385],[-113.63532487399992,-84.71414144873842],[-113.60472068999997,-84.74390476074016],[-114.06199945799993,-84.74073924973966]],[[-170.13401327599988,-84.70080399173764],[-169.7151741039999,-84.7079279417383],[-170.0068952899999,-84.74276364873992],[-169.96185293699992,-84.76183684374116],[-170.21391933299992,-84.81393190174381],[-169.92613561999997,-84.81170147574355],[-169.745431948,-84.83769108574481],[-169.96467126599995,-84.90240158274788],[-170.563229582,-84.95089342674984],[-171.2127929689999,-84.90815140374863],[-171.18131219999987,-84.8828727467467],[-170.993583152,-84.85849380374566],[-171.078897043,-84.82393503674395],[-170.75987665099996,-84.84081787174445],[-170.76338464800003,-84.8752941627461],[-170.41544534199994,-84.87132750874648],[-170.6088345329999,-84.83860270174442],[-170.97380319099994,-84.81428193074349],[-170.85400462199996,-84.7939713967425],[-170.57610888699998,-84.7859492417422],[-169.9494750419999,-84.73139141273955],[-170.13401327599988,-84.70080399173764]],[[-175.93494801999995,-84.66647052873645],[-175.71530653499988,-84.67226292973655],[-175.7236986689999,-84.72095090973896],[-175.99715216299995,-84.72025755873878],[-176.04648672799993,-84.6975788017378],[-175.93494801999995,-84.66647052873645]],[[171.248426804,-84.6484837967355],[170.92233795100023,-84.65908992573594],[170.57171961100005,-84.68053905673689],[170.42389078100004,-84.66980971373621],[170.94177022300013,-84.64830827973566],[171.248426804,-84.6484837967355]],[[-175.3492351509999,-84.7075911567383],[-175.25285881799988,-84.63917267173488],[-175.09247338799992,-84.65755670773599],[-175.3492351509999,-84.7075911567383]],[[-174.58532127099994,-84.6228753957344],[-174.6077834419999,-84.65348762673551],[-174.36936664799993,-84.6504299077355],[-174.36798882699995,-84.68244091173729],[-174.6282143329999,-84.70046888273788],[-174.67951344699995,-84.67666594573667],[-174.90484507499997,-84.66156007373604],[-174.90936728399996,-84.63309277273463],[-174.58532127099994,-84.6228753957344]],[[165.79379738500006,-84.62312433773418],[165.471523476,-84.65585082173594],[165.16741936100016,-84.6763077017364],[164.78740903800005,-84.6839691007374],[164.7762559050002,-84.72745443173903],[164.53225257300002,-84.72608248073907],[164.59427935100015,-84.68398083473689],[164.52587746400013,-84.67501806173685],[164.85433252200016,-84.64478217873496],[165.14170116200026,-84.6651133307362],[165.19476097200013,-84.63098187273472],[165.59403811700008,-84.62010148673379],[165.79379738500006,-84.62312433773418]],[[-176.937479697,-84.65110263873518],[-177.18074826499995,-84.59894890873318],[-176.89883290599997,-84.59903121873282],[-176.71044084099995,-84.62142398473377],[-176.77268202699995,-84.64484655173547],[-176.937479697,-84.65110263873518]],[[-172.43462397799996,-84.5804093047318],[-172.02724572099999,-84.60575987773322],[-172.51361841499994,-84.62585751073425],[-172.43462397799996,-84.5804093047318]],[[172.54768198400018,-84.59065450973273],[172.19157417100018,-84.61378823473376],[172.05914725899999,-84.60061523073314],[172.2825909520002,-84.57366823973165],[172.54768198400018,-84.59065450973273]],[[-173.038593815,-84.58814949173208],[-172.79644154699994,-84.57372825473179],[-172.576214667,-84.62384618873408],[-173.038593815,-84.58814949173208]],[[164.07970572700003,-84.6415987307351],[163.93767381600003,-84.61397967873351],[163.19521644600002,-84.61647580973344],[162.9369134100002,-84.60663461373285],[163.0654028470002,-84.58019137473205],[163.31343887700007,-84.5854704677323],[163.6702641820002,-84.61152042773335],[163.9381458900002,-84.60080415973304],[163.81108758900004,-84.58207998673217],[163.90473091300018,-84.56286597373125],[164.15727390200016,-84.57165607973182],[164.17728671000006,-84.59528970273266],[164.78438501300016,-84.603247317733],[164.31163307700012,-84.61974207073392],[164.07970572700003,-84.6415987307351]],[[-173.5098790789999,-84.56241318373104],[-173.44279768199996,-84.60605927973364],[-173.57855003499992,-84.60751069073336],[-173.5098790789999,-84.56241318373104]],[[-177.33298397099995,-84.57374535373151],[-176.95055295799995,-84.55943961873075],[-176.84776244899996,-84.5861147007325],[-177.33298397099995,-84.57374535373151]],[[-174.91936069199988,-84.62391558973414],[-174.77144284199994,-84.60233586973285],[-174.53165745299998,-84.59468804973254],[-174.42083524399985,-84.61066144873345],[-174.91936069199988,-84.62391558973414]],[[-175.404090877,-84.55552795073082],[-175.25864552099986,-84.62913818773406],[-175.63720778799998,-84.61745448073337],[-175.404090877,-84.55552795073082]],[[-174.61668167099995,-84.5623214857311],[-174.92797394599992,-84.54899425373038],[-174.8839496529999,-84.52272435372934],[-174.555579079,-84.54231823373026],[-174.61668167099995,-84.5623214857311]],[[163.57765048400017,-84.56307300673126],[163.2352648620002,-84.51510855372882],[163.43600967800012,-84.51157272972836],[163.82474975600007,-84.55163237573024],[163.57765048400017,-84.56307300673126]],[[-64.90798946299992,-84.56512707673109],[-65.12539214499998,-84.51297519072827],[-64.93887679099998,-84.50262638572835],[-64.70431383499994,-84.55651416573058],[-64.90798946299992,-84.56512707673109]],[[-177.3097015749999,-84.4836056617271],[-177.1005287279999,-84.48778236472745],[-176.968657204,-84.5174087167289],[-177.38868157399992,-84.50373061772851],[-177.390152512,-84.48827915272753],[-177.3097015749999,-84.4836056617271]],[[-63.83949503799988,-84.61151774473345],[-64.27259451999998,-84.54985909973033],[-64.34605472299995,-84.51537459572872],[-64.5510146289999,-84.48107331972683],[-64.39078794699998,-84.44315038972549],[-64.21320753999998,-84.44917027472547],[-64.3369177699999,-84.49866057072789],[-64.15806700099994,-84.52114302372915],[-63.95978377999994,-84.51585705772848],[-63.715268485999964,-84.53049773372949],[-63.69127896399986,-84.55491305473087],[-63.85176330199989,-84.56826191073131],[-63.71273378699992,-84.59941879773304],[-63.544570111999974,-84.57558987573218],[-63.185435596999916,-84.57358945073125],[-63.07000618799991,-84.60315846973342],[-63.83949503799988,-84.61151774473345]],[[167.48909312400005,-84.43293016272449],[167.6803001730003,-84.45512092472582],[167.58781706800013,-84.47583261672663],[167.25904533300002,-84.48171704972708],[167.26491534900006,-84.45832549472608],[167.48909312400005,-84.43293016272449]],[[168.13233035700011,-84.4744212707266],[167.99263549000023,-84.46445015472621],[168.2735819060002,-84.43719772672522],[168.51155479800013,-84.4437108037253],[168.9419251220001,-84.41635946972367],[168.96482398900002,-84.45104849172542],[168.76582579200033,-84.46121540972622],[168.2942372690003,-84.46384028672627],[168.13233035700011,-84.4744212707266]],[[167.71975413800013,-84.34683172272042],[168.07151995800007,-84.36787148072125],[168.10410947700004,-84.39601607972281],[167.56485835200021,-84.40909570872357],[167.51074426400007,-84.37898739772184],[167.7813254440001,-84.37069668672201],[167.71975413800013,-84.34683172272042]],[[167.54256030400018,-84.3091500237187],[167.38519252100014,-84.31979252971908],[167.33725790500023,-84.3477114877204],[167.1191005170001,-84.3353325847202],[167.15514758500012,-84.30899562871893],[167.54256030400018,-84.3091500237187]],[[-65.57992919099996,-84.37764025772192],[-65.61261007299991,-84.34372320772033],[-65.37912569899993,-84.33361798171984],[-65.11006851199988,-84.3087550687185],[-64.68100006399982,-84.28985906571788],[-64.81896926199994,-84.34014765472008],[-65.57992919099996,-84.37764025772192]],[[166.17042126000013,-84.28561614471751],[166.2634138130002,-84.3086204547187],[166.5354105340001,-84.32010534371909],[166.50958789700007,-84.35747808472127],[166.00893410800018,-84.31599720271912],[166.17042126000013,-84.28561614471751]],[[163.84628472300017,-84.44458252172528],[163.9703109510001,-84.41568204272372],[163.77017114300023,-84.39799856772296],[164.1050091930002,-84.38873153172246],[163.97032771300007,-84.3638671087213],[163.7499098930001,-84.359428553721],[163.92460257300002,-84.30601854371824],[164.24218295000003,-84.26931015171652],[164.481184963,-84.28934575771795],[164.367764865,-84.32323514671916],[164.576123637,-84.32993614671938],[165.3698920210002,-84.3188909727192],[165.41708148700002,-84.33706931671982],[165.12441297500004,-84.3782449287221],[164.70818007500003,-84.39021630272262],[164.29847416000007,-84.41053555272389],[164.06007363100014,-84.46103318672577],[163.86693773600007,-84.4764273967269],[164.2974765440001,-84.49619092572792],[164.2768238660001,-84.52202161472938],[164.04554895800015,-84.5284525487292],[163.6737213780001,-84.50037114972795],[163.684193734,-84.47761662072678],[164.02814275000003,-84.4541551617258],[163.84628472300017,-84.44458252172528]],[[-64.52132659199992,-84.29592169871768],[-64.32812028999996,-84.2739542307168],[-64.10013830099996,-84.28479320871752],[-64.3992531699999,-84.3070396277187],[-64.52132659199992,-84.29592169871768]],[[-62.97458237299996,-84.27527924271742],[-62.98465005099995,-84.30675145771842],[-63.320635753999895,-84.34915887472073],[-63.26277612399996,-84.30591695471855],[-62.97458237299996,-84.27527924271742]],[[169.50325251800004,-84.24850340971574],[169.6284691500001,-84.23645726871507],[169.90404460800005,-84.2429110017154],[169.7263624390001,-84.3105285117186],[169.58124028900008,-84.34220775972024],[169.1634743310002,-84.39613342572285],[168.83242238500003,-84.39569622572304],[168.93981355600025,-84.36318314572118],[169.25360614400006,-84.34107905272003],[169.42011138200007,-84.288125352718],[169.33465297800018,-84.25486879671584],[169.50325251800004,-84.24850340971574]],[[171.69103505100009,-84.17539843371246],[171.9442043350001,-84.20721061871335],[171.67700708600034,-84.22318602871472],[171.48706336600014,-84.21487553671429],[171.69103505100009,-84.17539843371246]],[[168.9504775140002,-84.16300041971157],[169.20879127800004,-84.16351976271147],[169.57100614500018,-84.19314544371288],[169.43994481000018,-84.2082595297138],[169.2847752760001,-84.18194252271259],[168.9504775140002,-84.16300041971157]],[[160.11213599200016,-84.25726183171608],[160.16174531100012,-84.22727120271426],[160.00507943400018,-84.2124535007143],[160.38046780800002,-84.19020322771267],[160.4695559130001,-84.19322674871312],[160.9342757910002,-84.17160209971186],[161.2156106330002,-84.18175677971263],[161.60263526800009,-84.17100681671205],[161.8473604510002,-84.11666926370899],[162.19962432400007,-84.09331341770782],[162.12546021300022,-84.1362983487102],[162.50563716800002,-84.1754861077123],[162.39373167600002,-84.20989936671384],[162.46325170600028,-84.23605527271503],[161.90766542100005,-84.27430912071677],[161.67364058000018,-84.27647835871734],[161.50847662100006,-84.25513500671582],[161.0713845090001,-84.26261418171644],[160.89279910700017,-84.20900585571383],[160.49741066100023,-84.23381244271488],[160.2180167440001,-84.23256571771476],[160.11213599200016,-84.25726183171608]],[[162.85688481600016,-84.17167602871181],[163.14054395300002,-84.11605101470902],[163.06724132900013,-84.09461361870802],[163.2099231740001,-84.08012700170745],[163.3927387540001,-84.1266933547097],[163.37266794100003,-84.14045208571011],[162.9968136980001,-84.1693815657121],[162.85688481600016,-84.17167602871181]],[[160.5399253710002,-83.96773217370193],[160.6098361700003,-83.98086511270267],[160.072130158,-83.99253322970307],[160.07688756200025,-83.96603148470173],[160.44156587100008,-83.95890569070161],[160.5399253710002,-83.96773217370193]],[[-57.283387062999964,-84.01731182170467],[-57.40538687999998,-84.0180076867045],[-57.48634235499998,-83.96375512770175],[-57.216792644999934,-83.95251867770119],[-57.283387062999964,-84.01731182170467]],[[-56.58031207199996,-84.08843749470807],[-56.68696244499995,-84.11549244470902],[-56.92288092599995,-84.10755611970885],[-57.20237057299988,-84.04902912270589],[-56.81665853199996,-84.03292513370516],[-56.67194760399997,-83.98471223970257],[-57.119508218999954,-83.96603031170196],[-57.07514949199992,-83.94588825470109],[-56.408146710999965,-83.96310737270188],[-56.671268168999966,-83.91559436869929],[-56.46253271199993,-83.87923935769766],[-56.24610685499987,-83.87838339769772],[-56.03579141199992,-83.8992638996986],[-55.98447185099997,-83.93404378270033],[-56.183560897999946,-83.96330468370182],[-56.18699295499987,-84.00130573270367],[-55.94601901499988,-84.03399684470507],[-56.058626071999974,-84.05189389170607],[-56.238247814999966,-84.04885343870605],[-56.58031207199996,-84.08843749470807]],[[158.7915879200001,-84.0025863207038],[159.0196548990003,-83.94085056170084],[159.22199395200005,-83.92914422270019],[159.00598015200006,-83.89332531869805],[159.08930049500017,-83.87145005269701],[159.41955733200027,-83.93466203170017],[159.14122372400027,-83.95657770070149],[158.95291011600006,-84.02274698470472],[158.7915879200001,-84.0025863207038]],[[168.5936906060001,-83.84453943869622],[168.58836323000003,-83.88591252869777],[168.34260187499999,-83.9096195776993],[168.20886135300012,-83.89676290669851],[167.7860027160002,-83.8760808876975],[167.77297505800004,-83.85077825869604],[168.22353991500017,-83.88553500769785],[168.46194916100012,-83.89027296469811],[168.58357096000017,-83.87106448469676],[168.5936906060001,-83.84453943869622]],[[167.1093027420001,-83.83332210069523],[167.10535586900002,-83.88167312869773],[167.18599651200017,-83.91144582769925],[166.8834137140002,-83.9469049807012],[166.87109768100015,-84.00382164570334],[166.60351252600015,-84.00963064170433],[166.53910075900023,-83.99039969870304],[166.70120901000007,-83.94195160870048],[167.06468166700014,-83.90850377869911],[167.023018564,-83.86792629869703],[167.1093027420001,-83.83332210069523]],[[160.01090402300005,-83.83396666969533],[159.8445515070001,-83.82288511769478],[159.44479207100005,-83.83174999069507],[159.40806323000015,-83.82012328069438],[159.59674665000017,-83.78364756969265],[160.03315999500023,-83.75481984769105],[160.12707406000015,-83.79135707969357],[160.01090402300005,-83.83396666969533]],[[-57.62942920399996,-83.92852060969972],[-57.47966298199992,-83.90985309769911],[-57.64020917399989,-83.89534066569821],[-57.55460526699994,-83.87058805669739],[-57.19512558299988,-83.88665147769791],[-56.919425067999946,-83.86424513369674],[-57.01011695899996,-83.83710871069545],[-57.21728986199991,-83.84634590769629],[-57.29989673699998,-83.8190229036947],[-56.68455449499998,-83.8031613186939],[-56.93879264199995,-83.77299399969235],[-56.85800731799993,-83.7508374346912],[-56.430344349999864,-83.80933409069418],[-56.51414212099996,-83.84097913969535],[-56.72479267199998,-83.8646209776968],[-56.89853836799989,-83.90389959769907],[-57.22851792599993,-83.89387047869843],[-57.32873049099994,-83.9195432516994],[-57.62942920399996,-83.92852060969972]],[[171.86812496700009,-83.74906263569116],[171.89019240100006,-83.7697856866926],[171.89014197700033,-83.7732357586923],[171.97024802900023,-83.79887805969368],[171.88413255000023,-83.84431027769601],[171.73711340900002,-83.81745397869484],[171.55937256400023,-83.81518399069452],[171.608247965,-83.78435349469281],[171.86812496700009,-83.74906263569116]],[[-55.83735832799993,-83.78545621869279],[-56.04188589599988,-83.75802777069165],[-55.884120479999964,-83.74642989369116],[-55.77628289099993,-83.76841831669228],[-55.83735832799993,-83.78545621869279]],[[163.29972138900033,-83.73285556369026],[163.54392085300015,-83.74747612369117],[163.47236670100028,-83.78485104469279],[163.28078900900002,-83.77596253569251],[163.1192034470001,-83.78631351969283],[162.80326894300015,-83.76653020769196],[162.79748173700023,-83.742059399691],[162.94063582100023,-83.73670939669067],[163.10769275000018,-83.76477587569207],[163.29972138900033,-83.73285556369026]],[[160.88315689500004,-83.60843370568432],[161.00501573300014,-83.6364837556857],[160.72842187300026,-83.63905901268599],[160.88315689500004,-83.60843370568432]],[[160.56210758400027,-83.65208265168678],[160.38473570800016,-83.66402032968702],[160.3340216570001,-83.63434921968569],[160.44153486400012,-83.59477388068363],[160.60856497000034,-83.59725660168367],[160.6560687530003,-83.62034506568497],[160.4936505350001,-83.6377234406858],[160.56210758400027,-83.65208265168678]],[[-55.59796839099988,-83.67177476768718],[-55.43843723999997,-83.65299929668649],[-55.27757337099996,-83.61761994068489],[-55.28464467999998,-83.58685918168285],[-55.083813698999904,-83.5941568046837],[-54.83128144099992,-83.64024069468606],[-54.995073451999986,-83.66927494768713],[-55.08712639599996,-83.70623982568921],[-55.30446085199998,-83.70973038668926],[-55.24527335799995,-83.68291633268798],[-55.59796839099988,-83.67177476768718]],[[-54.840383693999954,-83.62697682968547],[-55.07235026899997,-83.58695506968319],[-54.84366319699989,-83.5886353076833],[-54.840383693999954,-83.62697682968547]],[[166.9066823890001,-83.56260060368179],[166.98396072100002,-83.55685916568181],[167.29234547300004,-83.5724974556828],[167.07718143500017,-83.59827617668375],[167.01860733000012,-83.56761348568234],[166.9066823890001,-83.56260060368179]],[[170.55392717200002,-83.56131163268198],[170.5608513010003,-83.59416200068367],[170.41619132900018,-83.59975843268374],[170.400352211,-83.56280545668193],[170.55392717200002,-83.56131163268198]],[[157.0512595490001,-83.65886059668674],[157.17860987500023,-83.62713977368506],[157.03473126400002,-83.6112994796845],[157.1127822390001,-83.57137679468251],[157.34062592900023,-83.54121400168081],[157.45823966300017,-83.56039901068203],[157.3037651510003,-83.60422749768387],[157.340463147,-83.61786821268461],[157.0512595490001,-83.65886059668674]],[[-55.839409714999924,-83.5742564826825],[-55.96471988099989,-83.58029480768292],[-56.14646728099989,-83.54972180368148],[-55.842118070999945,-83.5397714756809],[-55.839409714999924,-83.5742564826825]],[[163.4603861020001,-83.53993726968083],[163.48724860400011,-83.57558501468242],[163.15422188200014,-83.59297227368339],[163.0820727790001,-83.581739177683],[163.41554273400004,-83.56484997168236],[163.4603861020001,-83.53993726968083]],[[160.4585020160001,-83.53409960668087],[160.72945200800007,-83.50334639167907],[160.82778501700022,-83.50682035667924],[161.05837075700006,-83.55992291968177],[160.70687970000006,-83.55637603168162],[160.4585020160001,-83.53409960668087]],[[167.02915964700003,-83.49233541667857],[167.42861801000004,-83.49130930367865],[167.35050618600002,-83.51753863567956],[167.03007679700022,-83.50481892567923],[167.02915964700003,-83.49233541667857]],[[-55.04800937799995,-83.53814303768075],[-55.300009553999914,-83.53098757268079],[-55.51936388199993,-83.536200614681],[-55.5447555249999,-83.51418201767999],[-55.15497943999998,-83.51728952567983],[-55.04800937799995,-83.53814303768075]],[[171.46814938800014,-83.51819843167992],[171.22428154600004,-83.53094583068024],[171.00136708700003,-83.52622815768032],[170.96893523400027,-83.51065905767952],[171.07937266300004,-83.51024150267943],[171.1224453560001,-83.50838181367945],[171.16792361800015,-83.47710113367803],[171.34508963000007,-83.4805799596783],[171.46814938800014,-83.51819843167992]],[[170.7916008740001,-83.50139013167885],[170.8573518400001,-83.50701758067936],[170.9028631010001,-83.50918808067944],[170.69731159100004,-83.52070314067997],[170.61571808200003,-83.4829190156781],[170.70028056400008,-83.46382000067719],[170.70163262800008,-83.47632551067763],[170.70539548600004,-83.48055290967801],[170.7916008740001,-83.50139013167885]],[[-56.33733502299986,-83.46529186567687],[-56.5527238709999,-83.44013122667573],[-56.40959208399994,-83.42356287967533],[-55.88572661899997,-83.4500064536765],[-56.33733502299986,-83.46529186567687]],[[157.70061439500023,-83.43726528567584],[157.8743240430001,-83.48775252567857],[157.7163162180001,-83.50125594467914],[157.66142043000013,-83.52251312967977],[157.34109984300014,-83.51741106368004],[157.49672267600013,-83.46511098367736],[157.10837738200007,-83.44567585767628],[157.37036258800015,-83.40972804067451],[157.63194210500012,-83.41103427567458],[157.70061439500023,-83.43726528567584]],[[160.53213354500002,-83.39210424267361],[160.54659267400015,-83.423985327675],[160.33679120700012,-83.40924691867461],[160.53213354500002,-83.39210424267361]],[[165.87088092200008,-83.34190986667126],[165.8298648970001,-83.37818357267282],[165.40992049200005,-83.3535184726717],[165.34637474400006,-83.33710602967109],[165.87088092200008,-83.34190986667126]],[[-57.5924889719999,-83.3456252306715],[-57.61355153099993,-83.3169923036698],[-57.35539568699994,-83.3221688006703],[-57.5924889719999,-83.3456252306715]],[[161.739790081,-83.30734338766956],[161.90749074000007,-83.33755630467104],[161.7198290780002,-83.34651019267122],[161.739790081,-83.30734338766956]],[[160.66078106200004,-83.27808114666806],[160.92979684100018,-83.31591388667016],[160.95734800099999,-83.34465494067155],[160.84493657200028,-83.36068449967216],[160.677159476,-83.34746807667184],[160.47609245500007,-83.35555980167197],[160.38253194000012,-83.33236471967113],[160.47187182700011,-83.30194946366944],[160.44297319500015,-83.28127599366795],[160.66078106200004,-83.27808114666806]],[[164.55757967600005,-83.29801214566903],[164.88588419500016,-83.33150255667061],[164.50924239200006,-83.33608159167089],[164.32432496400017,-83.32297564367043],[164.55757967600005,-83.29801214566903]],[[-58.11302715499988,-83.31237387266974],[-58.25710894999996,-83.26630104766755],[-58.092864986999935,-83.22242528766525],[-57.947547202999885,-83.23946855366631],[-58.006301183999945,-83.30631090466949],[-58.11302715499988,-83.31237387266974]],[[162.97102357800017,-83.23546166666605],[162.99350301700008,-83.25929410866725],[162.73625392200006,-83.25924767266729],[162.83318883300012,-83.22758518866566],[162.97102357800017,-83.23546166666605]],[[156.04292642400003,-83.28133936066834],[156.12253877899997,-83.22828876566578],[156.23690184600014,-83.22463526066558],[156.2182695360001,-83.27537479566786],[156.04292642400003,-83.28133936066834]],[[-51.137635763999974,-83.26653540566747],[-51.156241584999975,-83.21995061266549],[-50.930970809999955,-83.22355332466556],[-50.94809303199992,-83.24756698366656],[-51.137635763999974,-83.26653540566747]],[[162.0989272810001,-83.1977662206642],[161.9969012130002,-83.24544367866629],[161.71770040500016,-83.25461868066726],[161.5658502660001,-83.23163499066602],[161.72777395200012,-83.22235554966547],[161.9497694130001,-83.22627325266554],[162.0989272810001,-83.1977662206642]],[[155.9159061780001,-83.28118865366821],[155.83328806800012,-83.25333440566664],[155.9032146310002,-83.20772711166482],[156.0176643640001,-83.21075113566458],[155.99709583900005,-83.25485404466716],[155.9159061780001,-83.28118865366821]],[[158.18447687400007,-83.22030064066513],[157.94988357900024,-83.23717626966604],[157.84544887500022,-83.26137298866716],[157.81421906200023,-83.31852250367031],[157.75661189700017,-83.33444058267084],[157.2579178010002,-83.27031497466764],[156.92022335800013,-83.28154756766814],[156.90425532400002,-83.3101141106697],[156.64668990300015,-83.3275907206705],[156.3654216200002,-83.30535989366969],[156.54398070000013,-83.26432861666741],[156.55573883899999,-83.22363982566566],[156.7942833720001,-83.22171131666519],[156.84174927300032,-83.1958844826643],[157.08309839099996,-83.19048234466374],[157.22255068300024,-83.17476207966324],[157.3959325940001,-83.17920180766338],[157.32388558000002,-83.20718178466439],[157.483403154,-83.22012445366512],[157.62588148100008,-83.18677117166376],[157.90319334000003,-83.166182526663],[158.16469708500017,-83.1777210596633],[158.18447687400007,-83.22030064066513]],[[160.54336563600032,-83.15220016566214],[160.6493409320001,-83.17414835566323],[160.458716599,-83.1807435746633],[160.30065228200021,-83.16411655466264],[160.54336563600032,-83.15220016566214]],[[161.34870155500002,-83.28759796266849],[161.27622438500006,-83.28117038166823],[161.35862808600004,-83.24576068266643],[161.210599761,-83.18845224666381],[161.4443327440001,-83.19572355066417],[161.45075177100009,-83.23580448566601],[161.34870155500002,-83.28759796266849]],[[162.6553021450003,-83.11630297566002],[162.72388122300015,-83.12812280466063],[162.74541602300008,-83.17588542166304],[162.4297607980002,-83.18396960366339],[162.47031296200012,-83.1536021236618],[162.6001084600001,-83.14661915666169],[162.6553021450003,-83.11630297566002]],[[155.77952233200006,-83.19121676766387],[155.97016745800022,-83.14799311966179],[155.81621295400018,-83.12468706066066],[156.06014202400002,-83.11305381266018],[156.1371362010001,-83.1267468306608],[156.00744916600013,-83.1620219166624],[155.77952233200006,-83.19121676766387]],[[163.2671444340002,-83.04708887965707],[163.15062286200023,-83.0722136436582],[163.14581533600014,-83.093302352659],[163.46676221600012,-83.16017940566225],[163.41350811000004,-83.18514876966354],[163.14466315400026,-83.19625697566401],[163.04048695700004,-83.17859210766338],[162.98924383700026,-83.14437096266153],[163.00176070500024,-83.0725604876578],[163.2671444340002,-83.04708887965707]],[[165.04438923600014,-83.10172952165964],[164.9191925540001,-83.11072012265997],[164.6587233000002,-83.10545075265999],[164.69601826200014,-83.0817809196587],[164.95321487700005,-83.10437786865967],[165.12078377700018,-83.0865356396588],[164.59938024200008,-83.07224951865811],[164.72290272300017,-83.04989698565693],[164.96066773500013,-83.06219508665775],[165.20983432600028,-83.09722273865943],[165.04438923600014,-83.10172952165964]],[[165.87143010500017,-83.0131664656551],[166.0987606530001,-83.04468394265676],[165.9632156680002,-83.06282808765745],[165.87143010500017,-83.0131664656551]],[[157.83788320000008,-83.04007003865657],[157.65919017300007,-83.04338172965659],[157.56328959600012,-83.00157646865459],[157.85474675700016,-83.0085061256547],[157.83788320000008,-83.04007003865657]],[[167.128374031,-83.00108988765437],[167.24294699900008,-83.00461209165474],[167.29520018500023,-83.00570848365459],[167.3857144660002,-83.00635753265466],[167.4077888380002,-83.00631449165463],[167.25289368300022,-83.0382174696566],[166.99234939100003,-82.99398712465451],[167.128374031,-83.00108988765437]],[[163.02637434200017,-82.9695475276531],[163.2423598050001,-82.97792054965333],[163.20396698500008,-82.99776940665429],[163.00236336000015,-82.99917136465429],[163.02637434200017,-82.9695475276531]],[[164.24913255300018,-82.93917451565147],[164.320463753,-82.9504369476519],[164.03966318300002,-83.0297250896558],[163.96693874200002,-82.96955708265321],[164.10117916300018,-82.93197261365127],[164.24913255300018,-82.93917451565147]],[[156.0571540410001,-83.10837888865976],[155.98539234699996,-83.09458126365928],[156.26240530300004,-83.07349255465819],[156.297134225,-83.04284579065649],[156.1005535390001,-83.04656098665694],[156.13491650800006,-83.01754785665561],[156.51436725500014,-83.00210855165491],[156.67352860200026,-83.00790883065481],[156.7169059680002,-82.97424206565323],[156.97573421200002,-82.93432222965104],[157.36196056400001,-82.92776171165097],[157.29056566000006,-82.9513624776522],[156.9599541030001,-82.97798106665371],[157.03031953300012,-82.99358515865404],[156.9798894590001,-83.02197350165545],[157.42318469000008,-82.9812915836536],[157.47850644500022,-83.02540572465563],[157.37011967400008,-83.02887348765613],[157.2458201920001,-83.09501259665919],[157.36709045700002,-83.1181500116602],[157.14507638200007,-83.12427416866076],[157.10337002900008,-83.10487558665982],[156.8320792300001,-83.10408148465956],[156.82569456700003,-83.07572046665825],[156.6421915000002,-83.05193026865709],[156.38798772400003,-83.05202280465701],[156.37989951600005,-83.0884611316588],[156.0571540410001,-83.10837888865976]],[[156.24696683800016,-83.00428214665489],[156.0828214510001,-82.98489798265395],[156.12361434700006,-82.96001009165282],[156.45640017600022,-82.93627873465134],[156.492557032,-82.95288396165218],[156.26360995100003,-82.96121356565247],[156.4437612590001,-82.98306955365376],[156.24696683800016,-83.00428214665489]],[[157.72163755700012,-82.92680500165088],[157.8616324920001,-82.95538461965236],[157.58041617900005,-82.95638609065254],[157.72163755700012,-82.92680500165088]],[[163.2473651490002,-82.93213622865095],[163.40648139300004,-82.91111189264991],[163.45675388900008,-82.9485530306523],[163.21101683900008,-82.96243078565254],[163.2473651490002,-82.93213622865095]],[[163.24724596000007,-82.88275942364889],[163.11293881400002,-82.93000890065105],[162.9902364180002,-82.91677403765058],[163.24724596000007,-82.88275942364889]],[[157.23836918200016,-82.87680122964868],[157.73656238000012,-82.84429016164691],[157.6669789780001,-82.8726367626483],[157.39454974900002,-82.88706638164906],[157.23836918200016,-82.87680122964868]],[[166.0111714070001,-82.82820595264616],[165.98928289600005,-82.87221330864816],[165.92949475900014,-82.89101291864918],[165.9540906210002,-82.93300710865127],[165.6130057020001,-82.94242501865175],[165.6680242030002,-82.90575468064988],[165.6150109900001,-82.87346858364832],[166.0111714070001,-82.82820595264616]],[[163.09734813000009,-82.80969568564535],[163.11201043200015,-82.82404852764556],[162.93226967000015,-82.83954331964671],[162.84245050000004,-82.81703957664574],[163.09734813000009,-82.80969568564535]],[[166.17693400200008,-82.76938508664315],[165.98596935600006,-82.81324810464548],[165.84247883100008,-82.7924085066444],[166.17693400200008,-82.76938508664315]],[[163.30659505200015,-82.77028094364341],[163.300075944,-82.802077873645],[162.95660234100023,-82.78027804364366],[163.03114180000023,-82.76783175164347],[163.30659505200015,-82.77028094364341]],[[-53.78538933199996,-82.78943058364413],[-53.80061523499989,-82.76353300664303],[-53.439690004999925,-82.75878180664287],[-53.34577493099994,-82.77561703264368],[-53.78538933199996,-82.78943058364413]],[[160.62986356100018,-82.8681060066479],[160.48089612500019,-82.86811975364816],[160.34965474899997,-82.8509299716474],[160.16786075200014,-82.85437376164715],[159.95812986400017,-82.78154522064419],[160.02379656700018,-82.76113628464306],[160.29372429900013,-82.79613795264447],[160.272834406,-82.83394051864632],[160.55511287700003,-82.85028640864722],[160.62986356100018,-82.8681060066479]],[[159.13694375400019,-82.84693800464703],[159.0356613260002,-82.84410743464692],[159.13275900300002,-82.79820107464444],[159.41931476500008,-82.75509963464272],[159.54196435300014,-82.8180056756457],[159.33817271300003,-82.82314093364609],[159.13694375400019,-82.84693800464703]],[[161.7289417180001,-82.77279702464342],[161.4513951710001,-82.79875394564505],[161.582284507,-82.81180742364539],[161.20217225300016,-82.83607874164649],[161.25786717100016,-82.80040283364477],[161.6156537140001,-82.7704143836432],[161.640662805,-82.73598721164186],[161.76277059200015,-82.73529972764167],[161.7289417180001,-82.77279702464342]],[[163.26844128200003,-82.73559376564137],[163.143852625,-82.74305667964188],[162.99547728800007,-82.73038340464153],[163.23472992800015,-82.71449197964041],[163.26844128200003,-82.73559376564137]],[[154.97167703400007,-82.81783602564548],[155.06588077800006,-82.78923478164413],[155.01354247900008,-82.76493379064281],[155.13160162900007,-82.74455687264205],[154.90253619500004,-82.70255161864006],[155.13484559900004,-82.70033812463998],[155.27794535700014,-82.72194165064084],[155.27231322300008,-82.74367928764195],[155.12743213500005,-82.76553477264284],[155.1961357770001,-82.77756984964373],[155.09606067099998,-82.80615785064471],[154.97167703400007,-82.81783602564548]],[[159.71542488900025,-82.84701562164712],[159.5651227180002,-82.84276398264672],[159.7062225620001,-82.80900417864511],[159.7569371180001,-82.7686095916431],[159.579024611,-82.74048611564172],[159.89115591300012,-82.7018160226399],[160.1732110940003,-82.71532145464066],[159.91900497000017,-82.75339224064219],[159.8607056190002,-82.78077676764384],[159.93775294300022,-82.8176008296457],[159.7708847770003,-82.82883660764588],[159.71542488900025,-82.84701562164712]],[[-42.739166970999975,-82.70924406864003],[-42.83085497499991,-82.71149678964042],[-42.88166508299986,-82.67008497463824],[-42.697134560999984,-82.68096133663892],[-42.739166970999975,-82.70924406864003]],[[155.1598047370001,-82.5756482146336],[155.23674628100014,-82.61194337763524],[155.39215453800026,-82.62943691963646],[155.4159829560002,-82.6491711126374],[155.05892983000007,-82.6472421006375],[155.12289065500022,-82.62146522363611],[155.02224574900004,-82.60731908063546],[154.95554773200016,-82.57027708863343],[155.1598047370001,-82.5756482146336]],[[-52.7436244729999,-82.64904638963763],[-53.04005444899995,-82.63871351063689],[-52.916164170999934,-82.61383768863564],[-52.76306445899996,-82.62318737063612],[-52.738141696999946,-82.58519604363418],[-52.531972279999934,-82.58949361463465],[-52.06750703299998,-82.57002144063375],[-52.10451851799996,-82.59785674563499],[-52.23722555599993,-82.63418258663685],[-52.56378228899995,-82.63470863563701],[-52.7436244729999,-82.64904638963763]],[[-42.61822947699988,-82.56547140663305],[-42.787265867999956,-82.5788834626341],[-42.92425271199987,-82.55464131263281],[-42.49654598199987,-82.53949721963174],[-42.61822947699988,-82.56547140663305]],[[159.71127584100032,-82.553163917633],[159.85331730600018,-82.53570172363182],[160.0874239540002,-82.53296352363193],[159.958002122,-82.56197229463325],[159.71127584100032,-82.553163917633]],[[-51.82846864399987,-82.54832856263238],[-51.75298404299997,-82.54166209763191],[-51.51533973099992,-82.5609066196333],[-51.527603124999914,-82.57281227963352],[-51.840593239999976,-82.5610947096332],[-51.82846864399987,-82.54832856263238]],[[156.00837889200008,-82.46533930762848],[155.88686974500013,-82.49422704463005],[156.09040171200013,-82.50214409063047],[156.179512444,-82.51859743863123],[156.00982895700005,-82.54607014163271],[155.69516196100017,-82.48805846462929],[155.77994679000014,-82.4709110956285],[156.00837889200008,-82.46533930762848]],[[-51.388108252999984,-82.54655444863208],[-51.30282520499991,-82.53871099663195],[-51.28576081499994,-82.49112104562961],[-51.4337197439999,-82.4478407366277],[-51.21020513899997,-82.46118238462812],[-50.888129037999924,-82.45259478562785],[-50.842658704999906,-82.48673965562948],[-50.924473996999936,-82.49189268362959],[-51.06086957599995,-82.53358562763181],[-51.17061018799984,-82.52903693463176],[-51.388108252999984,-82.54655444863208]],[[164.11875267100015,-82.39951217262504],[164.02406327800017,-82.43375309762685],[163.80850713400005,-82.45441634262797],[163.72190761900026,-82.43451601962697],[163.55206488200008,-82.42173763562606],[164.11875267100015,-82.39951217262504]],[[164.79295428400007,-82.36925968762368],[164.73150875600004,-82.40074079262533],[164.46521090000033,-82.41159083562576],[164.265535447,-82.38876656762473],[164.54057953500023,-82.36593103662355],[164.69224908100009,-82.35610211062311],[164.79295428400007,-82.36925968762368]],[[160.28746451900017,-82.30739116462092],[160.5513309590001,-82.34539523162266],[160.81130233000022,-82.33204067462182],[160.95391996500007,-82.37779532262418],[160.69355582000026,-82.40909487062581],[160.49128516500002,-82.37860669162417],[160.29534871500002,-82.33578520762208],[160.28746451900017,-82.30739116462092]],[[154.88987197400007,-82.28912833061983],[154.83422584000004,-82.31747526862104],[154.64564115500013,-82.29892627662032],[154.88987197400007,-82.28912833061983]],[[160.34561802400012,-82.2822606996195],[160.55460946200006,-82.30971446062091],[160.41584700300015,-82.32471572662152],[160.29254781700013,-82.29510982762002],[160.34561802400012,-82.2822606996195]],[[158.86220698800003,-82.35224425462324],[158.86663146000024,-82.32299693262146],[158.9883059000001,-82.3086429186211],[158.82459704200014,-82.29134115461969],[158.74338072600003,-82.26398194061883],[158.93898424500014,-82.26191513061863],[158.957115486,-82.28999166761983],[159.25603036500016,-82.30760054462063],[159.41772589000013,-82.32898329062175],[159.59104594600012,-82.33231928962195],[159.71293210900023,-82.35053149562285],[159.66409878500008,-82.3727727176239],[159.44004187300015,-82.33723276362208],[159.109988883,-82.3056638216205],[159.08156198100005,-82.33102361462186],[159.37301730100015,-82.35264675362302],[159.57432957200012,-82.39891772762516],[159.81545020300018,-82.40206345762546],[159.86296370900004,-82.42279643862656],[159.57145893500012,-82.42356941762645],[159.166798265,-82.41709405962621],[158.86220698800003,-82.35224425462324]],[[160.26986403200007,-82.16972689961402],[160.27432119000022,-82.18663555261499],[160.4528376960002,-82.21171589261633],[160.21021016599997,-82.2417891676178],[160.0941910070003,-82.1959974706151],[160.26986403200007,-82.16972689961402]],[[161.20041457000013,-82.1285185986121],[161.2654792830001,-82.15969493161336],[161.06810164700005,-82.16443288761361],[161.0703493410001,-82.1261719986117],[161.20041457000013,-82.1285185986121]],[[159.81084786300002,-82.15660636661322],[159.89012427200007,-82.13819634661246],[160.14403485000014,-82.14101367361258],[160.0171762010002,-82.16760510361384],[159.81084786300002,-82.15660636661322]],[[159.80552551800008,-82.07694657160961],[159.90189699000007,-82.11531374261155],[159.69670457200004,-82.10762485161112],[159.80552551800008,-82.07694657160961]],[[158.72449092600016,-81.92627694060195],[158.84545926900012,-81.95702730560359],[159.04311217000006,-81.98322093160516],[159.16917922600032,-81.98850941160538],[159.3619424540001,-82.03043939560712],[159.220954596,-82.03286562260733],[158.96679004900022,-81.98794162060521],[158.81123242800015,-81.98468005360533],[158.7078887140001,-81.94768432960323],[158.72449092600016,-81.92627694060195]],[[162.90175994900005,-81.92744523160215],[162.960407826,-81.93773720360278],[162.97547236700015,-81.93916810660284],[162.8129220500001,-81.95740499460358],[162.69710472400004,-81.94085961360305],[162.89715990000002,-81.92593622560231],[162.90175994900005,-81.92744523160215]],[[162.8511171250001,-81.82315465359733],[162.85208319200024,-81.82347775859722],[162.86178501400002,-81.8278840125975],[162.870068445,-81.83127484159759],[162.8787532050001,-81.8509857955986],[162.78709656000024,-81.84121752159807],[162.77356799300003,-81.82793370859753],[162.8511171250001,-81.82315465359733]],[[160.0886146880001,-81.72097035559216],[159.85932378300018,-81.7215537365923],[159.9726521850001,-81.6687779005894],[160.0886146880001,-81.72097035559216]],[[155.09673860100017,-81.6612734115893],[154.80533826700025,-81.64650985758848],[154.91558330400017,-81.63174378858783],[155.1133842280001,-81.64806252058877],[155.09673860100017,-81.6612734115893]],[[161.86493511000015,-81.62056804958725],[161.8843028360002,-81.62423356258743],[161.72360428700017,-81.65782191058928],[161.68986208400023,-81.62334008858753],[161.86493511000015,-81.62056804958725]],[[159.38041701900022,-81.62825691458778],[159.52463341800012,-81.64163678358851],[159.237680359,-81.68237569959045],[159.24235930500015,-81.74554644059319],[159.08884384900023,-81.74327410559319],[159.01292507100004,-81.72708998559247],[159.00089468600004,-81.68817078259084],[159.17801275100032,-81.69415160859108],[159.2030813580002,-81.67042645459004],[159.37371953600015,-81.65286451558875],[159.38041701900022,-81.62825691458778]],[[155.79134316500006,-81.49868772758167],[155.58724290700002,-81.4834071775808],[155.5085197060001,-81.46816786558007],[155.59488033300013,-81.44767930057897],[155.79134316500006,-81.49868772758167]],[[158.12953012900005,-81.41067117157725],[158.09794106700008,-81.36206080757502],[158.2827428290002,-81.39025687157631],[158.12953012900005,-81.41067117157725]],[[158.42776623900008,-81.26548314057024],[158.2394715710001,-81.30192901057197],[158.1517676620001,-81.29070379457156],[158.42776623900008,-81.26548314057024]],[[158.41950251600008,-81.22350923556813],[158.53568194500008,-81.24011781556904],[158.2371363720001,-81.25787354256977],[158.28090132100021,-81.23332092756847],[158.41950251600008,-81.22350923556813]],[[157.27282083000034,-81.01465810955803],[157.09604122300016,-80.99995222255743],[157.18866548300002,-80.97966733855621],[157.3963609130002,-80.9962301525572],[157.27282083000034,-81.01465810955803]],[[156.6326307620002,-80.94019459355428],[156.77652563200002,-80.96863406655575],[156.70664064900004,-81.00225355855743],[156.58851527900003,-80.96264586555552],[156.6326307620002,-80.94019459355428]],[[156.87851784300003,-80.92772768155389],[156.75663503400008,-80.91623424355335],[156.79972356300004,-80.87387795555122],[156.98531507000007,-80.90035019555265],[157.00465849800023,-80.92649034455381],[156.87851784300003,-80.92772768155389]],[[158.1342186290001,-80.88440730555178],[158.0281630400001,-80.93091179955385],[157.87071713800003,-80.8994620485526],[157.85771663400007,-80.87261077855116],[158.03366324600006,-80.87002479255115],[158.1342186290001,-80.88440730555178]],[[156.77664297800015,-80.88085538955141],[156.5498347910002,-80.88010437055162],[156.60247702400008,-80.86260965555073],[156.82272167200014,-80.83961842154946],[156.77664297800015,-80.88085538955141]],[[158.04129245600015,-80.7926763915474],[158.14511510800003,-80.8118340775482],[158.18141178300004,-80.83798612954934],[158.01122438100003,-80.84444572854974],[157.76782404100004,-80.84174055254967],[157.98322679800012,-80.80964287954814],[158.04129245600015,-80.7926763915474]],[[-27.514508408999973,-80.79878059954754],[-27.58002574899996,-80.77610016654643],[-27.715195223999892,-80.765819087546],[-27.555788459999974,-80.72120471354395],[-27.34353662899997,-80.7184019715438],[-27.452858147999958,-80.74630248854488],[-27.26113460999983,-80.75996616954575],[-27.180089952999822,-80.78144614654654],[-27.071957159999954,-80.75753239954547],[-26.97388365399996,-80.77926601254676],[-27.060918690999927,-80.79233273454713],[-27.323901174999886,-80.79834138754742],[-27.445988504999832,-80.78196146554706],[-27.514508408999973,-80.79878059954754]],[[-29.982931589999964,-80.72691027754418],[-30.070807161999934,-80.74590635954507],[-30.227155868999947,-80.72401935754411],[-30.032551134999892,-80.70665506554303],[-29.982931589999964,-80.72691027754418]],[[-23.56806057599994,-80.7357310605448],[-23.686078491999975,-80.70725051554322],[-23.494707833999882,-80.7050236115429],[-23.453675045999944,-80.71981281454376],[-23.56806057599994,-80.7357310605448]],[[-23.00805870099992,-80.69031001154214],[-22.974393274999954,-80.72906744454424],[-23.067836781999972,-80.7286320885445],[-23.00805870099992,-80.69031001154214]],[[158.41114072900018,-80.66668627954131],[158.41007320600022,-80.68933251454229],[158.2556927390001,-80.70007929254292],[158.1849787860002,-80.75166405854557],[158.0445220050001,-80.71958247954383],[158.157949817,-80.70853982054312],[158.17837685900005,-80.6892599275424],[158.41114072900018,-80.66668627954131]],[[-30.241862427999877,-80.6850056065421],[-30.32317899099985,-80.65458716554092],[-30.01765464199997,-80.64463348354012],[-30.044754351999927,-80.67451347154174],[-30.241862427999877,-80.6850056065421]],[[-24.09954167899991,-80.62571769953931],[-23.922111301999962,-80.64661161354023],[-23.976217011999886,-80.6574413715409],[-24.163958976999933,-80.64512164554013],[-24.09954167899991,-80.62571769953931]],[[-25.032475194999957,-80.74095667654491],[-25.058348464999938,-80.7289733995441],[-24.940541604999957,-80.70178869854284],[-24.84423082099988,-80.69731393354274],[-24.791834345999973,-80.65720215254089],[-24.471494477999954,-80.65354982054035],[-24.255634566999902,-80.67809824554172],[-24.729118910999883,-80.68173900954214],[-24.796380860999932,-80.69484663554253],[-24.70907642899988,-80.72581375654404],[-24.80715814699982,-80.73031282854443],[-24.92784083599997,-80.71221981354343],[-25.032475194999957,-80.74095667654491]],[[-29.35345074499997,-80.52638238553423],[-29.24634221899993,-80.51456775253402],[-29.06893598399995,-80.51812637453409],[-29.334808382999938,-80.55106894353585],[-29.35345074499997,-80.52638238553423]],[[158.80443922700022,-80.50731706753356],[158.78818821900015,-80.52859453753443],[158.56442786300022,-80.54002159053502],[158.57658246400004,-80.51723286353399],[158.73496596100006,-80.49634833853327],[158.80443922700022,-80.50731706753356]],[[158.5121245980002,-80.49831825353307],[158.4383993580002,-80.540706225535],[158.31499422500008,-80.55037374853569],[158.16124357500004,-80.52846914453445],[158.5121245980002,-80.49831825353307]],[[160.00279687500003,-80.41506949352912],[159.9810977930002,-80.43860219853013],[159.80481691300017,-80.43439582253013],[159.70629950700015,-80.41870271552938],[159.85327053800006,-80.40564420752871],[160.00279687500003,-80.41506949352912]],[[156.44791550500008,-80.4068027545286],[156.46156560300005,-80.42873485152994],[156.3228145420001,-80.44859209053068],[156.22002890000007,-80.50216906853349],[156.1516417610002,-80.48705632353253],[156.1893226260001,-80.4598268625314],[156.28177153300007,-80.4515933155309],[156.44791550500008,-80.4068027545286]],[[-29.271010671999875,-80.48929161053287],[-29.23588545799992,-80.43961188353033],[-29.079312784999896,-80.46970896253168],[-29.131879909999952,-80.48491122653266],[-29.271010671999875,-80.48929161053287]],[[-29.468023431999875,-80.39833604352833],[-29.49585976399993,-80.40003580252838],[-29.53816678299995,-80.40248995452859],[-29.57924180999992,-80.40411754952862],[-29.658085863999922,-80.40962592252903],[-29.765467150999932,-80.41691676452895],[-29.73910695799992,-80.37935603352742],[-29.468023431999875,-80.39833604352833]],[[157.30446772200014,-80.3300804825252],[157.16999227100007,-80.3570564745266],[157.14384156200003,-80.39756203852833],[156.86446591300023,-80.43773802353023],[156.58861301200034,-80.45161544453094],[156.62467935000006,-80.42257096452944],[156.70833982700012,-80.41663070752934],[156.85015297200016,-80.3692811505269],[157.06618370200025,-80.3398001415255],[157.30446772200014,-80.3300804825252]],[[155.5420833750003,-80.32931001752509],[155.7150059610001,-80.37569012352736],[155.49732298600009,-80.38763836352783],[155.46377893300007,-80.34397885652552],[155.5420833750003,-80.32931001752509]],[[-25.71691351299995,-80.37600226552728],[-25.791972815999937,-80.33209482252528],[-25.660054849999934,-80.33972302752545],[-25.71691351299995,-80.37600226552728]],[[155.4343862710001,-80.27533808352233],[155.51690814900007,-80.30766676152403],[155.3724714730001,-80.32933600152498],[155.291918837,-80.3244773455249],[155.4343862710001,-80.27533808352233]],[[156.6780285110002,-80.20245556251885],[156.54230700300013,-80.16574784151746],[156.6678250460002,-80.08823280751346],[156.7592578970001,-80.12389061151524],[156.73023973800014,-80.17940330751806],[156.6780285110002,-80.20245556251885]],[[158.13803692200008,-80.1702935165173],[157.85063459200023,-80.1887511455184],[157.4961535440001,-80.22847400552016],[157.40454248700007,-80.22728092552023],[157.31113989100004,-80.19236324451835],[157.3060451960001,-80.17045511951746],[157.47483248700016,-80.14939608351663],[157.55756525500007,-80.19180785851849],[157.76505717100002,-80.179114467518],[157.68952546600002,-80.13819332951604],[157.9450783980001,-80.11145286851436],[157.92597620100014,-80.16070092751686],[158.0467318090002,-80.17327697251757],[158.16323243300008,-80.15931321951703],[158.21761642,-80.08974473651365],[158.31401270300034,-80.08108874151308],[158.34264814800008,-80.11432132451452],[158.13803692200008,-80.1702935165173]],[[156.93704182500005,-80.00380069150958],[157.01451444300017,-80.01429014450993],[157.11347156900013,-80.09311107851379],[157.10724398200006,-80.12344486251537],[157.03378612100008,-80.14193233051601],[157.12659796600005,-80.15460124651663],[157.05716292500014,-80.19116563751837],[156.9516920560001,-80.14191992551581],[157.0293339890001,-80.10525310751427],[156.85108118000002,-80.04866819851168],[156.93704182500005,-80.00380069150958]],[[157.73682339300012,-79.98756896050868],[157.55619246900005,-79.94003751650637],[157.68011610500002,-79.92321503050556],[157.8643730430001,-79.93152049350599],[157.79823058000036,-79.95344856750721],[157.81472416200003,-79.97790629950815],[157.73682339300012,-79.98756896050868]],[[158.25803849800025,-79.92837124350561],[158.4839823440002,-79.9212446115054],[158.44431731800012,-79.9426255145067],[158.34384642400016,-79.94591893250673],[158.25803849800025,-79.92837124350561]],[[155.70232279100003,-79.88120575350369],[155.88623422500004,-79.90280274150459],[155.74628941200012,-79.92484145550573],[155.65492093100033,-79.90091765050447],[155.70232279100003,-79.88120575350369]],[[154.314338591,-79.8578644905025],[154.17441104600007,-79.86555120150285],[154.13561589200003,-79.84397081050172],[154.27897130500014,-79.83291138650121],[154.314338591,-79.8578644905025]],[[156.201355357,-80.16100384951693],[156.05979920200005,-80.10775074851452],[156.00161720399998,-80.11957510351506],[155.84176838300002,-80.11560308551468],[155.82981695500007,-80.0936488615136],[155.58045507200006,-80.08515044651331],[155.507078016,-80.06170407451222],[155.34161800700005,-80.0499945515118],[155.24949968200008,-80.00888280850977],[155.2534190630001,-79.971758841508],[155.12677968800003,-79.9167155325052],[155.01490772500003,-79.90943366750484],[154.99533999200003,-79.84627935450203],[155.05712017900024,-79.82961511950104],[155.2227855420001,-79.84858370850213],[155.23855727100022,-79.87921907350338],[155.3281147570002,-79.893383322504],[155.53494232200012,-79.94607181850685],[155.5935479420001,-79.97404307950794],[155.6941278060001,-79.97454381450783],[155.84674187000016,-79.99807149050916],[155.76584020800018,-80.01054175550975],[155.89427515700004,-80.04471395051135],[156.04037815600006,-80.03429004351096],[156.30309292200025,-80.04964351651161],[156.61068810300014,-80.03602794851103],[156.5335624940002,-80.08420211751321],[156.47076961200003,-80.09444832751394],[156.48587179300006,-80.12163101751523],[156.45531957700004,-80.17104202151732],[156.55088957500004,-80.1972874465186],[156.3151291760001,-80.20699101151914],[156.17650149100007,-80.2024689725189],[156.201355357,-80.16100384951693]],[[157.23079763799998,-79.9027214365044],[157.1817737130002,-79.91501467550518],[157.0114149840001,-79.92154200150563],[156.83411352100006,-79.95443277050707],[156.38963040800013,-80.00812055750971],[156.21797768100006,-79.99977419050916],[155.91013338800022,-79.94407709250662],[156.00601234200008,-79.92688915550573],[156.12762358100008,-79.92282543950543],[156.28669087300023,-79.94986982750683],[156.38938431800014,-79.911846482505],[156.40614913200008,-79.85653176750246],[156.2499958940001,-79.87825733350347],[156.10509553000017,-79.8478279955019],[155.9193067180001,-79.84922827750212],[155.876973729,-79.83843942250161],[156.00775577700017,-79.80732511550009],[156.03462883900008,-79.77380570349835],[156.11556151300022,-79.75885489649778],[156.2363281910001,-79.69897556249505],[156.31745196900022,-79.72313640849613],[156.207502813,-79.79103622149933],[156.28202617300005,-79.7928535854994],[156.38453990800005,-79.75894693049773],[156.53274794200013,-79.73638451349663],[156.460089051,-79.80086970549986],[156.45296627100004,-79.8300154385011],[156.75439287100002,-79.8388902015015],[156.8555519240001,-79.86065734150253],[156.989404098,-79.87183679350305],[157.136317122,-79.83887880150138],[157.58333291500003,-79.88060896150368],[157.35992141200003,-79.89921947650446],[157.23079763799998,-79.9027214365044]],[[155.8794965160001,-79.73113928449644],[155.7911629560002,-79.72382975949621],[156.0117420470001,-79.68768077549444],[156.0732987680001,-79.71056103449543],[155.8794965160001,-79.73113928449644]],[[155.46471904600003,-79.69162563649458],[155.3372396380001,-79.6902857044945],[155.289547092,-79.67485729649374],[155.53515371600005,-79.65213596049271],[155.72558040700005,-79.65648449349275],[155.7116423010002,-79.67031815949363],[155.46471904600003,-79.69162563649458]],[[157.93632098300017,-79.66942313949366],[157.8563649670001,-79.65313709449286],[157.83462129500015,-79.62169773749123],[157.9770015570001,-79.59916348549014],[158.01079472000023,-79.64349723249222],[157.93632098300017,-79.66942313949366]],[[156.45461633400024,-79.55221089448794],[156.43490343200006,-79.51598965948608],[156.58865978400013,-79.52722325848697],[156.66907579300013,-79.4974703394854],[156.77033123600015,-79.50541035248568],[156.75119869800005,-79.52776171148683],[156.486384096,-79.52710255848667],[156.45461633400024,-79.55221089448794]],[[157.40828333500016,-79.48388528048464],[157.44264144200008,-79.51854312248635],[157.6909565950001,-79.54300923748742],[157.749881563,-79.57994595248898],[157.60031767600015,-79.6001446704903],[157.40799382300008,-79.59866224649005],[157.49999262500023,-79.6253403464914],[157.62928302600005,-79.68281658749436],[157.57003870800017,-79.6995507284948],[157.44407591900014,-79.68953166849448],[157.40820924,-79.64045493549192],[157.05199011800016,-79.56295716948826],[157.05049679400008,-79.53834336548722],[157.1199608380001,-79.50766558748573],[157.23310031400013,-79.5035162084855],[157.3628961490001,-79.51240941148613],[157.40828333500016,-79.48388528048464]],[[156.55144361800012,-79.35145618747829],[156.42643821000001,-79.32854005547702],[156.13107742800003,-79.32076416047668],[156.02811525800007,-79.30527238647605],[156.019415008,-79.27955434947481],[156.13294474900016,-79.26978490347445],[156.25541630400005,-79.31498332747651],[156.33279219700012,-79.29063975647544],[156.45508035800003,-79.31674168347672],[156.56685022900012,-79.32289199147712],[156.55144361800012,-79.35145618747829]],[[155.79372815400018,-79.22904799847268],[155.74510488300007,-79.21871344347203],[155.78167933100002,-79.17160126146987],[155.85420461400022,-79.13488314646801],[155.96315934000017,-79.14411464246832],[155.85693829100012,-79.18011174647013],[155.85962419000006,-79.2053885594714],[155.79372815400018,-79.22904799847268]],[[35.88568471000008,-71.7039406691315],[35.93120097600007,-71.71411932013193],[35.89181892400012,-71.73918574713299],[35.814263826000115,-71.73423019613286],[35.81944803500016,-71.7046229561315],[35.88568471000008,-71.7039406691315]],[[31.42287807800011,-72.56592369316893],[31.344163259000133,-72.6079138601709],[31.304406704000026,-72.58285413916977],[31.42287807800011,-72.56592369316893]],[[35.47474179500005,-71.47127067912152],[35.50215733500017,-71.49992020312267],[35.599775868000165,-71.50677073512293],[35.60842331300006,-71.53209281012403],[35.48797012000006,-71.51888024312342],[35.41426432800017,-71.48851645212207],[35.47474179500005,-71.47127067912152]],[[35.55717918700009,-71.32783061111512],[35.55346499600017,-71.34927353911623],[35.45794562800006,-71.38821302711784],[35.37793630800019,-71.37530120311723],[35.46302271700012,-71.35022320911597],[35.47214575099997,-71.32369967211503],[35.55717918700009,-71.32783061111512]],[[-9.74100311299992,-74.29982967924553],[-9.67397820399998,-74.30645691724578],[-9.666900688999931,-74.32739911024666],[-9.736165076999953,-74.34030121124727],[-9.77749508399995,-74.32156630924638],[-9.74100311299992,-74.29982967924553]],[[26.161768113000047,-72.29872846415738],[26.117188105000082,-72.32232671615843],[26.04351634400013,-72.29649552415728],[26.119401599000067,-72.27012939915612],[26.161768113000047,-72.29872846415738]],[[26.407197208000067,-72.21866650515389],[26.517764277000083,-72.2326756881545],[26.536280412000107,-72.2190304471538],[26.67651591000009,-72.2439314151549],[26.594884858000167,-72.28961146415693],[26.505663654000156,-72.28308732315662],[26.432866629000042,-72.26071433915561],[26.36832946900012,-72.2696310111561],[26.271128020000045,-72.26030127815562],[26.25331278100009,-72.243731926155],[26.32485101200012,-72.21852468315393],[26.407197208000067,-72.21866650515389]],[[26.050027576000097,-72.21230195515354],[25.951119907000194,-72.25548654415545],[25.903294927000157,-72.24913875815533],[25.951357953000183,-72.21200607415368],[26.050027576000097,-72.21230195515354]],[[-5.285452865999956,-73.89004145622724],[-5.194591993999894,-73.91133535422819],[-5.328913888999977,-73.93189835022903],[-5.334205889999964,-73.89130142422725],[-5.285452865999956,-73.89004145622724]],[[25.639996111000126,-72.20649698215345],[25.69965835300008,-72.2005845531531],[25.796618739000056,-72.21386819915371],[25.71305699900006,-72.23546116315462],[25.629532977,-72.23285187615458],[25.639996111000126,-72.20649698215345]],[[27.29984744900014,-71.94761928614213],[27.367222722000115,-71.9389713381417],[27.455118411000175,-71.95499469314245],[27.418325195000023,-71.97306289814325],[27.540939913000045,-71.97692679014344],[27.569171348000108,-71.96588647814282],[27.679286633000054,-71.97956759314337],[27.599457355000023,-72.00129466814438],[27.592883761,-72.01790408714518],[27.75654182700015,-72.04316732014617],[27.737784293000175,-72.07475621114756],[27.79548282300004,-72.09475745214854],[27.70706527700008,-72.11375487514928],[27.703702791000012,-72.13092990415],[27.80494063100008,-72.1773398501522],[27.764823821000107,-72.20407360615319],[27.667524303000103,-72.20680677815345],[27.622064195000174,-72.18153851515235],[27.49269986200005,-72.17155281415184],[27.421280822000025,-72.15486410315117],[27.42774059000004,-72.12150813914963],[27.49828170900014,-72.10474013514897],[27.594573721000074,-72.06697897514718],[27.592494003000127,-72.02405171214536],[27.48597975300009,-72.0098314721447],[27.466584021000074,-72.03922212514614],[27.38096100200016,-72.0421998811462],[27.27988275400014,-72.07410292514766],[27.258304039000052,-72.01468644014511],[27.304794115000107,-71.98214502914364],[27.231983679000113,-71.96353635914282],[27.29984744900014,-71.94761928614213]],[[24.677573706000082,-72.25659077615555],[24.667136556000173,-72.29691646315719],[24.585411795000027,-72.29528517715731],[24.56580819200007,-72.27324227115632],[24.677573706000082,-72.25659077615555]],[[25.012911656000085,-72.22131518715412],[24.914699349000156,-72.220084053154],[24.93151730900007,-72.18934240515267],[25.012911656000085,-72.22131518715412]],[[25.493179978,-72.10479797014897],[25.51467537700017,-72.13757223015043],[25.459133009000027,-72.14386838315058],[25.43516125900004,-72.11429416714944],[25.493179978,-72.10479797014897]],[[24.717498403000036,-72.23821847515471],[24.581561817000136,-72.2555240941554],[24.543592619000034,-72.24965625715532],[24.534403032000057,-72.21933521315383],[24.694993320000037,-72.22574016315419],[24.717498403000036,-72.23821847515471]],[[25.64585808100003,-72.06328054314721],[25.733985446000187,-72.0645079891471],[25.763969537000147,-72.08400581314802],[25.729587627000054,-72.10505780914896],[25.614585355000145,-72.08728531714809],[25.64585808100003,-72.06328054314721]],[[24.633043655000044,-72.16032323915131],[24.70277776400019,-72.1533270291511],[24.819471672000134,-72.173325252152],[24.849256106000155,-72.21166694215361],[24.800460837,-72.2264584931543],[24.71729137000005,-72.21103897015355],[24.56048383700016,-72.21272909715363],[24.553330048000074,-72.18631720715256],[24.633043655000044,-72.16032323915131]],[[25.806764366000092,-72.00875171514473],[25.83517366500012,-72.0314638321457],[25.932152826000163,-72.01993032914531],[26.124763169000115,-72.04483146414621],[26.191260018000097,-72.0902067471484],[26.120713870000035,-72.09057236614825],[26.101091995,-72.06027512714702],[25.98035951700006,-72.07674574114779],[25.94935316800013,-72.10026822014876],[25.877768167000113,-72.06725692014729],[25.822275252000054,-72.08731364814824],[25.79059399200014,-72.05702982014692],[25.715591017000122,-72.03075254314574],[25.806764366000092,-72.00875171514473]],[[24.790561806000134,-72.06553175614724],[24.862745611000094,-72.10071732314873],[24.942323766000072,-72.0830098751479],[24.937727632000133,-72.05836958414699],[25.016650322000142,-72.03513141914596],[25.2884222400001,-72.0434177721462],[25.235414058,-72.08018751914787],[25.24237640500013,-72.13769293015038],[25.142628197000022,-72.15396086915102],[25.08196582500011,-72.11503043414947],[25.01536990200009,-72.13759352015039],[24.902790840000137,-72.12725075014995],[24.834290882000058,-72.14867138315078],[24.74713431000015,-72.11479272314945],[24.790561806000134,-72.06553175614724]],[[25.105667342000178,-71.96932825614303],[25.206688929000162,-71.98080308614347],[25.16425100100014,-72.00025246214443],[25.089839788000116,-72.01085959714493],[25.044689811000126,-71.99122950714386],[25.105667342000178,-71.96932825614303]],[[23.72238958100013,-72.13071448915012],[23.83340256800011,-72.13919262015038],[23.733712866000072,-72.18553383415248],[23.688376810000076,-72.14849821315083],[23.72238958100013,-72.13071448915012]],[[22.784752809000164,-72.21209911315354],[22.82460927700009,-72.23656439015475],[22.902003946000036,-72.2438516191551],[22.871884235999964,-72.26822871815618],[22.783218417,-72.26842502215595],[22.68934123200017,-72.29095139615694],[22.580201937000137,-72.28391076215667],[22.614262820000075,-72.2641758981559],[22.679945953000182,-72.25880427015558],[22.634709642000193,-72.21854429715395],[22.71590802000003,-72.19848371215294],[22.784752809000164,-72.21209911315354]],[[25.107743373000062,-71.9171334541407],[25.16996980800019,-71.9089366201403],[25.23571128000009,-71.91696749214071],[25.303633892,-71.95652925314249],[25.067903667999982,-71.9512612241423],[25.00819867800004,-71.92966960114136],[25.032413168000176,-71.89223835413955],[25.107743373000062,-71.9171334541407]],[[24.118299546000173,-71.97888195314347],[24.119332531999984,-71.9988023921443],[24.181016491000033,-72.05641643214686],[24.249363227,-72.05255103214657],[24.242922737000015,-72.02013501514523],[24.321755071000034,-71.98803348614375],[24.413959059000145,-72.03182593014567],[24.372751931000145,-72.05760264014688],[24.356746177000097,-72.11483966214932],[24.289923440000166,-72.0928158671484],[24.24585020200004,-72.10737523914895],[24.120187151000092,-72.05536685014683],[24.09042920400003,-71.99394088614407],[24.118299546000173,-71.97888195314347]],[[23.932853218000044,-72.00679135514463],[23.95084715900003,-72.04071913314607],[23.93407245000003,-72.08627848314795],[23.873052506000185,-72.09687488914851],[23.719354493000026,-72.08303703214798],[23.748449430999983,-72.06635167414724],[23.888720636000187,-72.06592184914712],[23.932853218000044,-72.00679135514463]],[[-13.31637355099997,-73.01672039418872],[-13.387315828999874,-73.04827206919015],[-13.435817562999942,-73.03100064818946],[-13.31637355099997,-73.01672039418872]],[[25.12283650400019,-71.74163594613316],[25.176716237000164,-71.76775882813428],[25.303874452,-71.79368909413537],[25.31816694400004,-71.81542421613648],[25.42791007200003,-71.8221619271366],[25.454771736,-71.84889233013791],[25.208780047000175,-71.82065251413648],[25.074793596000063,-71.82233660613655],[25.011916556000187,-71.806773753136],[25.00642976000006,-71.7768039111346],[25.066709582000158,-71.73860907213287],[25.12283650400019,-71.74163594613316]],[[24.20021943800003,-71.86007764913825],[24.289399738000043,-71.85685396813813],[24.31158748300004,-71.87766389513897],[24.430152232000125,-71.89915091213999],[24.532698320000065,-71.90051833614005],[24.557933558000116,-71.84844725113781],[24.653077417000134,-71.87340974213886],[24.62581241600014,-71.81257135013625],[24.720066619000075,-71.83415157413711],[24.727592901000037,-71.85447669113802],[24.69869225500014,-71.89178824513961],[24.63186432000009,-71.94464186514209],[24.6493124320001,-71.97075183914308],[24.608220974000176,-71.98099469714357],[24.605320164000148,-72.02254632214547],[24.64099707800011,-72.06000657014688],[24.63178050100004,-72.09556446214849],[24.659796856000014,-72.13740626815036],[24.548321188000045,-72.14394935215076],[24.477973020000036,-72.1363400901503],[24.453926001000124,-72.09831439814879],[24.577238095000155,-72.05808962814677],[24.59865805700002,-72.01459222814493],[24.574145842000174,-71.97707079114335],[24.6103545040001,-71.93880353214162],[24.57012034700011,-71.92935477714116],[24.42063223000008,-71.9282745161413],[24.28757633800012,-71.90820907114035],[24.239976162000065,-71.91496874314063],[24.159581106000076,-71.87799933813902],[24.20021943800003,-71.86007764913825]],[[22.81946932500006,-72.02915042614549],[22.930014266000057,-72.02805340214555],[22.99897791000012,-72.04372555514634],[23.087055822000025,-72.01757736014514],[23.110510575000088,-72.04673482714631],[23.25125468800013,-72.05991219014693],[23.201415872000094,-72.07874650214791],[23.241994860000094,-72.0964388621484],[23.319755148000066,-72.10488765614897],[23.33413598500005,-72.08104850814794],[23.47465831200003,-72.10709142714907],[23.480830915000126,-72.13376198315015],[23.422797612,-72.15515612915124],[23.301283102000074,-72.13780977315037],[23.198365864000152,-72.16091433115135],[23.18134807900014,-72.18892314215259],[23.041305868000055,-72.20737658015345],[22.98382945800011,-72.23034836815445],[22.949120989000047,-72.20215783715311],[23.072792499000172,-72.16602092415148],[23.090716703000112,-72.13122628915002],[22.984756330000035,-72.12474707514988],[22.940988361000056,-72.10524237914899],[22.73243462500011,-72.13106954715003],[22.773439750000133,-72.09653894214846],[22.844533404000053,-72.10530641614896],[22.969336472000176,-72.09694429114867],[23.035611368000158,-72.11268819414936],[23.10383891300017,-72.0814659271479],[23.078719513000124,-72.03956511214606],[23.0347969820001,-72.04904303714653],[22.872088251000097,-72.04397567114634],[22.81946932500006,-72.02915042614549]],[[25.246756789000187,-71.68986443013094],[25.306914905000156,-71.76705625713426],[25.230579039000077,-71.75088504413341],[25.1187704410001,-71.68700485913084],[25.149789530000078,-71.67647668113024],[25.246756789000187,-71.68986443013094]],[[-3.30840235799991,-72.63791069117222],[-3.222609856999838,-72.66998875017352],[-3.324001923999957,-72.67367109017374],[-3.292215220999879,-72.7066842341752],[-3.351654336999957,-72.72189286817603],[-3.383373649999953,-72.67569280517381],[-3.30840235799991,-72.63791069117222]],[[-2.994160157999942,-72.58574623216981],[-2.887994091999814,-72.61582034517103],[-2.982261538999977,-72.62115827817149],[-2.994160157999942,-72.58574623216981]],[[0.354846670000029,-72.58797665717007],[0.43750551100004,-72.60466972717086],[0.470388736000018,-72.62619647417166],[0.426580367000042,-72.66019348717305],[0.354846670000029,-72.58797665717007]],[[14.482901917000106,-72.00819532414476],[14.519118626000079,-72.01487520114496],[14.485332837000156,-72.04634892414647],[14.408203707000036,-72.02344117414535],[14.482901917000106,-72.00819532414476]],[[-2.890744363999886,-72.50792375016663],[-2.87282820599995,-72.52953347916747],[-2.942195857999877,-72.54602655616823],[-2.966756520999979,-72.5226874731671],[-2.890744363999886,-72.50792375016663]],[[0.55640386000016,-72.47509450516505],[0.587815055000078,-72.50975955616651],[0.493419030000098,-72.50496409916647],[0.55640386000016,-72.47509450516505]],[[11.565038398000068,-72.11687177114948],[11.576393031000123,-72.1418458291505],[11.462486944999965,-72.14594424615078],[11.408478466000188,-72.13359116015019],[11.565038398000068,-72.11687177114948]],[[14.523920788,-71.86092774213833],[14.479810502000188,-71.90228138614006],[14.410179993000098,-71.89264923513979],[14.447315694000052,-71.86677328413865],[14.523920788,-71.86092774213833]],[[11.472557806000053,-71.97273566914312],[11.491907269000079,-71.99599948314416],[11.37883870400003,-71.99113948614392],[11.384639821000121,-71.97708353114335],[11.472557806000053,-71.97273566914312]],[[10.779068703000119,-71.96436667114276],[10.842287053000177,-71.97913760114339],[10.813166969,-72.00990104214483],[10.710951128000145,-71.96650187714279],[10.779068703000119,-71.96436667114276]],[[11.602219026000116,-71.87033710313872],[11.657495352000126,-71.8719256411388],[11.676744903000097,-71.90995334514032],[11.577089232000102,-71.90459194314025],[11.541673163000153,-71.88755722613949],[11.602219026000116,-71.87033710313872]],[[2.4060544190001,-72.21899926615394],[2.506835445000148,-72.23753585315474],[2.486492390000137,-72.25995611115577],[2.358354833000078,-72.23853547915469],[2.4060544190001,-72.21899926615394]],[[-0.455855515999929,-72.23483537015457],[-0.385495948999846,-72.26289698715583],[-0.468416808999905,-72.27144837615624],[-0.455855515999929,-72.23483537015457]],[[12.079396436000138,-71.8168077331363],[11.983153373999983,-71.85259294213786],[11.950638450000156,-71.83153792813708],[12.079396436000138,-71.8168077331363]],[[8.888089981000121,-71.99282911014384],[8.874095383,-72.01023112214469],[8.747026016000063,-72.03778898614598],[8.774738275000118,-71.99282005814395],[8.805977808000023,-71.97799850014346],[8.888089981000121,-71.99282911014384]],[[11.655889714000127,-71.79069256213523],[11.661133435000123,-71.81819292713654],[11.73444376800006,-71.86321834913838],[11.623728004000043,-71.85113968713796],[11.542657869000093,-71.86211780513838],[11.573240428000132,-71.8065249781359],[11.655889714000127,-71.79069256213523]],[[2.780459932000042,-72.14185605515063],[2.655178593000016,-72.1793910701522],[2.615605266000159,-72.16382989315147],[2.752243250000049,-72.12839521614983],[2.780459932000042,-72.14185605515063]],[[9.418750325000019,-71.9800242391435],[9.345507382,-71.98394529514356],[9.31060713500011,-71.95002925214226],[9.346338364000191,-71.94107318514185],[9.425974690000142,-71.95779056214238],[9.418750325000019,-71.9800242391435]],[[11.777151258000172,-71.75757363813374],[11.853607489000124,-71.78009464713477],[11.802406110000048,-71.8002346921356],[11.751787274000092,-71.79241537913528],[11.777151258000172,-71.75757363813374]],[[2.382542333000117,-72.13385066415012],[2.441227580000032,-72.14120293715051],[2.362482754000155,-72.19967092515314],[2.346839267000121,-72.15419355115117],[2.382542333000117,-72.13385066415012]],[[9.083715632000178,-71.89925987714004],[9.227057632000141,-71.93240763514144],[9.21790559600015,-71.94097075814183],[8.98996803099999,-71.9110867471404],[9.083715632000178,-71.89925987714004]],[[12.465482303000154,-71.69556647313121],[12.486332799000138,-71.70728404313162],[12.431599620000041,-71.76045869013393],[12.247266409000131,-71.78411293313496],[12.335708933000037,-71.7422290501332],[12.382243769000068,-71.69790049913124],[12.465482303000154,-71.69556647313121]],[[-0.403530793999892,-72.10040585114866],[-0.321648619999962,-72.09965852014854],[-0.315883041999882,-72.12722376114984],[-0.434197172999916,-72.12159179014955],[-0.403530793999892,-72.10040585114866]],[[7.422440040000083,-71.95759006714252],[7.446796687000187,-71.96697830514292],[7.343517685,-71.99015846714379],[7.252462017000085,-71.98590682914374],[7.244562406000056,-71.97233484614313],[7.336614179000094,-71.95823161814245],[7.422440040000083,-71.95759006714252]],[[7.739688327000011,-71.93880688514173],[7.788347138000064,-71.95361000214238],[7.769123403000093,-71.98393892514352],[7.648176684000134,-71.96857958414306],[7.631299045000161,-71.99046692114393],[7.570155216000047,-72.00380806714459],[7.444384542000022,-71.98940392814387],[7.458046882000134,-71.97575114414329],[7.544339112000102,-71.96887747714302],[7.616345891000152,-71.93555302914147],[7.683279605000109,-71.94660306414214],[7.739688327000011,-71.93880688514173]],[[11.35314983699999,-71.73251777313277],[11.475238507000086,-71.73578135213293],[11.432467147000184,-71.77190988313451],[11.343159944999966,-71.7990929091355],[11.264364324999972,-71.79961543713569],[11.226772312000092,-71.78194922813492],[11.287206528000183,-71.74979975513338],[11.377751403000046,-71.77086818013443],[11.403804044000141,-71.75130833113354],[11.35314983699999,-71.73251777313277]],[[1.386642259000098,-72.10183429514883],[1.430681969000148,-72.10033108414873],[1.431938416000094,-72.13866120715024],[1.343708792000029,-72.11186056414934],[1.386642259000098,-72.10183429514883]],[[12.125469429000075,-71.67873426413043],[12.213302421000147,-71.7167663271319],[12.200121370000147,-71.73725740613297],[12.103223346000165,-71.78005240313472],[12.130857989000045,-71.80333834513584],[11.994952248000116,-71.8154480201363],[11.99671194600006,-71.79206719513532],[12.05305042700013,-71.77170586813445],[12.0003396350001,-71.75687911313375],[12.125469429000075,-71.67873426413043]],[[12.664103312000064,-71.647604702129],[12.720748068000146,-71.64335121912892],[12.76429559300004,-71.66533813312977],[12.712747036,-71.6892652911308],[12.649848371000019,-71.67900550313041],[12.604559589000077,-71.65418215112935],[12.664103312000064,-71.647604702129]],[[10.6036342270001,-71.78355168113497],[10.492433653000148,-71.83332629213702],[10.46000657100012,-71.79166637213523],[10.6036342270001,-71.78355168113497]],[[12.330534447,-71.64055501512871],[12.376872644000056,-71.67044891712997],[12.309132087000023,-71.67697406413039],[12.256711979000102,-71.65113784312919],[12.330534447,-71.64055501512871]],[[8.88511792500003,-71.84564417413763],[8.92343279300013,-71.84922861213792],[8.951333813000133,-71.88113936813915],[8.877878975000044,-71.89782707413997],[8.798884704000047,-71.93059630514131],[8.823459280000181,-71.95229186414232],[8.732394895000139,-71.96483304014285],[8.75879270400003,-71.91720688014065],[8.825791796999965,-71.89511519213981],[8.815171083000166,-71.86540351213846],[8.88511792500003,-71.84564417413763]],[[6.885291598000151,-71.92863728514132],[6.943450630000085,-71.91857296314072],[7.013563266000176,-71.95411710814241],[6.887514480000049,-71.93805972214163],[6.885291598000151,-71.92863728514132]],[[3.924515735000115,-72.00066451714433],[3.971285935000138,-71.99969355614428],[3.95579868699997,-72.03952236414608],[4.179357041000117,-72.06449659014729],[4.157070222000186,-72.09730354014862],[4.046684034000123,-72.06183013814699],[3.935704575000044,-72.07547001414764],[3.90984622600007,-72.03805569814605],[3.924515735000115,-72.00066451714433]],[[-3.345046879999927,-72.02705545214555],[-3.383080785999879,-72.03996291714614],[-3.44603158599989,-72.01727846114517],[-3.393017703999874,-72.00055907214437],[-3.345046879999927,-72.02705545214555]],[[3.106513580000126,-72.0001624401443],[3.201099371000169,-72.00276904614456],[3.235897861000126,-72.03727182314593],[3.04657004000012,-72.02084077114519],[3.106513580000126,-72.0001624401443]],[[4.827107588000104,-71.97212043714322],[4.888253932000168,-71.96855158914298],[4.810951296000042,-72.02279895214524],[4.769108484000071,-72.00732662314482],[4.827107588000104,-71.97212043714322]],[[10.274562758000172,-71.71879206613214],[10.368346904000077,-71.74238495313323],[10.399683834000085,-71.79211530713529],[10.266204656000127,-71.75935781113382],[10.23856247000009,-71.74510404413329],[10.274562758000172,-71.71879206613214]],[[8.999709148000136,-71.79636661013542],[8.928811462000112,-71.80531781613584],[8.861819578000109,-71.77594778313464],[9.001078919000065,-71.77555634813464],[8.999709148000136,-71.79636661013542]],[[9.709876736000068,-71.79513061413546],[9.712706467000032,-71.81975112313651],[9.80883620600008,-71.82177887413657],[9.879541778000029,-71.83811001313735],[9.916886189000078,-71.86413566513846],[9.769166821999988,-71.855155458138],[9.7659466610001,-71.88253059713922],[9.689331342000115,-71.91122706014059],[9.754606780000016,-71.9378386071417],[9.72036400900015,-71.95794546014248],[9.74184868000009,-71.97928948214336],[9.696567274000017,-71.9948164601441],[9.63555588000014,-71.98615627514378],[9.659083556000157,-71.95457241314243],[9.61538918000008,-71.93427193814158],[9.705313291000095,-71.88576752213937],[9.721142018000137,-71.84644062213775],[9.682008070000109,-71.80772023813599],[9.647942828999987,-71.80406572713582],[9.644346320000066,-71.76599141913427],[9.719003123000165,-71.77567168313462],[9.709876736000068,-71.79513061413546]],[[5.234150066000154,-71.92406897914096],[5.122613043000115,-71.90014819113996],[5.155307004000122,-71.88499554813934],[5.234150066000154,-71.92406897914096]],[[2.780227921000119,-71.94017632114168],[2.826252299000032,-71.94006433914173],[2.90392474400005,-71.97167401714313],[2.854771568000103,-72.01653079514517],[2.875416539000184,-72.0432092301462],[2.77848129900002,-72.082349883148],[2.660374705000095,-72.05991336414687],[2.60687115200011,-72.06607071214727],[2.512429864000012,-72.00799315314475],[2.572328980000066,-71.98825208714383],[2.630109987000083,-72.00204015514436],[2.611997526000096,-72.0212426001453],[2.828488087999972,-72.02773220714569],[2.771367910000038,-71.97862898714347],[2.834649293000041,-71.98117658414355],[2.839418262000037,-71.9511465601423],[2.780227921000119,-71.94017632114168]],[[11.297085443000183,-71.59045166612668],[11.348245080000027,-71.63940820312862],[11.413865517000088,-71.65828107112948],[11.249845019000189,-71.66788824513004],[11.257617058000106,-71.62650811412817],[11.234375371999986,-71.61348514512751],[11.297085443000183,-71.59045166612668]],[[5.94485778400002,-71.83027980413698],[5.995222649000141,-71.84913272313777],[6.005292503000077,-71.87590302413903],[6.113420438000047,-71.91656465814064],[6.213544490000174,-71.91952481214082],[6.309413887000176,-71.97080296914305],[6.243314172000055,-71.98184261014362],[6.169729415000177,-71.93721247914164],[6.042321252000078,-71.93431820614141],[5.974908595000159,-71.88832718813941],[5.924585138000054,-71.87605624513903],[5.961870540000064,-71.84964452213772],[5.94485778400002,-71.83027980413698]],[[12.205254114000123,-71.53961657712429],[12.25044985700009,-71.58597438712631],[12.295213428000068,-71.60163514112703],[12.225696578000054,-71.62275721012793],[12.162689620000094,-71.60439765012718],[12.157631306999972,-71.57175817112582],[12.103254359000175,-71.5679128881255],[12.109492844000046,-71.51516152712344],[12.188841503000049,-71.51779629512343],[12.205254114000123,-71.53961657712429]],[[6.535673562000056,-71.81435183513626],[6.673631025000133,-71.86362973313841],[6.672709351000037,-71.8745176621388],[6.559404415000073,-71.89475694913979],[6.49157786,-71.87629496213901],[6.595566474000123,-71.86844966513861],[6.535673562000056,-71.81435183513626]],[[5.385472144000119,-71.86264854713842],[5.562459285000045,-71.89431187013967],[5.557179857000052,-71.92318569314106],[5.467138065000028,-71.90544019214008],[5.33983299900018,-71.90188173714012],[5.344992230000116,-71.87466065813886],[5.385472144000119,-71.86264854713842]],[[11.622417912,-71.53385753712394],[11.73181185000004,-71.576196558126],[11.633028734999979,-71.62470918912808],[11.539314829000034,-71.64151340212885],[11.55726837000003,-71.66918576413003],[11.649935878000123,-71.67725804313032],[11.740024106000076,-71.63824228012864],[11.802149791000089,-71.65961128012947],[11.724944050999966,-71.67498654613024],[11.677659537000066,-71.69712835813121],[11.636887932000036,-71.75346784513363],[11.532561863000124,-71.75802793813381],[11.515887736000138,-71.73593826113283],[11.595131452999965,-71.7352408871329],[11.653922816000145,-71.71730578613212],[11.647970321000116,-71.69968098413132],[11.535062018000131,-71.6773836041304],[11.45840814200011,-71.69199829613086],[11.412266752000107,-71.67461237813019],[11.470630638000102,-71.62337646612797],[11.377404057000094,-71.59380476412673],[11.39034052300019,-71.5807747551263],[11.524310043000071,-71.59794173812689],[11.498303334000012,-71.62160268712788],[11.64369454299998,-71.61257403212745],[11.612009596000178,-71.59568516112687],[11.6792192420001,-71.57964236012613],[11.613713134000077,-71.56026121312519],[11.622417912,-71.53385753712394]],[[11.577331134000076,-71.5038077311227],[11.53875324200004,-71.53293653312416],[11.405952662000061,-71.53958791112426],[11.353791891000014,-71.5175961351235],[11.577331134000076,-71.5038077311227]],[[13.114461136000044,-71.38840631411784],[13.195696729000018,-71.40661030611854],[13.13766527000007,-71.4502564021205],[13.056287016999988,-71.40101387411833],[13.114461136000044,-71.38840631411784]],[[6.892078595000099,-71.72628783713247],[6.953190908000066,-71.74671471113325],[6.954893106000043,-71.76812478213428],[6.873489539,-71.77751838513477],[6.835338788000058,-71.75995695013395],[6.892078595000099,-71.72628783713247]],[[12.754721947000178,-71.37332776711719],[12.811249357000122,-71.38750844411777],[12.83418778500004,-71.40901842711868],[12.805869681000159,-71.43868048611996],[12.741127501000165,-71.4539471231207],[12.746230740000042,-71.51575613912333],[12.625320901000123,-71.4756986731215],[12.69126320400005,-71.46727100112126],[12.666727687000046,-71.4325518031196],[12.630300592000138,-71.42260868311934],[12.6255021180001,-71.38623104111767],[12.754721947000178,-71.37332776711719]],[[12.444316313,-71.419357006119],[12.548227478,-71.4578732081208],[12.574688822000098,-71.50766810212298],[12.671218377,-71.59535374112681],[12.589251043000159,-71.60947255912738],[12.559148097000048,-71.59602647212688],[12.627567755000028,-71.57842413412604],[12.431453439000109,-71.51223205012319],[12.43205710400008,-71.4735901201216],[12.386961106000056,-71.45674818812078],[12.444316313,-71.419357006119]],[[11.572639949000118,-71.44365246512015],[11.58360314700002,-71.46320024412105],[11.487828634000039,-71.48056302812189],[11.460179406000124,-71.45320297712045],[11.572639949000118,-71.44365246512015]],[[11.994311368000014,-71.43049505111954],[11.972719241000048,-71.4776246671216],[11.904149211000059,-71.45471825812052],[11.938977374000045,-71.43311657611982],[11.994311368000014,-71.43049505111954]],[[12.541941216000167,-71.32434776111494],[12.641860917000145,-71.34833510111595],[12.58256697600018,-71.37195246411707],[12.541941216000167,-71.32434776111494]],[[13.41790559600014,-71.26590592411243],[13.45836237700007,-71.27028530211257],[13.469652805000067,-71.29844046111391],[13.446263262000059,-71.33859314611576],[13.523896145000036,-71.33364966511544],[13.571805780999963,-71.29396921711373],[13.631970938000109,-71.33245692011543],[13.705111789,-71.34006953511566],[13.739880273000152,-71.40606598511859],[13.615282227000135,-71.38083024411758],[13.499340344000188,-71.37480817911718],[13.442400880000035,-71.40795375811861],[13.252761587000066,-71.40847628611854],[13.181930621000047,-71.39719507811819],[13.273580901000114,-71.36928031211697],[13.229861548000029,-71.35765946911643],[13.286944678000168,-71.30704616511427],[13.338670596000041,-71.30998385511431],[13.41790559600014,-71.26590592411243]],[[11.473777038000037,-70.73121874508934],[11.560218298000052,-70.74640810109],[11.646643801000153,-70.7318949970894],[11.820826188000183,-70.75620571109035],[11.848276764000047,-70.78195593409149],[11.687825281000071,-70.76267117809068],[11.614555516000165,-70.76790936709085],[11.473777038000037,-70.73121874508934]],[[-145.26904763099992,-76.27478839833468],[-145.3487102759999,-76.26396685433423],[-145.21248300599993,-76.23793818433292],[-145.11940076099992,-76.24675511233319],[-145.26904763099992,-76.27478839833468]],[[-136.83551011399987,-74.74560813126556],[-136.79682024,-74.75409481226572],[-136.78406733699995,-74.7648543302664],[-136.79031822699983,-74.77073708726645],[-136.83030612399995,-74.76881897226647],[-136.83386374,-74.76728474726639],[-136.83404193999993,-74.76429860926615],[-136.84552364299995,-74.75137421326562],[-136.83551011399987,-74.74560813126556]],[[-145.11277922199997,-76.4701796903436],[-145.1350373749999,-76.48503829634423],[-145.304380887,-76.47996506334414],[-145.44986932599994,-76.48394630134416],[-145.4381458889999,-76.4598221683431],[-145.3554709539999,-76.45702328234292],[-145.2110827239999,-76.4774972623439],[-145.11277922199997,-76.4701796903436]],[[-145.56036112599995,-76.6857673543535],[-145.554267648,-76.6715850013528],[-145.64699282299992,-76.64578633135159],[-145.55359273699995,-76.63991497335134],[-145.41439726499993,-76.66066320935236],[-145.56036112599995,-76.6857673543535]],[[-145.798839777,-76.91061903636377],[-145.80410210499994,-76.91856759836423],[-145.83423002999993,-76.9165465533642],[-145.86607792199993,-76.90966098436377],[-145.8598516739999,-76.90481724836351],[-145.883194948,-76.89919751536338],[-145.84755307000003,-76.89800778736337],[-145.78029279699993,-76.85878599736142],[-145.65125854299995,-76.86293738836152],[-145.704122557,-76.89370770236313],[-145.798839777,-76.91061903636377]],[[-145.47425547699999,-77.12222311537383],[-145.58892917799994,-77.11018217137307],[-145.60129466899988,-77.0887541633721],[-145.74002528,-77.08021098837183],[-145.76600214899992,-77.05117556137029],[-145.5759300139999,-77.05841769637074],[-145.56701921000004,-77.1033465593727],[-145.47425547699999,-77.12222311537383]],[[-144.36761767799987,-77.21962438937817],[-144.36782119,-77.21082573437778],[-144.45994622199987,-77.1837639113764],[-144.5914015049999,-77.18276059737642],[-144.55737398199992,-77.1692135923758],[-144.475315956,-77.17923986137625],[-144.34919357699994,-77.20327095437725],[-144.36761767799987,-77.21962438937817]],[[-127.2100467209999,-73.54799580121222],[-127.16599259399995,-73.56851537921297],[-127.25175106399996,-73.57012319621312],[-127.27356195799985,-73.55840244121258],[-127.2100467209999,-73.54799580121222]],[[-132.35436236299995,-75.8260797983142],[-132.42200015799995,-75.84303220431485],[-132.53865768799994,-75.83138571331436],[-132.55090197699997,-75.79435847331271],[-132.35436236299995,-75.8260797983142]],[[-125.87566397299993,-76.51996888534582],[-125.98864201399994,-76.5036707713452],[-126.01670161899995,-76.46125765434314],[-125.90600278599999,-76.46774742934346],[-125.89331861499988,-76.48556350634433],[-125.75311027399995,-76.51569243734568],[-125.87566397299993,-76.51996888534582]],[[-126.85910769599997,-77.22446812537846],[-126.99262911899991,-77.22486609837841],[-127.09243516199997,-77.2072657713776],[-127.04279030299995,-77.16093528637533],[-126.80157613399994,-77.17300590237609],[-126.85910769599997,-77.22446812537846]],[[-125.8271924129999,-77.07133203537106],[-126.03241165899998,-77.08647059637192],[-126.12275972599991,-77.04381205737006],[-126.24219518799995,-77.07492938137149],[-126.3249420389999,-77.06149922037085],[-126.11435250599996,-77.03418761636959],[-125.97080665799996,-77.05948454537058],[-125.8980005799999,-77.04336328937006],[-125.80254860199986,-77.0445818513699],[-125.8271924129999,-77.07133203537106]],[[-111.8469626489999,-74.54784274825657],[-111.85956769499995,-74.55526526125685],[-111.91240069499996,-74.54976790425667],[-111.903246648,-74.54003902525618],[-111.86716706599995,-74.53894853925617],[-111.86903438799986,-74.5433336172564],[-111.8469626489999,-74.54784274825657]],[[-111.868278004,-74.57187568525764],[-111.86603349699999,-74.5750391842577],[-111.88522890099986,-74.5952417582586],[-111.89392211199991,-74.59852578925886],[-111.90130003399986,-74.59080672425833],[-111.90622272699991,-74.5871927812583],[-111.92047448299994,-74.57629546525789],[-111.92137553799994,-74.57204466425762],[-111.92733842599989,-74.56555606325723],[-111.868278004,-74.57187568525764]],[[-111.73958724099995,-74.67321544926207],[-111.73680143099989,-74.670587554262],[-111.74089850699994,-74.65554689326125],[-111.73531146299995,-74.6554427902614],[-111.71246473299993,-74.6643886312616],[-111.68867872699991,-74.68875466626284],[-111.73958724099995,-74.67321544926207]],[[-110.88801873499985,-75.36964375129344],[-111.0220672129999,-75.39094066729436],[-111.13177128099994,-75.37590788529386],[-110.88801873499985,-75.36964375129344]],[[-110.45633144099997,-75.26468266828874],[-110.47264715699997,-75.26636391128882],[-110.45132107199998,-75.23753736128735],[-110.38561262499996,-75.24143930628757],[-110.45633144099997,-75.26468266828874]]],"bbox":[-179.9994320449999,-87.38839105887023,179.85072126800011,-46.048695127700945],"objects":{"sanitized":{"type":"GeometryCollection","geometries":[{"arcs":[[[0]],[[1]]],"type":"MultiPolygon","properties":{"id":"eco_117","name":"Adelie Land tundra","biomeNum":"11","biome":"Tundra","realm":"Antarctica","realmSlug":"antarctica","areaKm2":177.62,"FID":"eco_117"},"id":"eco_117"},{"arcs":[[[2]],[[3]],[[4]],[[5]],[[6]],[[7]],[[8]],[[9]],[[10]],[[11]],[[12]],[[13]],[[14]],[[15]],[[16]],[[17]],[[18]],[[19]],[[20]],[[21]],[[22]],[[23]],[[24]],[[25]],[[26]],[[27]],[[28]],[[29]],[[30]],[[31]],[[32]],[[33]],[[34]],[[35]],[[36]],[[37]],[[38]],[[39]],[[40]],[[41]],[[42]],[[43]],[[44]],[[45]],[[46]],[[47]]],"type":"MultiPolygon","properties":{"id":"eco_118","name":"Central South Antarctic Peninsula tundra","biomeNum":"11","biome":"Tundra","realm":"Antarctica","realmSlug":"antarctica","areaKm2":4959.91,"FID":"eco_118"},"id":"eco_118"},{"arcs":[[[48]],[[49]],[[50]],[[51]],[[52]],[[53]],[[54]],[[55]],[[56]],[[57]]],"type":"MultiPolygon","properties":{"id":"eco_120","name":"East Antarctic tundra","biomeNum":"11","biome":"Tundra","realm":"Antarctica","realmSlug":"antarctica","areaKm2":1085.7,"FID":"eco_120"},"id":"eco_120"},{"arcs":[[[58]],[[59]]],"type":"MultiPolygon","properties":{"id":"eco_121","name":"Ellsworth Land tundra","biomeNum":"11","biome":"Tundra","realm":"Antarctica","realmSlug":"antarctica","areaKm2":219.62,"FID":"eco_121"},"id":"eco_121"},{"arcs":[[[60]],[[61]],[[62]],[[63]],[[64]],[[65]],[[66]],[[67]],[[68]],[[69]],[[70]],[[71]],[[72]],[[73]],[[74]],[[75]],[[76]],[[77]],[[78]],[[79]],[[80]],[[81]],[[82]],[[83]],[[84]],[[85]],[[86]],[[87]],[[88]],[[89]],[[90]],[[91]],[[92]],[[93]],[[94]],[[95]],[[96]],[[97]],[[98]],[[99]],[[100]],[[101]],[[102]],[[103]],[[104]],[[105]],[[106]],[[107]]],"type":"MultiPolygon","properties":{"id":"eco_122","name":"Ellsworth Mountains tundra","biomeNum":"11","biome":"Tundra","realm":"Antarctica","realmSlug":"antarctica","areaKm2":2964.59,"FID":"eco_122"},"id":"eco_122"},{"arcs":[[[108]],[[109]],[[110]],[[111]],[[112]],[[113]],[[114]],[[115]],[[116]],[[117]],[[118]],[[119]],[[120]],[[121]],[[122]],[[123]],[[124]],[[125]],[[126]],[[127]],[[128]],[[129]],[[130]],[[131]],[[132]],[[133]],[[134]],[[135]],[[136]],[[137]],[[138]],[[139]],[[140]],[[141]],[[142]],[[143]],[[144]],[[145]],[[146]],[[147]],[[148]],[[149]],[[150]],[[151]],[[152]],[[153]],[[154]],[[155]],[[156]],[[157]],[[158]]],"type":"MultiPolygon","properties":{"id":"eco_123","name":"Enderby Land tundra","biomeNum":"11","biome":"Tundra","realm":"Antarctica","realmSlug":"antarctica","areaKm2":2151.89,"FID":"eco_123"},"id":"eco_123"},{"arcs":[[[159]],[[160]],[[161]],[[162]],[[163]],[[164]],[[165]],[[166]],[[167]],[[168]],[[169]],[[170]],[[171]],[[172]],[[173]],[[174]],[[175]],[[176,177]],[[178]],[[179]]],"type":"MultiPolygon","properties":{"id":"eco_126","name":"Northeast Antarctic Peninsula tundra","biomeNum":"11","biome":"Tundra","realm":"Antarctica","realmSlug":"antarctica","areaKm2":1142.13,"FID":"eco_126"},"id":"eco_126"},{"arcs":[[[180]],[[181]],[[182]],[[183]],[[184]],[[185]],[[186]],[[187]],[[188]],[[189]],[[190]],[[191]],[[192]],[[193]],[[194]],[[195]],[[196]],[[197]],[[198]],[[199]],[[200]],[[201]],[[202]],[[203]],[[204]],[[205]],[[206]],[[207]],[[208]],[[209]],[[210]],[[211]],[[212]],[[213]],[[214]],[[215]],[[216]],[[-177,217]],[[218]],[[219]],[[220]],[[221,222,223,224,225,226]],[[227,228,229,230],[231]],[[232,233]],[[234,235]],[[236,237,238,239]],[[240,241]],[[242,243]],[[244,245]],[[246,247]],[[248,249,250,251]],[[252,253,254,255]]],"type":"MultiPolygon","properties":{"id":"eco_127","name":"Northwest Antarctic Peninsula tundra","biomeNum":"11","biome":"Tundra","realm":"Antarctica","realmSlug":"antarctica","areaKm2":5081.14,"FID":"eco_127"},"id":"eco_127"},{"arcs":[[[256]],[[257]],[[258]],[[259]],[[260]],[[261]],[[262]],[[263]],[[264]],[[265]],[[266]],[[267]],[[268]],[[269]],[[270]],[[271]],[[272]],[[273]],[[274]],[[275]],[[276]],[[277]],[[278]],[[279]],[[280]],[[281]],[[282]],[[283]],[[284]],[[285]],[[286]],[[287]],[[288]],[[289]],[[290]],[[291]],[[292]],[[293]],[[294]],[[295]],[[296]],[[297]],[[298]],[[299]],[[300]],[[301]],[[302]],[[303]],[[304],[305]],[[306]],[[307]],[[308]],[[309]],[[310]],[[311]],[[312]],[[313]],[[314]],[[315]],[[316]],[[317]],[[318]],[[319]],[[320]],[[321]],[[322]],[[323]],[[324]],[[325]],[[326]],[[327]],[[328]],[[329]],[[330]],[[331]],[[332]],[[333]],[[334]],[[335]],[[336]],[[337]],[[338]],[[339]],[[340]],[[341]],[[342]],[[343]],[[344]],[[345]],[[346]],[[347]],[[348]],[[349]],[[350]],[[351]],[[352]],[[353]],[[354]],[[355]],[[356]],[[357]],[[358]],[[359]],[[360]],[[361]],[[362]],[[363]],[[364]],[[365]],[[366]],[[367]],[[368]],[[369]],[[370]],[[371]],[[372]],[[373]],[[374]],[[375]],[[376]]],"type":"MultiPolygon","properties":{"id":"eco_125","name":"North Victoria Land tundra","biomeNum":"11","biome":"Tundra","realm":"Antarctica","realmSlug":"antarctica","areaKm2":9522.7,"FID":"eco_125"},"id":"eco_125"},{"arcs":[[[377]],[[378]],[[379]],[[380]],[[381]],[[382]],[[383]],[[384]],[[385]],[[386]],[[387]],[[388]],[[389]],[[390]],[[391]],[[392]],[[393]],[[394]],[[395]],[[396]],[[397]],[[398]],[[399]],[[400]],[[401]],[[402]],[[403]],[[404]],[[405]],[[406]],[[407]],[[408]],[[409]],[[410]],[[411]],[[412]],[[413]],[[414]],[[415]],[[416]],[[417]],[[418]],[[419]],[[420]],[[421]],[[422]],[[423]],[[424]],[[425]],[[426]],[[427]],[[428]],[[429]],[[430]],[[431]],[[432]],[[433]],[[434]],[[435]],[[436]],[[437]],[[438]],[[439]],[[440]],[[441]],[[442]],[[443]],[[444]],[[445]],[[446]],[[447]],[[448],[449]],[[450]],[[451]],[[452]],[[453]],[[454]],[[455]],[[456]],[[457]],[[458]],[[459]],[[460]],[[461]]],"type":"MultiPolygon","properties":{"id":"eco_128","name":"Prince Charles Mountains tundra","biomeNum":"11","biome":"Tundra","realm":"Antarctica","realmSlug":"antarctica","areaKm2":6031.97,"FID":"eco_128"},"id":"eco_128"},{"arcs":[[[462]],[[463,-226]],[[464,-229]],[[-231,465]],[[-224,466,-222,467]],[[468]],[[469]],[[-236,470]],[[-234,471,-238,472,-240,473]],[[474]],[[475]],[[476]],[[-244,477,-242,478,-245,479]],[[-247,480]],[[481]],[[482,-251]],[[483]],[[484]],[[485,-249,486,-253]],[[487,-255]],[[488]],[[489]],[[490]],[[491,492]],[[493]],[[494]],[[495]],[[496]],[[497]],[[498]],[[499]],[[500]],[[501]],[[502]],[[503]]],"type":"MultiPolygon","properties":{"id":"eco_129","name":"Scotia Sea Islands tundra","biomeNum":"11","biome":"Tundra","realm":"Antarctica","realmSlug":"antarctica","areaKm2":8154.46,"FID":"eco_129"},"id":"eco_129"},{"arcs":[[[504]],[[505]],[[506]],[[507]],[[508]],[[509]],[[510]],[[511]],[[512]],[[513]],[[514]],[[515]]],"type":"MultiPolygon","properties":{"id":"eco_130","name":"South Antarctic Peninsula tundra","biomeNum":"11","biome":"Tundra","realm":"Antarctica","realmSlug":"antarctica","areaKm2":2990.18,"FID":"eco_130"},"id":"eco_130"},{"arcs":[[[516]],[[517,-492]]],"type":"MultiPolygon","properties":{"id":"eco_131","name":"South Orkney Islands tundra","biomeNum":"11","biome":"Tundra","realm":"Antarctica","realmSlug":"antarctica","areaKm2":148.45,"FID":"eco_131"},"id":"eco_131"},{"arcs":[[[518]],[[519]],[[520]],[[521]],[[522]],[[523]],[[524]],[[525]],[[526]],[[527]],[[528]],[[529]],[[530]],[[531]],[[532]],[[533]],[[534]],[[535]],[[536]],[[537]],[[538]],[[539]],[[540]],[[541]],[[542]],[[543]],[[544]],[[545]],[[546]],[[547],[548],[549]],[[550]],[[551]],[[552]],[[553],[554]],[[555]],[[556]],[[557]],[[558]],[[559]],[[560]],[[561]],[[562]],[[563]],[[564]],[[565],[566],[567],[568],[569]],[[570]],[[571]],[[572]],[[573]],[[574]],[[575]],[[576]],[[577]],[[578]],[[579]],[[580]],[[581]],[[582]],[[583]],[[584],[585],[586]],[[587]],[[588]],[[589]],[[590]],[[591]],[[592]],[[593]],[[594]],[[595]],[[596]],[[597]],[[598]],[[599]],[[600]],[[601]]],"type":"MultiPolygon","properties":{"id":"eco_132","name":"South Victoria Land tundra","biomeNum":"11","biome":"Tundra","realm":"Antarctica","realmSlug":"antarctica","areaKm2":10368.42,"FID":"eco_132"},"id":"eco_132"},{"arcs":[[[602]],[[603]],[[604]],[[605]],[[606]],[[607]],[[608]],[[609]],[[610]],[[611]],[[612]],[[613]],[[614]],[[615]],[[616]],[[617]],[[618]]],"type":"MultiPolygon","properties":{"id":"eco_133","name":"Southern Indian Ocean Islands tundra","biomeNum":"11","biome":"Tundra","realm":"Antarctica","realmSlug":"antarctica","areaKm2":8179.2,"FID":"eco_133"},"id":"eco_133"},{"arcs":[[[619]],[[620]],[[621]],[[622]],[[623]],[[624]],[[625]],[[626]],[[627]],[[628]],[[629]],[[630]],[[631]],[[632]],[[633]],[[634]],[[635]],[[636]],[[637]],[[638]],[[639]],[[640]],[[641]],[[642]],[[643]],[[644]],[[645]],[[646]],[[647]],[[648]],[[649]],[[650]],[[651]],[[652]],[[653]],[[654],[655]],[[656]],[[657]],[[658]],[[659]],[[660]],[[661]],[[662]],[[663]],[[664]],[[665]],[[666]],[[667]],[[668]],[[669]],[[670]],[[671]],[[672]],[[673]],[[674]],[[675]],[[676]],[[677]],[[678]],[[679]],[[680]],[[681]],[[682]],[[683]],[[684]],[[685]],[[686]],[[687]],[[688]],[[689]],[[690]],[[691]],[[692]],[[693]],[[694]],[[695],[696]],[[697]],[[698]],[[699]],[[700]],[[701]],[[702]],[[703]],[[704]],[[705]],[[706]],[[707]],[[708]],[[709]],[[710]],[[711]],[[712]],[[713]],[[714]],[[715]],[[716]],[[717]],[[718]],[[719]],[[720]],[[721]],[[722]],[[723]],[[724]],[[725]],[[726]],[[727]],[[728]],[[729]],[[730]],[[731]],[[732]],[[733]],[[734]],[[735]],[[736]],[[737]],[[738]],[[739]],[[740]],[[741]],[[742]],[[743]],[[744]],[[745]],[[746]],[[747]],[[748]],[[749]],[[750]],[[751]],[[752]],[[753]],[[754]],[[755]],[[756]],[[757]],[[758]],[[759]],[[760]],[[761]],[[762]],[[763]],[[764]],[[765]],[[766]],[[767]],[[768]],[[769]],[[770]],[[771]],[[772]],[[773]],[[774]],[[775]],[[776]],[[777]],[[778]],[[779]],[[780]],[[781]],[[782]],[[783]],[[784]],[[785]],[[786]],[[787]],[[788]],[[789]],[[790]],[[791]],[[792]],[[793]],[[794]],[[795]],[[796]],[[797]],[[798]],[[799]],[[800]],[[801]],[[802]],[[803]],[[804]],[[805]],[[806]],[[807]],[[808]],[[809]],[[810]],[[811]],[[812]],[[813]],[[814]],[[815]],[[816]],[[817]],[[818]],[[819]],[[820]],[[821]],[[822]],[[823]],[[824]],[[825]],[[826]],[[827]],[[828]],[[829]],[[830]],[[831]],[[832]],[[833]],[[834]],[[835]],[[836]],[[837]],[[838]],[[839]],[[840]],[[841]],[[842]],[[843]],[[844]],[[845]],[[846]],[[847]],[[848]],[[849]],[[850]],[[851]],[[852]],[[853]],[[854]],[[855]],[[856]],[[857]],[[858]],[[859]],[[860]],[[861]],[[862]],[[863]],[[864]],[[865]],[[866]],[[867]],[[868]],[[869]],[[870]],[[871]],[[872]],[[873]],[[874]],[[875]],[[876]],[[877]],[[878]],[[879]],[[880]],[[881]],[[882]],[[883]],[[884]],[[885]],[[886]],[[887]],[[888]],[[889]],[[890]],[[891]],[[892]],[[893]],[[894]],[[895]],[[896]],[[897]],[[898]],[[899]],[[900]],[[901]],[[902]],[[903]],[[904]],[[905]],[[906]],[[907]],[[908]],[[909]],[[910]],[[911]],[[912]],[[913]],[[914]],[[915]],[[916]],[[917]],[[918]],[[919]],[[920]],[[921]],[[922]],[[923]],[[924]]],"type":"MultiPolygon","properties":{"id":"eco_134","name":"Transantarctic Mountains tundra","biomeNum":"11","biome":"Tundra","realm":"Antarctica","realmSlug":"antarctica","areaKm2":19347.34,"FID":"eco_134"},"id":"eco_134"},{"arcs":[[[925]],[[926]],[[927]],[[928]],[[929]],[[930]],[[931]],[[932]],[[933]],[[934]],[[935]],[[936]],[[937]],[[938]],[[939]],[[940]],[[941]],[[942]],[[943]],[[944]],[[945]],[[946]],[[947]],[[948]],[[949]],[[950]],[[951]],[[952]],[[953]],[[954]],[[955]],[[956]],[[957]],[[958]],[[959]],[[960]],[[961]],[[962]],[[963]],[[964]],[[965]],[[966]],[[967]],[[968]],[[969]],[[970]],[[971]],[[972]],[[973]],[[974]],[[975]],[[976]],[[977]],[[978]],[[979]],[[980]],[[981]],[[982]],[[983]],[[984]],[[985]],[[986]],[[987]],[[988]],[[989]],[[990]],[[991]],[[992]],[[993]],[[994]],[[995]],[[996]],[[997]],[[998]],[[999]],[[1000]],[[1001]],[[1002]],[[1003]],[[1004]],[[1005]],[[1006]],[[1007]],[[1008]],[[1009]],[[1010]],[[1011]],[[1012]]],"type":"MultiPolygon","properties":{"id":"eco_119","name":"Dronning Maud Land tundra","biomeNum":"11","biome":"Tundra","realm":"Antarctica","realmSlug":"antarctica","areaKm2":5500.25,"FID":"eco_119"},"id":"eco_119"},{"arcs":[[[1013]],[[1014]],[[1015]],[[1016]],[[1017]],[[1018]],[[1019]],[[1020]],[[1021]],[[1022]],[[1023]],[[1024]],[[1025]],[[1026]],[[1027]],[[1028]],[[1029]]],"type":"MultiPolygon","properties":{"id":"eco_124","name":"Marie Byrd Land tundra","biomeNum":"11","biome":"Tundra","realm":"Antarctica","realmSlug":"antarctica","areaKm2":1157.91,"FID":"eco_124"},"id":"eco_124"}]}}}