{"type":"Topology","arcs":[[[49.28013888888927,39.4951388818068],[49.27782443576427,39.52934840873329],[49.30196343316015,39.576946607541025],[49.31990342881971,39.631766486039886],[49.36378689236141,39.68185546175855],[49.42138617621554,39.7002642074273],[49.40205078125023,39.72818304424632],[49.38751030816014,39.762473951380976],[49.38396185980935,39.79169812674222],[49.406244574653215,39.845699862879364],[49.44001356336844,39.865519198826405],[49.42832845052106,39.88192165109121],[49.411020507812786,39.930151360315854],[49.414748806423795,39.954935431508325],[49.48341362847242,39.997410474931534],[49.439173177083724,40.0336089341502],[49.41793348524345,40.07193575708521],[49.421783582899536,40.09041557480248],[49.45999728732681,40.10916937255446],[49.4888045247398,40.11444172498749],[49.47208496093776,40.146666117364084],[49.47206461588587,40.170524624319775],[49.53257839626769,40.20548718944068],[49.56357042100729,40.213330613923624],[49.597697753906516,40.231092658202954],[49.65622721354196,40.25360513651212],[49.68520589192729,40.27833224155861],[49.733330078125384,40.27991590041354],[49.76289360894133,40.29728080927602],[49.8363145616322,40.30923773202475],[49.84471950954883,40.33604871294024],[49.84055284288224,40.36722492823272],[49.87584174262212,40.3744466079237],[49.93216417100723,40.36368977198109],[49.964227430555816,40.34059678151874],[50.000280490451864,40.33722492821862],[50.05155327691011,40.356691074061146],[50.07461859809057,40.35221733273951],[50.111366644965756,40.3669498631285],[50.14391764322954,40.36606878673916],[50.234268391927394,40.348343092286306],[50.30929578993089,40.322476664322686],[50.35814751519131,40.293014858753104],[50.3625756835944,40.36178873031344],[50.33788981119818,40.40043130845677],[50.365542805989946,40.42728894735833],[50.35133436414952,40.43749402548834],[50.35171196831641,40.46930826161438],[50.32359293619833,40.46454968956356],[50.35374403211841,40.42073350030674],[50.33514187283027,40.402281894395166],[50.3167933485247,40.419097215583676],[50.286960991753844,40.428850904824564],[50.24015489366348,40.477844502937835],[50.22887098524347,40.50113063576136],[50.11888644748308,40.52449597865437],[50.091738823784965,40.54570149081711],[50.05794379340313,40.593332241707515],[50.01823757595525,40.586133348474895],[49.963102484809376,40.59081976340763],[49.91405219184054,40.57830891270739],[49.80437445746559,40.56653211148655],[49.775808376736386,40.57638616965086],[49.74360839843784,40.57361381721903],[49.69705783420181,40.58002874777767],[49.668033040364826,40.61221950300099],[49.64105495876776,40.61200845699394],[49.573880479600916,40.624436299881765],[49.5414035373268,40.64409287541177],[49.521416015625384,40.67714517577463],[49.51261664496542,40.70560817491979],[49.515446777344025,40.75040201174631],[49.52966606987871,40.77155272790203],[49.5227069769968,40.816313470110465],[49.48444715711843,40.83528048400825],[49.41211317274332,40.849711907625924],[49.36134304470505,40.897061625529844],[49.32564507378527,40.917014967552994],[49.30133165147588,40.94961696409588],[49.22449734158005,41.007599820025675],[49.209294704861286,41.02641058392319],[49.17132541232673,41.10623480270999],[49.16415961371558,41.14240396505318],[49.15015353732677,41.171385084858066],[49.134919162326646,41.25401149548628],[49.1195825195316,41.296319438213985],[49.07170111762184,41.36807345300368],[48.954079861111325,41.5026323723357],[48.882585177951675,41.57428330552776],[48.77858303493952,41.67322319272518],[48.710146348741475,41.75009982036392],[48.640558268229476,41.81278048445437],[48.56624552408874,41.85795355305103],[48.55139716254354,41.8747081103501],[48.48894911024332,41.9090402501224],[48.43395860460101,41.91451496800677],[48.40277506510449,41.92610839249105],[48.36080552842901,41.95685654788674],[48.285316433376856,42.10688747243243],[48.23273627387176,42.14254773720505],[48.21069213867201,42.18655164347436],[48.14661729600703,42.26813204715589],[48.11091444227451,42.319916443880054],[48.049400363498535,42.36067002462715],[48.01761569552963,42.385962450853455],[47.95038574218761,42.46456976425553],[47.91555284288233,42.51583061497223],[47.90107977973099,42.56142794572112],[47.88771864149328,42.58042534156255],[47.85855794270868,42.5999926701302],[47.790800103081715,42.60889729252973],[47.76881293402801,42.62455565842191],[47.73305223253067,42.67025362936168],[47.71944722493515,42.703287212275285],[47.71304545084661,42.821667474912644],[47.69744615342903,42.86984184559284],[47.65834872775616,42.880280484920284],[47.616922200521,42.92238009431315],[47.58182766384572,42.94934841029677],[47.47912780761737,42.99785779616801],[47.46501159667974,43.01645859912726],[47.46236280653221,43.040860725873635],[47.47929273817293,43.14381048720167],[47.49625203450552,43.19389295250044],[47.55610833062082,43.263255202963464],[47.56110833062087,43.30204643561845],[47.55128818088116,43.33384982104836],[47.50824022081173,43.37108235144578],[47.48819607204865,43.396964241647424],[47.51622429741764,43.524079855849145],[47.53276740180138,43.560530051176606],[47.56170471191426,43.59890895744252],[47.54790513780386,43.61973252515919],[47.5647870551216,43.67255072179541],[47.59176757812519,43.723533523465434],[47.642938571506306,43.79006130127023],[47.685934380425515,43.858562277860464],[47.74971815321203,43.904067648972465],[47.724894205729356,43.924998096029675],[47.67284410264779,43.91669026182484],[47.63645067003045,43.901119786558155],[47.57837924533442,43.88512884688161],[47.5360609266495,43.845181744000904],[47.49750800238735,43.834169374204635],[47.48531155056439,43.85885741674944],[47.45902167426231,43.87556992760687],[47.43527967664954,43.87631754045439],[47.42029873318165,43.899380420238025],[47.40629591200093,43.94520019022168],[47.365893893771954,44.01061604311241],[47.34309488932308,44.025185813083525],[47.303592868381145,44.06945637516716],[47.27760996500655,44.10915825235321],[47.237605624728985,44.21385823069324],[47.201907212999345,44.234214133479114],[47.17045813666471,44.22663872114984],[47.14632629394538,44.20666937435361],[47.10287038167336,44.22674505795528],[47.08547461615694,44.259370383488985],[47.060677151150166,44.28335204582494],[47.049798414442364,44.33382106711207],[47.02024166531038,44.37324191131153],[46.995836113824,44.38389159664562],[46.95206214057083,44.3890283153976],[46.934163886176236,44.40110839352729],[46.9416249932185,44.419500863152486],[46.908369581434556,44.46080403157144],[46.883492075602355,44.469847271592315],[46.83378327263728,44.44052869519197],[46.8098429785835,44.43945040743123],[46.77276960584867,44.453046870110114],[46.77107415305261,44.479347868384174],[46.74860833379977,44.478929574113195],[46.738613888886285,44.50306965658798],[46.78849832322873,44.486113818907704],[46.83920581393777,44.48361870171927],[46.895297224256865,44.4863921392203],[46.91305277506517,44.50140787273317],[46.8886237419976,44.52800536623296],[46.85670538160548,44.59423719134549],[46.84129647148984,44.59999728249351],[46.83479999118401,44.625902501687655],[46.86667722066243,44.63472520134373],[46.869744432237496,44.66393744093835],[46.93970435248496,44.6582457091653],[46.9831587388781,44.69355522523784],[47.00113204956062,44.68693358895063],[47.05661088731557,44.64559488450754],[47.08640262179909,44.67055555074983],[47.07242658827049,44.72679768401802],[47.049580383300956,44.7470011345465],[47.023194444444584,44.74833061588398],[46.9994768269857,44.73755017968191],[46.98138610839845,44.74777506032816],[47.02056187947601,44.77972058985422],[47.02423797607429,44.79721435071161],[47.05457716200095,44.790552838122245],[47.08909566243506,44.75901827864835],[47.10749413384343,44.73340982594753],[47.14002990722679,44.71916937455321],[47.175274997287424,44.721338428373585],[47.168330552843024,44.743058263451445],[47.18944166395403,44.78238199393509],[47.18332034640849,44.798113059479284],[47.2105499945747,44.835144309493444],[47.234163886176354,44.848886171477766],[47.241663886176234,44.89875962527289],[47.237284613715474,44.916252301060716],[47.247614271375994,44.94412407298963],[47.26691318088148,44.95083604130816],[47.26694722493505,44.98976846862322],[47.28067050509986,45.02791788270019],[47.30916022406706,45.03462279806709],[47.30557478162989,45.05413695823073],[47.33017347547762,45.07444715246585],[47.342954644097404,45.10254963728533],[47.370658704969685,45.11666625512917],[47.37528055826863,45.16654893201421],[47.39278055826827,45.18285210042312],[47.41489074707056,45.127927512728924],[47.42905639648444,45.14344468395867],[47.42069193522172,45.18023613362512],[47.447780558268455,45.23416937474773],[47.44075961642824,45.251253928790504],[47.45692552354608,45.28998656769382],[47.45833611382391,45.31493556943899],[47.4919057888456,45.33519164583532],[47.4911138916018,45.36749728278301],[47.515070665147675,45.402057694037],[47.504997219509676,45.41777506057927],[47.53082017686654,45.43110988588803],[47.53998819986993,45.40705999981141],[47.56860833062074,45.412780485924785],[47.58641669379357,45.40385484030507],[47.60145433213995,45.42804456470626],[47.60162821451837,45.47257988373305],[47.64834242079018,45.46330389631645],[47.64793782552101,45.52055283839463],[47.66736470540377,45.5439059742539],[47.66945346408425,45.573913841018204],[47.68028571234827,45.5883247839488],[47.66404188368074,45.62689818891063],[47.69029988606792,45.619933670679],[47.71534037272153,45.59139159710096],[47.68973578559053,45.57808471233054],[47.728886108398676,45.547293018525835],[47.71418172200549,45.52384670232811],[47.747780558268296,45.47166394948795],[47.77389879014782,45.51277601004975],[47.75355556911916,45.56742526137196],[47.73886040581624,45.576131587329904],[47.743860473632935,45.60375338638493],[47.736511027018366,45.62887789811291],[47.78025675455745,45.62967067697596],[47.772502780490576,45.5986463714092],[47.78077039930588,45.56000053806174],[47.82753241645002,45.556531842313966],[47.851530490451474,45.49837130626846],[47.82528055826833,45.46697129540644],[47.83079311794733,45.445221214018154],[47.849999118381156,45.43702866844223],[47.89285319010429,45.456735021531124],[47.908197564019474,45.411691076202054],[47.8787445746529,45.3783489266672],[47.884246148003726,45.3400564190576],[47.90283786349846,45.32745862716932],[47.940282660590476,45.33194321918489],[47.935574544271,45.35971950500244],[47.96528591579868,45.35057657422651],[48.02666395399313,45.39527506057119],[47.99717000325534,45.40908799460387],[48.01638617621552,45.45862480560291],[48.01034220377613,45.46913166867107],[48.01999728732648,45.5153185990264],[48.00053032769114,45.54723876505374],[48.00776624891523,45.61379624663164],[47.976455891927166,45.61848673057424],[48.008517523871824,45.65320529069967],[47.997184244791754,45.69596692808493],[48.02803683810793,45.69256699861315],[48.03249728732651,45.67916937491042],[48.0661626519099,45.650790468650186],[48.0597119140628,45.632282846030726],[48.03833048502622,45.62527519628868],[48.04844360351575,45.57229939331795],[48.06835015190989,45.567649870746855],[48.08224039713553,45.59244018108575],[48.11820502387166,45.583753928912365],[48.121669379340574,45.56337415459948],[48.11444715711831,45.5238861717292],[48.09877861870671,45.5102167381305],[48.09710503472235,45.47224907318606],[48.11049194335964,45.4297249303753],[48.13750352647587,45.43003119122622],[48.1352058919274,45.40592678041001],[48.17449042426227,45.37734238912342],[48.175807698567944,45.358652067936006],[48.20779744466176,45.34139783615875],[48.230091010199885,45.372304140423715],[48.30135891384589,45.39455145488498],[48.309986707899725,45.41275824200102],[48.26858642578161,45.409487028892215],[48.25227037217905,45.4347249303772],[48.21927585177963,45.43304524287648],[48.245070258246756,45.48323675765179],[48.24999728732666,45.53237901027395],[48.183643934461934,45.53716660793207],[48.18084282769121,45.49300482406163],[48.15446126302106,45.49166625526781],[48.13908013237852,45.51966986313393],[48.150066460503695,45.535009896776664],[48.15337185329882,45.58142618368581],[48.11540486653661,45.596391597102794],[48.1211070421009,45.62950533951926],[48.135398898654614,45.63728365983462],[48.152035861545414,45.67270629439614],[48.1880422634552,45.701681039415256],[48.213385823567876,45.68554239466105],[48.26695339626758,45.70668537969475],[48.29028103298629,45.72331393330306],[48.324856770833485,45.68313869457343],[48.34274020724854,45.64620781348369],[48.361318766276156,45.57280191610462],[48.3322821723093,45.55523654066428],[48.35497626410603,45.536051156542634],[48.37616767035615,45.53185356539546],[48.43262695312524,45.554106440837444],[48.42718668619812,45.59284219931498],[48.43672024197076,45.61371771473064],[48.46853949652797,45.60755804675963],[48.483608398437624,45.592497282865246],[48.515004747179034,45.5977756031797],[48.53167819552971,45.6320724781921],[48.52243041992221,45.646196420254384],[48.521799994574955,45.682922223219066],[48.574739176432495,45.67319444001244],[48.55697957356796,45.65026488813786],[48.57584011501763,45.61786390071305],[48.6127804904516,45.62640299034285],[48.675751139323154,45.62060383669484],[48.70757581922759,45.60842827245434],[48.75223008897604,45.64468939442918],[48.765365939670396,45.63544623036346],[48.8078009711374,45.6461182952544],[48.84565036349846,45.68697007478321],[48.815137668185955,45.712242291589014],[48.837975396050574,45.71592867939422],[48.86201795789963,45.70274074536167],[48.880530056423936,45.72177815313758],[48.85569444444456,45.73236110670042],[48.82444444444484,45.72927340596144],[48.79851847330757,45.713958735817094],[48.76651245117216,45.71565795456777],[48.76091335720508,45.69416937491582],[48.78428629557317,45.6796364973064],[48.78028049045167,45.6602750606675],[48.74276041666701,45.654812007280086],[48.75249728732671,45.70467596671657],[48.73075697157145,45.72607584194118],[48.754152153863004,45.774458952852676],[48.77527506510444,45.77551472542259],[48.756564534505344,45.80797769743933],[48.77305813259573,45.82555270287101],[48.75970838758712,45.856669781875105],[48.732502712673806,45.884398460270546],[48.742235107422175,45.92136324978005],[48.79076090494806,45.890431988918486],[48.821745198568,45.9007741926982],[48.840348849826626,45.845990121498126],[48.860552842882264,45.85058539059688],[48.86583062066,45.9109543142295],[48.89004082573803,45.9200027083299],[48.91830851237011,45.90863606336061],[48.9334387207034,45.928658036024],[48.929209798177446,45.97864704971349],[48.97036838107664,45.9818671289248],[48.9674403211809,46.01194165964278],[48.93360568576418,45.99929327639186],[48.897839491102786,46.01415031849787],[48.86805243598116,46.004738087049155],[48.85897352430579,46.028634910516786],[48.90027506510448,46.04805277076659],[48.93890787760432,46.03694722063254],[48.953864881727775,46.05530849451046],[48.97942586263042,46.04011250383685],[48.99414279513911,46.01480183488253],[49.023827853732996,46.025445213250016],[49.01460937500025,46.04774101675188],[48.9838861762156,46.04110832631975],[48.96375000000017,46.06291666237351],[48.92418158637173,46.07746344243497],[48.931663953993215,46.0911138873183],[49.01736111111142,46.100972217942456],[49.02778103298647,46.11918890631676],[49.059668511284876,46.13301709913841],[49.086114366319975,46.07998019319532],[49.120994466146094,46.06287102163987],[49.14727105034745,46.01995849178545],[49.16655653211841,46.02039997941577],[49.196332465278154,45.996481115474985],[49.21988199869827,45.99060831273858],[49.245384928385704,46.03033718102511],[49.2344886610245,46.03748670359722],[49.23473714192744,46.07837612147169],[49.245312228733034,46.09456372998434],[49.225986056857835,46.13457498759392],[49.22805284288216,46.156669442896685],[49.26805826822954,46.168968908504304],[49.32410563151069,46.14166944289147],[49.334273274739985,46.165394282851956],[49.33114149305577,46.18746622296383],[49.30111382378504,46.208886104156264],[49.293301052517684,46.22597988128898],[49.25867458767402,46.23195162879534],[49.23916069878492,46.25099168142784],[49.2286083984378,46.293904482549436],[49.20535047743073,46.3176658079701],[49.22402126736137,46.33184644491072],[49.26377441406276,46.2917131848056],[49.315539008246894,46.27389770085852],[49.30121934678839,46.32115803616143],[49.271391601562925,46.332202415505414],[49.27778374566003,46.3497241847171],[49.233313802083615,46.36416340726978],[49.22769992404534,46.38426872682972],[49.28388617621572,46.37448594416578],[49.29379421658018,46.34686278877438],[49.31937011718792,46.355217552232006],[49.34415147569484,46.34804293742914],[49.358613823784985,46.29060146334246],[49.39168375651064,46.26719719358608],[49.43590277777808,46.26717827268771],[49.47333685980936,46.25114237044701],[49.5125097656255,46.211325001183944],[49.5883295355905,46.215726110668996],[49.58919135199681,46.24339904362127],[49.56872721354205,46.25082722559006],[49.54083062065996,46.24444165972406],[49.52086480034751,46.27111015745471],[49.429994574652994,46.32416137275079],[49.45387396918425,46.34706061049744],[49.48798068576422,46.33088303887723],[49.51263156467053,46.32838208944064],[49.62019992404555,46.26783609603862],[49.647129991319844,46.23949292925363],[49.668790961371826,46.24555277083577],[49.74168023003506,46.22858506520912],[49.64863606770866,46.308570755883416],[49.66362494574678,46.34026183662351],[49.63465549045163,46.34674722887843],[49.63757568359397,46.37513888470417],[49.65945936414977,46.383296775874456],[49.71641818576427,46.386408144690606],[49.745229492187946,46.39703422976373],[49.81444173177124,46.36805277087794],[49.841167805989855,46.36389166519071],[49.83109917534761,46.392607485513246],[49.812520345052576,46.40719997412487],[49.82694580078168,46.428338144162524],[49.81664984809072,46.449462004846744],[49.88225694444469,46.421107580466426],[49.902894965278165,46.4408869044749],[49.901716308594125,46.467523392656794],[49.889584418403096,46.492476734679116],[49.908745930989824,46.51434217251215],[49.901102701823156,46.53527384027103],[49.9393695746532,46.57997297087422],[49.92359700520875,46.59194172766005],[49.97979166666693,46.621656727398914],[50.00069173177115,46.61265295677937],[50.0430645073788,46.62729685055603],[50.07500840928855,46.65054727781003],[50.07255045572958,46.6602827582278],[50.12055284288237,46.70139166530554],[50.164447157118325,46.7213861043312],[50.172775065104354,46.7386138875401],[50.211219075521115,46.76435278593202],[50.24231228298651,46.75414112957002],[50.228093532986406,46.72894164632591],[50.23817247178863,46.71513810492606],[50.325078125000466,46.81694165991866],[50.361663953993556,46.83222499868238],[50.365467122396176,46.857771076843065],[50.42166395399351,46.85665294668853],[50.42080349392386,46.91194165995017],[50.44947970920185,46.901391665372046],[50.47891438802129,46.90972442226501],[50.48695855034754,46.87916574712469],[50.58223632812541,46.903055856724706],[50.59967827691008,46.942174254768005],[50.635171712240094,46.94625375984208],[50.67971381293455,46.97359732335492],[50.720836046007264,46.96721943774615],[50.74955837673655,47.01079988718271],[50.78493733724007,46.96889166539439],[50.79181857638928,47.00737818002827],[50.80999728732677,47.03000277652558],[50.84534342447966,47.036399082883314],[50.854099392361434,47.05364732982376],[50.89257134331632,47.072196753047606],[51.00393853081641,47.06722448165651],[51.050160861545685,47.080830553133055],[51.09816026475727,47.078555115883304],[51.154433051215676,47.098040778138085],[51.1769368489588,47.112508657544055],[51.21194444444495,47.116797133853666],[51.24751003689289,47.13075283049727],[51.281945258246985,47.111750906079074],[51.39967068142396,47.11027499546783],[51.45065375434069,47.076732974871106],[51.50108018663252,47.07418044225038],[51.525215386285254,47.05972499875746],[51.56496907552122,47.06174558879848],[51.57297092013931,47.03355620941511],[51.58788953993092,47.02270860911039],[51.59067003038252,46.9931188501218],[51.558127170139414,46.97253488778041],[51.532051323785076,46.99577763477699],[51.4889751519101,47.00693770117342],[51.443961046007416,47.00809699614994],[51.43611382378509,47.01583054887332],[51.334195963542236,47.01831408633605],[51.308886176215715,47.03055277110031],[51.26809461805613,47.029183235441806],[51.23896402994842,47.01950643354522],[51.13844346788238,46.99939373890421],[51.13529676649347,46.99111388762384],[51.08484592013939,46.982336353983726],[51.043295355903126,46.959865684759876],[51.016074218750354,46.98103503358946],[51.01752061631998,46.9989635173465],[50.94787245008729,47.01025121503643],[50.94422309027817,46.99014853185635],[50.95805121527808,46.96138690125886],[50.89288492838574,46.96742470236754],[50.9572610134553,46.93731978970575],[51.00358127170193,46.93110832662317],[51.07166395399342,46.93028055427038],[51.11274468316025,46.946024928868844],[51.15161078559095,46.97526812684935],[51.18796332465331,46.97698507970359],[51.19368896484423,46.96586374520012],[51.2369471571186,46.97249721552586],[51.32684190538231,46.97364504945625],[51.37865017361162,46.98305243200051],[51.39351671007,46.974051153650095],[51.453063151042215,46.97632332297603],[51.55471950954898,46.93694165995847],[51.64785970052139,46.925506469118154],[51.639899631076894,46.902178527215824],[51.59433105468787,46.867494841901674],[51.608446180556136,46.85250277646707],[51.6404340277782,46.8894237902052],[51.66833604600736,46.871963446096885],[51.70894639756982,46.815418900586565],[51.732649197049334,46.80282290584497],[51.75260850694491,46.809479569529934],[51.787807074653415,46.83869536950709],[51.844398328993464,46.84721943770657],[51.880909830729706,46.83495059140249],[51.96670138888941,46.815586035189504],[51.99050401475756,46.81527499325149],[52.044415147569836,46.80140814483108],[52.053135308160336,46.79341443823128],[52.1097195095491,46.77782812773326],[52.13747775607692,46.78654693198966],[52.07053819444502,46.80929761694739],[52.05281575520877,46.82332970109918],[51.969609375000516,46.828216040076484],[51.905757921007535,46.87520475197915],[51.8600623914935,46.88360832660743],[51.80045247395873,46.88367360031623],[51.78734320746582,46.89472499870315],[51.82007486979228,46.913643811779075],[51.887794053820016,46.89750014857927],[51.91818576388948,46.90831118712995],[51.97958333333378,46.84402031389899],[52.01034559461868,46.853366322202916],[52.026837565104756,46.87403080856501],[52.09277452256986,46.85669211091386],[52.106277669271435,46.8436275526685],[52.15801486545194,46.825558332013514],[52.17600043402854,46.839515919366285],[52.21335720486172,46.814671965907486],[52.23814887152827,46.78223262806046],[52.27672905816023,46.783608326574274],[52.31638888888932,46.807486873402866],[52.32986056857703,46.85559023984689],[52.35805826822962,46.876386104382895],[52.3878417968756,46.91405057718724],[52.39488932291709,46.93930968838806],[52.42608235677142,46.96011704787847],[52.437508138021315,46.98223055971308],[52.401289605035345,46.984345360060914],[52.35648817274358,47.02215905534502],[52.40712185329925,47.01806610558237],[52.45674479166718,47.02333054887578],[52.52333062066025,46.99277499331014],[52.57666124132027,46.99084172168944],[52.66741319444492,46.9701530925324],[52.71600477430609,46.96779411765094],[52.82216200086873,46.954468718883504],[52.81615614149354,46.98183298348664],[52.82386610243106,47.00165325191222],[52.876353081597756,46.9982702342652],[52.957665473090806,46.956070790010386],[52.970496419271505,46.91787465013232],[53.02104600694509,46.91251666198486],[53.050796983507496,46.93168366774213],[53.1006949869797,46.88600902579994],[53.10490614149358,46.870869136607574],[53.13538194444516,46.83928500302505],[53.13203613281314,46.81402594268677],[53.14725748697975,46.79048624270063],[53.11707953559079,46.75265397407911],[53.1228162977436,46.73277068685452],[53.16698079427141,46.72648348931549],[53.16252441406306,46.70669243299385],[53.19388617621581,46.70572872178473],[53.18815104166732,46.679890064820746],[53.219860568576955,46.66038431394615],[53.2087543402784,46.64412275116936],[53.26555284288257,46.59529150657829],[53.23873643663267,46.556773948785306],[53.27007432725753,46.54463025845988],[53.29476833767415,46.51145860046256],[53.24637369791725,46.48644164624392],[53.2343207465284,46.45676906593867],[53.24150553385483,46.42724717465259],[53.266939561632626,46.40149169504314],[53.264724934896655,46.3736671914528],[53.285513780382644,46.33142191149026],[53.27226182725752,46.314142519665815],[53.28020941840333,46.29411261243242],[53.26910319010482,46.27643337251723],[53.28634277343809,46.26416944293407],[53.29678765191028,46.234472516383015],[53.28083604600756,46.23101317935932],[53.264366861979674,46.19351487476719],[53.267306857639646,46.164580684218905],[53.24667751736183,46.151132062252415],[53.252773980035386,46.11992058220683],[53.23000922309079,46.09836940761162],[53.23788140191038,46.074868498857576],[53.2311593967022,46.052390742773326],[53.20431966145878,46.031757130027394],[53.21030544704933,46.01199482804561],[53.184441731771464,45.973058263904264],[53.15805881076453,45.97056762262735],[53.177241210938064,45.91303629122678],[53.255002712674354,45.8911138194308],[53.22222493489635,45.88507635740604],[53.18427463107707,45.900323753244926],[53.15939236111166,45.91788139756524],[53.149956054688055,45.951264101570224],[53.11609809027844,45.94608194553544],[53.11102539062557,45.91245252386554],[53.08975206163252,45.890836041652875],[53.0626833767368,45.88774766274559],[53.05720974392431,45.843972027964334],[53.07704589843802,45.790143631677694],[53.06611382378531,45.76388617181589],[53.082752821181145,45.732242020328904],[53.038884548611634,45.729968935475576],[53.05279839409786,45.71001694979153],[53.02305881076443,45.69807494674889],[53.030459526910356,45.68444172734289],[53.00766384548666,45.67180948449979],[53.02890516493119,45.65444430437206],[53.06111924913261,45.65556423167276],[53.110811631944955,45.6824805999551],[53.13498372395895,45.68665825295128],[53.16049750434086,45.67774779830417],[53.190255533854675,45.679489470396724],[53.1783018663201,45.65250352203633],[53.11891872829919,45.68194172734194],[53.073892686632526,45.6444441687349],[53.086529405382464,45.61712523968839],[53.07686089409776,45.60032280370148],[53.063648546007414,45.540082053896576],[53.04945041232714,45.52988891153169],[53.078619791667165,45.50416571273759],[53.11518500434084,45.45909450503896],[53.11326009114645,45.44444172725571],[53.18584581163269,45.42022623245523],[53.223908962674216,45.41388834182787],[53.2525092230909,45.39697387242063],[53.24324273003531,45.37337646030254],[53.30944715711865,45.3561138192372],[53.35245930989651,45.33166937478372],[53.41048014322984,45.35586574523529],[53.44875271267436,45.342630475048246],[53.51172797309118,45.36738375739243],[53.588638237847746,45.370275874363934],[53.6569406467023,45.354976259558036],[53.684120551215976,45.3436138192325],[53.73598849826448,45.343542069015534],[53.73951768663249,45.3292125062932],[53.801947157118775,45.32500270811471],[53.80245551215335,45.31457925976013],[53.75414225260471,45.31360866514164],[53.7741693793409,45.28444172719687],[53.82249077691039,45.28334133114601],[53.809441731771415,45.24611381919648],[53.77122612847284,45.24620238798992],[53.725825195313114,45.26748575388322],[53.72966091579923,45.27977484351452],[53.67179361979231,45.280538868037475],[53.60067979600751,45.29707844595147],[53.58130425347292,45.30633598718766],[53.524186197917395,45.304974089400645],[53.46784016927136,45.29055826365751],[53.45506781684093,45.297735319866725],[53.42004991319515,45.286623937484045],[53.410283745660244,45.313069656894925],[53.384207356771526,45.29472493032554],[53.35501085069501,45.29973618792286],[53.313107096354884,45.28500270809982],[53.278085394965785,45.30583088736095],[53.222502712674334,45.311595861321436],[53.22255262586855,45.29775593618611],[53.20140190972284,45.2749991816204],[53.18473470052152,45.271374507139946],[53.10471950954917,45.278058263652746],[53.015062391493764,45.25611381920026],[52.93499728732689,45.267775060523945],[52.86033637152827,45.2964527677829],[52.8028965928824,45.314787593093406],[52.77042751736161,45.31389159699954],[52.68563259548665,45.32591457334931],[52.57583604600733,45.359447152571875],[52.46691677517407,45.37196437805371],[52.45148057725754,45.38638373027267],[52.336752929687975,45.38432996508091],[52.310421006944864,45.388693571853345],[52.26619574652824,45.381947152580025],[52.18014919704921,45.378863385217684],[52.15000000000077,45.36462347635844],[52.098635525174245,45.38892143643676],[52.011947157118584,45.411669374813215],[51.93139160156306,45.41833604148235],[51.878183051215714,45.41833156557088],[51.82113878038234,45.4128552200827],[51.78657280816026,45.422153044521885],[51.72825466579922,45.40762586352709],[51.69562934027823,45.38991101977054],[51.59828070746585,45.34879448329699],[51.539538845486554,45.332839622179954],[51.47561089409766,45.33212781662422],[51.41667860243098,45.309721268221786],[51.3919390190976,45.30749741839459],[51.31916992187552,45.26418605770151],[51.26587375217065,45.16873792398537],[51.26417616102481,45.11448716441653],[51.26835259331665,45.03475137879639],[51.28527506510459,45.00823540113899],[51.23729600694487,44.973481847523324],[51.20222493489643,44.91348184750058],[51.180002712674025,44.837502707931776],[51.160516221788725,44.83891031426905],[51.14624593099001,44.8580261183129],[51.11689480251788,44.85943806492814],[51.1216701931429,44.83614230211544],[51.15958170572969,44.82428520575664],[51.214186197917165,44.79387559202977],[51.2591753472227,44.74861897308903],[51.27766411675405,44.691395123240476],[51.29276421441016,44.68169433113604],[51.33197211371578,44.59935112363917],[51.430405815972605,44.60277506027235],[51.56500271267401,44.551669374488704],[51.58549479166703,44.536528857989694],[51.587957356771255,44.513336041140455],[51.56789605034754,44.501359587142744],[51.5105962456601,44.512497282459655],[51.45232421875044,44.51059190051443],[51.424879014757316,44.50251084582384],[51.3859429253476,44.52527506024239],[51.35019856770884,44.51659993003071],[51.35907986111164,44.54638617136167],[51.29774956597271,44.54227674210663],[51.249898003472715,44.504974224730994],[51.196170789931095,44.47348605197568],[51.07916395399347,44.47999728244704],[51.0505582682295,44.50139159669149],[51.01423719618088,44.51380967395334],[50.994790852864924,44.53727348689632],[50.89058837890684,44.614151742134325],[50.8023966471361,44.63638237365337],[50.7848326280386,44.61191677034534],[50.74855875651098,44.6050027078426],[50.71263481987909,44.61310085237701],[50.68662543402813,44.60695908805176],[50.626369628906616,44.613568246040394],[50.59763780381984,44.63388617139564],[50.56835177951438,44.62153753857823],[50.52392713758729,44.62833197217462],[50.49285942925394,44.6229117790302],[50.44269259982667,44.627227371479655],[50.37517388237893,44.641364470009435],[50.31048258463573,44.64425319613906],[50.28485080295167,44.59045572433009],[50.27007622612893,44.54544026207304],[50.23418674045166,44.565823291594896],[50.243074815538655,44.51635687447493],[50.24055826822945,44.48645154677241],[50.24694173177118,44.43494764050251],[50.242780490451764,44.41869791176329],[50.250799153646305,44.38170409664475],[50.3063300238718,44.33510633186959],[50.34221950954907,44.31805283793924],[50.40677273220535,44.29833875373007],[50.60139160156285,44.287780485496825],[50.67333604600724,44.274724929935964],[50.75111246744835,44.25245957619466],[50.81716064453161,44.21800102583386],[50.840169270833655,44.199133295791675],[50.8669555664066,44.13964327840694],[50.87495388454891,44.10378878620523],[50.872843695747115,44.023321392509985],[50.93660129123299,44.00042073060836],[50.99344509548654,43.93771592372554],[50.99750271267408,43.91074516633627],[51.03095703125059,43.79746310248847],[51.0644203016497,43.76733153780622],[51.11297281901089,43.699353835955556],[51.1320133463547,43.661192757381],[51.16196967230951,43.627397998252654],[51.21125705295168,43.62014376647882],[51.221253255208744,43.595608989993046],[51.26007758246572,43.57632947609637],[51.2785427517366,43.54879963667525],[51.296622178819845,43.490102805053915],[51.3153927951393,43.45738063707183],[51.31762641059066,43.37403916568298],[51.310697157118454,43.321708707762056],[51.293175998264296,43.27524277892337],[51.26409233941023,43.170901958567185],[51.28531304253516,43.143851719840676],[51.3474186197921,43.15531439345656],[51.47790961371566,43.16583278538797],[51.61514648437543,43.18749728192481],[51.663889431424025,43.17698133139962],[51.67444715711861,43.124997281898715],[51.65723198784758,43.10472954100471],[51.75366861979211,43.04671142032056],[51.79991373697958,42.982642681144235],[51.807990993924136,42.95761609693223],[51.82639539930602,42.94156683477265],[51.84842664930597,42.90577012251792],[51.87871961805598,42.87532063248772],[51.907976888021444,42.83556341675882],[51.93750000000057,42.83413926311236],[51.9810053168407,42.84955864245924],[52.072478841146264,42.8728024575733],[52.12591417100748,42.87885958648217],[52.17718207465337,42.87693955609943],[52.21725640191027,42.866335172414296],[52.25497287326436,42.837651090370834],[52.287261284722604,42.78535481213681],[52.33277506510455,42.820280484894724],[52.37528266059087,42.83362656779962],[52.464731987847806,42.83688855781851],[52.60768174913249,42.80667290025356],[52.63527343750058,42.76506374224963],[52.67009548611179,42.744647346841575],[52.728524848090956,42.736578227914464],[52.75156250000071,42.70991942798988],[52.75767306857699,42.676647943600564],[52.75469889322966,42.63772541754223],[52.735820855035286,42.59987982290785],[52.71558919270898,42.57830620093668],[52.696669379340946,42.586113818127586],[52.669320746528456,42.641466465720846],[52.62910319010484,42.679027772160765],[52.59241265191024,42.69709526348778],[52.57124240451441,42.72281791974883],[52.557004123264505,42.715190966620646],[52.63665798611168,42.653336582913454],[52.658893771701955,42.62893526996898],[52.68698404947969,42.565689555966024],[52.66357421875051,42.48163302381156],[52.63612304687546,42.417818462151914],[52.61626627604215,42.396089403982714],[52.58294216579918,42.32847492912688],[52.5422639973965,42.267879768510035],[52.519730902778235,42.24390570165939],[52.456217990452046,42.18960665649645],[52.43448242187542,42.149911560992955],[52.42194715711849,42.082664924678575],[52.44685438368117,42.06726290644256],[52.43621039496588,42.03041123541929],[52.45098253038241,42.00802896544416],[52.47712890625048,41.98683918678888],[52.49389702691024,41.93776963381575],[52.489724934896465,41.876108392468815],[52.470830620660244,41.830280484462214],[52.44055284288254,41.77611381777143],[52.44628038194497,41.761688904570384],[52.47480251736169,41.740002706644],[52.51440863715334,41.731133891536004],[52.5410091145838,41.70679741149035],[52.588011067708976,41.684890944466474],[52.598930664063175,41.62420897829335],[52.56411132812553,41.5505148593364],[52.581163736979704,41.51887423432216],[52.64861382378541,41.491669373198675],[52.67398708767411,41.46513617006161],[52.69771050347269,41.45801757196824],[52.721377495660185,41.436160475604126],[52.724754774306234,41.41469346170555],[52.75873589409769,41.400547953886424],[52.77520073784767,41.38073621342603],[52.819347330729784,41.29100151286433],[52.82305284288242,41.249997281074634],[52.8529551866327,41.18432236785017],[52.8539089626741,41.14818575759041],[52.84639160156297,41.133951274076935],[52.84828016493134,41.09086804923068],[52.90481825086857,41.044358717612056],[52.92120768229216,41.04506401275122],[52.94312934027834,41.010768222804884],[52.94833062066038,40.98870659085028],[52.93555826822973,40.93944172537602],[52.9097292751743,40.897975254002645],[52.88333062066033,40.841947150677896],[52.87819769965348,40.79762640412954],[52.84553873697968,40.731228292119255],[52.86721950954915,40.700329312070146],[52.86252387152826,40.67451550997469],[52.811381835938214,40.59969888667577],[52.76966362847274,40.554087992557115],[52.74597113715327,40.51786945955397],[52.73360839843798,40.474447150505654],[52.73370930989637,40.41987955065344],[52.71248318142442,40.34763562700831],[52.70748697916718,40.28449977628383],[52.721652560764426,40.25613117817999],[52.746662868924034,40.235043396051985],[52.74481445312562,40.21431097416705],[52.76389160156299,40.176669372586666],[52.758336046007564,40.12277505832493],[52.736003146701876,40.08020127358227],[52.748539496528274,40.05585502791088],[52.76619628906314,40.04397623016218],[52.761230468750675,40.016286342996146],[52.81869574652836,39.987589511385124],[52.83211751302137,39.95747883428735],[52.87500271267418,39.94583603914292],[52.906031358507555,39.906263556485],[52.92138617621577,39.86888616931421],[52.93464463975749,39.87500379084487],[52.91608723958393,39.931456698858135],[52.91139160156302,39.96361381692921],[52.89998969184075,39.97360676398262],[52.91027506510472,40.00028048361349],[52.92559407552136,40.00538953309505],[52.98602539062557,39.989455830830444],[53.003729383681154,40.00509439420609],[53.0664274088548,40.005501837782695],[53.074165581597875,39.97918185079088],[53.13057888454938,39.990347757914336],[53.126108398438014,40.00639159472752],[53.17165147569499,40.00861761469389],[53.20637641059085,39.99725205479249],[53.2830414496533,39.9625314601579],[53.35718478732695,40.003580722330334],[53.3980137803826,40.03555175099146],[53.43163682725748,40.0363861693946],[53.4655490451397,40.02057942025513],[53.49350802951442,39.99714734559106],[53.51318250868121,40.00790580913796],[53.53123209635486,39.996947150278515],[53.57092664930616,40.008525926325746],[53.60600857204929,40.00512369108107],[53.620760091146444,39.98416937249471],[53.64870496961868,39.96834851745224],[53.66212727864644,39.93945691587596],[53.638596462674286,39.93693033167326],[53.59561794704939,39.94888616935256],[53.56288953993147,39.92250270579825],[53.53306423611183,39.92136989329772],[53.50985026041735,39.90608506256129],[53.49823187934099,39.88451496706477],[53.470295138889576,39.86669975438251],[53.44323350694514,39.81690266234462],[53.41293185763942,39.794282219625394],[53.42605957031321,39.77166937239235],[53.43385850694523,39.71336696350999],[53.46855848524369,39.740495327238406],[53.48373860677157,39.73604817011812],[53.5232948133688,39.678058261235925],[53.569724934896506,39.68611381679539],[53.58004665798671,39.66331108240928],[53.57460177951447,39.63805066573042],[53.61222493489657,39.65778048344832],[53.62108289930621,39.645161668338034],[53.65416829427141,39.6483479747633],[53.65442979600749,39.62274250600073],[53.68352105034796,39.61455836971209],[53.68733561197979,39.63599500166701],[53.733046332465904,39.640532762085826],[53.73372667100762,39.61526095217778],[53.709235026042336,39.59876789661406],[53.67430935329917,39.59816134279433],[53.637913953993625,39.605986321096886],[53.671924913195035,39.56943629937773],[53.68333062066034,39.58278048341193],[53.726748046875564,39.57576225424182],[53.73469997829915,39.54560980197018],[53.67386284722277,39.55637911621165],[53.66049696180613,39.543004550232844],[53.67444118923691,39.52335285751489],[53.6398524305564,39.509629984244484],[53.621215277778454,39.51806097383175],[53.622932400174356,39.54012911620372],[53.596828342014746,39.535562058909804],[53.5981255425354,39.49299369951418],[53.568069661459106,39.502235778511654],[53.51217936197969,39.48833603892154],[53.511369357639516,39.513052835808594],[53.48121256510468,39.52423990178624],[53.48166124132007,39.540363491203905],[53.44966796875059,39.564153638784944],[53.38394802517427,39.56471733236142],[53.23616265191031,39.54472492783789],[53.22720865885475,39.56529621691032],[53.253036024306134,39.619714077179864],[53.28636555989646,39.67527071783177],[53.32769205729232,39.68833603901867],[53.28744574652842,39.69981336107283],[53.26103949652849,39.67206596522612],[53.248612196181114,39.6316514686787],[53.22066731770889,39.58351073514841],[53.181221245660424,39.53491047470813],[53.12581922743119,39.4799989078412],[53.10166395399381,39.44666937223453],[53.09715983072971,39.427637254169774],[53.13666178385466,39.38509710657946],[53.165148654514425,39.3175135561992],[53.17261773003537,39.26940700235622],[53.194997287326885,39.32529784439742],[53.216648763021446,39.35546006229421],[53.17956542968818,39.37500270553286],[53.240467664931145,39.39590928106393],[53.2708143446186,39.39388616908387],[53.28436414930609,39.37864365605549],[53.34666178385469,39.365944545806165],[53.392426757813084,39.379441724632244],[53.4305528428825,39.35875975847649],[53.44865234375055,39.36050943295631],[53.47668240017424,39.33646320898625],[53.52501736111184,39.32005478883935],[53.54577148437567,39.296465379105676],[53.56777506510474,39.288891594379656],[53.57046169704921,39.245288078733346],[53.59651258680629,39.243840053558955],[53.63339138454916,39.20681965423517],[53.61689344618128,39.194133564819225],[53.63758138020892,39.16225096931745],[53.655919053820185,39.15469780091101],[53.656049262153594,39.11561034429447],[53.676583116320046,39.11317978873777],[53.665558268229866,39.154620218445785],[53.66473632812574,39.19582518808393],[53.684133572049234,39.211379658577656],[53.71777506510471,39.210280483230015],[53.70992241753532,39.18253471498727],[53.7319417317716,39.17713649449842],[53.72109266493117,39.14145669847394],[53.70667100694516,39.12111110384584],[53.70552463107702,39.09750650313984],[53.72884548611164,39.09516817848583],[53.73230414496606,39.07425020972567],[53.75026421441043,39.048075079504244],[53.83284993489656,39.04389159425933],[53.862469075521524,39.031097540433386],[53.887706705729784,39.03439072619906],[53.8868581814242,38.99174152912935],[53.89811577691046,38.97125270533438],[53.952056749132794,38.990300014371535],[53.96953776041726,38.961807718350606],[54.003172743056325,38.954391811228994],[54.001108398438184,38.87638616882916],[53.97969563802149,38.85909884243164],[53.963554687500725,38.861040574203486],[53.953789062500555,38.82757486238136],[53.933891601563225,38.79332193267685],[53.91861056857698,38.736445847579255],[53.89821777343832,38.717963317187966],[53.857185329861856,38.639642462114246],[53.833066948785465,38.55070854279912],[53.83148003472297,38.51802516604664],[53.847798936632664,38.4334011425669],[53.87352484809104,38.36361978402493],[53.8630582682299,38.18721950181834],[53.8212358940978,38.01294487065403],[53.815264756945055,37.95912325604356],[53.81382758246605,37.901017787264095],[53.81869737413285,37.819093959097714],[53.83726508246616,37.705457891331626],[53.87675998263967,37.596905373915384],[53.90433810763966,37.53789604228804],[53.91749728732697,37.4830522922602],[53.929442274306155,37.462807066555435],[53.9466514756951,37.40643119847107],[53.95332519531308,37.36807507865989],[53.97670464409787,37.343708759203096],[53.99807345920215,37.255087882421556],[53.99166937934114,37.20000324697674],[54.01015407986188,37.134799253887884],[54.034898003472904,37.07264539100869],[54.04360839843815,37.025928811123585],[54.0300482855909,37.00646266528035],[54.025363498264596,36.97308158887431],[54.04539442274365,36.948003463861426],[54.04441840277837,36.89689886314071],[54.052219509549275,36.86836370687609],[54.03638075086882,36.82971787352293],[54.03416937934105,36.80666340302498],[53.93032931857719,36.77750324675991],[53.901671549479765,36.782626944679244],[53.88319661458392,36.77569769120351],[53.81310872395892,36.78543293426395],[53.75246582031315,36.78111435787289],[53.71226833767417,36.78416991343003],[53.66611165364656,36.79581379364435],[53.65492187500064,36.78666991343145],[53.60030164930629,36.780881067942246],[53.55647569444511,36.781374774539664],[53.478432074653306,36.79528210961623],[53.43611382378532,36.80727212698353],[53.41804199218813,36.83801756970765],[53.443082682292186,36.84210068602926],[53.49732855902868,36.832503246788214],[53.59498860677149,36.83069877630116],[53.540378689236654,36.84906900200506],[53.5741042751743,36.86194118083112],[53.613559570313036,36.86916340305709],[53.696070421007505,36.85944769124644],[53.77034993489655,36.87276800375331],[53.78795735677157,36.880537100979566],[53.83014756944521,36.87689343778324],[53.84717447916728,36.88406791695364],[53.91120985243128,36.88743814264971],[53.91679741753534,36.90662000029857],[53.489935980903454,36.869722213821255],[53.24818305121595,36.841146909987046],[53.12674424913245,36.816957456849714],[53.03564073350748,36.79110350718361],[52.88940538194498,36.75399087695617],[52.7886431206602,36.733133672084314],[52.51161512586855,36.6880588022695],[52.463487955729754,36.68383788212844],[52.37463595920183,36.662123472394924],[52.26278428819496,36.63745441856286],[52.14750271267411,36.60583006958821],[52.06999077691034,36.58817273450967],[51.970564778646285,36.572715920265566],[51.84777615017406,36.57402017373842],[51.79111002604236,36.58713757825912],[51.69856282552137,36.592782109511994],[51.62318847656309,36.60823892375629],[51.572945421007475,36.63441622411685],[51.519173719618436,36.649818784888716],[51.423018120660224,36.68613063386586],[51.28719916449705,36.69666340296831],[51.178437228733,36.714450946380396],[51.08833062066009,36.734163402987754],[50.99704074435801,36.76267143251615],[50.94694173177129,36.782774514123794],[50.86214708116353,36.831758889148894],[50.81352077908018,36.84983831624155],[50.77166937934061,36.87528102458797],[50.69330213758723,36.90389322078322],[50.649674479167,36.94287651073376],[50.58617323133711,36.96886934928878],[50.574673665365026,36.981200078461725],[50.481941731771094,37.02110784757945],[50.44472493489649,37.055836580236154],[50.38583360460103,37.09025606810117],[50.31721950954892,37.134718958748934],[50.29577256944492,37.159822040358904],[50.22283528645881,37.31355142411819],[50.22384195963582,37.3443630560783],[50.199918348524754,37.38046765679121],[50.15014404296909,37.3941894449927],[50.03227539062532,37.40913519152817],[49.98888617621554,37.42194118111793],[49.96180555555581,37.438472214112394],[49.94514621310787,37.46927733565597],[49.903292914496944,37.46969725753114],[49.887224934896096,37.45277451446695],[49.85847954644134,37.44530489640756],[49.756446940104524,37.44895289988161],[49.552537706163484,37.46659829919628],[49.4660804578997,37.48012368982806],[49.39114583333366,37.495247387752485],[49.26381944444466,37.538910582219124],[49.20528510199671,37.567613924247766],[49.123819444444734,37.618489575315266],[49.08749728732675,37.64583007012082],[49.0328244357641,37.69600585139641],[48.99971950954898,37.73666340350033],[48.996646050347465,37.760313577123334],[48.977252197266075,37.78788519172072],[48.979426269531416,37.83436414139706],[48.94805284288219,37.86944118134556],[48.933555772569775,37.89760632892912],[48.930440131293715,37.926009106721246],[48.93833062065989,37.966115443547196],[48.916923421224105,38.02350693663161],[48.9205278862849,38.041337340286425],[48.9092221408423,38.090358065137586],[48.91607937283004,38.14468098183159],[48.891113823784906,38.21921819975106],[48.893884684245165,38.233400057397084],[48.881330837673886,38.28146320846304],[48.87376315646736,38.34203341248644],[48.87717230902802,38.41355956269586],[48.88191908094637,38.424370652110994],[48.87666937934056,38.48030760960418],[48.87265462239606,38.602714293693246],[48.8755528428823,38.64149521819163],[48.86636935763919,38.74054198473396],[48.83916395399336,38.79027505767528],[48.8266924370663,38.82242566533023],[48.83249728732675,38.859221455279126],[48.81710923936652,38.87690808723212],[48.83946980794286,38.92528590843668],[48.8547266981339,38.97285752304354],[48.87805284288231,38.991947149789134],[48.90393513997423,38.9938861688873],[48.91707261827281,38.954498148034475],[48.88420925564259,38.8974348884576],[48.83775702582482,38.870040682715036],[48.86301947699672,38.86609428514352],[48.88198798285605,38.8747390334117],[48.9053531901045,38.90184786589034],[48.92583604600747,38.937497279970515],[48.93091186523475,38.96954317842399],[48.941855604384045,38.988231872009415],[48.93664794921898,39.04272026179335],[48.92364556206626,39.0549923972161],[48.93991834852466,39.07851616024848],[48.92833062065989,39.09583603872934],[48.92360839843786,39.132502705414],[48.9437976074222,39.17051865595351],[48.997730848524554,39.190266377317336],[49.02333604600715,39.20893499711823],[49.07611382378502,39.23221950233789],[49.10686577691006,39.24004393810566],[49.14333062066009,39.23378688515116],[49.11191297743085,39.21453612559321],[49.083786892361275,39.17971950231214],[49.07972574869808,39.15941405525376],[49.10211046006981,39.13715331305505],[49.130649685330354,39.1295290726],[49.16669162326406,39.13280164204617],[49.1770697699655,39.18063909866676],[49.20089382595512,39.183116312209705],[49.22557779947936,39.14793564812999],[49.231445855034906,39.18151963252132],[49.233009711371885,39.23872395112591],[49.24611436631984,39.335852857423504],[49.270712348090505,39.357219502399126],[49.314618869357844,39.350613057083436],[49.35176513671911,39.33166177669221],[49.37679199218774,39.29909830011382],[49.402628851996774,39.312466355675916],[49.38443603515656,39.34555554840042],[49.40110839843776,39.37801160310375],[49.36699761284745,39.39597601283473],[49.34591661241342,39.37802842168023],[49.30666937934046,39.41459309183693],[49.326267903646226,39.42610839132175],[49.28357883029548,39.476648755929695],[49.28013888888927,39.4951388818068]],[[53.06496365017426,38.86557290927522],[53.05905110677145,38.89887857335416],[53.05435655382002,39.02477646838165],[53.0551182725701,39.0634705873244],[53.03830620659789,39.059817701037915],[53.03953233507012,38.98528156818867],[53.03462022569493,38.89860188064579],[53.06019151475755,38.860562058578275],[53.059315321181145,38.807118048135045],[53.07282226562557,38.80565917226628],[53.06496365017426,38.86557290927522]],[[49.12555799696213,38.943330613306784],[49.16409098307308,38.97515515759327],[49.181245659722656,39.00158039632159],[49.1829353841149,39.02600530952811],[49.168912760417015,39.03416286161551],[49.139628906250266,39.001368265245155],[49.10003879123286,38.976494133288355],[49.12555799696213,38.943330613306784]],[[53.62850802951459,39.62636609541232],[53.60055718316044,39.6210438297848],[53.60403103298676,39.57437824816473],[53.63538302951462,39.6149945676289],[53.62850802951459,39.62636609541232]],[[53.52508300781324,39.541539706482105],[53.55530653211866,39.55842935492784],[53.5552723524313,39.57856281847932],[53.52957302517421,39.57922959365338],[53.52042914496581,39.59551485841802],[53.48723307291754,39.610672193494885],[53.4786083984381,39.59499728029282],[53.50443250868107,39.570640726461676],[53.49604600694505,39.55122612141746],[53.52508300781324,39.541539706482105]],[[50.888149956597594,40.20987521027617],[50.88600070529554,40.22645669899937],[50.83776692708374,40.252600362206145],[50.83831027560814,40.23382920334306],[50.888149956597594,40.20987521027617]],[[50.56264458550384,40.2629220853012],[50.55793755425378,40.28959417732794],[50.569777289496805,40.305201273689576],[50.61858018663234,40.326485453387036],[50.605553385416954,40.33682290998914],[50.57303602430586,40.31896592213347],[50.55582817925375,40.29054741083527],[50.56264458550384,40.2629220853012]],[[47.782437065972374,43.933608393342126],[47.85415296766501,43.9765888078558],[47.8555091688371,43.992082514459184],[47.80471204969631,43.99139159649036],[47.77944166395405,43.98472492982087],[47.71576070149762,43.99803276402749],[47.67333055284296,44.00028048538267],[47.640412462022645,43.98887749058638],[47.63337958441866,43.966761605160904],[47.64867031521288,43.94568575879827],[47.72550944010436,43.96777506002239],[47.72788248697941,43.95112141418244],[47.6933065456817,43.95407009039882],[47.69920091417122,43.92991563075376],[47.759305555555784,43.92374999490052],[47.782437065972374,43.933608393342126]],[[47.51764248318158,44.44158311142504],[47.52791687011728,44.49116698731243],[47.488769463433414,44.48670057021005],[47.477505289713626,44.4573676166396],[47.51764248318158,44.44158311142504]],[[50.06513264974001,44.86089137981573],[50.0855438910595,44.84756591323076],[50.13678249783026,44.8330970547184],[50.172502712674024,44.82972493015116],[50.1984486219622,44.81671033596223],[50.201235351562836,44.85470078736542],[50.153677029080306,44.83972493015482],[50.10068359375026,44.85726996054347],[50.07100640191015,44.87787759944022],[50.07998779296917,44.90749199289768],[50.05482123480954,44.90857272206468],[50.038868815104415,44.963237571260755],[50.02803738064261,44.97452893953753],[50.03000271267399,45.00636636902016],[50.0582774522573,45.03361219151305],[50.03238796658024,45.03887098057753],[50.00369818793428,44.97182847295672],[50.012193196614874,44.93552571144126],[50.04614881727491,44.87885701024805],[50.06513264974001,44.86089137981573]],[[50.29214382595535,45.04661335796764],[50.26008653428851,45.045820714738],[50.245345594618406,44.994798443668515],[50.26778049045168,44.973891596872605],[50.282393391927485,44.935031326675364],[50.26423204210102,44.926543913477786],[50.2562860785593,44.88781344471322],[50.313964029948174,44.92138752784208],[50.33166856553856,44.94304130931736],[50.32920247395896,44.969905729900425],[50.354408365885874,45.00934976745881],[50.35683403862913,45.048477778541105],[50.324119194878726,45.0662687127927],[50.29214382595535,45.04661335796764]],[[51.22599446614628,45.042349306316616],[51.153994683160185,45.02451307041574],[51.05526421441026,44.95446804000741],[51.05822564019149,44.918829205358556],[51.102100965712175,44.89908175526423],[51.09342610677122,44.866414790191044],[51.1237407769101,44.86427503324587],[51.14886420355958,44.88666937461716],[51.17216335720536,44.95798257993925],[51.16446207682333,44.96954901332035],[51.17016031901097,45.00650457974056],[51.208480631510774,45.01635646776524],[51.240558268229556,45.00999728264991],[51.22599446614628,45.042349306316616]],[[50.64226264105946,44.82062146877615],[50.61264973958396,44.81555826347903],[50.58155381944477,44.85006862590536],[50.57963514539965,44.7981407287501],[50.59121717664965,44.79131889715028],[50.646513400608164,44.812253684484816],[50.64226264105946,44.82062146877615]],[[47.72319444444458,45.197361106504694],[47.736947224935086,45.23844387019196],[47.76093024359823,45.27284816707962],[47.771618720160745,45.29974107073541],[47.76711357964427,45.339719504995045],[47.72797309027806,45.21930419462057],[47.72319444444458,45.197361106504694]],[[47.79359775119383,45.38081379754497],[47.77620103624156,45.32899101649277],[47.77714185926675,45.30481146461751],[47.847934231228564,45.291526145602255],[47.856384277343906,45.32256021679426],[47.848112453884646,45.33126654275233],[47.87166388617635,45.36200805209523],[47.85249721950981,45.384719505011574],[47.82499545627194,45.3774993172919],[47.79359775119383,45.38081379754497]],[[48.031904568142465,45.23421671090228],[47.99767374674496,45.235270177699434],[47.98747802734392,45.21819484674702],[47.994470621744995,45.19586723714654],[48.01749471028659,45.171939150115165],[48.0619786241321,45.19055934868973],[48.06729180230053,45.22272663928327],[48.031904568142465,45.23421671090228]],[[48.29208333333344,45.429027773257026],[48.316199815538425,45.44363253671726],[48.32804918077284,45.463034392193116],[48.30175998263899,45.467210010684276],[48.28332397460962,45.44615030473022],[48.29208333333344,45.429027773257026]],[[52.63216091579915,45.493349197976734],[52.632545572917195,45.466402583383584],[52.61943684895886,45.44111110659489],[52.65009657118111,45.43333861852772],[52.679727647569905,45.44943969275235],[52.671659613715796,45.497259245721274],[52.64334472656304,45.51051038504899],[52.63216091579915,45.493349197976734]],[[49.15125000000034,45.94069444010819],[49.154222547743416,45.962227507607025],[49.17616970486131,45.97808322050322],[49.137276475694705,45.99859584800615],[49.10722764756968,46.001231549504546],[49.11939046223977,45.974350174712],[49.075811360677385,45.973886171890676],[49.072210828993256,46.008319358751805],[49.039458279080065,46.00665560820874],[49.02394042968768,45.95814601889042],[49.04717502170155,45.93778564019395],[49.08456949869816,45.91799017577724],[49.109716796875546,45.88666137259755],[49.15364854600722,45.88308349173713],[49.15125000000034,45.94069444010819]],[[49.56733886718774,45.953472353524035],[49.56675672743096,45.92358587890407],[49.58917480468789,45.92085014756648],[49.59750298394118,45.94250270833787],[49.56733886718774,45.953472353524035]],[[52.835949978299084,46.06017815054519],[52.86375000000049,46.05708332903807],[52.890551757813114,46.066331172465745],[52.89914550781298,46.083520639160184],[52.86468315972269,46.08918449821171],[52.826674262153276,46.072025413461674],[52.835949978299084,46.06017815054519]],[[52.849169379340815,46.14141879184978],[52.824147677951885,46.122258364325766],[52.86647677951452,46.098613887320795],[52.874159071181104,46.118620262110824],[52.89845377604229,46.139947844583546],[52.88947211371583,46.156367590140476],[52.849169379340815,46.14141879184978]],[[49.81257649739621,46.19723971472079],[49.83246392144128,46.2123415756201],[49.85600477430591,46.25240837522164],[49.85248914930593,46.29438279472405],[49.825830620660035,46.31386989596774],[49.83162896050379,46.3412609143148],[49.811249457465514,46.35097947443114],[49.77236355251774,46.35488097725366],[49.75722276475726,46.36720533164147],[49.71279188368089,46.362230423870756],[49.72999728732662,46.33967630602436],[49.73810275607667,46.30859951022382],[49.76611382378506,46.289169442942786],[49.7770328776046,46.25480359820423],[49.767638346354424,46.24488335080499],[49.81257649739621,46.19723971472079]],[[53.19671332465343,46.47047342520983],[53.174739040799295,46.456941252896186],[53.184773763021376,46.44194722077305],[53.21992458767431,46.460010032736676],[53.19671332465343,46.47047342520983]],[[53.191330295139544,46.58662237815737],[53.169439019097744,46.59889417449394],[53.15298231336874,46.57703426373361],[53.18898546007004,46.57060902501609],[53.191330295139544,46.58662237815737]],[[52.7667442491325,46.66010738387873],[52.79647949218827,46.72705460883627],[52.778976779514316,46.73463425971757],[52.781663953993586,46.7810255561198],[52.68284288194496,46.776045833353386],[52.67834147135477,46.743078880488575],[52.695482313368586,46.739763247349494],[52.72196831597278,46.7569864529217],[52.744110243056014,46.752502776433616],[52.757066514757476,46.73347767741467],[52.74146267361175,46.7215071573911],[52.7667442491325,46.66010738387873]],[[52.55011881510483,46.78161834312083],[52.591041666667195,46.792180070012435],[52.58226399739629,46.828321529171596],[52.539551323785346,46.826471451859774],[52.53056098090332,46.806631160512],[52.55011881510483,46.78161834312083]],[[52.34076877170189,46.78305833199936],[52.36444173177142,46.84793451542485],[52.39389160156298,46.85221943770831],[52.41245008680602,46.81856190595864],[52.451720377604765,46.81581457794139],[52.4073242187507,46.87381099723138],[52.37099392361159,46.879783880669784],[52.35916395399364,46.86778055424975],[52.35250271267432,46.81860863176158],[52.34076877170189,46.78305833199936]],[[52.64278103298692,46.90608565883601],[52.67114257812551,46.87527361998042],[52.6853314887158,46.843405927234315],[52.71027235243105,46.86461839062031],[52.66768337673665,46.884173240887115],[52.64278103298692,46.90608565883601]],[[52.70904351128518,46.95240027134588],[52.68710340711867,46.92786161234801],[52.734328342014344,46.88623889098003],[52.775626627604765,46.86171355799128],[52.77400444878538,46.88815020689863],[52.74361979166724,46.90305389003632],[52.70904351128518,46.95240027134588]],[[50.56304796006975,46.75861975370344],[50.5966918945316,46.80639688723721],[50.5464249674482,46.796831321912826],[50.52519287109419,46.76734330513872],[50.56304796006975,46.75861975370344]],[[51.403359375000434,47.04309459714067],[51.423210720486566,47.01863546186522],[51.45001681857678,47.02305206749819],[51.455039062500354,47.04039312178443],[51.403359375000434,47.04309459714067]],[[48.197208387587125,45.6555691144854],[48.234447157118154,45.651930198468406],[48.22983696831624,45.679381099086015],[48.203607042101,45.68367214183926],[48.197208387587125,45.6555691144854]],[[48.03060845269107,45.352209061206246],[48.0554687500001,45.36661390062122],[48.02598768446199,45.386882455316375],[48.00843410915814,45.369216032783626],[48.03060845269107,45.352209061206246]],[[47.69295457628044,45.44080742278402],[47.70360331217467,45.48250786225224],[47.68084160698793,45.489251568852005],[47.681850382487255,45.45349296966356],[47.69295457628044,45.44080742278402]],[[-89.21638888899996,48.432678957469605],[-89.18625027099993,48.44503599947327],[-89.14841010199994,48.477572485482774],[-89.12375542499993,48.48574007448518],[-89.0642537429999,48.49003735648639],[-88.95646701399991,48.52123391649548],[-88.90529676599994,48.542870472501804],[-88.87126139299993,48.54407069450212],[-88.84340413399998,48.56005851550681],[-88.778075087,48.57323532751058],[-88.75295681399994,48.556550214505755],[-88.77963053399998,48.518567629494676],[-88.83763292099994,48.460284887477776],[-88.82764594199992,48.4515040984751],[-88.85536241299994,48.418390085465504],[-88.84903266099992,48.4004359834602],[-88.87294135199994,48.37527797045271],[-88.90210042299995,48.36253939044901],[-88.9104937069999,48.322111602437055],[-88.88819173199991,48.31670944843544],[-88.83089355499995,48.33614846744123],[-88.78986138199994,48.33253572844017],[-88.74525716099996,48.35048955844545],[-88.73815728099996,48.37063373745136],[-88.71734971799995,48.38076855745446],[-88.71680284299994,48.40324970446095],[-88.6993752709999,48.42159171846637],[-88.68180826799991,48.465775067479264],[-88.70179606099994,48.481755156483956],[-88.69011393199993,48.4956036264881],[-88.65784206799997,48.49580287248813],[-88.63554361999995,48.50820263949169],[-88.63983696799991,48.54757899550318],[-88.62191731799996,48.5873406875147],[-88.63045545799993,48.60319097451933],[-88.614820421,48.62175976852468],[-88.55039360899995,48.62890386552675],[-88.54167833099989,48.66665017653761],[-88.55151475699991,48.6870113685434],[-88.51958062099997,48.706181019548886],[-88.55083685999995,48.73852734655819],[-88.54036539699992,48.77542689656872],[-88.52330457899993,48.796584529574744],[-88.48364257799992,48.81813617858089],[-88.49788384299991,48.835680395585854],[-88.47329291399991,48.846699140588996],[-88.43349392399992,48.84755946458929],[-88.40397108299997,48.83362120458529],[-88.37797580299994,48.83200309558482],[-88.33510660800002,48.81631909458035],[-88.32565456799992,48.79711879057485],[-88.33758707699994,48.78225957857072],[-88.30136718699995,48.75697773156353],[-88.33827039899995,48.674516522539776],[-88.37234049499993,48.65806361453515],[-88.43927164699994,48.614616213522496],[-88.46449815499994,48.590415909515606],[-88.54266872799997,48.53504278149953],[-88.56570773699994,48.5144431454935],[-88.5785720489999,48.4788496124831],[-88.56705864799993,48.435876114470624],[-88.52819173199995,48.4239262454671],[-88.51554280599996,48.46469406747892],[-88.48340114999992,48.46341897547866],[-88.49874728699993,48.49355759248744],[-88.4911227759999,48.51168733949269],[-88.46467800599993,48.51297057049316],[-88.45428358299995,48.534259768499346],[-88.42208062099996,48.54829988850333],[-88.37716037299998,48.539242000500785],[-88.34188123899992,48.57069328050991],[-88.30240614099992,48.56779940050904],[-88.31010335299996,48.588628664515156],[-88.33048339799994,48.58984868951549],[-88.33967529299996,48.642279245530545],[-88.32192328599997,48.64720383253202],[-88.29578504799997,48.618728491523704],[-88.28354302299991,48.58948722551533],[-88.23429361999995,48.58228046551315],[-88.16296630899996,48.63138677552748],[-88.097220866,48.70069490854737],[-88.10735839799996,48.7458435625603],[-88.09123426599992,48.77650776056903],[-88.11114746099993,48.80006258457575],[-88.12722737599994,48.79919534257546],[-88.16399034299994,48.82283697058224],[-88.22728352899995,48.84045293758728],[-88.24347276499995,48.886174644600274],[-88.22486599399996,48.910492135607],[-88.22620795399993,48.926958607611645],[-88.260876194,48.949631811618026],[-88.19507242799993,48.968217152623225],[-88.16609347899994,48.962883764621736],[-88.1212293839999,48.995563614630946],[-88.10320475299994,48.99961187363204],[-88.07296468099996,48.98431890462773],[-88.05864040799997,49.00591382163377],[-88.02938123899997,49.014829565636376],[-88.02299533399994,48.983079890627394],[-88.00756944399996,48.96508604862234],[-87.91879068999995,48.92837611461212],[-87.88703884499992,48.94077425361555],[-87.83443332199988,48.90893438360656],[-87.79353488499997,48.92670402261159],[-87.76793294299993,48.91368793660789],[-87.76825846399998,48.89254427360206],[-87.72681369399999,48.908109594606344],[-87.67380181199997,48.89781513360347],[-87.6583176,48.88659198960037],[-87.64851074199994,48.856612334591745],[-87.59433702299998,48.863404597593686],[-87.5583089189999,48.878861140598055],[-87.54012315499993,48.86633916859451],[-87.55300184499997,48.836424481586135],[-87.52268500399994,48.8333540065852],[-87.47521918399994,48.84030767458718],[-87.42206488699995,48.83720627458636],[-87.40097873299999,48.82826625158384],[-87.38925455699993,48.80571972957731],[-87.34433973499993,48.79560484757453],[-87.29242133199995,48.79395391457399],[-87.3007394749999,48.76700119656629],[-87.26134928399989,48.76843823556668],[-87.22871582000002,48.75547775856302],[-87.18484049499989,48.76282055956512],[-87.16798990899994,48.78698180057202],[-87.14406521299998,48.770586401567385],[-87.04947374099994,48.780661135570206],[-87.01601942299996,48.77366637056828],[-86.97284016899988,48.7929510385737],[-86.93907931899997,48.77143167056755],[-86.89773979999994,48.77229145256779],[-86.88514539899995,48.7529966115623],[-86.85899576799991,48.74647615856058],[-86.82210611999992,48.75585007356313],[-86.79300130199995,48.77942497056984],[-86.75001790399992,48.781153892570366],[-86.70388020799999,48.80448451357709],[-86.68387369799991,48.789150311572705],[-86.63615234399998,48.79062749857313],[-86.61715386299994,48.78102246357041],[-86.61864420599993,48.75426600756272],[-86.63626898899992,48.7297650035556],[-86.58938910599993,48.73289271655665],[-86.53821940099989,48.72705015955498],[-86.52090874599998,48.748458037560994],[-86.48307888499994,48.770088761567195],[-86.42888617599992,48.77242016856783],[-86.42326605899994,48.744328805559924],[-86.39787326399991,48.74657205156047],[-86.39208062099998,48.710320559550176],[-86.3601416019999,48.671273521538915],[-86.34765570699993,48.64532666253148],[-86.32454589799991,48.62886181952673],[-86.29535373299994,48.57890210251225],[-86.27489095099996,48.55537074350538],[-86.24430772599996,48.49948736148919],[-86.25070203999998,48.48925420748616],[-86.23042860199993,48.45784239647702],[-86.22836045999996,48.41067212146316],[-86.18237033399998,48.393129804458056],[-86.20321397599997,48.37755431045349],[-86.18833875899992,48.36241704944895],[-86.18459418399996,48.33354864044046],[-86.14177571599998,48.27253735642236],[-86.14223687099995,48.24218091041339],[-86.09791937899993,48.204165909402015],[-86.10293022999998,48.19338723639874],[-86.05827962199992,48.13431592038101],[-86.01820800799996,48.09009364436767],[-86.021757812,48.07732590336384],[-85.97946560299991,48.066654923360645],[-85.9424403209999,48.04213669435327],[-85.93982530399995,48.029423206349314],[-85.90412217899993,48.01404695934476],[-85.87254557299991,47.98165600833482],[-85.77100694399995,47.94154153332263],[-85.68430826799994,47.924481529317426],[-85.62041395399994,47.923648467317136],[-85.57012532599998,47.91779831531542],[-85.46083713099992,47.91738571731534],[-85.38326063399992,47.922841989316886],[-85.31531466999995,47.95475957832666],[-85.22253363699994,47.95204283532583],[-85.19676106799993,47.96010327432831],[-85.14290744399996,47.955864992326966],[-84.98827419699995,47.962787193329106],[-84.85898491799998,47.957252796327424],[-84.83794379299994,47.91905509731574],[-84.88690049899998,47.88214401830442],[-84.91195746499989,47.850675919294765],[-84.93514268699992,47.84694192429358],[-84.94933593699993,47.821391522285836],[-84.93010036899989,47.799140274278976],[-84.89563422299992,47.78567727527473],[-84.96048828099997,47.72972132925748],[-84.97971028599993,47.731381757257935],[-85.01119574699997,47.70466463424964],[-84.98817816799996,47.69446905124659],[-84.98265841999995,47.66418503423701],[-85.02152397999993,47.634431616227715],[-85.01570312499996,47.60920782021985],[-85.03041341099998,47.59169290021434],[-84.95124728699992,47.56059833720457],[-84.96028591599996,47.53818731219753],[-84.91126573399995,47.513427655189716],[-84.82008843299992,47.47612106917791],[-84.79253526499996,47.47358282017717],[-84.76673014299996,47.44848706316918],[-84.73331597199996,47.43136222516377],[-84.7043126089999,47.40284090415467],[-84.70651801199992,47.37219176114489],[-84.68485839799996,47.35919832614069],[-84.64624728699994,47.359209448140795],[-84.62372667099999,47.3422552381353],[-84.58821831599994,47.28206318011602],[-84.65262532599996,47.23450404410071],[-84.65596082899998,47.221710261096604],[-84.69490397099995,47.19336390708747],[-84.69402831999993,47.163634090077814],[-84.71987467399998,47.14640942607221],[-84.72839409699993,47.120697620063886],[-84.70986382399991,47.11029885706049],[-84.73930284299995,47.07142624504783],[-84.77792805999997,47.04850252504036],[-84.77014160199995,47.017391685030184],[-84.79099121099993,47.00503735602612],[-84.78653048999998,46.98253735601864],[-84.72263617599995,46.95170944800851],[-84.70002929699993,46.9681585580139],[-84.65796440999993,46.95563116000986],[-84.65346950999994,46.91724845599716],[-84.61526801199996,46.88837611398763],[-84.59593207499991,46.90423169199294],[-84.60567382799992,46.92674281400032],[-84.56648708799996,46.94559291100663],[-84.51486382399995,46.92198722499878],[-84.482352973,46.93894306300434],[-84.44306640599991,46.93119051300175],[-84.43372992599993,46.91667608199698],[-84.39734157999999,46.91253654199567],[-84.36188476599999,46.89050339298833],[-84.35484863299993,46.86864466898114],[-84.37467122399991,46.84318351497257],[-84.41375271299992,46.81503708396325],[-84.44490125899993,46.84519007897326],[-84.48752604199996,46.843614286972795],[-84.49957465299993,46.8244763749664],[-84.5541558159999,46.827568008967454],[-84.54153048999993,46.78834356195432],[-84.56180284299994,46.76119702394533],[-84.54412434899994,46.74401277893955],[-84.57654730899998,46.73614575393701],[-84.57181369399991,46.696437094923645],[-84.55403048999993,46.68364276991936],[-84.52293022999999,46.706449030926954],[-84.50626356299995,46.747537626940805],[-84.48370713999995,46.761215198945365],[-84.45426377999993,46.75576028294351],[-84.43280870199997,46.73458271193639],[-84.4481911889999,46.70947257692796],[-84.42136230499993,46.68951950592125],[-84.43930284299992,46.67420402191626],[-84.49100640199994,46.66058802791155],[-84.49458062099995,46.64642624490685],[-84.53513617599992,46.6147595778961],[-84.59406033,46.5773252248835],[-84.60013617599992,46.55529885687601],[-84.58899305599995,46.52888718186703],[-84.56556477899994,46.52437790486553],[-84.5327929689999,46.50116501385761],[-84.5320241969999,46.48218931985113],[-84.51235297299995,46.46864276984649],[-84.45521809899995,46.46751701084622],[-84.45645290799993,46.44898483783978],[-84.47378634999995,46.43391186683464],[-84.496802843,46.44615389183881],[-84.54929741799998,46.41864276982945],[-84.59361382399995,46.41294832582759],[-84.59455349399991,46.44281513283763],[-84.631301541,46.48475957785204],[-84.67821343299993,46.487815132853044],[-84.73073187899993,46.465063125845276],[-84.79626356299995,46.44613164783885],[-84.84323784699993,46.44783493583944],[-84.86042480499998,46.46894875984663],[-84.90412434899997,46.46533954784541],[-84.93569173199992,46.48243535885119],[-84.96430284299997,46.47587068884898],[-85.01040473099991,46.47808178884972],[-85.05179850299997,46.50632397685931],[-85.05596516899993,46.52607847986604],[-85.02497504299998,46.546497316872994],[-85.03487792999991,46.57992288088433],[-85.03620985199993,46.62352259889901],[-85.02139973999991,46.71034632892827],[-85.00250976599989,46.73348082393607],[-84.96063476599994,46.76474709994655],[-85.00470160599993,46.76939987694806],[-85.07370171399994,46.757526775944065],[-85.15604926199991,46.76483715994644],[-85.25805067299993,46.75286314794251],[-85.3074582249999,46.738847847937905],[-85.35686740499993,46.718397001930924],[-85.49469997799994,46.67696498191711],[-85.58050509999995,46.673962051916114],[-85.6772471789999,46.67982522491811],[-85.75509440099991,46.676965523917104],[-85.87697265599994,46.69033981892162],[-85.9276242399999,46.68275382691904],[-85.965136176,46.67114846691512],[-85.98260145399992,46.6742373879162],[-86.039297418,46.66699861891368],[-86.08292480499998,46.65558721490994],[-86.11668294299994,46.655940675909996],[-86.13746202299994,46.67290926291576],[-86.16461479999998,46.668091554914106],[-86.20985839799991,46.643092639905746],[-86.36400227899996,46.57275030088202],[-86.44189453099989,46.547742162873526],[-86.46197862399994,46.55364846687545],[-86.49317491299995,46.52531974486582],[-86.53131998699997,46.500186552857336],[-86.5537098519999,46.49406323485523],[-86.62713975699992,46.424722413831454],[-86.6612527129999,46.41670402182874],[-86.65793511299992,46.443665013838],[-86.70354926199992,46.439339655836434],[-86.75388509099993,46.47930873185022],[-86.7876600479999,46.4778227288496],[-86.80797471799994,46.46095586684388],[-86.81514539899996,46.438357938836184],[-86.88058268199993,46.439362170836475],[-86.90335611999993,46.46578089884551],[-86.93139811199988,46.465113581845344],[-86.97603515599992,46.526077936866116],[-87.00183864999997,46.53335495486862],[-87.08354980499995,46.51441533986211],[-87.10879937099995,46.49585576885581],[-87.15942220099998,46.49927102485698],[-87.20814724399996,46.490199844853855],[-87.30401963999995,46.491142769854164],[-87.36008517799993,46.503867650858645],[-87.38850260399994,46.5231330588651],[-87.37874457499998,46.54419235787223],[-87.39066297699996,46.58072583188463],[-87.4276909719999,46.5899074188877],[-87.46347493499997,46.61420402189587],[-87.46605088999996,46.63527362990301],[-87.5003716359999,46.646035347906675],[-87.529302843,46.693653891922686],[-87.57488552499996,46.72117640693196],[-87.59518012199997,46.77402227294969],[-87.6371739369999,46.81352748196273],[-87.673338759,46.82267353196582],[-87.72710937499996,46.8275503759674],[-87.74077039899998,46.86526549197994],[-87.75674153599994,46.860405464978406],[-87.81627414300002,46.89064906398846],[-87.84360812699998,46.88390617098613],[-87.8693082679999,46.89059291098838],[-87.8998651799999,46.909850180994724],[-87.9992518449999,46.905420655993225],[-88.08112738699994,46.920466771998235],[-88.12832546699997,46.90945602999458],[-88.18397216799993,46.904715360993],[-88.21515841999995,46.89169615598875],[-88.25323106599996,46.840749160971825],[-88.26922363299995,46.84013094297165],[-88.23175075999995,46.89703171299043],[-88.18460286499999,46.91992342299802],[-88.14650173599993,46.947013538007035],[-88.14433892099999,46.966979901013566],[-88.23976399699995,46.93168774600193],[-88.30121663399994,46.895213950989806],[-88.35148979999994,46.85704283497721],[-88.38870524099994,46.85047409597496],[-88.3822838,46.837576417970745],[-88.43765679299995,46.78911450395466],[-88.45457492399999,46.75975388094489],[-88.48270399299994,46.75022642894166],[-88.49940890799996,46.75785066894415],[-88.48150770399997,46.78283168095261],[-88.46167670399993,46.78961499195484],[-88.48348063199995,46.82780943696757],[-88.47566650399992,46.88543177798664],[-88.45453504799993,46.92468090999959],[-88.44410644499995,46.971054066014844],[-88.40532280799991,46.982152427018505],[-88.3667757159999,47.02038756203108],[-88.34647026899995,47.07858878805011],[-88.29618218299997,47.09928296105683],[-88.28310356999995,47.13651088006906],[-88.24987521699992,47.13643275506896],[-88.23806098099995,47.187919029085634],[-88.20739773199992,47.21266837809362],[-88.16306016699994,47.21708433909512],[-88.11913058799993,47.25347051510685],[-88.09935682499999,47.25898972110856],[-88.05481038399994,47.297717206121064],[-88.01912678999996,47.30507316312346],[-87.94100043399996,47.35006611013785],[-87.96513617599999,47.37148076914466],[-87.95698567699998,47.3869638961496],[-87.88010253899992,47.39549932415233],[-87.81351589599993,47.38420944814868],[-87.77244330499997,47.391660348151134],[-87.74369818799991,47.40531513315547],[-87.71152506499999,47.40142624515421],[-87.71773166199992,47.44192374916703],[-87.75609185099992,47.460573109173005],[-87.80183132599996,47.47367043917709],[-87.84886637399993,47.47395689817727],[-87.87595811599991,47.46768682417528],[-87.90087510899995,47.476989396178176],[-87.94283854199992,47.48059291117937],[-88.02464897999991,47.47716599117825],[-88.02775037999999,47.47066534017619],[-88.13231445299992,47.46336011017395],[-88.21726670999996,47.44973869016956],[-88.24544053799993,47.42780428316262],[-88.28625271299997,47.4219872251608],[-88.33272162499993,47.40028041115393],[-88.3746451819999,47.390837323150784],[-88.4279193789999,47.366153892143004],[-88.49291395399993,47.2992040221215],[-88.57742106099995,47.24418177810378],[-88.65631211999994,47.225755943097866],[-88.69906819699995,47.205015112091154],[-88.76845648899996,47.15281730407434],[-88.81930826799994,47.13893167006974],[-88.83855007599995,47.118870635063296],[-88.88114881699991,47.1045957320587],[-88.9007147889999,47.08948044405369],[-88.91277967699993,47.0613923360445],[-88.94159044099992,47.021552384031466],[-88.99481933599996,46.99547002702293],[-89.03968505899995,46.999118031024054],[-89.074025336,46.98587041801977],[-89.12616861999997,46.99300719102206],[-89.17406060099992,46.96307826301225],[-89.20180284299991,46.930592911001526],[-89.251007487,46.90225442399223],[-89.35484727599999,46.861590903978744],[-89.42346950999993,46.84142624497206],[-89.46803059899996,46.83692157897061],[-89.51397460899992,46.84110397897186],[-89.63663682699992,46.82006448196494],[-89.67049587699992,46.83294371396929],[-89.71848958299995,46.83056741196843],[-89.78819715699994,46.818931669964634],[-89.85180826799993,46.79337611395605],[-89.91922498899996,46.73941506793804],[-89.98375271299996,46.705042780926526],[-90.02902506499998,46.67392624491603],[-90.10085679799992,46.6550039899097],[-90.15924153599997,46.646395319906794],[-90.26371012399994,46.61867125289751],[-90.30479627799998,46.6029401878922],[-90.32769354899995,46.60804082789383],[-90.41440755199994,46.56671921287984],[-90.43918714699997,46.5619961768783],[-90.50424845399985,46.589476102887616],[-90.53852389899998,46.5808761138847],[-90.57992309599993,46.596742813890074],[-90.68712076799993,46.66062627691163],[-90.7225,46.65740117891055],[-90.75052693699998,46.65047328190818],[-90.78705362999993,46.62755390290046],[-90.82622680699993,46.61699156589684],[-90.90558281799994,46.5834054108855],[-90.94791341099993,46.59140942588822],[-90.92096950999994,46.62837068890076],[-90.9090167909999,46.664543919912944],[-90.88649834499992,46.66785419591405],[-90.85380547399996,46.69319110992255],[-90.88459174299994,46.74948722494136],[-90.86622558599996,46.76421432994627],[-90.85655680299995,46.78798684595427],[-90.83567125099992,46.7897693439549],[-90.81351765999993,46.807209392960694],[-90.78514160199994,46.842510228972394],[-90.78851128499991,46.85278583697586],[-90.75180894599998,46.88613897198685],[-90.78144449899996,46.90998717099474],[-90.79572333399999,46.93649704500358],[-90.82925265799997,46.93523456700307],[-90.83403984899996,46.956169354010065],[-90.86385620099998,46.96281513301217],[-90.88541395399992,46.94837068900744],[-90.93082058399993,46.93219284600204],[-90.97338094099992,46.941820667005324],[-90.99729885499991,46.916170710996795],[-91.03488471099993,46.90328659599264],[-91.04893215599998,46.88368780098612],[-91.09401875799992,46.87950946898465],[-91.09656839999998,46.86115985997858],[-91.13652499699994,46.86084356197851],[-91.18875277999994,46.84725957797402],[-91.20874721999994,46.86725957798058],[-91.23117784299994,46.86149297597875],[-91.26008741599992,46.83533168097011],[-91.31153930699998,46.82802862096755],[-91.33916537799993,46.817048531963984],[-91.3609694419999,46.79781513295746],[-91.41173461899996,46.78971753095491],[-91.43903530499993,46.77567537595016],[-91.53720133499996,46.754349149943046],[-91.59058437799989,46.75404071894296],[-91.64744028699988,46.73401874693619],[-91.7579194469999,46.70643166992696],[-91.78979885499994,46.694504043922926],[-91.839010891,46.68915329492119],[-91.87923573799995,46.69062546292166],[-91.94204254199994,46.67948722491794],[-92.01400858599999,46.68526115091982],[-92.01347500299994,46.697542780923996],[-92.0589297989999,46.71657381393036],[-92.09969612099997,46.74837068894101],[-92.12449034799991,46.739457656938114],[-92.14457987499998,46.716737387930365],[-92.16902728599996,46.71134459292873],[-92.18484361199991,46.672762235915656],[-92.20255554999991,46.67230949091546],[-92.20676922499992,46.70413213592622],[-92.19035308199992,46.7194817999314],[-92.15569722099997,46.72068242893179],[-92.15600263799992,46.73722485593728],[-92.133098696,46.744878935939866],[-92.08802844599992,46.79372414995621],[-92.04486389199997,46.818931669964634],[-91.99844517999996,46.83855867697114],[-91.88943973099997,46.90130634399185],[-91.82994547499996,46.9272595780004],[-91.78012749599995,46.94323180000577],[-91.73841352699998,46.98183124701846],[-91.70375277999995,47.00504278102615],[-91.68504377599996,47.0059905890263],[-91.61415920699991,47.05817890304347],[-91.59574184799999,47.06168774604464],[-91.56953247099992,47.09197691705452],[-91.521277737,47.103359838058125],[-91.50626478399992,47.11837502906309],[-91.47779988599991,47.124886531065215],[-91.41803880499998,47.171931073080486],[-91.35468580499992,47.207872100092196],[-91.35283813499987,47.21569653509472],[-91.18900153299994,47.339416967134426],[-91.15547363299999,47.37946633814716],[-91.09620618999995,47.412585913157756],[-91.04638997399995,47.455812638171565],[-91.03311740499997,47.45741311517205],[-90.88973727799994,47.54419290019952],[-90.72791937899996,47.62782055922571],[-90.66454671199995,47.647680856231844],[-90.59124199799994,47.6781097302414],[-90.55098130999994,47.689824411245105],[-90.52817030199996,47.70588696525008],[-90.44182766399994,47.72363544625561],[-90.43683770099992,47.73142922825791],[-90.34603759799991,47.74420266626197],[-90.2529767519999,47.77160962127036],[-90.19861667199993,47.77518438327155],[-90.15020141599997,47.794481800277474],[-90.08015028199993,47.80197067827985],[-90.07186523399994,47.81114141428262],[-90.02226291199997,47.817372968284594],[-89.97395073799997,47.83019089328854],[-89.89045410199996,47.864215958298985],[-89.79254014799993,47.891262399307244],[-89.73541937899994,47.91739249931529],[-89.69349934899996,47.941943551322844],[-89.68020751999991,47.96361944132933],[-89.61388373499992,47.99523565233901],[-89.6090855579999,47.97950974133425],[-89.57387396899995,47.98449807633567],[-89.55393554699994,48.01797192634589],[-89.46426188199995,48.039481800352334],[-89.46756618899997,48.062728328359505],[-89.43302544499993,48.08836580636712],[-89.37760036899992,48.08937247936747],[-89.35644042999995,48.09991813437074],[-89.34162380599994,48.12582226837847],[-89.31359076599989,48.12792770937911],[-89.3204139539999,48.15001022938571],[-89.26546739399994,48.19439404539899],[-89.2736433919999,48.20814173940313],[-89.25852023699997,48.265025013420164],[-89.23561469199997,48.286885636426604],[-89.19680826799994,48.31082715143364],[-89.21542236299994,48.353637074446404],[-89.25045003299991,48.370289363451256],[-89.21403428799992,48.39402145945832],[-89.21638888899996,48.432678957469605]],[[-90.76478149399998,46.75450838394313],[-90.72151122999995,46.78339862995266],[-90.656641574,46.78874856395453],[-90.67269395599997,46.82057799196515],[-90.61867784299992,46.836669842970416],[-90.57946546799992,46.8407252899718],[-90.59916842999996,46.87050393598164],[-90.62021443699993,46.87387985798281],[-90.65430826799994,46.84532055897332],[-90.70849894199995,46.8225389829658],[-90.73209906699996,46.800418757958404],[-90.78648451099995,46.78794479895426],[-90.76478149399998,46.75450838394313]],[[-90.63483656099999,46.90676641399367],[-90.57930026599995,46.91809019899751],[-90.52397881399993,46.93477748200288],[-90.50689398899995,46.95798304801056],[-90.52992743599998,46.968714385014124],[-90.55575073199995,46.95962258801123],[-90.63589911599996,46.9427578960056],[-90.65457804399992,46.921363581998456],[-90.63483656099999,46.90676641399367]],[[-90.73261284699993,46.914258546996145],[-90.69119249099995,46.916735760997035],[-90.69312079499997,46.93536179100313],[-90.71513902499996,46.958334339010676],[-90.74381903799997,46.96298711701219],[-90.76404364699995,46.94838940600744],[-90.73261284699993,46.914258546996145]],[[-90.93071750199991,46.96431904001261],[-90.94817165799998,46.990392173021256],[-90.98313435899996,46.98427156801938],[-90.96569973399993,46.96170131001183],[-90.93071750199991,46.96431904001261]],[[-90.76627115899993,47.00151522002495],[-90.7384825299999,47.012173044028366],[-90.75812215199991,47.034467423035736],[-90.776239692,47.02441751003247],[-90.76627115899993,47.00151522002495]],[[-90.4570967609999,47.04194599303813],[-90.45708048499995,47.01253735602855],[-90.43300374299992,47.000621394024606],[-90.40291937899994,47.0260896020329],[-90.40680284299995,47.038438235037006],[-90.39406480599993,47.077309762049715],[-90.4354418949999,47.07420646404874],[-90.4570967609999,47.04194599303813]],[[-85.81049587699994,47.385590199149156],[-85.82540527299992,47.35297274013881],[-85.791810981,47.35348218013896],[-85.81049587699994,47.385590199149156]],[[-84.75044108099996,47.32528041112986],[-84.75513346399997,47.30118671512217],[-84.72875488299994,47.299179337121515],[-84.7190445959999,47.32300990312908],[-84.75044108099996,47.32528041112986]],[[-84.52839518199994,46.864925593979834],[-84.47926649299995,46.8878658599875],[-84.52132649699996,46.916145753996815],[-84.54708875899996,46.89587882699016],[-84.54555826799998,46.87139586298205],[-84.52839518199994,46.864925593979834]],[[-86.68041232599992,46.559756593877474],[-86.7095600039999,46.544377090872246],[-86.70241265199992,46.5132467198617],[-86.68387912299991,46.499634251857046],[-86.68703396299998,46.456290067842325],[-86.63587293799995,46.45310104884128],[-86.60791124099993,46.47170130984762],[-86.64624294699993,46.48639179385257],[-86.62682725699995,46.535117107869205],[-86.65325629299994,46.56035066887772],[-86.68041232599992,46.559756593877474]],[[-85.8427983939999,47.70228914624897],[-85.80384006099993,47.7158533282531],[-85.79222873299993,47.707667564250514],[-85.69763997399993,47.70753247325054],[-85.67307128899994,47.72377297825571],[-85.60806911899994,47.73208678125817],[-85.59542209199996,47.7532453632646],[-85.62882269999994,47.76814228226939],[-85.69425781199998,47.773783015271086],[-85.73465169299996,47.79732386827842],[-85.77457465299989,47.79054516827626],[-85.8291026479999,47.79315638827711],[-85.87206705699992,47.78494349727449],[-85.95099880599992,47.745852514262445],[-85.95320692299997,47.71736781425363],[-85.8427983939999,47.70228914624897]],[[-89.14641954199995,47.82747387928769],[-89.12593153199998,47.82864846728806],[-89.04491780599994,47.85541143329623],[-88.97209065799993,47.87472566930226],[-89.00136338999994,47.89060077830707],[-89.0031860349999,47.907842531312376],[-88.95263563399998,47.932562312319845],[-88.8892187499999,47.95082104732543],[-88.83079888199994,47.979413169334165],[-88.75652506499993,47.98531513333596],[-88.66959852399994,48.01182419434401],[-88.59286376999994,48.049506350355486],[-88.57318576399994,48.0739210903629],[-88.57937689899991,48.09795158137009],[-88.54295789899999,48.11388826737486],[-88.51259657099992,48.14061624038298],[-88.53032606299996,48.155908124387516],[-88.61701470299991,48.13611008238159],[-88.68022243899993,48.11638175737568],[-88.76173719599996,48.08624069836647],[-88.77916124099994,48.06628450736053],[-88.89609836199998,48.02797992834886],[-88.93101670999992,48.021885365347075],[-89.10941460499998,47.962782581329165],[-89.17840738899993,47.93558287432077],[-89.22069173199995,47.91112134031334],[-89.20157009499995,47.88137958730423],[-89.23396213099994,47.85148619529508],[-89.20562472899992,47.85114683929489],[-89.19324300099998,47.8339864662897],[-89.14641954199995,47.82747387928769]],[[-89.17202663799995,48.224800268408146],[-89.11875542499992,48.218378691406244],[-89.12083333299991,48.20684562440269],[-89.04384331599992,48.23464808741103],[-89.04851589599994,48.26300407141954],[-89.06965223499995,48.27336811242262],[-89.14406385599995,48.258031876418],[-89.17457790799992,48.234161433410904],[-89.17202663799995,48.224800268408146]],[[-88.63972005199996,48.3565453314472],[-88.60376003699997,48.38281092945492],[-88.58958875899998,48.40847458446255],[-88.630638563,48.408923668462684],[-88.64415201799991,48.389035837456824],[-88.63972005199996,48.3565453314472]],[[-87.00465277799995,48.61957837152408],[-86.95543185799993,48.63396435852818],[-86.95958875899994,48.66415085453693],[-86.97492838499991,48.67266783553935],[-87.02469075499994,48.651396405533184],[-87.05874023399991,48.651540991533196],[-87.04439127599996,48.62904058452683],[-87.00465277799995,48.61957837152408]],[[-88.10865749799993,48.63920741352971],[-88.05597764799994,48.679624758541394],[-88.08410291899997,48.70139342154759],[-88.09506347699991,48.67565530354016],[-88.12430012999994,48.648984838532535],[-88.10865749799993,48.63920741352971]],[[-88.06469509499992,48.69802278954665],[-88.0098662649999,48.68908900554397],[-88.00884033199998,48.72153949955336],[-87.93575710699994,48.75642624556328],[-87.89962402299993,48.76253735656508],[-87.85430121499995,48.75233309156219],[-87.82852457699992,48.739221926558415],[-87.79184624599998,48.75309833756236],[-87.80275390599995,48.76636507456615],[-87.75319769999999,48.78252325057081],[-87.76367729999998,48.81580924758032],[-87.751808268,48.82468348758272],[-87.79890733499997,48.847431697589194],[-87.88847493499998,48.852537356590624],[-87.92726318399994,48.86058518059297],[-87.9845860459999,48.85529587359138],[-88.02980956999994,48.83255390358492],[-88.06904079899994,48.82166685958194],[-88.09064398899989,48.80009662857582],[-88.07361029699992,48.772688994567915],[-88.08462537999998,48.73451041955704],[-88.06469509499992,48.69802278954665]],[[-87.73952772399991,48.835885473585954],[-87.74753634999992,48.81359679057959],[-87.72151557099993,48.76846441256681],[-87.74196560299994,48.75093186056179],[-87.68223985499998,48.740187909558685],[-87.62365831199996,48.7441736405598],[-87.61670030399992,48.763981312565534],[-87.63618218299996,48.78738300557212],[-87.65338107599996,48.789038278572605],[-87.66137803799992,48.8159893685803],[-87.69202229799996,48.84186474858764],[-87.73952772399991,48.835885473585954]],[[-87.47744086399995,48.79423060757411],[-87.52283582899996,48.798408531575355],[-87.50325954899992,48.76256109256509],[-87.46071560299997,48.752815947562326],[-87.44487467399992,48.773651315568245],[-87.47744086399995,48.79423060757411]],[[-87.40518337699993,48.780014298570045],[-87.43941406199994,48.770370201567346],[-87.39938096799992,48.75562207256321],[-87.35178548199993,48.758076906563836],[-87.40518337699993,48.780014298570045]],[[-87.5687641059999,48.77320358856813],[-87.53486653599992,48.77960441356995],[-87.54913736999997,48.797501684575096],[-87.58431098099994,48.80781255657802],[-87.59361165399999,48.78289122457084],[-87.5687641059999,48.77320358856813]],[[-86.6123556859999,48.717189591552135],[-86.63940375399994,48.71682365155199],[-86.65433973499995,48.69625941554617],[-86.59104112399996,48.68964795154421],[-86.6123556859999,48.717189591552135]],[[-86.99461208799994,48.68979226654429],[-87.06748697899994,48.68137036354184],[-87.05657009499993,48.667098445537675],[-86.99461208799994,48.68979226654429]],[[-88.09778049,48.93428174061371],[-88.03257839599995,48.89664244560314],[-88.01236707899994,48.89951937160397],[-88.03335666199992,48.94249232561606],[-88.07814778599997,48.947257001617245],[-88.09778049,48.93428174061371]],[[-84.75365668499992,45.83889454162674],[-84.75364636199994,45.78324795360689]],[[-84.75364636199994,45.78324795360689],[-84.77169162399996,45.788782101608945],[-84.78895833399997,45.75216453459577],[-84.83635335399993,45.74486357659316],[-84.88236111199991,45.75701276059754],[-84.89958089299991,45.74686254559382],[-84.93730007699995,45.75963347459851],[-84.967141385,45.75789763459782],[-84.94265842099995,45.72938729858758],[-84.94432752899995,45.70834563258002],[-84.98771837099996,45.68257177457082],[-85.01489203599994,45.65174101855955],[-85.06161105799994,45.63939265655511],[-85.11624701699998,45.581046031533965],[-85.11619113599994,45.541171017519574],[-85.09226888099991,45.47888904849677],[-85.03680826899995,45.43491823748076],[-84.92257514199997,45.42243085047621],[-84.91491617899995,45.39396547846565],[-84.98571072099995,45.36855789945641],[-85.01233452799994,45.370342295457],[-85.0425865349999,45.361494503453805],[-85.12158610099989,45.36857593845641],[-85.13674289399992,45.37352941545818],[-85.18289713599997,45.36075760645354],[-85.20309922999992,45.36186274945396],[-85.2506483299999,45.333357839443366],[-85.26079237299994,45.32088442343883],[-85.32847846199992,45.302676551432064],[-85.37179741799994,45.26965748141989],[-85.3887942169999,45.20999887139774],[-85.37329861199999,45.126393592366576],[-85.3644067389999,45.11462330136211],[-85.36724094,45.067201562344366],[-85.38065809499992,45.04640498533663],[-85.37598605799995,45.00747242232191],[-85.38291937999998,44.96857295430731],[-85.40956949899997,44.905768456283546],[-85.42269666999995,44.898690141280895],[-85.43526828399993,44.86801197326923],[-85.45263617699996,44.853269948263616],[-85.46677571699993,44.82021276525108],[-85.50792290699995,44.79382035024088],[-85.50456949899993,44.767715478231004],[-85.52448947599999,44.748736257223726],[-85.55087103999995,44.74794741122338],[-85.57651882699994,44.7596235722279],[-85.55865804099993,44.78629295223803],[-85.55664984899987,44.81742454324999],[-85.54106119899994,44.83349211625603],[-85.5001204439999,44.856100894264706],[-85.48956895699996,44.89046328027776],[-85.48718831499995,44.95952835730383],[-85.46486436699996,44.95989538230407],[-85.47371961899995,44.99099482931578],[-85.52115695599993,44.974260210309396],[-85.52929199299996,44.935504377294805],[-85.53416910899995,44.87225161127076],[-85.55012803899992,44.862164127266915],[-85.57991346699994,44.81678842224972],[-85.59805962499995,44.766656043230554],[-85.64041395499993,44.774409135233576],[-85.63068956199999,44.798810313242804],[-85.64903645899994,44.830746619254995],[-85.64609348,44.880461788273905],[-85.62531928199994,44.9206126132892],[-85.60455349499992,44.93861472929594],[-85.59873101199997,44.98960702531519],[-85.633875326,44.967109466306795],[-85.64848605799992,44.97379580030924],[-85.62979871999993,45.00229745532006],[-85.59960829099991,45.02147103932724],[-85.59738606899997,45.04378467833556],[-85.56870741199995,45.06386592334311],[-85.59817247299998,45.091211978353435],[-85.61405273499997,45.12767234636701],[-85.59068061099995,45.152993934376546],[-85.5618028439999,45.15679194837787],[-85.53105658699994,45.177265445385515],[-85.54042995999995,45.21077388239808],[-85.59572835399995,45.178029741385856],[-85.62093424599996,45.182646711387584],[-85.65648464699993,45.14418072837318],[-85.68106933699994,45.09396045935447],[-85.70199245999999,45.07165400934605],[-85.74286729699996,45.05495207733977],[-85.78014919799992,45.009092160322545],[-85.78114420699993,44.9766729973103],[-85.81372545099998,44.947866167299395],[-85.84452216299995,44.93937522729621],[-85.88113918799996,44.943956526298],[-85.89532769199995,44.96111676430452],[-85.93084540599995,44.96885900530741],[-85.9860073519999,44.902571435282354],[-86.0088019479999,44.89906109928094],[-86.04048014399993,44.91463605128692],[-86.06544623599996,44.90780675928431],[-86.07293036599998,44.887674652276694],[-86.06680270799991,44.81936288425073],[-86.07874728799996,44.79356196824083],[-86.08004096199996,44.75615487722652],[-86.09514851999991,44.73712913321922],[-86.12041436199993,44.72880705821603],[-86.15650282199992,44.73242901921747],[-86.18763617699994,44.717140527211555],[-86.24234727699995,44.70318192220632],[-86.25761637399994,44.68616057319972],[-86.25958062099991,44.665228634191756],[-86.24681979799998,44.63019811717823],[-86.22460829099997,44.59101259716305],[-86.22344265499997,44.5519411451479],[-86.24403021999996,44.49017451612399],[-86.25185601199995,44.449532291108085],[-86.24860419499996,44.41686261309543],[-86.25985744999997,44.38190900008172],[-86.20458333399996,44.36111608507364],[-86.23672661799995,44.352145952070074],[-86.26611029799993,44.358508257072565],[-86.27696465499997,44.33422820006307],[-86.29950683699997,44.31046829905375],[-86.35639214499994,44.21919402001778],[-86.38845770999993,44.18060325400252],[-86.41930718399996,44.13211448498331],[-86.45375515499991,44.102582420971444],[-86.50187269499995,44.07489063496048],[-86.51523179899992,44.05810840795381],[-86.50857164299997,44.03082270994298],[-86.46961059699997,43.98226151192345],[-86.45293606299997,43.937483136905556],[-86.44847493599993,43.895196081888514],[-86.4340314409999,43.85436627487211],[-86.43510877899993,43.795804805848356],[-86.45597968299995,43.75405323283149],[-86.53228610599994,43.67309755779847],[-86.54070828,43.64934674378887],[-86.53816555499998,43.61552512877508],[-86.52310248599996,43.58078310476084],[-86.48169935499996,43.51896235773553],[-86.46708062099998,43.488534840722934],[-86.42629163999995,43.373037064675295],[-86.39465521999992,43.31443707565099],[-86.30662516399995,43.180787986595114],[-86.25569864999991,43.086063323555486],[-86.25121175199996,43.0571169255433],[-86.23371039599996,43.020293195527735],[-86.22208048599992,42.96714568050524],[-86.21044121699995,42.86209929346069],[-86.21069715799992,42.77883974442517],[-86.20702080699995,42.70560488139382],[-86.21680284399994,42.66269608137539],[-86.22958062099994,42.635539234363726],[-86.22568006799997,42.59296463634533],[-86.23466172999997,42.56838835533481],[-86.24674438599996,42.49123096630127],[-86.26040866499993,42.44577930628173],[-86.29595893099996,42.36024219724439],[-86.32652506599995,42.30186274821898],[-86.36706393899995,42.23855816919118],[-86.39468899299997,42.205995777176966],[-86.46369072899994,42.136031313146106],[-86.48819715799993,42.11686817313766],[-86.51658610099997,42.05804059111172],[-86.55664171099991,42.00003766108611],[-86.59215969599995,41.92514942305278],[-86.61374728799993,41.89936274804124],[-86.68310017999991,41.84083573001516],[-86.76588256899996,41.79014888099251],[-86.8154139549999,41.76464052598116],[-86.88624728799991,41.733807191967294],[-86.92548190699992,41.71183345095742],[-87.08124721999997,41.656584969932545],[-87.14682813899998,41.64699892392823],[-87.16150261899993,41.635771709923176],[-87.22688768299997,41.62376324691781],[-87.28703294599993,41.62044618991625],[-87.37544996599992,41.63186545992149],[-87.43430413199997,41.6510033729301],[-87.40991136399998,41.66907520393823],[-87.42595303099992,41.689940546947604],[-87.46754462399994,41.67270150593982],[-87.50400800999994,41.69155730094823],[-87.52765482699994,41.711054913957106],[-87.53086575099992,41.74758214897339],[-87.55727430599993,41.76219098098001],[-87.57651275699999,41.78487924099014],[-87.58001624299999,41.80395421899867],[-87.60879377699993,41.8435684770164],[-87.60852634099996,41.89131967103771],[-87.62374976299996,41.90545975304405],[-87.64256998799993,41.968408429072106],[-87.66845587899991,42.02814774109855],[-87.66930277599991,42.059645951112444],[-87.72576734799998,42.10869814313407],[-87.80055972699995,42.208458614177985],[-87.82708774199993,42.26575407820317],[-87.83450093699994,42.30168099921885],[-87.82569722599996,42.3552015062423],[-87.80393490299994,42.38662864425595],[-87.80431389799998,42.42769065627386],[-87.79830201999991,42.48334929329796],[-87.81265279199988,42.52660124631667],[-87.81125278099995,42.58825163734334],[-87.82013610899996,42.61373639135431],[-87.80403055899998,42.67353484038],[-87.77817876299994,42.71873557839941],[-87.78128960599992,42.7496147554126],[-87.75712524499991,42.78133648942624],[-87.79266701699999,42.80548877943657],[-87.82199166299993,42.83280675844816],[-87.84819120699996,42.89156815147326],[-87.83873023199999,42.91575109448352],[-87.84404510599994,42.96155458850284],[-87.88558388699991,42.999013355518706],[-87.89671242699994,43.036232594534425],[-87.86373075799995,43.071061424549114],[-87.90014358599991,43.13742183057696],[-87.88024965199997,43.17071610159098],[-87.89597532599996,43.196852168601936],[-87.91155105699994,43.25175586862474],[-87.88893297099997,43.30616504864748],[-87.87680608199994,43.369389061673665],[-87.86535775199992,43.391448794682866],[-87.80461025699996,43.4629125527124],[-87.79320899199995,43.487660274722614],[-87.792486522,43.553944996749834],[-87.77128099299992,43.59166770776522],[-87.73154480099997,43.64209956478589],[-87.7026416699999,43.69096946480584],[-87.7096016789999,43.73110536982216],[-87.703475004,43.77102941483831],[-87.72652394699998,43.811261619854626],[-87.73541388699994,43.881029414882754],[-87.71819207199994,43.939116708906255],[-87.69844441799992,43.96592036591686],[-87.6818083369999,44.02353484094006],[-87.65512542799992,44.05270638995155],[-87.64765489399997,44.10389969497208],[-87.61601708399996,44.125184959980544],[-87.56462690599993,44.14352832998774],[-87.53594760599997,44.1622376399952],[-87.51401089199993,44.189105859005906],[-87.50790832599992,44.22852399002144],[-87.54375288299994,44.29964052704949],[-87.54541944799998,44.322701507058554],[-87.51651964099992,44.377994747080194],[-87.49848056399998,44.46213469411305],[-87.467947253,44.55238358214809],[-87.43806064299994,44.6042336251682],[-87.40486565599994,44.62738615917711],[-87.34319166499996,44.719640527212555],[-87.31395141699994,44.79395571224103],[-87.35715169399994,44.8195149302507],[-87.38925387999994,44.8310348412552],[-87.42156351799999,44.87749792127276],[-87.45949401899992,44.87887935027335],[-87.48760762599993,44.854091210263874],[-87.50092315799998,44.858399750265576],[-87.58048424699996,44.85227249826324],[-87.61474273799996,44.835108598256575],[-87.66359442899991,44.77981074723562],[-87.72133239799994,44.72402488521421],[-87.71958055399992,44.693807193202666],[-87.76323828899993,44.6433381721832],[-87.80341174699998,44.63795256518121],[-87.83953055599997,44.619665076174094],[-87.85627666999996,44.620173431174386],[-87.90364305399993,44.58242983315971],[-87.90207499299997,44.56852385415434],[-87.92876207199998,44.53629173114189],[-87.96128127299993,44.5292429841392],[-88.00468317699993,44.53802635014255],[-88.04264166699993,44.57186817415565],[-88.01487293699995,44.58543520416094],[-88.00986932599993,44.64601788718419],[-87.9904194439999,44.682201833198135],[-87.98339333499989,44.7212865772132],[-87.93406330599994,44.76596105623027],[-87.90314809199998,44.827300303253715],[-87.86779778499991,44.841440521259116],[-87.83041944799994,44.8951689552795],[-87.84454444099998,44.91704327728773],[-87.81495193599991,44.953732323301615],[-87.776221535,44.964101111305546],[-87.69624711899996,44.97437956730942],[-87.65587805899995,44.972255408308634],[-87.62541378499998,44.99991830431915],[-87.62514753599999,45.044928748336126],[-87.60841033999998,45.07754783434826],[-87.59015865799991,45.086307193351466],[-87.61195285499996,45.1232543503654],[-87.60005832299996,45.14998788437534],[-87.56240770199996,45.18431541338823],[-87.53894351599993,45.19488710939203],[-87.46735602599992,45.27107512442038],[-87.4358622239999,45.29512636642931],[-87.42891391399992,45.31982390343849],[-87.39561204799996,45.34963971344948],[-87.39403055899999,45.36686817445572],[-87.36382561699997,45.38874263246379],[-87.35154812399995,45.41022470147173],[-87.32514166999992,45.42981895347889],[-87.33127183799994,45.44990155448631],[-87.23931267699997,45.57517560153194],[-87.21291944799991,45.614646020546154],[-87.1712954379999,45.66213564456334],[-87.10016242199994,45.69787925557626],[-87.04446228099994,45.74380712559281],[-87.06347500399988,45.757668888597784],[-87.05681959399995,45.814635237618106],[-87.04097500399996,45.833534909624845],[-86.99958055399998,45.84797935363006],[-87.02291388699992,45.85794666563355],[-86.96551269599992,45.913957272653484],[-86.94739949599992,45.89777380064767],[-86.94801669699993,45.875434865639754],[-87.00457207699995,45.8308903236239],[-86.98179294199998,45.792900821610324],[-86.97458943799994,45.75397158159644],[-86.98485833099988,45.707173146579635],[-86.95651570699992,45.68382814957113],[-86.94291029299993,45.701359480577494],[-86.84319308899998,45.717690250583416],[-86.84375908799993,45.73606149358998],[-86.80188259599998,45.794060625610726],[-86.77255723799996,45.81199282161718],[-86.78593695799998,45.83174549362422],[-86.78154473299998,45.85991145563427],[-86.74238010099995,45.86630712563654],[-86.73043063799996,45.848540944630265],[-86.66263441399994,45.83603273862573],[-86.63119466199996,45.84801332962994],[-86.63226793200002,45.860954953634575],[-86.56885687999991,45.900239146648595],[-86.53787177299992,45.88702747664396],[-86.52927205499995,45.85503542463248],[-86.55631144299996,45.83072254462385],[-86.55766126899994,45.80928523461621],[-86.57735785699995,45.80105159261323],[-86.58358615499992,45.77831721760513],[-86.63180284399992,45.78198773560645],[-86.6334474019999,45.746063663593624],[-86.67152398099992,45.72024382558439],[-86.66513617699997,45.70325157057818],[-86.6870221629999,45.687986338572685],[-86.71828464199993,45.679214976569554],[-86.71236979199995,45.65630190356126],[-86.68748779399989,45.63432334755332],[-86.64722913999995,45.61541350354652],[-86.61735839899991,45.6176688885473],[-86.6276361769999,45.65953195256242],[-86.59411037899996,45.66494251556436],[-86.57280381999996,45.71602934858284],[-86.53625339199996,45.70767336357981],[-86.53063395299992,45.747413761594096],[-86.47637207099994,45.76463225360025],[-86.43652113299996,45.76084298759886],[-86.42755995099998,45.78648100860804],[-86.39030382,45.79602934861144],[-86.35678697499995,45.79157391760989],[-86.34958062099994,45.831763397624165],[-86.32653049099994,45.85544666563272],[-86.33487874399997,45.86703581763679],[-86.32311862599991,45.90867101765164],[-86.28560140099995,45.92531544065754],[-86.27777967699993,45.942302744663515],[-86.23074164599993,45.94656130366512],[-86.19686564199998,45.96300085167088],[-86.16288682799988,45.9537850176676],[-86.12544786299998,45.96436200367133],[-86.06626790399993,45.96474428667141],[-86.00661227799998,45.95309043766743],[-85.92595187799998,45.93184321865978],[-85.92291395499994,45.94766888866541],[-85.89409003399994,45.96713218567229],[-85.84012980199996,45.963500729671075],[-85.81674099499995,45.979757917676764],[-85.69571343399997,45.95825713166917],[-85.65470350599998,45.966199907671914],[-85.6032191309999,46.03017346569459],[-85.52306532199995,46.09114555271595],[-85.48260796499996,46.096239682717716],[-85.44802463199994,46.08890824071518],[-85.42625244199994,46.102979455720074],[-85.39459472699994,46.096324690717864],[-85.37491943399993,46.0790099667118],[-85.34391628799993,46.09439397871712],[-85.26080566499994,46.06214602070579],[-85.2194422749999,46.05980647470492],[-85.19360758499992,46.048475094700905],[-85.14121934799991,46.049643917701395],[-85.09796278299996,46.02880712569404],[-85.05315728199994,46.02230772969172],[-85.00295681499992,46.00578615668592],[-84.93935872499993,45.95835139666922],[-84.91622314499992,45.92819033165856],[-84.88696370499996,45.92365704765693],[-84.84050971199999,45.895082150646815],[-84.83375271299991,45.874084903639314],[-84.79678059999995,45.86147103963483],[-84.75365668499992,45.83889454162674]],[[-85.52681098199994,45.826365787622336],[-85.51848307399992,45.80561241061492],[-85.46101942399996,45.780522213605984],[-85.47914577999995,45.81296545161753],[-85.52681098199994,45.826365787622336]],[[-85.56014431499992,45.75963795059849],[-85.57454101599993,45.70798376157989],[-85.60518798899996,45.682274533570656],[-85.60457790899991,45.640471283555556],[-85.62016411799992,45.62542123455006],[-85.62299886099994,45.58437848253523],[-85.55986599499991,45.57161542153064],[-85.49042209299992,45.60767621254369],[-85.48969943699993,45.65219159355972],[-85.50557183199993,45.68186546157043],[-85.49371690599993,45.69783768457624],[-85.49900119399993,45.726282779586505],[-85.52076199099997,45.75122601659533],[-85.56014431499992,45.75963795059849]],[[-86.62547919499994,45.571322384530454],[-86.66096693299993,45.57442134353153],[-86.64956841399994,45.546050846521275],[-86.62732313399991,45.54910341752245],[-86.62547919499994,45.571322384530454]],[[-85.69598036099995,45.70214323957782],[-85.67313476599993,45.701984277577765],[-85.65378119699992,45.71649531758298],[-85.65334771099994,45.74301502559245],[-85.68911729699992,45.74713795059397],[-85.68735541499991,45.71630495558286],[-85.69598036099995,45.70214323957782]],[[-85.87771077599996,45.42956430047882],[-85.83302978599988,45.3797231274605],[-85.83141343899992,45.420346907475384],[-85.85234890499994,45.43689238548152],[-85.87771077599996,45.42956430047882]],[[-86.83937500099992,45.396399153466646],[-86.86009290999989,45.41156828847224],[-86.91404473299994,45.408789290471155],[-86.94228508899992,45.41617156047391],[-86.95457194099995,45.384505842462225],[-86.94404642799994,45.35781123545239],[-86.90814493899995,45.33858163444539],[-86.86826700899994,45.33228850344301],[-86.86417249999994,45.364231048454755],[-86.84904500399995,45.37045148045703],[-86.83937500099992,45.396399153466646]],[[-86.98208611499996,45.2943627494291],[-87.01876329299989,45.2990476724307],[-87.024537083,45.28603484142601],[-87.06811258999988,45.29559050542946],[-87.07845330199991,45.26598804741851],[-87.10752522899995,45.257934390415556],[-87.12318311999994,45.223671560402856],[-87.11985310999992,45.191612640390886],[-87.14591932599991,45.192173350391116],[-87.17492818299996,45.17313228038397],[-87.171262072,45.15240284237633],[-87.22059244899995,45.17298593138387],[-87.23726860999993,45.16864755238234],[-87.26040669799995,45.11345237536167],[-87.26125210299995,45.09020435635304],[-87.28115261599997,45.074252072347086],[-87.28208611499994,45.04801739833723],[-87.32121432899996,45.03859316333357],[-87.33300150599993,45.01414058132444],[-87.36145392599997,44.98684932131411],[-87.3729137509999,44.960751638304345],[-87.4065104169999,44.909243255284835],[-87.38569166499995,44.89047928527773],[-87.38512417299994,44.83757048525762],[-87.34342549699993,44.81842728325034],[-87.31360168499995,44.79465815924122],[-87.28207485699994,44.8146441892489],[-87.26269497399991,44.850094086262374],[-87.20486429899995,44.875182926271975],[-87.21597500399994,44.9068681742839],[-87.1715321189999,44.93128942529315],[-87.18843567,44.94882509729976],[-87.1890629759999,44.96900657530741],[-87.16489169699994,45.00321691532037],[-87.13948866199989,45.012336246323855],[-87.12596944299997,45.03991830433409],[-87.12319166499998,45.06684647334433],[-87.08014044899991,45.09411643835457],[-87.05736436699996,45.08684606635178],[-87.04902513399998,45.13602371937015],[-87.02875278099992,45.14606101837391],[-87.04637478399997,45.17120926638326],[-87.032642416,45.21322112039905],[-86.98180833699993,45.218097558400764],[-86.9840270999999,45.26438241641797],[-86.97041944799993,45.278054833423006],[-86.98208611499996,45.2943627494291]],[[-86.05457804399998,45.154915727377215],[-86.06475056999993,45.137999495370885],[-86.05903306799996,45.10074906135697],[-85.99916666699993,45.053948795339466],[-85.96415269699995,45.06484845334349],[-85.98393649699992,45.090139387353005],[-85.97441731899991,45.12244163336511],[-85.98933539599992,45.15106251037575],[-86.02299533499993,45.1580009873783],[-86.05457804399998,45.154915727377215]],[[-86.12208862399991,45.04742630733696],[-86.13818142399997,45.04300166533532],[-86.15668280799996,45.01325435032416],[-86.13444444499994,44.99644879531776],[-86.09352403499993,45.007054264321745],[-86.10124471099994,45.023426876327946],[-86.08870863299994,45.04131234733465],[-86.12208862399991,45.04742630733696]],[[-87.32960306899993,45.16000538137921],[-87.33422241299995,45.19288759739141],[-87.37669887999992,45.19824200839334],[-87.37734307299996,45.17821650938587],[-87.32960306899993,45.16000538137921]],[[-77.25333333299994,44.09324462396782],[-77.30800781199999,44.07661640896119],[-77.32874755899998,44.085036615964555],[-77.30928575299997,44.12032531197862],[-77.31177571599994,44.14865850998987],[-77.35927083299995,44.13898084398597],[-77.38289713499992,44.14310247998764],[-77.41070258199989,44.12531391898054],[-77.48624348999991,44.10772887697362],[-77.57152506499995,44.054214065952294],[-77.59477023699992,44.07292819095974],[-77.57430284299991,44.098925368970036],[-77.53407090899998,44.10453056697229],[-77.50542670399994,44.11667452797712],[-77.47310221399991,44.120578336978625],[-77.34974826399997,44.16532517699639],[-77.31571397599996,44.16560247999657],[-77.29662841799994,44.153386292991755],[-77.25691162099994,44.17913492300197],[-77.23043565499991,44.17949184300204],[-77.20197889499993,44.15893628799391],[-77.16668402799993,44.16624599399678],[-77.14708062099999,44.16171406599504],[-77.08902506499997,44.17532517700036],[-77.03638536199995,44.19993489101016],[-77.03986382399992,44.175052960000336],[-77.06429660399994,44.129241870982135],[-77.06791395399995,44.105181675972574],[-77.02655897399995,44.11448106097624],[-77.00074272999991,44.14226860398731],[-76.95603000199998,44.15672254299303],[-76.96173258499994,44.170292624998346],[-76.93172688799996,44.17942985900206],[-76.91596326999992,44.154794170992254],[-76.98535671699992,44.142857931987486],[-77.00545328799993,44.134484789984214],[-77.0154638669999,44.10474025697237],[-77.04898708799996,44.09588073196892],[-77.04822455499992,44.07685498896126],[-77.032240126,44.06189310195538],[-76.96958604599997,44.063375035955865],[-76.9378309459999,44.09721373996942],[-76.83572943799996,44.149197517990025],[-76.758445367,44.18230610700314],[-76.68794759099994,44.216454395016676],[-76.68663709899988,44.20588629301254],[-76.63191351999993,44.22166856101874],[-76.60677625899991,44.21280869701528],[-76.58375461199992,44.218397619017445],[-76.55960205099994,44.20892530201368],[-76.46231960699996,44.227552960021015],[-76.39266872799995,44.24921962702962],[-76.37098063199993,44.26671026803653],[-76.33820773699995,44.271975025038614],[-76.31460937499996,44.290317785045865],[-76.27029785199993,44.3058807320519],[-76.19715467699996,44.307572356052624],[-76.14739095099993,44.33088073206174],[-76.10125081399997,44.33976229706517],[-76.0804638669999,44.35281846307035],[-76.05720648899994,44.34716118206812],[-76.01237521699991,44.36421406607488],[-75.98264051599995,44.36392496207468],[-75.93680284299997,44.37560295507929],[-75.87477077899996,44.43988640210443],[-75.83263834599987,44.47614915111848],[-75.80173882399994,44.4880533471231],[-75.77486355299999,44.469230409115774],[-75.75751220699992,44.44373968710591],[-75.80124728699992,44.404214066090454],[-75.81701253299993,44.408740772092294],[-75.84857123499995,44.389593704084795],[-75.84412000899987,44.36999375607705],[-75.88473659899992,44.362260737073996],[-75.9387472869999,44.320880597057865],[-75.9815253359999,44.301452632050186],[-75.99557915599992,44.28425997804345],[-76.06439588799996,44.24383937802749],[-76.10788682699996,44.23921406602567],[-76.11600287499992,44.22855576802149],[-76.16469943599995,44.21717983201692],[-76.27215494799998,44.15889803899392],[-76.29538302999998,44.153410367991754],[-76.31875271299995,44.13309725798361],[-76.36569715699991,44.1100529599745],[-76.36124728699996,44.07313564195982],[-76.31489095099991,44.05866407095408],[-76.29434136299997,44.05860574895394],[-76.30025878899993,44.03118353394301],[-76.3076323779999,44.02689072894133],[-76.27662923199995,44.00662786993325],[-76.25434624599995,43.966164070917024],[-76.22100287499995,43.99470668692848],[-76.20186984599997,44.027553773941655],[-76.22985107399995,44.029502897942415],[-76.28312635599994,44.01322678793584],[-76.27840603299995,44.033157546943784],[-76.26384684199995,44.05220919595148],[-76.22086100299998,44.06632038895707],[-76.20374945699993,44.0539345919522],[-76.14115288599999,44.06726778995747],[-76.15003662099996,44.046804397949266],[-76.12401421399996,44.02451788494034],[-76.15176052499994,44.00726921393353],[-76.19596571199995,43.99451842792839],[-76.16851291199998,43.958386292913936],[-76.1197797309999,43.97187045091931],[-76.08458604599996,43.99531425792868],[-76.06208062099994,43.99448119592831],[-76.06008327899995,43.974541688920354],[-76.08606797999991,43.97530801892071],[-76.13930284299992,43.94035786390673],[-76.12486382399999,43.91231085389546],[-76.12852349199994,43.89638250888893],[-76.16034071199991,43.88597852388486],[-76.2029139539999,43.8635830298758],[-76.23682562899997,43.86450262587627],[-76.22998616499997,43.88670524888506],[-76.27504964199994,43.875618619880754],[-76.29540825699993,43.859508458874124],[-76.29283854199998,43.83644178086492],[-76.26486382399996,43.836458056864885],[-76.23398627399993,43.819821229858064],[-76.21041395399995,43.74283066982692],[-76.19961018899991,43.67609822079978],[-76.18590494799997,43.68124063580185],[-76.16276204399998,43.65567341579149],[-76.17028266099993,43.64028835178515],[-76.19457329599997,43.636090082783454],[-76.19985839799995,43.59338079976595],[-76.2111056859999,43.55726684075115],[-76.23458062099992,43.52949191073974],[-76.2925157339999,43.51346367173323],[-76.34590413399997,43.51364284373326],[-76.36379313199993,43.52401854973758],[-76.41543267099998,43.52253403873686],[-76.46998046899995,43.49573078872595],[-76.48654866499996,43.47569742271765],[-76.56504665799994,43.448498665706445],[-76.60170925599992,43.42368312769625],[-76.63200547999995,43.41317504369189],[-76.67259006099994,43.3633151526712],[-76.69350585899997,43.34660481266434],[-76.73582438199998,43.33891723066107],[-76.77094997799993,43.317269145652084],[-76.79900824699996,43.3083802576484],[-76.84024848099993,43.30602457164748],[-76.87968939899994,43.2924150876418],[-76.89674777599997,43.29634710864337],[-76.94291395399992,43.27449191063425],[-76.94216823999994,43.24786823962317],[-76.96086073099997,43.23719251261879],[-76.99986138199995,43.271434998632955],[-77.10906602599991,43.28952663264047],[-77.16896511499993,43.28315374863798],[-77.21385606599992,43.28474730863862],[-77.26705973299994,43.276903884635246],[-77.34374186199993,43.28089178563693],[-77.42709065799991,43.27089219263279],[-77.50123914899993,43.25089178562444],[-77.52299397799999,43.238626025619396],[-77.57676812099999,43.2436307726215],[-77.69871717699992,43.30725517564797],[-77.71208604599995,43.321336935653804],[-77.76068766299991,43.342281081662485],[-77.79913669199993,43.340927050661904],[-77.925916612,43.35750311466885],[-77.96252671999997,43.368500699673326],[-78.00014160199994,43.36560302167219],[-78.10157226599995,43.376458056676604],[-78.15757636199996,43.3758807996764],[-78.23432495099992,43.36955375967374],[-78.41484551299999,43.37597018267645],[-78.47368991399998,43.37090779067438],[-78.48695502399995,43.375459792676295],[-78.63647745799993,43.358413622669154],[-78.69637044299996,43.341889100662314],[-78.73621378599995,43.33796182766079],[-78.80764160199995,43.3239417806549],[-78.91565700999992,43.29784708164406],[-78.9586947289999,43.284454068638375],[-79.06425476099997,43.263473979629744],[-79.13958611399994,43.25560844762642],[-79.1937131079999,43.22867132661518],[-79.22010599799994,43.22607719761405],[-79.24117363799994,43.21289048360861],[-79.31706929499992,43.18227864059571],[-79.36905870199992,43.18271226159598],[-79.41071255199995,43.19811387260247],[-79.46629191099997,43.194646668601],[-79.53019266799996,43.19551106260136],[-79.55930287699991,43.206719693606],[-79.58072764099992,43.20480156260525],[-79.62815365299998,43.228380799615046],[-79.65204254199992,43.22283066961277],[-79.70716823999999,43.23552354061796],[-79.75965699899996,43.2537525716256],[-79.79213877399997,43.27902790763616],[-79.82730833299993,43.28376098063822],[-79.86261926399995,43.27478284463441],[-79.86840339699994,43.28618190663919],[-79.83236389199999,43.30671955864762],[-79.80064013999996,43.31708102265203],[-79.71721394899998,43.375915928676385],[-79.70976206499995,43.39185953268307],[-79.64164167599994,43.46830158971462],[-79.60374721999992,43.50004746672763],[-79.59812221999988,43.53586235374241],[-79.54705118799994,43.57194742275719],[-79.53555104599997,43.587771397763674],[-79.51040988499994,43.59068996376492],[-79.45680826799997,43.63746350978397],[-79.41099622899998,43.62724174777989],[-79.35907524999999,43.64607448478752],[-79.34578185999996,43.63425984178271],[-79.31431098099992,43.66147582479386],[-79.27902445499993,43.67094875279768],[-79.25525098999992,43.69511379180751],[-79.22653476299996,43.712199565814466],[-79.20736389199996,43.73421955882345],[-79.15234903999996,43.75896700883349],[-79.09166666699991,43.81213351285503],[-79.06011359299995,43.805892599852534],[-78.97978244399995,43.8276706218613],[-78.92991461899996,43.85335665687171],[-78.90189595499999,43.845134136868325],[-78.83084906699995,43.85817341587357],[-78.81129557299994,43.86952676887819],[-78.71290920699988,43.86698594287708],[-78.67142388199994,43.88686353388515],[-78.61020846899997,43.89867973688997],[-78.58174302799996,43.89477518188832],[-78.50022393099994,43.90029852489058],[-78.48249050599996,43.895959467888844],[-78.44463514499995,43.90976188989438],[-78.41501627599996,43.91291265989567],[-78.37759033199994,43.92895853190205],[-78.29182956299995,43.94084146590689],[-78.25396525099994,43.95338073191191],[-78.21486111099993,43.95032449891071],[-78.11729858399997,43.95671962691327],[-78.09859524199999,43.965653816916806],[-78.03150471999996,43.968051209917824],[-78.00775797499993,43.96272277291575],[-77.9770171439999,43.9773305889215],[-77.93348022499998,43.97004183791854],[-77.81802056199996,44.00370028493208],[-77.74969618099993,44.01060295493475],[-77.70288682699999,44.03143628794319],[-77.6829193789999,44.01199184293536],[-77.63569715699994,44.020319479938635],[-77.60344075499992,44.03757506794555],[-77.57232042099996,44.01588073193697],[-77.53537407799995,44.00920748693426],[-77.5264732529999,43.995310731928726],[-77.57125271299996,43.98474249392449],[-77.56345350499998,43.971147523919015],[-77.53194227399992,43.963542949915926],[-77.48764160199994,43.925608515900755],[-77.39969048399993,43.935652935904805],[-77.31888454899996,43.95815666491376],[-77.29604519299988,43.959473057914416],[-77.24602701799991,43.94472520090847],[-77.27888617599993,43.8982305178897],[-77.2433770069999,43.904491842892334],[-77.21403048999998,43.883364523883756],[-77.24239176399993,43.86057603087457],[-77.20705403599996,43.8562532498729],[-77.1690519209999,43.86525946187644],[-77.15736951999996,43.84004190586642],[-77.12959147099997,43.845319683868475],[-77.08800292999997,43.86399169387595],[-77.04793538399994,43.88893669488602],[-77.0087472869999,43.890325176886584],[-76.93159016899992,43.92164441789918],[-76.90100938599994,43.921441848899114],[-76.85955783399999,43.93340548490386],[-76.8647862409999,43.948295146909906],[-76.94422878699999,43.93065971690272],[-76.95907958999996,43.94143628790707],[-76.98238525399991,43.932536479903575],[-77.04235568599991,43.9496189319104],[-77.00904351099992,43.97254950091965],[-76.99509168799992,43.99894856293021],[-76.96507948099993,44.01718091693744],[-76.93733127199994,44.01921962693826],[-76.89930284299994,44.0350473989445],[-76.89480794299999,44.062089499955526],[-76.84345269099998,44.09395242796802],[-76.8503442379999,44.11326347697569],[-76.89293972399997,44.09337639196786],[-76.93742757199986,44.06038458395473],[-77.02166124099995,44.03379461794407],[-77.08905761699998,44.04615850994906],[-77.12820773699994,44.03808613594582],[-77.08278266099997,44.09070684996686],[-77.05881673199991,44.164263639996],[-77.06569715699996,44.17303567999945],[-77.12460232199993,44.1614362879949],[-77.13819444399991,44.15115559399091],[-77.23864312099994,44.134534974984184],[-77.29154188399994,44.105608582972685],[-77.28736382399995,44.09199740396737],[-77.25333333299994,44.09324462396782]],[[-76.43750542499997,43.88866685188593],[-76.40098551399993,43.900863913890866],[-76.41356553799992,43.915682910896706],[-76.43750542499997,43.88866685188593]],[[-76.43457573799996,44.099785896970396],[-76.38792480499997,44.12393072697999],[-76.38306694899995,44.140466845986616],[-76.35371012399997,44.18002549400229],[-76.36789713499994,44.19725782100909],[-76.32352511899992,44.20836825401342],[-76.2452210829999,44.20611476801266],[-76.19795464399994,44.220026783018035],[-76.18015407999992,44.233729853023505],[-76.29633951799995,44.23265136202302],[-76.3126177299999,44.22222011501899],[-76.33680067299997,44.23439500102374],[-76.39181450699992,44.22368631501957],[-76.43948377799995,44.208444209013464],[-76.44261989999995,44.19421406600783],[-76.48067002999994,44.18173617400296],[-76.50902506499992,44.1614362879949],[-76.51124728699995,44.14076245998674],[-76.488202582,44.13479240798432],[-76.43457573799996,44.099785896970396]],[[-76.75246120899999,44.104609708972326],[-76.73549289299996,44.11476711197637],[-76.69378255199992,44.111588671975085],[-76.68125542499996,44.13838880298576],[-76.61903483099996,44.17945752800201],[-76.64682210299995,44.19127685000674],[-76.69452826599992,44.172576627999305],[-76.72071289099995,44.17111361499873],[-76.80461127399995,44.13959458598616],[-76.76555040099998,44.103184673971775],[-76.75246120899999,44.104609708972326]],[[-76.30631890199999,44.246419808028534],[-76.27597764799994,44.26282266803489],[-76.25219021299993,44.26356092203527],[-76.21751274999994,44.27922315304144],[-76.20619411899997,44.30504489005161],[-76.29716118699996,44.29057677704588],[-76.32727973099995,44.273287009039095],[-76.34374457499995,44.25087822303027],[-76.30631890199999,44.246419808028534]],[[-76.05665011899995,44.322438214058415],[-76.02629448799993,44.32344210705892],[-76.0294911019999,44.284364212043556],[-76.01635118299995,44.28502108604364],[-75.93431613499993,44.3307762270617],[-75.94608045799995,44.35133822506973],[-76.00375271299998,44.345330738067396],[-76.05665011899995,44.322438214058415]],[[-76.0826413299999,44.27588059704008],[-76.08244004999992,44.301545744050266],[-76.14615885399994,44.285783076043955],[-76.15819688599996,44.26529838903595],[-76.14569715699992,44.25082166403018],[-76.1223909509999,44.2508862930303],[-76.0826413299999,44.27588059704008]],[[-84.75365668499992,45.83889454162674],[-84.70546413899996,45.84851327563025],[-84.73402506599997,45.89822444364796],[-84.7384068479999,45.94562814366465],[-84.72697808199992,45.9643131756713],[-84.68456895699995,45.999074324683555],[-84.69197265699995,46.02634815569322],[-84.65573513499999,46.05269601470248],[-84.613622234,46.02924946169417],[-84.56329562799989,46.03300570069556],[-84.54387993799998,46.02256970569181],[-84.53045979899993,45.99198064868109],[-84.5070589199999,45.99803560768322],[-84.46485541499995,45.99367647668169],[-84.44293050199997,46.00880712568696],[-84.365116646,45.98022951667696],[-84.36211344499993,45.995420827682345],[-84.29712402399997,45.997140459682946],[-84.27575982099992,45.98395296667827],[-84.21625217099995,45.98604057167901],[-84.17305555599994,45.97005990667338],[-84.12043375699989,45.98368817567816],[-84.08690755299995,45.96861005067286],[-83.99845730299991,45.9585737686693],[-83.9784261079999,45.969084903673036],[-83.95156873999996,45.96497995067156],[-83.89984971899997,45.982555769677724],[-83.90821533299999,46.01162674668807],[-83.95881944499992,46.029888431694474],[-83.96756808899988,46.01806083569019],[-84.02765842099993,46.05354640470276],[-84.07072509799995,46.09217138371635],[-84.06097032399994,46.11129841172299],[-84.02991319499995,46.13430534273104],[-84.05976345599997,46.14625941673532],[-84.10044352299997,46.151243445736995],[-84.12073920399997,46.17910660574673],[-84.1441878259999,46.17220566574423],[-84.18194688699998,46.18037878174709],[-84.19710205199988,46.16657273074228],[-84.22373643699993,46.163240448741135],[-84.24961398699995,46.174646698745164],[-84.25125379899997,46.214875749759095],[-84.21149793899997,46.23075713176465],[-84.2106296119999,46.246056305769905],[-84.1812527129999,46.250023081771396],[-84.22263617699997,46.29217314678595],[-84.22291937999995,46.352418237806745],[-84.25333414799994,46.393353702820725],[-84.25938340999991,46.43002309083337],[-84.30429334899995,46.478044932849755],[-84.29728949699994,46.498562684856715],[-84.25900851899998,46.501324016857644],[-84.23577094299993,46.530900184867775],[-84.20843560199994,46.546351676872916],[-84.16791937999993,46.54433556087228],[-84.13722357899994,46.53329379786859],[-84.07847493599992,46.49379567785511],[-84.09796902199994,46.45669362284247],[-84.10543348599997,46.41340234482765],[-84.12522243999993,46.40181824482368],[-84.12700222499996,46.35762640080847],[-84.10399386999991,46.35575787780779],[-84.06010715099994,46.319893246795516],[-83.94135525299997,46.325261542797264],[-83.90062906999998,46.33380573580031],[-83.87992214699992,46.32646915779776],[-83.87259168899995,46.30079604178888],[-83.83114067999996,46.298353821788005],[-83.79493001399999,46.288721252784775],[-83.78705864899993,46.299362681788416],[-83.74870686899999,46.283290327782886],[-83.67411214299992,46.27105025277867],[-83.58643039399998,46.274337538779776],[-83.56513536299994,46.24964184977126],[-83.54775173699991,46.25741823777394],[-83.50039659399995,46.24601836176997],[-83.44981065599993,46.24356227376912],[-83.37835937599989,46.23377748976564],[-83.33816948899995,46.219646020760734],[-83.246203343,46.20554781475592],[-83.16154622499994,46.197712595753146],[-83.15402506599995,46.18498368074874],[-83.10768934499997,46.196253652752695],[-83.06398166299994,46.18517936574878],[-83.05518554799994,46.167160566742545],[-82.96655110799998,46.172492123744355],[-82.91655110799992,46.183900679748305],[-82.88379720099992,46.174823429745246],[-82.85865722699997,46.1834968297482],[-82.83501681899996,46.17544222374543],[-82.79870496999997,46.19011887375058],[-82.72685546999995,46.19188197575113],[-82.69600748799994,46.19930435875381],[-82.67541395499993,46.19224784775125],[-82.68666124199994,46.157948327739255],[-82.63970106399995,46.158647858739606],[-82.61604003999993,46.16871733674306],[-82.52589898099993,46.16881268674305],[-82.47424207999995,46.19131268675094],[-82.45457139799997,46.17320501474464],[-82.40955186699993,46.189084225750214],[-82.37819715799995,46.18186824274771],[-82.32837239699992,46.18745014474951],[-82.31854709299992,46.169607873743374],[-82.34743326899992,46.15461000973816],[-82.31329210099992,46.13911572673273],[-82.28283745699997,46.13665180473193],[-82.26535753099995,46.14856210373613],[-82.22458658899995,46.14212381073387],[-82.16646538699996,46.10994421072255],[-82.15896755699998,46.11661267472483],[-82.09702094299995,46.1072175667216],[-82.06732964499994,46.11019533672261],[-82.01282226599989,46.09544324171747],[-81.97177571699997,46.090757131715804],[-81.84792968799997,46.10298481272011],[-81.79119845999993,46.09825713171835],[-81.73124728799993,46.10855335572197],[-81.74013617699995,46.083125058713144],[-81.75855034799994,46.082759898713064],[-81.79322645499994,46.06128054170551],[-81.77080132499992,46.03150877969502],[-81.74431477899996,46.02071162669123],[-81.73131401999996,46.04985526970143],[-81.73679524799994,46.062106618705776],[-81.64104275299998,46.06975133970843],[-81.66674641999998,46.09098747171586],[-81.66181423699994,46.11436244472408],[-81.61485839899993,46.11409046472406],[-81.63041395499994,46.091034909715816],[-81.61263617699996,46.07400949170987],[-81.56835123799989,46.070201575708595],[-81.54817382899995,46.04885670070106],[-81.63511990099991,46.0252015756928],[-81.6631537549999,46.03075157069478],[-81.69846950999991,46.00714045968636],[-81.62073350799993,46.019239695690715],[-81.62767957999993,46.001312686684315],[-81.58403645899995,46.004929698685665],[-81.60651367299994,45.980768253677155],[-81.61684027899992,45.957101464668696],[-81.54382052999995,45.98729189467939],[-81.51435384199993,46.009917185687435],[-81.5173768449999,45.97159588967387],[-81.46688042599993,45.97545256567519],[-81.46047092099994,45.987391584679386],[-81.37223632899997,45.996020498682554],[-81.29072428499994,45.99741823768302],[-81.26422580399998,45.994304291681956],[-81.25033582999995,45.996286034682576],[-81.2376416019999,45.99325157068147],[-81.22407280899994,46.00180574968447],[-81.15370496999995,46.001381690684404],[-81.14541395499995,45.98325157067804],[-81.17902506599992,45.95764352466892],[-81.1854139549999,45.930201575659204],[-81.14541395499995,45.929907318659126],[-81.10999457499997,45.94437122666421],[-81.07476399799998,45.94065710166296],[-81.05124728799994,45.952435259667055],[-81.01433539599995,45.94742379766528],[-81.03069552999989,45.930745805659484],[-80.99694444499994,45.92283768465669],[-80.91458062099991,45.92714615565812],[-80.8330088979999,45.919602617655464],[-80.81108289999995,45.94270815366373],[-80.79611111199995,45.93117101765961],[-80.80896104699997,45.909952348652],[-80.79375271299995,45.901584903649116],[-80.76284233999993,45.92642607665792],[-80.74040852899995,45.91713476265454],[-80.74250596899998,45.89789397264785],[-80.72761339099996,45.83848716662667],[-80.69361111199994,45.81811546161944],[-80.682936199,45.802157549613646],[-80.62680826899995,45.76520157560045],[-80.64874728799997,45.74214045959216],[-80.63156846899994,45.71436824258212],[-80.60196397599996,45.70122418557743],[-80.60166666699995,45.684504350571466],[-80.61039822099997,45.68119522857023],[-80.5729134119999,45.63546545155377],[-80.53075954899997,45.63101931155213],[-80.50940755299989,45.61991823754811],[-80.53072753999996,45.6014106825414],[-80.50902235299998,45.587128930536245],[-80.51485839899993,45.571323741530556],[-80.48886881599992,45.55992712152631],[-80.44014160199995,45.57825713153302],[-80.39030707499992,45.571312686530526],[-80.37989095099995,45.54464602052081],[-80.38669270899999,45.502973792505614],[-80.39633789099994,45.48677750349969],[-80.39310112899992,45.454192868487794],[-80.37912109499993,45.43448210648068],[-80.34237955799995,45.44021256248267],[-80.30845811699994,45.404362749469556],[-80.31642578199994,45.378309553460035],[-80.29541395499996,45.35074078744982],[-80.27767144199996,45.359913150453195],[-80.20881022199991,45.3530008514507],[-80.16682454499994,45.33490691144409],[-80.18905870299994,45.38754552946331],[-80.12608995299993,45.40835065047106],[-80.07716579899997,45.40300614146906],[-80.06154730999995,45.382438921461535],[-80.0595898449999,45.35558290945162],[-80.03097493599995,45.3366393604446],[-80.04555555599991,45.30283768443211],[-80.05173828199993,45.28840354742682],[-80.12152506599995,45.25186274941322],[-80.14761664599993,45.24219559440972],[-80.11597493599993,45.22150209940209],[-80.13348090399994,45.17714256138545],[-80.08855360299998,45.19120479039065],[-80.07343695799995,45.216870751400286],[-80.04946234899992,45.17714052738557],[-80.02488281299992,45.19038583439035],[-80.01261556099995,45.1618881123798],[-79.98251085099993,45.13738317537068],[-80.01680284399998,45.11674447636293],[-80.05276801299993,45.11047386036069],[-80.06590006599997,45.095996728355175],[-80.04638888999993,45.073607947346815],[-80.00095648999995,45.04777298633715],[-80.0046175139999,45.026041351328935],[-79.95530381999997,45.00093989731945],[-79.93203233599996,44.99556704031752],[-79.93029730999993,44.95159378730084],[-79.91048448399991,44.933879757294136],[-79.88109754899995,44.95419022330189],[-79.84911838199994,44.95144052130082],[-79.82237141999997,44.93226191929351],[-79.84666612499991,44.90896995428468],[-79.81152506599989,44.84451398026024],[-79.77263997499993,44.83519025025673],[-79.78020345099996,44.813591671248396],[-79.75059787399988,44.79080724723977],[-79.71180826899996,44.782461843236575],[-79.7311762159999,44.73745004321934],[-79.74616210999994,44.73473126521841],[-79.76315375499993,44.76991830423188],[-79.78320041299993,44.74293791722149],[-79.82011013499992,44.76776620523101],[-79.84791232699996,44.759118879227636],[-79.89719672399997,44.76039492122821],[-79.86511556099998,44.78467999623738],[-79.87298068699991,44.807351573246095],[-79.9462196189999,44.80516149624528],[-79.90549641999993,44.833662608256105],[-79.92067491399995,44.861028873266534],[-79.95092502299995,44.86741152326895],[-80.02373697999992,44.84963496626223],[-80.04986382499996,44.81964595225074],[-80.07858506999992,44.823251638252216],[-80.12322591199995,44.80964418924698],[-80.13041395499991,44.78079517623595],[-80.12722656299997,44.75026403522432],[-80.09032226599999,44.742228010221254],[-80.06918240099995,44.7276004602157],[-80.03013617699995,44.72131261921318],[-80.00986816499992,44.706333099207455],[-79.97875271299989,44.66689530119237],[-79.98668619899989,44.635367930180216],[-80.00846950999991,44.598616492166016],[-79.9941118709999,44.58807450016195],[-79.9945193149999,44.56117237315149],[-80.01652506599999,44.527973860138644],[-80.07235622899998,44.482509043121034],[-80.11370931099994,44.46992373011614],[-80.13838921499998,44.477646033119115],[-80.20353732699992,44.509074798131344],[-80.23124728799995,44.50620777413024],[-80.29342068199992,44.53297386014055],[-80.31122016099991,44.522145952136405],[-80.35021375899998,44.53828405414265],[-80.40537923299998,44.54040902714346],[-80.45856770899991,44.5713381181554],[-80.50969075599991,44.59546463716483],[-80.55268880299992,44.59444046716434],[-80.61193250899997,44.62487897117609],[-80.62514051699998,44.64156937318255],[-80.62567545699991,44.68598465619968],[-80.6395806209999,44.72047928521288],[-80.74490288699998,44.723257063214],[-80.82323513499992,44.689298865200946],[-80.87514105999993,44.62684647317691],[-80.91070312599993,44.618533756173655],[-80.93035481899992,44.58987191816253],[-80.94611979199992,44.61325435017165],[-80.91701334699992,44.67011443119353],[-80.91124728799993,44.705042002206945],[-80.88763020899991,44.736579681219],[-80.88764160199996,44.76239117822897],[-80.89987792999992,44.78885344423897],[-80.92443847699992,44.79901077924296],[-80.95037651999993,44.79320701424068],[-80.99167589099993,44.809494042246875],[-81.02894856899994,44.80061342724354],[-81.08163628599992,44.78031815223575],[-81.12590440599992,44.742980777221504],[-81.13930284399996,44.74708071222309],[-81.12575629399993,44.77905160523531],[-81.03106499599993,44.83863955025804],[-81.00654839499995,44.87156042127051],[-81.02999891599994,44.89496726827949],[-81.01741319499996,44.917376529287864],[-80.95949598599996,44.95682721330289],[-80.99322482699993,44.96961163730761],[-81.03396647199997,44.96817351330718],[-81.05569118999995,44.94632930129893],[-81.03069010499993,44.91804181228817],[-81.06278754399995,44.91460783928689],[-81.11542100799994,44.92181812528959],[-81.14087782199994,44.9038459842828],[-81.15902506599996,44.90703703828401],[-81.11360405899993,44.94964323930021],[-81.12269856899997,44.961897200304804],[-81.19069281799992,44.95825150230339],[-81.21892578199999,44.973065820309],[-81.19377929799994,44.99761714331822],[-81.22569715799993,45.00742373032192],[-81.24900878999989,44.98742373031435],[-81.27153049099996,45.01047386032304],[-81.26244194999995,45.076890147348024],[-81.28814290399994,45.117145952363146],[-81.31277398099992,45.12246116536515],[-81.33403049099991,45.13936274937141],[-81.33177029199996,45.18254132438752],[-81.28404188399998,45.225157291403356],[-81.3007231999999,45.24715680341156],[-81.35082194099991,45.24015362940894],[-81.38685438399992,45.24241830440973],[-81.40579427199995,45.2346691454069],[-81.46386230499996,45.23039776940528],[-81.53340983199993,45.24714052741155],[-81.58557237499994,45.25241003141348],[-81.63856282599994,45.2501213484126],[-81.64041666699995,45.260623871416534],[-81.68832519599992,45.256423838414904],[-81.70396701499995,45.23509951140702],[-81.72903645899999,45.22131818040187],[-81.70265625099995,45.1981001353933],[-81.65791937999991,45.19949811139386],[-81.6171034079999,45.19021249439038],[-81.58539496599994,45.19188485739104],[-81.59011990099994,45.1557912433776],[-81.57459689799997,45.15132441937584],[-81.54439507499993,45.11531055736238],[-81.52793131599996,45.107963280359655],[-81.49587727899991,45.06833600234482],[-81.49554904599995,45.05413678333949],[-81.46888617699993,45.0468825513368],[-81.42756618999994,44.97247988230882],[-81.37375271299999,44.97547928530987],[-81.35403645899996,44.96632157030641],[-81.37368381199997,44.92584508929111],[-81.37413357299994,44.908435693284495],[-81.35347330799989,44.87659622927241],[-81.33032714899997,44.85900847426575],[-81.31700520899994,44.82536820125297],[-81.28570855099994,44.80609601224567],[-81.2987472879999,44.790757063239774],[-81.27706977099989,44.754902435226114],[-81.2789029959999,44.69566768020335],[-81.30209743999988,44.67797969219658],[-81.2717968759999,44.64826181018524],[-81.27569769999994,44.60877871016987],[-81.29772298299993,44.577502668157855],[-81.34755588199994,44.53626582514181],[-81.38792643299992,44.48965069912378],[-81.38930121599996,44.46908795511583],[-81.40764702799999,44.45074878910863],[-81.406132271,44.43584861610277],[-81.42817762699997,44.42391719209813],[-81.48004394599995,44.41805822409588],[-81.49922905899993,44.40910029809239],[-81.53013075199989,44.370490814077264],[-81.6070849619999,44.319935665057436],[-81.59179904599995,44.28723058704463],[-81.61463378999996,44.2180270280173],[-81.64286404199994,44.17333762899968],[-81.69819173299999,44.12408497098014],[-81.74249728799995,44.09185433896728],[-81.75852267899991,44.07328934395989],[-81.73442003099991,44.027667327941614],[-81.7323638249999,43.9699183039186],[-81.72268663299995,43.937939408905706],[-81.72624728799994,43.8701960818785],[-81.71920030499994,43.78480193084397],[-81.72898329099995,43.69750700880853],[-81.71258572099998,43.62551075177909],[-81.70636556099996,43.56856006875584],[-81.71774902399991,43.42531896569687],[-81.71002929799991,43.39795297168551],[-81.72455620699996,43.359974456669796],[-81.77069173299996,43.3093627486488],[-81.813938803,43.27957542163641],[-81.90482476199998,43.23415522861751],[-81.97861165399996,43.21030323260751],[-82.02279351199992,43.211722503608044],[-82.01541937999991,43.185355586597055],[-82.02991319499995,43.165581823588816],[-82.10096408499996,43.10852371856491],[-82.14983615499996,43.09257048455818],[-82.15256022199995,43.07168642454947],[-82.195691733,43.04797358853935],[-82.24513671999995,43.03464025453376],[-82.37604166699997,43.01593718452588],[-82.41783474499992,43.00255312352026],[-82.47035807399999,43.0867876075558],[-82.48567382899991,43.102096038562124],[-82.51014105999992,43.20079422660361],[-82.52235731399995,43.224594953613476],[-82.53736545199996,43.353809905667255],[-82.53290690199998,43.38352507467951],[-82.53735134599997,43.433247568700146],[-82.565141602,43.49130719272414],[-82.5988297529999,43.59310732276583],[-82.59678873799997,43.614782127774774],[-82.60625813899993,43.66407954579484],[-82.61540310399994,43.778773826841466],[-82.63467176699996,43.831940330863],[-82.65460557799996,43.86763151987741],[-82.6795534949999,43.881590395883016],[-82.68284071299993,43.90700434989326],[-82.71694444499994,43.95129281591107],[-82.73839789599995,43.9895325619264],[-82.75719238399992,44.005125280932624],[-82.78373426699989,44.00962723393441],[-82.79363335599997,44.02314964093984],[-82.83130642399993,44.03797385994563],[-82.88961317399995,44.05054113395081],[-82.92309950199993,44.068156151957766],[-82.96399522599995,44.06844152495794],[-82.99122450199997,44.0488131609501],[-83.0275900619999,44.04577876394882],[-83.04453070799993,44.01805985193781],[-83.07013617699994,44.0021402549314],[-83.1167919929999,44.003829436932115],[-83.14750813899994,43.98857336092592],[-83.26177354699995,43.97521018792061],[-83.28541395499994,43.936584699905204],[-83.30886176299998,43.92051346489867],[-83.35211968399994,43.91324648389584],[-83.32722167999994,43.89813689188968],[-83.34918131599991,43.86412430487611],[-83.38903049099996,43.842183928867186],[-83.39745551299991,43.815914126856484],[-83.42847493599996,43.79520150684818],[-83.44290798699991,43.76213510083478],[-83.48761827299992,43.70577143981186],[-83.52618082799992,43.71081918281398],[-83.55068549299996,43.69883486180901],[-83.55950113999995,43.68136578680181],[-83.63468668699991,43.61440452377455],[-83.68317301499994,43.58437061576231],[-83.71407443699995,43.60789383577193],[-83.78010416699998,43.63409120978264],[-83.82458062099994,43.6349625207829],[-83.90054877499993,43.66679628779604],[-83.93807562999993,43.71315506581486],[-83.95347493599996,43.74908497082943],[-83.92596462799995,43.7904320848463],[-83.91781738399996,43.875693857880606],[-83.91095404799992,43.90783035889359],[-83.873197158,43.961868444915375],[-83.840609267,43.99385059592811],[-83.80129557399988,43.99583491692891],[-83.75878282399995,43.98625429592513],[-83.73750596899998,44.0053786449328],[-83.72105794399994,43.99615175692906],[-83.68003363799993,43.99440886392832],[-83.68717122499996,44.022333125939525],[-83.66958604699991,44.04214595194741],[-83.62240749899996,44.05620329795301],[-83.57963514599999,44.0493681739503],[-83.58828152199999,44.08607525996491],[-83.56447916699992,44.11167150497516],[-83.5676025399999,44.15632862299287],[-83.54635660899999,44.23397131002364],[-83.51168972499994,44.27207705003864],[-83.48049424999991,44.280331851041915],[-83.43912217999997,44.26619190503635],[-83.37850857299996,44.32433630005912],[-83.33290310399994,44.33911643806503],[-83.33513617699998,44.365168955075234],[-83.32042046499998,44.406074717091165],[-83.32708604699994,44.44353457010576],[-83.30680826899994,44.542946733144476],[-83.3159695099999,44.59703703816537],[-83.30708604699998,44.63103484117853],[-83.28680826899992,44.6587909171892],[-83.27097493599994,44.709541107208665],[-83.2954193799999,44.738529551219784],[-83.29347493599992,44.805953189245606],[-83.3009998919999,44.83000538125469],[-83.32154730999994,44.85851042726561],[-83.31954264399994,44.880201507273796],[-83.36489583399994,44.89067432627776],[-83.39840874599993,44.90624466628377],[-83.43125271299989,44.93102941529314],[-83.44516927199999,44.95774911530318],[-83.45301052599991,45.03565086233252],[-83.43764160199994,45.05492373033978],[-83.38821343399992,45.07630719334787],[-83.36821940199992,45.076057085347706],[-83.3569759119999,45.04993295333794],[-83.27349121199995,45.02297928532782],[-83.27705566499995,45.04526484833616],[-83.30860243099991,45.050375932338135],[-83.30984158099989,45.10961869036033],[-83.31645562099999,45.14201967737247],[-83.36785156299996,45.17227792338364],[-83.36680284399993,45.18381261938801],[-83.41292209299992,45.24131031340936],[-83.39190212799993,45.25190248941324],[-83.38689127699995,45.276161116422315],[-83.44291395499994,45.30601232643333],[-83.46318305199995,45.330618174442435],[-83.51870117299995,45.3468409124484],[-83.53625813899998,45.35798484645247],[-83.56942789799992,45.347353743448494],[-83.63536322799996,45.3670246954558],[-83.70105061899994,45.398678341467395],[-83.71649793899994,45.41491823747344],[-83.77346408499994,45.40741274347058],[-83.80979166699991,45.42043561147549],[-83.85798882499992,45.44641746348491],[-83.90955810599995,45.486031789499414],[-83.97228488599993,45.49526240750281],[-84.07986382499996,45.49130712550139],[-84.11347493599996,45.509362681507916],[-84.12838189099995,45.56207284552709],[-84.21445665199994,45.63458064455345],[-84.27262586899997,45.64546300955736],[-84.33043131599999,45.66460221056426],[-84.37535400499993,45.655479353560985],[-84.41260823599991,45.669362003565944],[-84.43036485499991,45.644368242556915],[-84.49164062599992,45.66434742256411],[-84.53753065399994,45.68811803857272],[-84.55605414599994,45.708431759580066],[-84.57371093799992,45.71003461058055],[-84.63226481199993,45.7319652205885],[-84.68017686699996,45.75540977359697],[-84.72255099899995,45.7677867536013],[-84.72750271299994,45.787709917608424],[-84.75364636199994,45.78324795360689]],[[-81.65902506599997,45.84880712563031],[-81.65039388099993,45.86193388963504],[-81.65068576499992,45.900762556648765],[-81.67124023499998,45.90605952665061],[-81.72704372899994,45.85881227963385],[-81.73483561299993,45.8396551756271],[-81.78746148099997,45.78177431660634],[-81.80347222299994,45.74438160259299],[-81.83629123299988,45.76443700860018],[-81.84319715799994,45.79909046461255],[-81.82207519599993,45.83381539962498],[-81.81400878999992,45.864058522635716],[-81.87398925899996,45.887712155644145],[-81.90867621599995,45.8835138186427],[-81.88403103399993,45.94405642066415],[-81.90151746999999,45.95678489566868],[-81.90179199299993,45.97601212267544],[-81.97910264799995,45.98733261867949],[-81.99655164999994,45.97015674867331],[-82.0575944019999,45.95853307866932],[-82.09688856399998,45.92516875265744],[-82.12345269199994,45.911572018652635],[-82.12430826899995,45.878534909640905],[-82.15197319999997,45.8292077196233],[-82.17612630299995,45.84707094662972],[-82.17038628599992,45.87209597163858],[-82.20225857299994,45.91204293865279],[-82.21531738399995,45.938272661662076],[-82.23489203599995,45.94107315766307],[-82.25601942399999,45.91044442765226],[-82.28813585099988,45.927538747658296],[-82.28221950999995,45.98622293167911],[-82.37615180199995,45.973710486674655],[-82.39728624199995,45.960773068670036],[-82.43618109899991,45.95668255966863],[-82.45956380299997,45.92212818465642],[-82.47465983199994,45.943118784663774],[-82.50024468399992,45.93877925366236],[-82.51471408499997,45.905459415650476],[-82.55706868599998,45.911245412652484],[-82.59367024799994,45.87938655264118],[-82.54251736199994,45.85774843763355],[-82.50321397599996,45.85050681963094],[-82.49668185799996,45.83641230962582],[-82.51317111599995,45.805595727614836],[-82.54346082999996,45.78088354160606],[-82.54841579899991,45.81646330861882],[-82.58466742699994,45.81894879561964],[-82.58582519599997,45.844101111628625],[-82.60913845599993,45.84453798762871],[-82.63355631599991,45.82351158062124],[-82.64902398099991,45.83459495462524],[-82.65007432799996,45.857320512633414],[-82.67204589899995,45.864673689635936],[-82.75775716199995,45.8344220216252],[-82.77496853399994,45.875858653639874],[-82.81249620299997,45.890251963645],[-82.84007378599992,45.91353626565334],[-82.79764160199994,45.9823005406777],[-82.83879665899994,45.987492835679475],[-82.85777289599997,45.967953990672676],[-82.88101725299995,45.96051251566995],[-82.94022081199991,45.960055159669785],[-82.94393988799996,45.94081857366301],[-83.00096896799992,45.926556420657946],[-83.00427517399996,45.94432890866422],[-83.056952041,45.9578104896691],[-83.086965062,45.913367469653245],[-83.11569118999992,45.92267953565658],[-83.11765136799993,45.94939360566614],[-83.13729871999995,45.9613071256703],[-83.17868598199992,45.95977412666979],[-83.21456651599993,45.92802017965853],[-83.22596950999996,45.90719491665105],[-83.21862196299998,45.874237762639424],[-83.16727539099998,45.863096134635356],[-83.10661241399997,45.869944821637795],[-83.08488172799994,45.862190440635054],[-83.06224012699991,45.83631268662582],[-83.03989095099993,45.84907378163039],[-82.98255859499992,45.832696014624474],[-82.94376410699988,45.83244054862451],[-82.90848632899994,45.80186234261354],[-82.87268988799997,45.79564441961136],[-82.84324598599991,45.80797379261583],[-82.80537814799995,45.79003176260928],[-82.795031468,45.79935345861271],[-82.75763400699994,45.77657357860453],[-82.74346950999995,45.78797935360864],[-82.71174207999994,45.77464602060376],[-82.69180447099993,45.78465741360741],[-82.63422526099997,45.755479353596975],[-82.53502604199993,45.752973792596066],[-82.50841200199991,45.74039498959162],[-82.48441786099994,45.708353905580104],[-82.45222222299992,45.69692439457596],[-82.42086480099991,45.70574234757902],[-82.35483723999994,45.68710119357237],[-82.32584418499991,45.68813404357269],[-82.31864095099995,45.668951101565845],[-82.26658040399994,45.645769609557526],[-82.21784885099999,45.638524261554856],[-82.19683105499993,45.61075767354472],[-82.11415744399994,45.5993486435407],[-82.07647949299994,45.55337126752406],[-82.00877495699993,45.557786346525575],[-81.99191514799995,45.59575157053934],[-81.93324381599996,45.60941490054424],[-81.89500325599994,45.652125471559735],[-81.84521267399998,45.68600310257197],[-81.80070583799993,45.68282337457085],[-81.76159722299994,45.698295447576406],[-81.74951931499997,45.672425154567065],[-81.78511935799995,45.66363961856392],[-81.81602267899993,45.63655187655417],[-81.83807128999992,45.631953759552395],[-81.88179579099992,45.601064612541286],[-81.94214464099997,45.59345291853844],[-82.01250271299995,45.55368512352413],[-81.92572211499996,45.54360320052039],[-81.90426269599999,45.530692434515714],[-81.84416666699994,45.51505990651005],[-81.79171495299994,45.538042694518396],[-81.75905978799989,45.584071136535165],[-81.71426920699993,45.61885988754774],[-81.69865614199995,45.64509869755719],[-81.64707899399994,45.68769879557262],[-81.6682362199999,45.70652732757937],[-81.62652506599993,45.72297379258529],[-81.5956407339999,45.74972841759481],[-81.57787217999999,45.78440072660734],[-81.59735460099992,45.805007144614684],[-81.62755045699997,45.78936824260904],[-81.69624674599997,45.78915278860893],[-81.71296006999991,45.804348439614394],[-81.6593326829999,45.8355407276256],[-81.65902506599997,45.84880712563031]],[[-80.44569715799993,45.53427987751703],[-80.47376410699997,45.51131695950871],[-80.44180826899994,45.49400209950234],[-80.42291937999993,45.49694548550345],[-80.44569715799993,45.53427987751703]],[[-81.75137966699992,45.4673127134926],[-81.73386067799999,45.4730478484947],[-81.70293240099994,45.52290156751289],[-81.72576877299998,45.52703391851438],[-81.78620279999993,45.51605850951046],[-81.81088541699995,45.50276105150558],[-81.82491807799991,45.47774097749641],[-81.82594184099993,45.44765688448542],[-81.80097493599996,45.43909046448223],[-81.75137966699992,45.4673127134926]],[[-82.94018391999991,45.6366024685541],[-82.93536024399995,45.68493003757163],[-82.97206814299992,45.69052824957376],[-82.97533582999995,45.66496781156437],[-82.96331542999995,45.64224652455619],[-82.94018391999991,45.6366024685541]],[[-84.41727891799995,45.721911984584914],[-84.35517578199995,45.770509938602345],[-84.40383327999996,45.784789588607424],[-84.43311794799995,45.78631322960809],[-84.50320800899992,45.810768253616764],[-84.5391338439999,45.808070092615715],[-84.5776969409999,45.81981725762002],[-84.58133816299994,45.80199444961366],[-84.54966417199992,45.789737301609286],[-84.50448893299995,45.7412399875918],[-84.48197048699996,45.72964602058766],[-84.43398952999996,45.72850127158718],[-84.41727891799995,45.721911984584914]],[[-84.61707004199997,45.84686546162961],[-84.60710394999991,45.85971309163426],[-84.62883734899997,45.88211780864215],[-84.65014133099994,45.859045502634004],[-84.61707004199997,45.84686546162961]],[[-83.47646918499996,45.87298186263894],[-83.46576605999996,45.89686017264743],[-83.4101898879999,45.87579144663993],[-83.3638113069999,45.85104731963112],[-83.30346679799999,45.87186017263851],[-83.29037760499992,45.89277257964598],[-83.26411132899989,45.90528254965039],[-83.26608886799993,45.958479570669255],[-83.32659722299995,45.96063255167002],[-83.34443033899996,45.99008760968042],[-83.40972764799993,45.98553184367876],[-83.4356770839999,45.967183387672364],[-83.44518012199994,45.942730397663716],[-83.47373589499995,45.931524478659725],[-83.49167209299998,45.89252165764585],[-83.47646918499996,45.87298186263894]],[[-83.58153049099997,45.91632401265438],[-83.56700683699995,45.923422061656815],[-83.52804606199994,45.917701575654824],[-83.51010281099992,45.929953773659136],[-83.49958062099992,45.96013518366982],[-83.47248426699998,45.98488629567857],[-83.50623426699993,45.99489016068212],[-83.54075954899996,46.01751240069005],[-83.55518744699998,46.06006363670497],[-83.57622857099992,46.084340912713564],[-83.63655897399995,46.103806447720345],[-83.71931396599993,46.10074319471939],[-83.72879069099996,46.089099450715146],[-83.68392578199996,46.07299223870961],[-83.67211669999996,46.05195514970218],[-83.71267795199998,46.03941378169785],[-83.73823052399997,46.02324092369207],[-83.76016357499998,46.02658490369329],[-83.77918348599994,45.99919900568367],[-83.80737494699996,45.98297935367796],[-83.83281928199995,46.00534053268581],[-83.84314046299991,46.026818600693375],[-83.87817572799999,45.98864460267983],[-83.83254801499999,45.963614051671065],[-83.81816324899995,45.96463978167142],[-83.78620198599995,45.93267994266017],[-83.76957790899992,45.95449472066789],[-83.74893826,45.94067378466295],[-83.68924424999992,45.93516319166104],[-83.65396647199992,45.94266319166372],[-83.63067247299993,45.95811254566917],[-83.60319173299993,45.92444365465725],[-83.58153049099997,45.91632401265438]],[[-84.37671468199991,45.93210417765989],[-84.34490885499993,45.944568505664286],[-84.37278835799991,45.96509442567167],[-84.38756022200002,45.98767149867958],[-84.417149523,45.97308630067436],[-84.42060085799994,45.958022485669076],[-84.37671468199991,45.93210417765989]],[[-83.94349175399996,46.06181954970574],[-83.89070122699992,46.083896033713394],[-83.8960145409999,46.104079512720475],[-83.87847520699994,46.13101822672987],[-83.89319173299997,46.14932467073631],[-83.86104492299992,46.15347214473774],[-83.83718722999998,46.13554489873153],[-83.81666802399992,46.13480783173129],[-83.81247233199997,46.16233590774082],[-83.78683268299989,46.18453157974866],[-83.79951660199995,46.197759694753174],[-83.77264160199996,46.21257652175838],[-83.78090359199994,46.22766705676353],[-83.80982042199994,46.21770157576014],[-83.84068603599997,46.23824600976726],[-83.83592502299992,46.262088409775515],[-83.87731580999997,46.25445820177284],[-83.92084228599995,46.29084748078549],[-83.94852539099998,46.28663478278406],[-83.97475070599995,46.309627590791926],[-84.053843859,46.288743259784766],[-84.09632704099991,46.31747330479469],[-84.11374620299992,46.31246928679297],[-84.11034803699992,46.27274630077921],[-84.09486382499993,46.25654394277361],[-84.10373670899992,46.24015206976792],[-84.07633029599997,46.21594267875944],[-84.07120035899995,46.19111398375087],[-84.05513482099992,46.17948407374683],[-83.99576687399991,46.15449804373813],[-83.97873670899999,46.11491789772431],[-83.95455946299995,46.087586558714705],[-83.94349175399996,46.06181954970574]],[[-84.20910590399997,46.322377224796284],[-84.21013617699995,46.28433357178317],[-84.18760877899996,46.27045678777839],[-84.17595269199992,46.24365586076914],[-84.14654161299995,46.22744102376355],[-84.10153049099992,46.25451608377291],[-84.12486463799998,46.27884768078133],[-84.12917263499995,46.30418730779002],[-84.15155761799996,46.32214045979618],[-84.20910590399997,46.322377224796284]],[[-84.13652506599995,46.325201575797315],[-84.13031521299992,46.352343858806634],[-84.15973442999993,46.38985157381958],[-84.18971110099993,46.410771915826736],[-84.1931545689999,46.42828843783269],[-84.176588,46.45949162684349],[-84.15007161499993,46.47056886384711],[-84.13322211499994,46.53005718786741],[-84.1816937939999,46.522448057864835],[-84.21721354199991,46.53401212886873],[-84.2578971359999,46.49409091385522],[-84.28329264399997,46.4890175788535],[-84.27574625699998,46.458534909843024],[-84.24399712499995,46.45266369184108],[-84.22654351199998,46.39131305982001],[-84.18540120499992,46.36720844581182],[-84.17452826699993,46.334762241800576],[-84.13652506599995,46.325201575797315]],[[-81.84722222299996,46.06394879570639],[-81.90597493599991,46.048183550700855],[-81.95077419799998,46.04908320870123],[-81.95665581699994,46.01172633568808],[-81.91678765299997,45.98906822068001],[-81.89320258299992,45.98796256867972],[-81.85600206199996,46.00040051668408],[-81.80146050399996,45.9831731406779],[-81.76669270899998,45.99325713168156],[-81.79323513499997,46.05214045970231],[-81.81988010099997,46.048812686701076],[-81.84722222299996,46.06394879570639]],[[-81.84779568199994,45.96825157067273],[-81.87355794399997,45.945751570664726],[-81.87617567399995,45.9206449626558],[-81.83158691499995,45.935403602661104],[-81.84931857699992,45.95052831766649],[-81.84779568199994,45.96825157067273]],[[-81.35208333399996,45.96880142967296],[-81.29554741799991,45.969841197673276],[-81.27072970999996,45.956304616668504],[-81.22104546499995,45.960201575669814],[-81.19917263499993,45.97963747567673],[-81.17778374599996,45.97843257367634],[-81.17088758799993,46.001029348684206],[-81.23569769999992,45.99072878368063],[-81.24698296499996,45.995466027682376],[-81.26368869399994,45.99354189468161],[-81.29491970599996,45.994760359682104],[-81.3622379569999,45.991263248680795],[-81.35208333399996,45.96880142967296]],[[-82.19990288699995,45.99047304668049],[-82.197030166,46.01307131368849],[-82.21118381199994,46.02219508569173],[-82.20834255699997,46.05137185770202],[-82.23791232699992,46.05492942670331],[-82.25678548299997,46.034951908696186],[-82.26168457099995,46.0124610636883],[-82.19990288699995,45.99047304668049]],[[-82.35792046499992,46.04181154769871],[-82.3418560119999,46.04428994769947],[-82.32708604699994,46.07321355870975],[-82.34435818199997,46.07574956971051],[-82.35792046499992,46.04181154769871]],[[-82.41905164999997,46.063516564706305],[-82.38682128999992,46.070688636708816],[-82.39557725799995,46.08991572771559],[-82.42123155499996,46.08094867971236],[-82.41905164999997,46.063516564706305]],[[-82.14271647199993,46.05921863870476],[-82.17401692799996,46.04644336970026],[-82.13991916299995,46.03505888969627],[-82.14271647199993,46.05921863870476]],[[-82.03295084699991,46.0429148596991],[-82.071588,46.020202287691],[-82.02993760899992,46.01381519668881],[-82.03295084699991,46.0429148596991]],[[-82.55911621199994,46.12735245472865],[-82.54766276099991,46.14271815673401],[-82.58120931099994,46.152696014737565],[-82.61537652,46.14937315973629],[-82.60893012199995,46.13403343073101],[-82.55911621199994,46.12735245472865]],[[-82.62788682799999,45.961879364670445],[-82.69617784399995,45.956373789668575],[-82.7106787119999,45.94445158966428],[-82.71293511399995,45.912723955653],[-82.68460829099996,45.89214602064572],[-82.64805555599995,45.887282128643946],[-82.59073784799993,45.90075808064879],[-82.57709526999997,45.913513885653295],[-82.57255479699994,45.95834163166917],[-82.62788682799999,45.961879364670445]],[[-80.33627495699994,45.424362681476865],[-80.3565473099999,45.40436817446949],[-80.3375981999999,45.37714595245956],[-80.31821451899994,45.39716087246692],[-80.33627495699994,45.424362681476865]],[[-80.09683593799996,45.33107010644253],[-80.10646538699993,45.312278466435615],[-80.1270079219999,45.31160545243535],[-80.18401367299994,45.328242957441475],[-80.21527994899998,45.313935910436236],[-80.22511447599999,45.29967307943095],[-80.1935617409999,45.2448054574107],[-80.16496148099993,45.236123138407336],[-80.12989095099992,45.28047386042382],[-80.11203938899996,45.27747988242275],[-80.05645670699992,45.313356618436025],[-80.04846950999992,45.3335165304435],[-80.07610297399994,45.34613629544812],[-80.09683593799996,45.33107010644253]],[[-79.84737847299994,44.90064136728154],[-79.87126519199992,44.89327523827873],[-79.8794482429999,44.863041405267346],[-79.86596950999996,44.845142100260496],[-79.84737847299994,44.90064136728154]],[[-80.10744466199995,44.87101205427035],[-80.12816894599996,44.86069846926645],[-80.12877604199994,44.841904524259235],[-80.09932183199994,44.84351625925988],[-80.10744466199995,44.87101205427035]],[[-80.15537977499994,44.84155418225912],[-80.17672634599995,44.87349306627128],[-80.20079047399996,44.85831687726555],[-80.23322753999993,44.859778059266134],[-80.24684136399998,44.83751094225765],[-80.21596462799992,44.815206662249125],[-80.18820204099993,44.811317773247566],[-80.15101074299996,44.82885547925432],[-80.15537977499994,44.84155418225912]],[[-80.92426595099991,44.82791730125402],[-80.89487738799994,44.829184390254376],[-80.88947753999999,44.84967986026218],[-80.91042209299991,44.86020408426624],[-80.92426595099991,44.82791730125402]],[[-83.18000000099991,42.00894879408993],[-83.19314019199997,42.027101734098025],[-83.18430826899998,42.04912837310775],[-83.18566840399994,42.08661263912439],[-83.14342122499994,42.082417490122474],[-83.11277398099998,42.049974184108144],[-82.99961263099989,42.017718054093855],[-82.93648057799999,41.98406869407902],[-82.917967123,41.9810451480777],[-82.88347493599996,41.99075706208195],[-82.80615993999997,42.00057422808627],[-82.74478841199992,42.02522700609724],[-82.67751790399996,42.03637826410214],[-82.61046332499996,42.031852168100144],[-82.56458062099992,42.00297928408733],[-82.54070149799993,41.977166567075884],[-82.51930284399994,41.941034840059814],[-82.48258843399998,42.040357485103925],[-82.43761990099995,42.08967172112575],[-82.41150824699994,42.11009408513469],[-82.36824164599994,42.13296490714485],[-82.22183105499991,42.18721078416864],[-82.16294921999996,42.21797087518216],[-82.09403049099997,42.247145951194945],[-82.05782714899993,42.25760005219963],[-82.00395507899998,42.26502328420286],[-81.93378635099998,42.2624305102017],[-81.92831814299996,42.29241070821482],[-81.88643391999993,42.31976612222688],[-81.84791395499997,42.3210294142274],[-81.87713324699992,42.26864741620443],[-81.84479709299997,42.260548729200835],[-81.83954481399994,42.3329714172325],[-81.8308794499999,42.35875049724382],[-81.80643988799993,42.390110903257494],[-81.77546006999995,42.41045948226634],[-81.71169379399994,42.4430384212805],[-81.6118261729999,42.50598140030778],[-81.54054362099993,42.55995600933118],[-81.50201985799997,42.5770626723385],[-81.46582899399992,42.58368647834136],[-81.44041937999995,42.60353484034995],[-81.39566569099996,42.60742264435163],[-81.35048231399998,42.641271927366205],[-81.30195583799997,42.65513911537213],[-81.24525879,42.66369732937582],[-81.12357042199991,42.66355572737575],[-81.03099555199998,42.65821230337347],[-80.90827962299994,42.66016922637426],[-80.84148437599995,42.652417218370935],[-80.7579139549999,42.634368173363185],[-80.64653049099992,42.589084970343734],[-80.60891113399994,42.579064625339356],[-80.54256727499993,42.573491166336964],[-80.48611111199992,42.57839323833903],[-80.45236653699996,42.61825977535622],[-80.41518608999996,42.652097665370874],[-80.35546006999994,42.683529143384376],[-80.32613335599994,42.693347394388574],[-80.2915250659999,42.720196081400076],[-80.23430826899992,42.7740903954231],[-80.21303819499994,42.783616763427226],[-80.17338704499994,42.78775087742901],[-80.08791178499993,42.789190493429615],[-80.04848036099999,42.795184688432094],[-80.02478027399997,42.807521927437406],[-79.98540093399995,42.791568151430496],[-79.96312174599996,42.81097326243893],[-79.91965006599996,42.8193613914425],[-79.89208062099993,42.816034840440985],[-79.87325575199998,42.82463347344477],[-79.84333496199996,42.823176496444084],[-79.78708604699995,42.84353511145275],[-79.75266113399994,42.84188119445206],[-79.73413628599994,42.85498286545766],[-79.69657063899992,42.85993756345975],[-79.64036675399996,42.83643984244974],[-79.57671115499991,42.85636578645826],[-79.55021104699996,42.84143333245193],[-79.532232531,42.85404780645726],[-79.478843317,42.843053611452575],[-79.47010796499991,42.85994949945978],[-79.43743706699993,42.87578391746642],[-79.37027777899993,42.867011945462764],[-79.34754720099993,42.85644065645824],[-79.32762098599993,42.87437359846589],[-79.26171386799993,42.878565222467685],[-79.1962315549999,42.867951344463236],[-79.1560584859999,42.87495031346621],[-79.11335232299996,42.857336923458696],[-79.05764160199993,42.85881261845932],[-79.03468044799993,42.874048891465804],[-79.00541558199993,42.86769038446311],[-78.98994140699988,42.87879986846781],[-78.93043836899992,42.884345929470165],[-78.90985243099992,42.90592307847929],[-78.85791992299993,42.83931961645101],[-78.87204644199994,42.82193571944361],[-78.85347547799992,42.79135059543048],[-78.86574761399994,42.77200814742226],[-78.91819118999993,42.73658497040718],[-78.94525282199997,42.73124235940487],[-78.99077039999997,42.7047639523934],[-79.04779134199995,42.69170676938791],[-79.06138617699995,42.66983638137842],[-79.06403483199995,42.644620180367646],[-79.11096788299994,42.613293683354186],[-79.13035698899995,42.58919646134381],[-79.14676215399993,42.5546603283289],[-79.24791937999997,42.533534840319675],[-79.27930284399993,42.51214052631047],[-79.31452908099999,42.50429357530704],[-79.32785644599993,42.49084441030122],[-79.36023817399996,42.48233502429754],[-79.409329428,42.451557029284224],[-79.45062608599994,42.41273053226739],[-79.4784749359999,42.402423729262836],[-79.56733724,42.352695539241196],[-79.59806098199992,42.342704490236784],[-79.63617675899995,42.31995682322682],[-79.69486599499993,42.29289736121509],[-79.77344238399995,42.26436817320246],[-79.78319715799992,42.26436817320246],[-79.84560384199993,42.23521615518982],[-79.87302951499998,42.23214052618843],[-79.92997938399995,42.20746903017762],[-80.06147352499991,42.14493620715004],[-80.1467637809999,42.11381370313634],[-80.21358344299996,42.08288732512268],[-80.33098036099996,42.03491260710149],[-80.58270779199995,41.95739551706712],[-80.71003906299993,41.922147036051435],[-80.79421441099994,41.91044184904621],[-80.82470323399994,41.89382238303882],[-80.90318088199996,41.867757388027236],[-81.00307128999995,41.85294944502058],[-81.14874077799995,41.80342036499849],[-81.24455349499989,41.76159039497978],[-81.27507595599995,41.75847950097835],[-81.32403049099995,41.74159039497076],[-81.40971354199996,41.694269431949515],[-81.47595377699997,41.64047874192541],[-81.54544216699993,41.60346919290861],[-81.5906532129999,41.567445429892345],[-81.64498752299994,41.53481359387758],[-81.66541341199996,41.53206185787634],[-81.73011610299992,41.49020204885745],[-81.81630371199995,41.4950962548596],[-81.87187011799993,41.482569670853955],[-81.95034396799993,41.49433399285924],[-81.97208875899994,41.50715137586515],[-82.01233723999994,41.51586122886905],[-82.11736382499996,41.489368172857034],[-82.18791937999998,41.46757780884709],[-82.25516547399994,41.43418750883197],[-82.28753906299994,41.428571189829384],[-82.36232855999995,41.42717958782876],[-82.46115993999994,41.385931215810054],[-82.50150390699996,41.381278979807924],[-82.60013509199995,41.419620993825376],[-82.61195583799997,41.418526158824825],[-82.69285807399993,41.454896601841334],[-82.76648980099992,41.44629905383747],[-82.78745171499997,41.459287877843344],[-82.82525607699993,41.455450529841734],[-82.89422146299992,41.43409202283194],[-82.9241487639999,41.41853483982483],[-82.98269585599995,41.43260493483128],[-83.03199815599999,41.45457867684121],[-83.03432237499995,41.4665790018467],[-82.97347493599995,41.46881261784771],[-82.95680826899996,41.49297928385875],[-82.93709147199993,41.48659582085571],[-82.88240071699992,41.488507170856636],[-82.8365364589999,41.50297385886316],[-82.7296457259999,41.5121898958673],[-82.71125542599998,41.53660070287837],[-82.75014051699996,41.54645530388289],[-82.77866102499995,41.53614660187828],[-82.80819173299993,41.544084969881894],[-82.83395290899992,41.586815546901136],[-82.85953450599999,41.57672006089657],[-82.85265679299994,41.5629570398903],[-82.870688477,41.53199892387629],[-82.89188910699991,41.5206990108712],[-82.93266547399995,41.51468609786856],[-82.96948730499994,41.52402908887269],[-83.03833333399993,41.56188173588988],[-83.06660698899995,41.595331714904944],[-83.10236924999992,41.6129684339129],[-83.15479058199995,41.6195076049159],[-83.21652506599995,41.637696080924094],[-83.33146050399995,41.70431229195405],[-83.35225477499995,41.68737055994646],[-83.41420247499991,41.6890486199472],[-83.47782769199995,41.69903234395165],[-83.45274739699994,41.73531923596803],[-83.47876681899999,41.75228212697557],[-83.47403483199994,41.766875225982155],[-83.44289767899993,41.765597013981484],[-83.44097493599998,41.80825706200059],[-83.40984266599995,41.82826628500966],[-83.38360568699991,41.86944792602809],[-83.34777777899995,41.883948794034524],[-83.35240776999994,41.91345128904759],[-83.3020741109999,41.94354460506098],[-83.26805284399991,41.93785721405848],[-83.25011393299992,41.977985795076215],[-83.21208062099998,41.99908497008566],[-83.20725368999993,42.022912010096256],[-83.18000000099991,42.00894879408993]],[[-82.6337554259999,41.82042503100607],[-82.6842865679999,41.80513694499929],[-82.68936252299991,41.76371713098066],[-82.68086371599995,41.73649002596848],[-82.61936252299994,41.751103741975136],[-82.6337554259999,41.82042503100607]],[[-82.67854058199995,41.61883323391566],[-82.6974093979999,41.61095454491209],[-82.72261121999995,41.6166343409146],[-82.73427842999992,41.60094640690742],[-82.70258409399993,41.591420581903215],[-82.68001464899997,41.59521615490491],[-82.67854058199995,41.61883323391566]],[[30.884383138000207,61.749659557626885],[30.94063313800012,61.71840955762469],[30.973950195000096,61.70867377262402],[31.05104980500016,61.70174289162355],[31.09478352900004,61.682992891622185],[31.07292209200022,61.656924097620276],[31.09801432300009,61.61498480761738],[31.08322482600021,61.604553221616555],[31.171072048999967,61.5975762246161],[31.20004340300022,61.61840955761761],[31.247927517000054,61.61313069561717],[31.27116970500014,61.59687499861597],[31.322051324000032,61.58771565661537],[31.32674424900017,61.63485242961885],[31.39478352900016,61.635076224618736],[31.420998806000163,61.59631483161616],[31.450024414000037,61.582820636614954],[31.41841091600003,61.55703667361318],[31.493774414000022,61.54532063661234],[31.489244249000024,61.5317396366113],[31.547819010000236,61.510818140609885],[31.541780599000102,61.46496174960645],[31.58127170100005,61.47150200560708],[31.607283529000142,61.491326224608464],[31.65413140200013,61.46606987660668],[31.672583008000117,61.42812499860399],[31.662833659000164,61.41770968860316],[31.702316623000222,61.3879055436011],[31.74686686200016,61.36700710559931],[31.823966471000112,61.36007622459897],[31.864529080000064,61.34312472759771],[31.858138021000116,61.3316989455969],[31.73436686200006,61.3586737725988],[31.71453993100016,61.373257105599876],[31.660465495000096,61.372298175599724],[31.853116862000263,61.2878404395937],[31.914643012000163,61.28379313059331],[31.93438313800016,61.29757622459426],[32.003116862000184,61.27325710559253],[32.151049805000184,61.24757622459053],[32.20521647100003,61.23299289158939],[32.22698567700007,61.217068140588324],[32.2750244140002,61.205737303587505],[32.28754340300003,61.19340955758643],[32.332299805000105,61.19132622458638],[32.46354980500013,61.151742891583474],[32.55521647100022,61.10174289157956],[32.597856988000274,61.0618652325766],[32.598017036000044,61.02344156757368],[32.5790418840001,61.0015543605719],[32.62728678400009,60.9912258555712],[32.62103135900002,60.967074922569346],[32.647941081000056,60.959903969568835],[32.68133680600021,60.91708441656563],[32.72087673600015,60.892007105563565],[32.76146647100017,60.87674289156234],[32.81885036900013,60.83072509655878],[32.810750326000175,60.75937499855321],[32.82497558600011,60.70259602754876],[32.88854980500014,60.69132622454779],[32.93854980500021,60.6746595575466],[32.956190321000065,60.65769720954528],[32.957999674000234,60.6218736425424],[32.941333008000235,60.59270697554011],[32.8927164710002,60.544090439536106],[32.84896647100009,60.523257105534434],[32.78021647100024,60.51007622453341],[32.73436686200005,60.51075710553354],[32.62484809000023,60.53784043953567],[32.612315538000246,60.51714545253401],[32.58545193100019,60.5098198765333],[32.602416992000144,60.47812364253086],[32.628116862000184,60.456590439529144],[32.69175618500008,60.4204196495261],[32.687470161000135,60.37758788952264],[32.65414225300009,60.36198730352137],[32.62604980500004,60.33367377251894],[32.58112521700007,60.3276123035186],[32.63091362800008,60.25937635451294],[32.62674967400011,60.226040308510164],[32.60813802100017,60.20256076250814],[32.54896647100003,60.17325710550567],[32.4156331380002,60.13992377250306],[32.35936686200023,60.13715955750274],[32.27186686200014,60.12465955750162],[32.2364501950002,60.129507105502036],[32.204142253000036,60.14855821250372],[32.1531331380001,60.210076224508796],[32.129226345000234,60.22662353351033],[32.05728352900018,60.24757622451187],[32.058357747000166,60.22759602751027],[31.99162326400011,60.231590439510555],[31.903927951000075,60.22049289150961],[31.82501085100005,60.242297361511405],[31.71877441400005,60.24842936051197],[31.687163628000235,60.23020697551046],[31.658148872000027,60.190062118507136],[31.631274414000245,60.17551269350593],[31.557299805000294,60.15242377250391],[31.567700195000096,60.13924289150283],[31.608458116000175,60.13905436050291],[31.570293511000106,60.0900037964987],[31.49591200100019,60.066235350496605],[31.545779080000038,60.018124727492605],[31.562166341000193,59.969790308488406],[31.539398872000053,59.93172878548516],[31.519799805000165,59.92117377248429],[31.44479980500006,59.902423772482706],[31.38512912300013,59.89757622448233],[31.324660916000024,59.93068576248507],[31.314539931000237,59.94825710548668],[31.271883138000252,59.93992377248584],[31.224848090000133,59.94200710548612],[31.214488390000103,59.917074922483906],[31.061450195000244,59.93575710548544],[31.031726627000232,59.95785877248746],[31.06354980500004,59.96700710548813],[31.100029839000115,59.99022894849024],[31.089919705000106,60.00312635449142],[31.122580295000088,60.032290308493785],[31.068725586000088,60.063012693496354],[31.08968370200006,60.10885823450047],[31.052096897000123,60.144410534503415],[31.03992241800017,60.16912977250535],[30.98330891900008,60.17759602750617],[30.93739963100012,60.240108234511446],[30.939683702000135,60.25989176251285],[30.892000326000304,60.33020833151874],[30.887524414000158,60.36615396952169],[30.86872016100011,60.3953287745241],[30.825713433000082,60.43947075552772],[30.79170193100009,60.46309678652951],[30.760251194000148,60.507851832533206],[30.72715657599997,60.51731906353401],[30.695600043000066,60.56417778753789],[30.63926052500011,60.57257622453845],[30.602053494000128,60.598421222540495],[30.542700195000176,60.60242377254087],[30.510392253000138,60.65064154554467],[30.510392253000138,60.67759602754691],[30.494083659000065,60.70520833154898],[30.50013020800003,60.73076307355108],[30.543774414000094,60.72551269355066],[30.544086372000095,60.76562499855364],[30.52266438800018,60.81626247655773],[30.45828993100025,60.8350762245593],[30.427118598000042,60.85476345356072],[30.431285265000266,60.881846786562775],[30.402143012000238,60.92245686656601],[30.3332899310002,60.964242891569135],[30.288533529000063,60.977423772570305],[30.2435384110002,61.026653373574],[30.179123264000165,61.04409043957522],[30.151885308000136,61.080841741578176],[30.106206597000263,61.082992891578286],[30.042206489000076,61.102503796579654],[30.03525119400023,61.11201849858032],[29.91979980500008,61.141326224582734],[29.900043403000097,61.1642428915844],[29.926033529000048,61.171173772585036],[29.971866862000176,61.152423772583575],[30.004123264000214,61.16909043958468],[30.01872016100009,61.203662107587284],[29.959366862000245,61.214923772588115],[29.98528645800007,61.24951307359062],[30.071883138000032,61.22882622458914],[30.095605469000077,61.26629367259193],[30.058249240000066,61.27135552159233],[30.081225586000187,61.294262693593915],[30.117700195000047,61.31007622459512],[30.205910916000214,61.29121364859374],[30.257299805000052,61.29825710559422],[30.275287543000218,61.34340955759777],[30.36283908400014,61.36212022459899],[30.339618598000243,61.381846786600406],[30.261450195000123,61.38575710560088],[30.235356988000152,61.41504313060302],[30.302034505000158,61.419368488603254],[30.332999674000227,61.43854030860474],[30.328879123000203,61.45799289160605],[30.301972114000076,61.46496581860655],[30.223950195000157,61.50034043960927],[30.272951931000303,61.4994032106092],[30.28114963100017,61.48802490060827],[30.381366645000128,61.47045898260692],[30.448022461000107,61.50377604060927],[30.504505751000064,61.5161024296102],[30.576033529000135,61.5420071056121],[30.629405382000186,61.552423772612734],[30.606225586000104,61.62032063661774],[30.677411567000153,61.62742377261825],[30.682299805000177,61.648257105619656],[30.743793403000037,61.62674289161819],[30.80864800300008,61.63575710561897],[30.82294108100012,61.674487303621625],[30.795629883000114,61.69419080762303],[30.793804253000182,61.75479193662717],[30.884383138000207,61.749659557626885]],[[30.84796006900024,61.706590439623895],[30.829066298000093,61.6921915676228],[30.862600369000234,61.67344156762148],[30.876033528999976,61.61075710561698],[30.944089084000204,61.60681423461688],[30.910373264000043,61.630909557618565],[30.913549805000063,61.65174289162002],[30.94479980500023,61.66215955762078],[30.987475586000123,61.641153969619246],[31.00591634100005,61.64687499861966],[30.966791450000127,61.67880316662191],[30.90212673600024,61.70450710562382],[30.84796006900024,61.706590439623895]],[[30.530200195000244,61.51632622461027],[30.56978352900006,61.49200710560845],[30.606366645000037,61.49412434760869],[30.586466471000215,61.51632622461027],[30.530200195000244,61.51632622461027]],[[31.595521376000193,61.43437228560425],[31.651022678000228,61.39199489860123],[31.658498806000065,61.418237303603085],[31.621893989000057,61.4350884316043],[31.595521376000193,61.43437228560425]],[[31.56008300800005,61.40727945860244],[31.56144477000003,61.37883300660027],[31.537822808000044,61.35520968859863],[31.58230523000003,61.33924967259742],[31.62605523000025,61.29341633959403],[31.660625543000148,61.29416368159409],[31.637456597000206,61.323421222596096],[31.66471354200013,61.34204643959758],[31.645876736000215,61.36730143059945],[31.56008300800005,61.40727945860244]],[[30.937377930000135,61.34414197959784],[30.983007812000032,61.36562499859937],[30.986444770000155,61.38508300660088],[31.01448296400025,61.40165879860203],[30.985232205000045,61.410750324602574],[30.939249674000113,61.3957492386015],[30.885305447000178,61.358740232598755],[30.937377930000135,61.34414197959784]],[[30.60177137600021,60.86770561956168],[30.58647732200012,60.85241156556061],[30.613888889000066,60.83541666555922],[30.635104709000135,60.87187364256215],[30.60177137600021,60.86770561956168]],[[109.7451416015586,55.86611388698906],[109.7865505642322,55.83889692321746],[109.79099121093357,55.80166388844243],[109.85544650607254,55.779152779193076],[109.90514160155855,55.756092103462876],[109.9268082682255,55.73890789257726],[109.92377061631561,55.709726848736295],[109.96125271266968,55.66138610640629],[109.92110568576003,55.64514444787545],[109.89847493489214,55.601941661953546],[109.85974500867677,55.57903889773568],[109.83399088541285,55.546500682941655],[109.86985839843375,55.514185687277106],[109.82791937933638,55.50029679838635],[109.84143500433652,55.47538319703716],[109.88041395398925,55.460830550821996],[109.82569715711422,55.430574576153944],[109.82374728732258,55.39779679837127],[109.80541395398927,55.37249721747569],[109.81847764756583,55.36055555351996],[109.80569715711412,55.33833055080397],[109.78069715711422,55.32335235391611],[109.78865722655871,55.30732764145698],[109.75736382378089,55.28985249632634],[109.7959695095447,55.258074542220065],[109.78874728732255,55.21835231999191],[109.7170806206559,55.16778055620407],[109.71430284287798,55.141941661885774],[109.74736382378101,55.11333055077038],[109.7240304904476,55.10585231997496],[109.74985839843355,55.062219439651685],[109.76847493489186,55.05194722285313],[109.77069715711414,55.0297194396467],[109.71516493055157,55.005852794677644],[109.689302842878,54.96305277296966],[109.71958604600307,54.9388916672802],[109.70652506510042,54.90613009772216],[109.66708062065595,54.888891667272645],[109.66041395398929,54.857497217397864],[109.6809695095447,54.839741208822964],[109.63763617621146,54.81028055614919],[109.62125271266984,54.78751898659269],[109.63930284287795,54.75168565325356],[109.62347493489187,54.69360839629997],[109.59754123263502,54.671766219647246],[109.55541395398907,54.65972493275287],[109.52877983940579,54.6341804991551],[109.50319173176693,54.62389159941381],[109.50347493489193,54.537219507386055],[109.49291937933634,54.512796764326595],[109.48819173176695,54.46777506293039],[109.49625271266966,54.44610839626014],[109.46096950954471,54.40333061847557],[109.47096950954467,54.36721950735832],[109.50014160155848,54.354447154925694],[109.49211805555173,54.32307440643965],[109.45633897569064,54.30980224389396],[109.4615250651003,54.27527506289881],[109.49125271266973,54.24833604379702],[109.51569715711405,54.21472493268024],[109.52096950954461,54.18749728510638],[109.55541395398907,54.15918565315713],[109.53125271266963,54.12360839620672],[109.51152506510037,54.11111382155173],[109.46236382378076,54.037775062858785],[109.29267578124613,53.90946600793217],[109.25152506510027,53.88361382151283],[109.22318793402405,53.84888970041303],[109.2118603515587,53.822290986215776],[109.18319173176702,53.80722493261055],[109.1632004123224,53.78021240005381],[109.19618326822516,53.77201958321209],[109.21208062065574,53.74196343086306],[109.16103841145446,53.687906627468024],[109.19180826822519,53.6811138214773],[109.20125271266978,53.666108396127385],[109.16596950954457,53.63251898639921],[109.1403483072878,53.61932223617982],[109.06820149739184,53.61968776894907],[108.97045735676686,53.63333604369108],[108.98041395398921,53.65861382147335],[109.02430284287793,53.67611382147648],[109.0411056857599,53.724866669792426],[109.08152506510015,53.74203002700039],[109.01569715711406,53.760536564546875],[109.03785970051688,53.773859318455614],[109.0148583984336,53.790836043718826],[109.06766167534323,53.815826549365504],[109.03736382378088,53.834425453448695],[109.03403049044738,53.869724932621466],[108.95625271266975,53.85721950727214],[108.89355685763496,53.85335706695025],[108.86521538628067,53.8400678145609],[108.76652506510025,53.77694715482754],[108.74458604600291,53.73444172947284],[108.69985839843349,53.697502710369214],[108.69096950954474,53.66946343085021],[108.6234749348918,53.59471950722577],[108.59874728732242,53.58055826590384],[108.55430284287792,53.541113821452356],[108.5361056857599,53.49681097856236],[108.68374728732259,53.555002710343786],[108.75992458766956,53.56528808360937],[108.77121690537797,53.575815969896],[108.86596950954468,53.59833061833759],[108.90680826822526,53.57861382145902],[108.96236382378066,53.52472493256045],[108.97958604600306,53.49333604366609],[108.98903049044739,53.447780488102],[108.98625271266962,53.38527506274344],[108.95043945312095,53.35389539693909],[108.91031738280877,53.34844590692069],[108.89958604600304,53.33055284051112],[108.85655761718346,53.313069387817016],[108.82577094183638,53.31117892557702],[108.799329969614,53.285008406909014],[108.72688693575986,53.26804307487472],[108.67556532117669,53.29226887783059],[108.61964409721827,53.29806857401214],[108.56321289062093,53.26740749544752],[108.54708062065565,53.26583604362423],[108.52069715711414,53.23388617382669],[108.46903049044762,53.210275062711126],[108.43429904513488,53.18777831791545],[108.42933539496123,53.16945827667935],[108.31291937933615,53.11249728491518],[108.28180826822528,53.102241208524276],[108.29398708766972,53.067780488031616],[108.31514160155861,53.068336043587294],[108.33041395398897,53.043630097402016],[108.28125271266968,52.98777506266917],[108.23152506510012,52.96611382134555],[108.21301649305167,52.94872314208874],[108.2129193793363,52.92860839599123],[108.1598583984336,52.90889159911236],[108.107679578989,52.8805582657735],[108.0766417100656,52.87301052271649],[107.99096950954451,52.83694715465403],[107.95569715711399,52.788052840408405],[107.93014160155846,52.77138617373849],[107.87736382378078,52.753330618179454],[107.85544623480489,52.7377916099298],[107.79932969834681,52.71488633648778],[107.71896511501338,52.70111382129409],[107.65791937933618,52.71303656435208],[107.6282571072008,52.705836043517394],[107.5999273003432,52.713559296557065],[107.54283637152376,52.709933537007664],[107.40489176431873,52.662400713647656],[107.3688302951349,52.62867756910971],[107.3251416015584,52.60471950703898],[107.19791937933621,52.57388617369948],[107.12819173176665,52.56305826571129],[107.099897189666,52.54529839157579],[106.95736382378071,52.48221950701445],[106.89318386501327,52.459059513520174],[106.87569715711378,52.39166395144066],[106.83458604600288,52.33833061809639],[106.77154676648883,52.30972493232664],[106.69545220268697,52.346091306032],[106.62944986978754,52.35318901653689],[106.56363308376314,52.343519691448215],[106.54210286457912,52.35138563112002],[106.49657226562094,52.33529676392909],[106.50458604600277,52.30555284031207],[106.49236382378052,52.29138617364229],[106.45930284287776,52.30944172920177],[106.3999991861939,52.32281439630506],[106.39606336805132,52.30698594578103],[106.35843560112431,52.29696560072677],[106.34791937933602,52.282219506973775],[106.27715060763472,52.28577717841547],[106.24165717230493,52.232502710088546],[106.27069715711399,52.2286083958517],[106.27737060546461,52.1943115208445],[106.2680528428777,52.17070285113476],[106.30869547525629,52.15701307248608],[106.27489067924925,52.121402720916144],[106.24125271266932,52.10807454165993],[106.2195860460029,52.08416395137713],[106.2129193793362,52.0574972847049],[106.1548583984333,51.988613821148746],[106.19652506509993,51.95307454162721],[106.1895507812458,51.931832679643705],[106.11625271266931,51.90029676383823],[106.10347493489161,51.90110839578297],[106.0829193793362,51.86444172910834],[106.04778320312077,51.83180012753888],[105.98541395398897,51.78861382110602],[105.95958604600268,51.74777506241652],[105.9368141004732,51.72807562664839],[105.90154717338986,51.71861436362563],[105.8554541015582,51.721685652688706],[105.82778333875437,51.703189016399996],[105.77512532551668,51.690876462143784],[105.72533786349423,51.69158609756059],[105.69881049261744,51.67628553332117],[105.54110365125437,51.64915744086736],[105.5093028428776,51.64028048774041],[105.45091512043844,51.610393334956],[105.32549696180119,51.591888018111746],[105.30244357638468,51.58313747557512],[105.24096950954447,51.5813915988386],[105.17331203884136,51.574386390503705],[105.11690158419704,51.55675428329485],[105.02363267686195,51.53870415308264],[104.96393269856361,51.53247856714372],[104.89440823024755,51.498825138316846],[104.83756395127637,51.491492510276984],[104.81045118543402,51.47168565263356],[104.77519944932287,51.45816026200563],[104.64652499728311,51.47694172902363],[104.62496724446191,51.483330617914056],[104.51160766601123,51.45725667042559],[104.43325290255652,51.488046600987985],[104.39041388617191,51.48750270992884],[104.36543687608064,51.47963025984034],[104.26350338405621,51.49332058102387],[104.2031916639498,51.509441729030875],[104.17736389159734,51.52750270993769],[104.11601867675355,51.527034231204965],[104.07130832247833,51.553538951262865],[104.0188279893619,51.55134792478682],[103.93791944715292,51.5991693766202],[103.91822413126204,51.60554171820142],[103.84007301330132,51.613622772890764],[103.82544635348407,51.62248616264962],[103.73721666759475,51.65207790527761],[103.70236388888185,51.68805826552855],[103.70930277770998,51.71528048775669],[103.72997389898944,51.728886173523556],[103.80834427727149,51.72555826553674],[103.86233881632043,51.73512179635473],[103.88260258992078,51.73120740833325],[104.0250545247352,51.75583061797394],[104.11184183756086,51.758151852783364],[104.216602240664,51.78637044002912],[104.40564758300351,51.802709958261694],[104.50495090060338,51.79361951772167],[104.5494989691797,51.80166395131722],[104.61927964951838,51.79081379940501],[104.65208055283851,51.810836043332934],[104.70125278048634,51.82888617354522],[104.72950453016061,51.86581759716424],[104.76160169812937,51.8650599474246],[104.81514166937518,51.87500271001343],[104.79333889430988,51.91125542269473],[104.71540608723528,51.93705159240529],[104.65236389159718,51.984447154481096],[104.60231635199227,52.00385850431168],[104.595141669375,52.03139159893542],[104.54469930012584,52.055683319860776],[104.52230963812502,52.08317355424155],[104.48063442653647,52.09891872568583],[104.45819166394965,52.0552804878294],[104.44706319172741,52.12306938758324],[104.40507629394108,52.16083061805981],[104.39625278048611,52.181669376744765],[104.31874247232639,52.23027750392491],[104.37223334417963,52.23443847397779],[104.45354492187073,52.18257812240465],[104.44736389159715,52.16636989757486],[104.47680833604164,52.13136989756756],[104.55780388725697,52.08528048783573],[104.57617913139768,52.06139159894187],[104.62181125216586,52.03305555292888],[104.6632026502778,51.99128499085409],[104.68930277506091,51.98386989753652],[104.74930277506087,51.93416395134555],[104.78893866644545,51.92435872130871],[104.82680833604182,51.89000271001664],[104.82736389159724,51.86998100862332],[104.88137071397131,51.84006211755801],[104.9251416015582,51.848608395771606],[104.94962429470073,51.86168456764939],[105.00069715711373,51.87166395133209],[105.06814643011722,51.90243760585264],[105.09490193684478,51.905552840228296],[105.13558607312949,51.897438148386186],[105.19183620876322,51.91473605420603],[105.22389851887596,51.91472493224409],[105.2506971571139,51.926941729121666],[105.27263617621094,51.97111382114502],[105.31570515950096,51.98614094788442],[105.37096950954447,52.01639159893232],[105.42825697156687,52.025002710045264],[105.46263617621116,52.05500271005159],[105.49544108072489,52.070841740002805],[105.55125271266928,52.10749728471541],[105.59460923936219,52.14974175087001],[105.63434095594192,52.1744642443647],[105.68319173176666,52.245836043424724],[105.73391886392805,52.282959253067666],[105.74903049044718,52.28721950697479],[105.78985839843335,52.332780487886964],[105.83096950954432,52.368352319491486],[105.85072035047334,52.40113063981058],[105.87903049044718,52.41777506255698],[105.90708062065545,52.457502710134484],[105.95752292208805,52.4923722305408],[106.02819173176663,52.52278048792536],[106.0545860460027,52.52583061813432],[106.17226236978745,52.564711097742965],[106.19044949001312,52.56418402526019],[106.27374267577699,52.6036127362055],[106.34996636284312,52.62832763421384],[106.39369466145415,52.63175916633245],[106.44347493489163,52.64944172927011],[106.47458604600268,52.68159586339104],[106.50847493489155,52.69929280349858],[106.57708062065569,52.747518986233814],[106.57569715711394,52.77389159908616],[106.61267333983953,52.77779676401745],[106.63390679253064,52.80905788598551],[106.72791937933619,52.83499728486195],[106.76403049044715,52.86638617375706],[106.7651416015583,52.91446343071063],[106.8004465060722,52.94368109564688],[106.84671685112431,52.9543462432183],[106.8710017903603,52.97056938775259],[106.92643825954462,52.99073106310384],[106.90903049044725,53.016947154688566],[106.86596950954458,53.025830618232],[106.83152506510007,53.04500271024948],[106.76277235242651,53.02542208958603],[106.81403049044724,53.07250271025473],[106.81903049044728,53.09411051190806],[106.865991753468,53.0958365861271],[106.87736382378066,53.133352319641205],[106.90263617621115,53.14750271026884],[106.94500542534303,53.152355683360014],[107.0062527126696,53.2049972849323],[107.01850368923198,53.22780273198522],[107.08378282334655,53.2455729142803],[107.09374728732226,53.26111382140107],[107.19458604600283,53.29749728494955],[107.2510565863675,53.33138617384472],[107.2922808159681,53.3383525909468],[107.47041395398894,53.41889159920794],[107.52403049044729,53.43499728497489],[107.54569715711392,53.4580528405345],[107.5212527126696,53.49890787526415],[107.53541395398888,53.52389159922707],[107.56291937933638,53.54333061832772],[107.61625271266968,53.61110839611762],[107.6312760416626,53.63779717107897],[107.67641845702722,53.65400580280922],[107.86116970485699,53.75271117934588],[107.94625271266949,53.78333061837035],[107.99152506510018,53.820280488168464],[108.0141612413153,53.829311114255106],[108.07267550997868,53.83363213205097],[108.07514160155858,53.851581079536686],[108.12731418185363,53.875381670903664],[108.19763617621129,53.928352319784345],[108.19291937933633,53.959741208678714],[108.21848958332923,54.00973334193385],[108.24948404947514,54.0158981639835],[108.25903049044757,54.04224120869289],[108.29420572916257,54.09038994459513],[108.28236382378071,54.13593546326603],[108.3449945746488,54.16875555875768],[108.36724826388483,54.17110839621467],[108.37819173176695,54.19944715490014],[108.4190304904474,54.22999728511344],[108.4202663845446,54.251249997790595],[108.46909776475292,54.28753539818729],[108.50226182725311,54.29395371958587],[108.49291937933621,54.316213241074],[108.51971082898909,54.41458333115089],[108.58548339843355,54.49757513889003],[108.66541395398899,54.53946343099754],[108.68686089409334,54.56726969185279],[108.76493055555154,54.64924438262099],[108.77625271266965,54.65416395184935],[108.80041395398922,54.710002710538646],[108.81708062065582,54.72779676436092],[108.80874728732249,54.74778055613938],[108.84180826822525,54.764441661827846],[108.85263617621132,54.7844634310366],[108.83596950954473,54.80471943961185],[108.86412272135017,54.845918916072215],[108.90374728732252,54.8622412088266],[108.91238715277392,54.90529723910672],[108.9410020616279,54.90973612257089],[108.94278320312117,54.93125555888056],[108.9069330512113,54.94791666456898],[108.94079969617648,54.9719750277453],[108.97791937933624,54.98583055075095],[109.01354871961416,55.02367892586535],[109.10347493489182,55.035274995202954],[109.10874728732239,55.06787984004314],[109.09291937933618,55.083463607406465],[109.16569715711427,55.15527499522123],[109.17847493489194,55.217774995230535],[109.17458604600311,55.23363009777208],[109.19791937933654,55.342219439693515],[109.22625542534328,55.39388888685816],[109.18152506510017,55.428052773039376],[109.18520887586399,55.44947828302508],[109.16014160155855,55.475574576160604],[109.20791937933643,55.50777499527315],[109.17985839843357,55.534719439721506],[109.21014160155852,55.55638610639144],[109.21888292100294,55.57677195030696],[109.34442057291272,55.597324911871404],[109.35266764322517,55.63235502255343],[109.37083062065577,55.65647360708382],[109.4132552083294,55.66989347470727],[109.48458604600302,55.72333055085949],[109.50905381944045,55.74668611116556],[109.56572970919746,55.77445883659268],[109.62096733940585,55.77585455802844],[109.6140304904474,55.79444166198062],[109.64403049044755,55.81527499955546],[109.65137369791285,55.83792034376311],[109.7451416015586,55.86611388698906]],[[108.64348253037785,53.843621416992086],[108.66014919704467,53.86195475032849],[108.61951660155847,53.86554524512073],[108.60460720485713,53.85000284602956],[108.64348253037785,53.843621416992086]],[[107.78791937933629,53.412219507192994],[107.7306174045101,53.39507242602654],[107.69569715711388,53.35166395162614],[107.6362527126696,53.30777506272921],[107.6023638237807,53.29277506272642],[107.53401285806882,53.27205484787889],[107.48819173176685,53.26583604362423],[107.4729193793364,53.243052840495075],[107.43401394313828,53.23007920768018],[107.41425754122854,53.23410427278519],[107.39008761935361,53.21433023849315],[107.34152506510002,53.202619083977076],[107.30361653645434,53.1837445722549],[107.23274549695762,53.17470594378079],[107.19668565537783,53.14986951799494],[107.16645426431886,53.159890948118296],[107.14207275390231,53.1512679012418],[107.08125271266947,53.11555284047122],[107.01758517794718,53.11747151451667],[106.9820806206556,53.111113821373166],[106.97058159721809,53.093058265814236],[106.92403049044724,53.07649088299859],[106.93109456379788,53.05446098933115],[106.9087443033813,53.046944442020624],[106.93763617621111,53.00666395156155],[106.95861111110713,53.000972219789716],[107.07123996310342,53.041675073530065],[107.08835828992636,53.04060058351245],[107.23452989365921,53.06227159046106],[107.30541097004793,53.06416883438507],[107.38952067056873,53.07666395157503],[107.40957709417994,53.07545247154007],[107.45565999348558,53.11414767554038],[107.49291937933609,53.131663951585274],[107.52939453124593,53.16102538822276],[107.55994140624601,53.16923312476946],[107.58899034287798,53.19470024717004],[107.64358940971827,53.21796250845912],[107.73458604600302,53.229997284937006],[107.75708062065556,53.26720323112447],[107.74374728732244,53.30221950717263],[107.74763617621134,53.33750271030414],[107.7931917317669,53.39109917298762],[107.78791937933629,53.412219507192994]],[[74.98386718750015,46.83114230282615],[75.00888617621553,46.80174017608023],[74.97220214843782,46.783310814094975],[74.98601562500016,46.765836041953705],[75.01426974826414,46.766863873985244],[75.0266710069447,46.79751789960313],[75.07166395399327,46.809447153079375],[75.08955186631988,46.79886881106195],[75.1066341145837,46.768111975114174],[75.14548448350729,46.74362684055731],[75.17276801215296,46.74549722901289],[75.23354275173642,46.72892767605589],[75.27331705729205,46.704411074485286],[75.32744845920168,46.69389159748532],[75.38370822482665,46.70360839436331],[75.52996365017388,46.718041988118195],[75.55665256076418,46.73665960965226],[75.6552067057296,46.7713354451673],[75.6858474392364,46.768602426503385],[75.6935378689239,46.78802001548545],[75.72625813802118,46.78094671904205],[75.74852430555575,46.80415906714005],[75.80528049045171,46.78889159751698],[75.81325466579888,46.77478026938726],[75.91020290798639,46.82581759579318],[75.94052571614624,46.83027506107246],[75.97355251736138,46.816265186935766],[75.9270111762157,46.800990121826565],[75.97150390625023,46.76295084229997],[76.00486219618078,46.76140705974738],[76.03455674913232,46.78851128067647],[76.05899034288235,46.794287919133346],[76.12977376302126,46.79285454239687],[76.17317925347265,46.80700086401596],[76.21164713541714,46.78612005888757],[76.24110785590324,46.786861703853035],[76.31389377170163,46.75767496339193],[76.34050618489611,46.73535399984279],[76.36564887152828,46.73821668430553],[76.3872129991324,46.703149138720846],[76.37305826822949,46.69114094644255],[76.38666286892413,46.66869085962954],[76.44750271267401,46.65139159747096],[76.51278049045169,46.61528048634763],[76.52046929253515,46.65522786049301],[76.55079155816014,46.65381564261053],[76.59915581597265,46.67636664088196],[76.67493923611153,46.66042968341133],[76.7007899305559,46.66000379365418],[76.70333062066005,46.634719505451294],[76.8272195095492,46.594719505437766],[76.86038519965318,46.57898925369632],[76.89807508680599,46.586922738942256],[76.88498914930607,46.608441836171615],[76.8410150824656,46.62780354407748],[76.83480848524341,46.65071532793932],[76.81087456597258,46.65353894990206],[76.80231119791705,46.67694172768774],[76.84075032552111,46.689428435591324],[76.8639013671878,46.65840955537253],[76.90444173177121,46.63249728322832],[76.95486816406282,46.6164990193341],[76.97052137586851,46.63722628713619],[76.99880262586844,46.654105356152286],[77.05579318576423,46.64151719425573],[77.09051974826434,46.61920463999476],[77.11611436631983,46.58364664302094],[77.13453342013945,46.53783175585252],[77.15564724392395,46.53636718336947],[77.18703016493089,46.55058105056173],[77.2144471571184,46.548891597436096],[77.24773166232693,46.55748046462653],[77.24405219184064,46.58264485265606],[77.28150390625046,46.60748507618868],[77.31117404513942,46.61819769555003],[77.39354871961844,46.61194715301303],[77.48715820312555,46.64077500675548],[77.52302517361153,46.62222574459657],[77.55032823350757,46.63482340085071],[77.59567003038251,46.62750270857382],[77.63287597656296,46.63648843991373],[77.58890950520873,46.66543402369083],[77.62690755208381,46.66807454018479],[77.64054253472295,46.652821990266595],[77.67637315538235,46.64638807099353],[77.69055935329925,46.65366671682922],[77.75779188368108,46.63583061656284],[77.77583062066007,46.65389159747171],[77.82847384982698,46.63790689694543],[77.84371365017422,46.64946098766126],[77.88010742187537,46.655543615701355],[77.903768446181,46.64656032576778],[77.94137478298654,46.61722493079275],[77.97164550781304,46.62497395423276],[77.99349121093807,46.60695312089351],[78.0313677300353,46.59854952931066],[78.04348958333371,46.58089572071094],[78.09416286892412,46.59634710960516],[78.12255533854209,46.61226345075627],[78.15544108072966,46.59103840734632],[78.15830837673656,46.558077252821256],[78.19513020833392,46.547020123911174],[78.21726942274353,46.54851670594303],[78.22792643229228,46.52646972242852],[78.23550292968807,46.48327365036523],[78.26008083767402,46.46587022153994],[78.3038264973963,46.448330616499184],[78.33999728732687,46.45750569245713],[78.31868543836849,46.485175505834576],[78.32769531250062,46.506525874765515],[78.34825303819503,46.505028207664346],[78.35329861111165,46.52950900194341],[78.33790527343808,46.569208980255574],[78.33362630208381,46.603261172107345],[78.36398600260475,46.61988606360607],[78.36039442274364,46.682916391318265],[78.38785861545192,46.65732258705623],[78.37199815538243,46.61498480492387],[78.40004394531292,46.61318575978433],[78.403758680556,46.632552079235296],[78.45050238715338,46.59981146507495],[78.49675672743098,46.63664713132008],[78.48792697482683,46.67093776718228],[78.52350260416716,46.683196881769746],[78.56138997395878,46.711380475529154],[78.58192491319488,46.74499674073142],[78.6129665798616,46.75614040392958],[78.69213921441032,46.72839110921551],[78.73386338975746,46.736894255919665],[78.76348198784768,46.718130421277976],[78.79803059895883,46.68420708142286],[78.82277506510478,46.639185651286176],[78.77416937934078,46.61920735266828],[78.81321126302143,46.614409989385436],[78.83652180989645,46.628594017168034],[78.89345431857703,46.618330616556925],[78.92164713541717,46.62304741343343],[78.93526095920191,46.640935325766016],[78.89772135416712,46.66305283879423],[78.88155110677144,46.656088863097395],[78.84391764322963,46.669998368310594],[78.79180881076456,46.70297661267918],[78.76777506510467,46.72638617214879],[78.75600043402817,46.75273654108127],[78.77587293836866,46.76492105714428],[78.77949164496589,46.783424746386665],[78.80712673611171,46.79083061661484],[78.85482910156314,46.79226453588609],[78.88231553819497,46.8027750610632],[78.93382432725747,46.767626677804955],[78.95249728732693,46.742497011998005],[78.98364746093803,46.748869896114655],[79.02574055989629,46.76992159968069],[78.99850911458394,46.78999728328114],[79.02991644965347,46.82241753068792],[79.05443196614658,46.810327958201334],[79.10941297743125,46.80137532147944],[79.13688693576438,46.80725178632506],[79.17084092882011,46.77469916044628],[79.21633897569505,46.71967013482018],[79.21194769965345,46.70530761311402],[79.239407552084,46.66135497638052],[79.22706922743104,46.650413949901086],[79.2325683593757,46.62102186004737],[79.21446831597274,46.593888342243176],[79.1971006944452,46.609441727665036],[79.11583116319514,46.58929822722427],[79.06083062066033,46.5866693752269],[79.05085720486181,46.57497232661172],[79.06196831597286,46.551040848739056],[79.05896213107701,46.492937278840834],[79.0370079210075,46.44590901276581],[78.98601562500062,46.40157090511159],[78.94401095920193,46.379460987569345],[78.88713433159778,46.36083604181635],[78.84092827691023,46.362510303969685],[78.79829210069492,46.372174746247346],[78.72137803819507,46.37890434694409],[78.6848318142367,46.393330616480284],[78.65403917100753,46.374186193730715],[78.61897026909787,46.37167805570904],[78.57856879340324,46.386947152936465],[78.5382134331603,46.413050397303145],[78.47505588107697,46.410619570479405],[78.45524468316016,46.3964016342765],[78.4172249348963,46.39024630658337],[78.4180685763893,46.34161756307725],[78.45878200954911,46.32158772366056],[78.46348741319495,46.30567192504389],[78.44083333333388,46.28527397581818],[78.41610839843798,46.28694715290209],[78.38026692708382,46.30360324014737],[78.394120008681,46.317577849527225],[78.34977050781305,46.35689506959274],[78.30949598524347,46.36605169937023],[78.26532118055599,46.35609645848145],[78.25975640191007,46.32916313598949],[78.21722113715339,46.325830073922454],[78.14492187500059,46.33891845283318],[78.09944173177126,46.338891597364544],[78.12648437500059,46.312502708466425],[78.05244411892426,46.31222493068859],[78.00078613281299,46.34855848104829],[77.90944715711845,46.403058264053044],[77.86679687500053,46.423395720657275],[77.84888726128531,46.4052693643143],[77.82303602430619,46.40110839426073],[77.76623589409779,46.414432233241115],[77.7370627170144,46.406127654245125],[77.70286621093818,46.4163134723909],[77.64654405381998,46.41202310780615],[77.59646755642427,46.42416394982419],[77.55513726128511,46.426390512324915],[77.51506998697954,46.449352751916145],[77.46980523003528,46.46614040383168],[77.4254166666671,46.49689588344275],[77.40582573784775,46.51942463779085],[77.36357476128507,46.50517225063324],[77.33896375868109,46.488774138648346],[77.28298448350739,46.46555826407447],[77.26938096788231,46.49149440774648],[77.24727539062535,46.47903374150964],[77.18691514756978,46.472411562688066],[77.16901475694482,46.49221950540306],[77.12479871961847,46.47151258265291],[77.11233669704899,46.44417181658449],[77.03809787326428,46.464487843067175],[77.00525878906296,46.46345485695583],[76.93845323350735,46.47270344636872],[76.8942003038198,46.48724717467221],[76.88711805555583,46.47388237432038],[76.81949544270873,46.48147948803821],[76.79696072048641,46.506087506709875],[76.76254231770866,46.52464734829603],[76.71705023871567,46.527298172949756],[76.69828993055586,46.54029486349234],[76.66999728732686,46.535552838751045],[76.6294742838546,46.54388617208731],[76.59876790364623,46.52611381965066],[76.57059624566006,46.53277506097245],[76.54572916666694,46.52778428406093],[76.45203721788249,46.5359054863207],[76.44526529947959,46.544772131288944],[76.40309624566021,46.5405582641],[76.28411621093801,46.57167154536063],[76.26834418402817,46.58612494163291],[76.19728569878502,46.5588704385855],[76.19576822916713,46.528676482411996],[76.18414930555616,46.52149576409363],[76.13146484375045,46.52219834655905],[76.10502224392405,46.54586398241782],[76.07475206163217,46.54138617208642],[76.04331814236156,46.51403672546254],[76.00955674913216,46.514028858709004],[75.98111545138926,46.504647348289154],[75.94390299479193,46.54805636523097],[75.90706542968792,46.53770290385597],[75.88444661458362,46.55045355490203],[75.86472493489606,46.54555283875448],[75.84378363715314,46.51866346157519],[75.80679633246562,46.52823811435621],[75.79849283854207,46.55120171028421],[75.73102322048639,46.543039546652906],[75.67846462673634,46.52683322069266],[75.65390787760452,46.477502708523026],[75.61025553385441,46.47956406920081],[75.59988878038217,46.469175885603526],[75.53473307291699,46.46480251320621],[75.52546278211825,46.48076578361092],[75.57778049045163,46.50305283874006],[75.58249728732658,46.51577066643536],[75.55481608072938,46.52719509135258],[75.51236599392391,46.55941758485291],[75.46521592881963,46.607333709001075],[75.47266221788215,46.62047498504722],[75.51287055121554,46.63270371769036],[75.50257595486153,46.6546223917427],[75.49683159722247,46.68138617213374],[75.4590315755213,46.670112843136955],[75.4048133680559,46.62591525197618],[75.38946940104199,46.59679415821636],[75.40110839843777,46.55221950542351],[75.42151475694482,46.54886555576966],[75.44405598958372,46.51514431009836],[75.41837619357665,46.50420925150085],[75.375598415799,46.499737137783995],[75.35194444444464,46.54146348328438],[75.29060438368094,46.52384765211513],[75.24863606770856,46.495863711133474],[75.24501953125018,46.48002603751694],[75.13930067274323,46.46787217466561],[75.14251844618093,46.49723116990141],[75.09360839843764,46.47722493074509],[75.06477484809056,46.45008408872202],[75.0463970269099,46.40167507177836],[75.01535156250014,46.38084797758718],[74.93176595052095,46.40216687950414],[74.90499728732658,46.416113819613116],[74.8787418619795,46.39417073149795],[74.8600840928821,46.32333251532781],[74.85676595052111,46.26630397798165],[74.79519802517393,46.21753471798225],[74.78560546875025,46.176682938454036],[74.80250271267391,46.1419471528516],[74.80444173177113,46.11485351134901],[74.76973578559056,46.09387450743546],[74.71446343316,46.08916394970815],[74.72081380208363,46.11081542541011],[74.67510525173628,46.105885683654904],[74.64505642361128,46.08253064892469],[74.61948187934057,46.07780815543332],[74.58819986979198,46.03721652130448],[74.54388075086831,46.019458546037775],[74.53785373263918,45.996701384571516],[74.51006781684036,46.000528695770655],[74.46088080512185,46.02441405819232],[74.43944173177096,46.04833604170764],[74.40982855902796,46.04208007382351],[74.38392144097247,46.02584336591861],[74.34378417968759,46.01889322485705],[74.32825520833342,46.039192432763485],[74.2677856445315,46.00876572919379],[74.24779188368085,45.99363036677522],[74.22473795572945,45.95255533420862],[74.22534912109387,45.9339358138029],[74.25725992838552,45.90748914495653],[74.273522949219,45.881793344166184],[74.28666395399323,45.82083061627997],[74.28223904079873,45.80055880637672],[74.22610839843757,45.779169374945575],[74.22170762803842,45.721447749490736],[74.22858588324674,45.69388915573077],[74.24985215928831,45.648815370992374],[74.27002468533006,45.62365776464655],[74.2534152560765,45.600022781999115],[74.20130126953138,45.57836208320651],[74.18618787977442,45.59653428373385],[74.15553738064244,45.58498805977132],[74.13618245442723,45.556198725993625],[74.08835259331624,45.53862846774064],[74.06357014973975,45.50103949203247],[74.07616590711824,45.47468966563392],[74.07806911892362,45.44197807708025],[74.06915852864597,45.42054253019742],[74.08194417317719,45.37219454840891],[74.0516417100697,45.333920351346165],[74.0769520399308,45.32301214821707],[74.09469156901069,45.30057019942406],[74.15222520616334,45.30916937477445],[74.15231553819466,45.28143825497263],[74.1386314561633,45.23974120634601],[74.13987223307304,45.1591498434688],[74.1458363172745,45.118052838245184],[74.14445448133694,45.08023762555737],[74.13546739366329,45.06220702659222],[74.10334743923619,45.057241206277816],[74.0989067925348,45.04406792068265],[74.03309190538221,45.055902773117616],[73.98861382378487,45.08652017764322],[74.01069525824676,45.17156737819572],[73.97680501302102,45.18372883653359],[74.00960123697939,45.20994465685575],[73.9088951280383,45.21794541640736],[73.87665934244819,45.22673068116759],[73.87402669270847,45.24622395374432],[73.84110839843754,45.268934999759765],[73.8173857964411,45.27234266035121],[73.79832763671901,45.28916666209363],[73.81388617621538,45.302502708105486],[73.80947564019112,45.32388454405071],[73.70972493489597,45.353352317499116],[73.72960774739624,45.36222764302324],[73.71530110677094,45.38101724806481],[73.68577121310783,45.38780272983827],[73.67610812717054,45.433020286278506],[73.66094862196184,45.43676160572429],[73.64429307725715,45.49046549029248],[73.5636159939238,45.53239718518627],[73.54529052734387,45.55687716566396],[73.49697428385431,45.571386171745566],[73.45145155164948,45.564169374867944],[73.43019911024311,45.580966792408745],[73.41395589192717,45.622686084958616],[73.41738064236132,45.658441835839575],[73.4456863064238,45.68285779721988],[73.47902886284737,45.663391651379655],[73.51442735460074,45.666363927856295],[73.51470675998272,45.70711533846135],[73.5048933919274,45.722661399664844],[73.52912923177098,45.73246934237667],[73.53448513454877,45.7488915971569],[73.50289306640632,45.76940130853571],[73.44360839843773,45.765275060704454],[73.39975640190993,45.79045192703286],[73.40577907986113,45.81026258242184],[73.45192437065987,45.80998616098087],[73.46333062065986,45.836669374966064],[73.49462266710088,45.83914468963704],[73.53184787326427,45.80118326384224],[73.55739339192723,45.79362738276321],[73.5957131618926,45.811007482595755],[73.58808295355908,45.83599364796921],[73.60676866319466,45.88508924260483],[73.63341932508688,45.88614881291766],[73.64583062065992,45.91692545138351],[73.63416395399325,45.949169375006086],[73.64849473741329,45.97006347223569],[73.6752750651043,45.98089680557281],[73.71721950954866,45.974447152792706],[73.71548638237869,45.997133242210545],[73.73305284288223,46.00606499134567],[73.71352647569455,46.03554144534912],[73.65152994791679,46.049774843791546],[73.63805826822949,46.078853077308764],[73.64571994357672,46.111744787389625],[73.62831081814244,46.119995112913536],[73.66783311631951,46.16653021492616],[73.73352539062505,46.17289740242838],[73.73456651475713,46.188999019187406],[73.77016547309056,46.19335720061262],[73.80081380208354,46.18032361770874],[73.80366048177092,46.16778591154136],[73.83323567708355,46.15658582473175],[73.85528021918415,46.193767628130054],[73.89056369357644,46.206658253134606],[73.92180419921897,46.206060379870536],[73.95065565321187,46.19538546667231],[73.99507812500012,46.16889159730549],[74.03064371744806,46.216013721887876],[73.99960422092035,46.224252925449676],[73.99255316840294,46.23973388248638],[73.9558897569446,46.256168344297535],[73.95265407986129,46.28033528224],[73.98833604600713,46.316669375134474],[73.97744873046895,46.34887694893035],[74.01495605468779,46.35126600058047],[74.01952690972234,46.38259331178907],[74.05023546006964,46.40345946848046],[74.06841145833351,46.43477457265775],[74.1211300998265,46.45335286042444],[74.16028049045148,46.44889159740213],[74.18513970269117,46.43363389340385],[74.21860839843771,46.436342226738084],[74.22297173394102,46.45592067726573],[74.2850699869793,46.493356658181185],[74.32286105685796,46.493638233702185],[74.33593505859392,46.50981092250976],[74.3841172960071,46.52700303406069],[74.3852647569445,46.560780703343035],[74.40105007595513,46.575823563591214],[74.44211181640648,46.57943250456455],[74.50436387803842,46.601934403443686],[74.52751491970497,46.598612734605794],[74.54151285807306,46.61637532141739],[74.52917399088557,46.63449625241303],[74.5516639539934,46.669114850515044],[74.54785508897584,46.712770720755366],[74.58694715711823,46.74501410184255],[74.62913519965291,46.731114633521905],[74.64474772135446,46.74528591173842],[74.68972493489599,46.76055283882686],[74.70995930989612,46.77527506105408],[74.74393229166697,46.764499778932525],[74.77322157118073,46.77080077719841],[74.80627766927097,46.75694715306178],[74.83857042100725,46.766941727717956],[74.86304958767393,46.762894689956326],[74.85977701822947,46.802024464274844],[74.88180609809059,46.81005099422532],[74.94166666666689,46.79027343345495],[74.95896158854187,46.807943789363556],[74.95250922309059,46.82522270646995],[74.98386718750015,46.83114230282615]],[[75.54169921875022,46.678106821004135],[75.50545301649328,46.67827663437228],[75.50486490885436,46.653040631759566],[75.51404242621572,46.63273247203046],[75.52093695746548,46.59574815127155],[75.54263888888943,46.592638884777394],[75.57081488715306,46.62811658661228],[75.62441351996563,46.624702144336865],[75.63049750434055,46.650190154328094],[75.60500759548641,46.651348194693185],[75.54169921875022,46.678106821004135]],[[74.07155843098985,46.31756184475286],[74.0419080946183,46.31573702921413],[74.03236490885428,46.29895290377421],[74.052176920573,46.28978216809399],[74.06496826171883,46.245686573460716],[74.10271457248291,46.259440099941166],[74.08426323784732,46.31569416897089],[74.07155843098985,46.31756184475286]],[[73.74172688802088,45.49510687484289],[73.69166178385427,45.49488958968651],[73.69101535373284,45.45769910573186],[73.69885172526062,45.44611815954718],[73.74111626519101,45.431917313187775],[73.75164523654519,45.40734428800513],[73.77697048611128,45.41718803800867],[73.76025417751742,45.4449031530362],[73.78619873046897,45.4787613887257],[73.7694390190973,45.49888345904556],[73.74172688802088,45.49510687484289]],[[73.86526936848969,45.39747124112664],[73.84607286241334,45.380277773238355],[73.89048339843764,45.36212998677327],[73.90203640408014,45.394392899111445],[73.86526936848969,45.39747124112664]],[[76.83203233506994,46.57039767383239],[76.79579698350739,46.55892604839443],[76.84216634114625,46.53055012607594],[76.86864854600742,46.54302761088911],[76.83203233506994,46.57039767383239]],[[59.598047417535376,46.31583604180077],[59.69258192274379,46.326107580432904],[59.73849772135486,46.32193548841758],[59.757897135417295,46.31333956827563],[59.80000868055624,46.27968125663218],[59.81180392795199,46.255624724505786],[59.806539171007664,46.2031648720569],[59.83092502170206,46.152312821257944],[59.832360568577265,46.122514372896944],[59.771800672743765,46.08110513894147],[59.78290093316029,46.037532276512835],[59.80655598958413,45.9994734657356],[59.808317599827035,45.98207491972259],[59.839408637153426,45.96744547093248],[59.90482150607703,46.00767876087737],[59.94869574652848,46.048212072523576],[59.96216145833408,46.04746445967604],[59.99472873263955,46.07574652348809],[60.02280761718834,46.08110839414973],[60.02846842447986,46.05010253476381],[59.98620442708402,46.03381184465392],[59.98086588541736,46.02167235897261],[59.94695746527844,46.02195257815673],[59.91278049045218,45.99472493057765],[59.920657552084094,45.95832464844672],[59.89290852864656,45.93865640842237],[59.92679090711884,45.92525118923354],[59.92114474826457,45.89200791665245],[59.93739257812564,45.87333061629848],[59.978581271702176,45.858608394070984],[59.93024685329925,45.838981386685546],[59.97221354166737,45.83056368919994],[59.97513834635503,45.847146262990634],[60.04935329861189,45.85193792965895],[60.08338758680617,45.84554036021238],[60.130275065104854,45.818052567233735],[60.148907877604806,45.83416394961787],[60.20908311632024,45.84399305118401],[60.25868326822984,45.81490776471516],[60.24701985677147,45.77866183371273],[60.25583062066044,45.741607254706295],[60.185588650174225,45.741091032917936],[60.107780490452235,45.751386171810516],[60.017831488715885,45.74862304246933],[59.970479058160535,45.741161291164474],[59.8294471571188,45.70944172735099],[59.7788427734381,45.71055283846248],[59.74029947916744,45.684244787237795],[59.74345052083417,45.67271266917801],[59.73071451822983,45.61973388226671],[59.75661349826448,45.57086533841209],[59.79093261718822,45.568617617057185],[59.90148491753553,45.5804185610717],[59.971164822049275,45.59671928807428],[60.0183631727437,45.5975027082133],[60.0926925998271,45.62770615874524],[60.14089572482714,45.626091575411195],[60.18396158854251,45.61589219389713],[60.24972222222293,45.61592067697007],[60.27721733941058,45.602542313249934],[60.30360839843831,45.56715955499061],[60.29168402777873,45.54135606105758],[60.30565592447983,45.52243055106797],[60.288336046007586,45.51439262788795],[60.31577256944524,45.48420165565478],[60.336134440104956,45.4157644268971],[60.37738009982716,45.361091032779676],[60.39281575520909,45.30998154925397],[60.40388617621613,45.30022189213221],[60.389525282118825,45.269213320072154],[60.367681206597865,45.248755963293746],[60.36100151909806,45.20861381918164],[60.33581868489659,45.220831701130585],[60.31805826822988,45.24411512127818],[60.302224934896685,45.21523708307304],[60.28498046875073,45.22583007352833],[60.264759114584066,45.201421978901216],[60.274251302084004,45.17693087646158],[60.27006130642434,45.14190700492067],[60.28804904513954,45.10345051619099],[60.345319552952056,45.02188530348678],[60.38605414496596,44.991609695836495],[60.41741319444514,44.93347004737701],[60.440669487847856,44.87477375829243],[60.45708984375095,44.85855793797368],[60.47981879340362,44.80652234767605],[60.51377441406327,44.76728786415407],[60.56424316406316,44.71755750389195],[60.56599880642425,44.7044010368732],[60.594554036459144,44.67529296394522],[60.58072048611182,44.645857742579736],[60.53513075086903,44.61888779899304],[60.49834364149386,44.61118760367749],[60.47071397569534,44.57759385366445],[60.466669379341056,44.53220322864692],[60.48304524739654,44.503433154850974],[60.466038953993966,44.4767187451184],[60.46465983072987,44.44591145343977],[60.44802842882012,44.42058593259655],[60.40346950954931,44.37443413136324],[60.39986870659812,44.36166937441379],[60.34734971788269,44.326107308427574],[60.311241319445216,44.32037597161995],[60.250838758681255,44.2905788795941],[60.2293088107645,44.26944715215522],[60.190990125868716,44.21223144032712],[60.15107042100772,44.202860780601206],[60.12931640625083,44.178057178160884],[60.10986653645902,44.17444986479137],[60.097503255209006,44.145465489779816],[60.031624891493834,44.12376410088234],[59.999317491320184,44.09636121458684],[59.95286187066034,44.07351399235535],[59.90042426215343,44.05542208696626],[59.81291666666744,44.04458332828132],[59.700863715278444,44.0545784454729],[59.61136990017421,44.06639159651933],[59.59440104166749,44.077263992356954],[59.566034071181136,44.06958983870795],[59.43630533854225,44.06531412256048],[59.39412190755268,44.068701709367325],[59.34395345052137,44.081790359546225],[59.28364095052138,44.103349061811706],[59.23000135633754,44.12791720418259],[59.14635769314298,44.18404947417015],[59.07874891493117,44.254942486350906],[59.07044108072972,44.27495550719214],[59.0243508572056,44.31180121033163],[58.973752441406994,44.31590114522926],[58.9079001193582,44.30340060268944],[58.872811957465785,44.30195203498063],[58.8267732747401,44.3081287927955],[58.78672743055603,44.30152560268866],[58.64967963324711,44.31176269036641],[58.59680284288266,44.32072536398096],[58.46559461805624,44.32042045946694],[58.39102837456646,44.32363280755847],[58.34132269965352,44.33084634922804],[58.305595974392986,44.34288465218413],[58.26491400824721,44.37761772511444],[58.242189398872135,44.41756726940093],[58.226464572483216,44.46102213052906],[58.22453342013954,44.5047808111015],[58.24788519965324,44.55157388837662],[58.292823350694945,44.58543076773001],[58.30527669270895,44.60772026426634],[58.277958441840944,44.676553272105416],[58.25041232638938,44.71453829816174],[58.214447157118684,44.794752056872944],[58.21121717664977,44.853066944047924],[58.21528754340341,44.88145019058645],[58.23963243272618,44.92820746056952],[58.27194173177139,44.965712343396135],[58.29530951605949,45.044790576932904],[58.3228152126743,45.085585932850954],[58.346025933160305,45.09800183997368],[58.36298014322966,45.13869031655133],[58.379054904514355,45.20788085477163],[58.39863986545201,45.232619895579475],[58.39946614583414,45.25954101104091],[58.41922824435823,45.29981716122936],[58.453557400174304,45.34117566818912],[58.48981391059111,45.36727375847648],[58.53506374783047,45.41152234790248],[58.546647406684585,45.47413166867189],[58.55899061414983,45.493803163904744],[58.56453260633758,45.531031354022524],[58.59377821180624,45.57101290785642],[58.59704427083391,45.58691487183809],[58.62724717882014,45.609555388339245],[58.62644341362908,45.643305388351465],[58.63567816840334,45.66234157542432],[58.64265462239654,45.724530431783585],[58.669638671875596,45.79296711800606],[58.68563123914998,45.81790038624402],[58.72729953342064,45.86313177731919],[58.75604275173679,45.87766872393894],[58.77649007161522,45.877139210049926],[58.78572265625064,45.89721516491808],[58.814769694010984,45.92139132595097],[58.866557888455475,45.93468695312585],[58.89655381944505,45.935830616320736],[58.953387315538855,45.92532470268857],[58.97861382378534,45.92971950520746],[58.97103298611171,45.95204589410418],[58.999551866320296,45.973906516941774],[59.038135036893095,45.95641004341132],[59.068725857205486,45.953886985684775],[59.1179847547752,45.95916394966225],[59.18248399522628,45.94663519531754],[59.22376573350776,45.97641411242878],[59.25027506510492,46.002780486136174],[59.30585774739649,46.01268554256317],[59.33680718316043,45.99636745444976],[59.34979220920201,45.97680826390469],[59.3524753146707,45.950742996968394],[59.30481825086865,45.91300102646892],[59.261561957465844,45.86776258244246],[59.23133029513957,45.795515403597165],[59.22868869357699,45.761207406623015],[59.25215630425429,45.74097655809161],[59.28387396918464,45.73972493048689],[59.31750976562557,45.75641411235053],[59.393661566840876,45.76675563796188],[59.46278049045213,45.7441693749329],[59.48178873697981,45.74858832024697],[59.535838216146495,45.7816639495991],[59.57863009982695,45.76815998909083],[59.57793457031317,45.79999999561284],[59.61864474826449,45.851477317679624],[59.67097493489654,45.961385629350595],[59.687347547743734,46.0396538585449],[59.682022569445095,46.06260280603562],[59.690467122396626,46.09624728304396],[59.56547363281332,46.23050021277824],[59.53502061632014,46.2736512544598],[59.4862698025181,46.31184624145219],[59.52645887586856,46.33663953573162],[59.57237738715338,46.33582681871737],[59.598047417535376,46.31583604180077]],[[59.141070149740344,45.65904486318351],[59.11384602864637,45.65916394955508],[59.10033772786517,45.60857882583887],[59.07335449218812,45.581947152652106],[59.049027777778505,45.597497282866115],[59.03360839843804,45.58110839397128],[58.98468343099016,45.58305419475326],[58.96779920790004,45.596050614028734],[58.91367811414983,45.57912868476922],[58.878049316406816,45.5555560936148],[58.835340169271475,45.51199679455384],[58.79611626519152,45.49809054454878],[58.76737901475759,45.47898816823965],[58.75955376519165,45.4480693856763],[58.732836100261125,45.41460394512581],[58.72763292100763,45.363579639551475],[58.75036838107695,45.33979274718169],[58.73268174913248,45.2634917488895],[58.75256483289984,45.23114637127337],[58.77679958767414,45.22305066814546],[58.78892768012208,45.19762749105259],[58.83221950954929,45.17265678791821],[58.79686523437551,45.148258458916104],[58.80053276909791,45.12522243460192],[58.777280544705434,45.121449105607404],[58.743283691406816,45.09873914466144],[58.71284884982709,45.090235997957],[58.64948106553889,45.02449109775874],[58.68391194661524,44.99944389722833],[58.662491590712406,44.97250108037808],[58.66805148654573,44.957924799990444],[58.71550265842086,44.97886718281092],[58.75055284288254,44.979495438019384],[58.750405544705416,44.99751084601229],[58.77017388237914,45.021640620327126],[58.8631396484381,45.059431961486936],[58.91033528645886,45.064845372947396],[58.958675401476405,45.05526800749241],[58.98721950954923,45.03750270800657],[58.94978841145887,45.02771972189169],[58.92640245225749,45.04112521234826],[58.89619439019174,45.02616373230785],[58.869042154948424,45.00028048577036],[58.85555284288261,45.00139159688187],[58.83490288628531,44.97391275572577],[58.80408094618122,44.96456379738887],[58.811612413195114,44.918594287822756],[58.78739149305607,44.89741047705092],[58.752988009983184,44.88497341107401],[58.758052842882655,44.85065754734561],[58.75916558159793,44.78885904471796],[58.79732177734428,44.80992078517748],[58.82841986762219,44.80123588934085],[58.860830620660415,44.75444172699638],[58.87525933159793,44.743957243485376],[58.87808024088615,44.706250537741965],[58.89027940538251,44.67530327210492],[58.88864149305612,44.654481874527406],[58.859724934896406,44.63494465663804],[58.84586968316029,44.611978619302775],[58.8229020182298,44.602502707840735],[58.81416395399384,44.62745930507261],[58.82958468967075,44.63737955247236],[58.81016248914983,44.655328228694465],[58.79128824869842,44.6451133849406],[58.772513834635966,44.673734261687684],[58.73666937934091,44.68916394919355],[58.702350260417184,44.682224930093746],[58.665483669705495,44.70405978253267],[58.673374837240154,44.72550672264501],[58.647542317709046,44.736407330288124],[58.62169731987904,44.72336045528315],[58.60168050130261,44.6939838276677],[58.702014702691585,44.65183539015156],[58.72209337022621,44.63086316792119],[58.712239583333876,44.56679090227136],[58.734227159288764,44.562282981262676],[58.74211317274359,44.54159830243532],[58.7344582790805,44.48165255588415],[58.714315321181104,44.454879552401565],[58.676831597222815,44.479997282446085],[58.660002712674164,44.46004068521608],[58.668366699219405,44.42480956541061],[58.69475016276095,44.4074370610636],[58.74577582465331,44.386159391784446],[58.83108127170208,44.34139159662794],[58.85545030381996,44.34159775982252],[58.9352549913201,44.359724387433815],[58.984281412761206,44.361592334483156],[59.01083821614655,44.378370220774464],[59.05181315104226,44.366683480318386],[59.07061930338597,44.37381672684919],[59.05565266927163,44.415097108809604],[59.0277460394971,44.465424257266704],[59.00071750217075,44.477754443903564],[58.96083604600767,44.482192377933],[58.981148274740164,44.50576279894906],[59.00387179904571,44.550832785945765],[59.0499937608514,44.5472010585138],[59.08951633029567,44.497855355369666],[59.11457790798663,44.50453884061529],[59.170087890625545,44.47860622341766],[59.15472493489653,44.56250270782541],[59.12586208767418,44.65671494744508],[59.12333062066028,44.696947152321634],[59.16610053168467,44.72600639712441],[59.188198784722886,44.756842443143114],[59.25201036241402,44.82350205688388],[59.26860839843823,44.86305826349618],[59.28965277777838,44.89341904909799],[59.307382269965906,44.937063797378414],[59.345280490452126,44.982775060416465],[59.36706732855957,45.016652013554264],[59.40424994574715,45.114063580431086],[59.41428439670204,45.151385629056186],[59.419814995660424,45.23468749540656],[59.39178059895908,45.32734700064923],[59.37333062066046,45.409441727241955],[59.37527642144176,45.455013016321175],[59.38715277777833,45.466687007210844],[59.38999728732721,45.50303656234569],[59.38380398220555,45.550861269394304],[59.34185356987905,45.55122910793613],[59.364284667969336,45.504666065384406],[59.32597900390692,45.45388590043537],[59.349163953993745,45.392829314041435],[59.33918185763939,45.34301106315498],[59.32315809461886,45.306202794912245],[59.33673149956665,45.29059352841343],[59.32195095486179,45.274135737608766],[59.30335123697983,45.33969183572339],[59.27194715711863,45.39512911872976],[59.29131510416744,45.41703233054338],[59.29047770182343,45.48317192475158],[59.30248182508751,45.53174722858874],[59.29151448567773,45.605606820629475],[59.29360839843814,45.62132622167675],[59.275778266059596,45.654559999900584],[59.240822211372105,45.64519015397719],[59.20843505859443,45.651984858840656],[59.184760199653496,45.637172575849206],[59.141070149740344,45.65904486318351]],[[59.0951999240458,44.42026420950613],[59.07443901909788,44.400838753769364],[59.11847222222286,44.375138883967566],[59.1244501410597,44.41167154457228],[59.0951999240458,44.42026420950613]],[[60.61089816623296,46.772926699508474],[60.63772956000464,46.77279540610569],[60.67018961588587,46.76057155627509],[60.7499479166671,46.752603891341984],[60.78470865885464,46.74358181017571],[60.8060959879561,46.70532470295808],[60.78012152777812,46.660364579245055],[60.78325242784331,46.63530462914986],[60.76958902994829,46.57612738303608],[60.7938635932079,46.55973008485341],[60.83916388617654,46.50666394985263],[60.87749586317319,46.48089870461833],[60.91769734700557,46.46612114384936],[60.95059529622432,46.46191975495899],[61.03033494737445,46.46167968334431],[61.083771837022866,46.45596489384599],[61.12934922960101,46.434447152953055],[61.1666251627608,46.451109750615075],[61.222446017795555,46.457594668152026],[61.26722425672791,46.495444060526104],[61.2822654893667,46.53448458788297],[61.269677463107925,46.55566215950482],[61.28884345160628,46.58214653451378],[61.324725748698306,46.58336452496558],[61.33012790256116,46.606538895633165],[61.36291748046938,46.60635470509485],[61.37318413628503,46.58623100717139],[61.34950168185809,46.54486436219214],[61.30068101671054,46.49555934915454],[61.265986328125436,46.483288027535714],[61.261124267578396,46.433005909463],[61.2721093750003,46.39516329877297],[61.266050889757246,46.34436278877281],[61.241300862630624,46.30175455308105],[61.22090671115488,46.25466715072104],[61.16130316840308,46.22502223968641],[61.11275838216175,46.22583061642302],[61.085950656467496,46.19958332908731],[60.9968055555559,46.18618679045417],[60.94725158691448,46.162814123345356],[60.92208116319472,46.14230088549093],[60.88626356336833,46.143948563442954],[60.864075656467364,46.153997662838904],[60.82864101833809,46.13861381951743],[60.830303344726936,46.118360455795155],[60.79745286729627,46.102804086432],[60.779488050673194,46.11779486334702],[60.823926866319866,46.172125918053446],[60.83353339301249,46.19524983299213],[60.826681789822324,46.21976751963256],[60.77368937174508,46.28950547538587],[60.737605658637506,46.34972140422607],[60.735586140951,46.38220729833456],[60.70030334472682,46.385552296165486],[60.68242818196649,46.35695963122502],[60.652501152886586,46.35975341377825],[60.60028998480958,46.32093125664674],[60.54034037272181,46.30555826401993],[60.48463677300373,46.327206484513496],[60.443423631456476,46.352527393810334],[60.40497494167771,46.397004661620755],[60.35726301405197,46.40111381960832],[60.328188883463845,46.41125542117446],[60.27775424533457,46.38356119373425],[60.21856955634256,46.38038356786511],[60.12745903862873,46.3624772093521],[60.08828013949961,46.37762993288166],[60.062552295261355,46.409407005375016],[60.03749722374847,46.41471950537681],[60.0005582046511,46.44305853533448],[59.983874994649064,46.46779133699221],[59.98248179329796,46.49688204880766],[59.997241611481,46.56214490690274],[60.03851817660881,46.59850558399848],[60.1121414354115,46.61683159311929],[60.220293646918726,46.68372883706542],[60.2729215833878,46.700550126133585],[60.31099012586856,46.6847081122394],[60.35417534722246,46.636397022813405],[60.37971920437327,46.579175071839195],[60.40026299370691,46.49919731573564],[60.4280527750654,46.5258360418731],[60.45572109646292,46.565319277563674],[60.464719441732086,46.607775060998094],[60.56270806206629,46.56235676671201],[60.60868570963573,46.56621039084526],[60.66571289062539,46.58860839432509],[60.73012091742651,46.62607502845226],[60.766305541992665,46.64040472680771],[60.752201877170535,46.65605495467769],[60.707446763780915,46.67438367647197],[60.65251905653247,46.70988362223038],[60.56561509874177,46.739465056702215],[60.545727844238726,46.77198838570608],[60.57813137478342,46.782458763313784],[60.61089816623296,46.772926699508474]],[[31.911805555555706,-2.722361108092187],[31.86801961263041,-2.718747013044067],[31.87129896375876,-2.694495982254531],[31.843275010850896,-2.685307614208963],[31.82865410698792,-2.692995873748933],[31.81975206163213,-2.71833251651671],[31.83775675455752,-2.73746012066251],[31.8252830674914,-2.74756537238765],[31.84789930555576,-2.794594180930174],[31.847753770616464,-2.815848792452143],[31.813758816189242,-2.813008351916709],[31.814649929470644,-2.83428466482777],[31.80307929144988,-2.84721570865069],[31.78670979817724,-2.843713104487843],[31.776887885199812,-2.817323401825614],[31.787663845486236,-2.783566891445633],[31.78212320963564,-2.751803382365418],[31.790579833984395,-2.729525821626095],[31.75638102213565,-2.716658796900184],[31.763945990668446,-2.69629584119356],[31.783608398437647,-2.685307614208963],[31.76330796983512,-2.65928357994927],[31.79021931966167,-2.648004011819218],[31.802736952039993,-2.655552839935742],[31.835067138672002,-2.611758894671314],[31.815434570312732,-2.602502709785603],[31.760116509331734,-2.634631616000458],[31.745836046007067,-2.61182345630294],[31.744595811631996,-2.55732882745649],[31.727475043402876,-2.562383352190544],[31.71363064236112,-2.531713864376878],[31.718608398437706,-2.514441728978904],[31.795448947482726,-2.501309947309452],[31.79121514214415,-2.429273000773671],[31.74805826822927,-2.410885142720998],[31.758224962022716,-2.388568248214183],[31.749498969184174,-2.353153209190275],[31.756933458116468,-2.341235077693232],[31.719751654731112,-2.329832082914102],[31.71596232096374,-2.354929196601641],[31.65828613281252,-2.379695906644076],[31.64056057400176,-2.369880097192943],[31.628360053168468,-2.344782169702937],[31.65647176106785,-2.298085934945419],[31.65545572916687,-2.257299530910381],[31.66360839843759,-2.239609372509668],[31.668845350477618,-2.202828773591828],[31.69611463758701,-2.147776690319066],[31.67727796766502,-2.132640242853067],[31.690773790147766,-2.121754012396301],[31.701865776909756,-2.090391436476016],[31.68861382378486,-2.064485132250777],[31.696999647352644,-2.023570690021804],[31.684368489583388,-2.01427788404254],[31.660071207682446,-2.046928708659137],[31.63311645507809,-2.044408906144723],[31.621741536458387,-2.086860891774875],[31.603713921441113,-2.08397542085807],[31.61195827907994,-2.046974010308469],[31.611695014105923,-2.005995548982122],[31.625583089192727,-1.963946395382554],[31.644312201606112,-1.95762179686543],[31.655073513455026,-1.935012747411274],[31.687934434678883,-1.901686195798701],[31.688763020833328,-1.872342120310298],[31.70170260959202,-1.85523247406183],[31.704879557291804,-1.774265948543788],[31.725836046007032,-1.733891599630113],[31.728857828776142,-1.655558266383499],[31.744436848958458,-1.645571558495305],[31.745784098307293,-1.628114554391346],[31.75927205403656,-1.606991371905995],[31.748330620659882,-1.50638617453497],[31.75085232204862,-1.478330619010423],[31.771669379340437,-1.462497285694799],[31.783316650390642,-1.483037921522657],[31.803876953125094,-1.47961479869662],[31.801930474175435,-1.462785778533013],[31.81641316731793,-1.446447481025126],[31.803700629340305,-1.43140529896712],[31.81608954535602,-1.396193710464612],[31.81481716579873,-1.345107556007373],[31.838832058376795,-1.328303356807382],[31.864848225911537,-1.269511174798079],[31.87118191189239,-1.219003904888985],[31.86333604600713,-1.211418726946047],[31.87720987955742,-1.172508001077907],[31.870137396918437,-1.140300427328999],[31.85668782552085,-1.136176756543681],[31.866941731771078,-1.101685654151253],[31.848102213541722,-1.076771510299094],[31.867780490451484,-1.060002711489628],[31.87667466905395,-1.038347302442312],[31.84309299045162,-1.034197183089247],[31.842502712673763,-1.011113822655218],[31.828118896484455,-0.99905191945685],[31.821512044271003,-1.043543428738775],[31.809033474392375,-1.061590439352404],[31.774762641059056,-1.070655109481159],[31.764169379340323,-1.034806585215631],[31.789441731771035,-1.002252060512165],[31.767845052083548,-0.965358750006511],[31.77013739691841,-0.938529187319414],[31.76378119574662,-0.914223360523574],[31.77334730360257,-0.876122503361178],[31.735275065104183,-0.851113822833229],[31.71416395399308,-0.864441730804686],[31.695010172526164,-0.838417696545612],[31.69699761284727,-0.806655408169312],[31.70649061414952,-0.778244492402348],[31.726303168402804,-0.742617051036152],[31.760190022786674,-0.69539754154022],[31.806986083984555,-0.645015054617349],[31.785499674479293,-0.633755899356492],[31.787483723958527,-0.584066568357218],[31.818308376736233,-0.545062119616139],[31.845552842882,-0.489997218961522],[31.912885335286486,-0.435403102811514],[31.962224934895964,-0.383891804583156],[31.982780490451482,-0.336974351293767],[32.01234266493078,-0.304762233816916],[32.0347193739151,-0.299724866743463],[32.032031114366355,-0.278122422648614],[32.006142306857726,-0.265829874376929],[31.98223795572943,-0.236745469570016],[31.989453125000118,-0.207229614025752],[31.981669379340474,-0.186386108189688],[31.966679958767426,-0.176284654207965],[31.938358289930594,-0.198292982091279],[31.931327311198,-0.219031168374478],[31.943583848741408,-0.236081678338143],[31.94751397026926,-0.26082044784151],[31.932224934896,-0.282219441415898],[31.913907877604345,-0.279163885863549],[31.904169379340313,-0.261696573600322],[31.917218560113035,-0.230277777519963],[31.919515923394332,-0.20712626116133],[31.906113823784782,-0.177117716272973],[31.917375623915063,-0.140426635584814],[31.945845675998328,-0.127965087747221],[31.967597520616547,-0.102602606764243],[32.00085625542556,-0.088047553069481],[32.03805826822924,-0.088052774966267],[32.06197238498282,-0.098308376625854],[32.08333062065992,-0.088298271927404],[32.050309787326505,-0.068692830326239],[32.029985622829884,-0.072220187635873],[32.01945176866342,-0.039571160165643],[32.05137885199662,-0.043897196402136],[32.0892503526478,-0.025284559433141],[32.12362969292547,-0.057236022884817],[32.14278049045146,-0.060552774997122],[32.16448391384574,-0.07638753246635],[32.20139309353317,-0.072566731689148],[32.224489474826555,-0.032420857710743],[32.21106892903663,-0.016199476435503],[32.234136555989714,0.002245720755336],[32.257487521701535,-0.012304619668983],[32.26825032552091,-0.036855909517765],[32.28722493489602,-0.029458685947623],[32.30610839843763,0.00762105305178],[32.274927300347315,0.030548536478867],[32.26019775390631,0.015558336028962],[32.23444512261301,0.023880411757682],[32.23985148111984,0.036386108358111],[32.28643364800353,0.041318664505018],[32.34857042100708,0.015280558251521],[32.37636881510434,0.029714219802233],[32.37853678385426,0.061231621568183],[32.364724663628685,0.072226053793399],[32.36998453776061,0.087763875227875],[32.39553032769117,0.093352016768777],[32.39632541232669,0.071272515111665],[32.43689398871549,0.084935167006144],[32.44668158637176,0.118406880564561],[32.46403510199667,0.110275912691739],[32.441125217013955,0.066408114889245],[32.41779676649338,0.048336113770179],[32.41885525173626,0.035985887275684],[32.44638319227454,0.020409274608627],[32.46903401692719,0.038698526975308],[32.47968668619802,0.066874287848833],[32.49666937934045,0.072273898574067],[32.50414171006969,0.052509019581488],[32.53026638454889,0.05498606357822],[32.53275390625026,0.076395399220498],[32.55999050564264,0.060036315851219],[32.56333062066,0.078581203797073],[32.54916395399317,0.099719441620687],[32.58316487630219,0.103099500753161],[32.57036566840304,0.127689819193639],[32.59718587239603,0.135427008583892],[32.57983723958346,0.151337212287878],[32.579214138455136,0.176637301778098],[32.56670138888905,0.186392415156639],[32.616385904948174,0.203346693023912],[32.61772379557299,0.22230265274661],[32.63741210937513,0.248699069275311],[32.6391693793405,0.284557240486588],[32.651181911892586,0.290552774740664],[32.67455485026062,0.274372558287346],[32.662759060329954,0.24496353122082],[32.64956570095512,0.242432521973254],[32.64333604600705,0.22182340809121],[32.67781032986135,0.200020989088799],[32.655836046007096,0.184079250554098],[32.657224934896135,0.169458685791992],[32.68981852213562,0.162608947572682],[32.710542805989746,0.180853440824647],[32.741405164930654,0.167222052493726],[32.703063693576546,0.131936102826042],[32.68788709852441,0.137035386674616],[32.66622558593764,0.098313564614849],[32.69803059895855,0.086523878213076],[32.75166395399332,0.125258755014437],[32.762349989149584,0.113943956036392],[32.788584255642604,0.119939914145764],[32.788602701823265,0.140824822162925],[32.80199842664956,0.149854430985363],[32.821255425347374,0.135561116385347],[32.83027343750018,0.147375657658985],[32.84896131727452,0.144034084583265],[32.84482394748278,0.180431586170166],[32.86720838758691,0.164152696214406],[32.873847113715385,0.197982618323058],[32.901850585937666,0.176520521178883],[32.880506998698074,0.146324225368471],[32.872960611979465,0.118386501604346],[32.896663953993304,0.108684590536431],[32.89194715711835,0.079752129360346],[32.908950195312734,0.073811035074307],[32.96864501953155,0.082227003217931],[33.00083875868086,0.102911105571081],[32.99662516276066,0.122728881699113],[33.03061604817731,0.119048902590875],[33.03362413194458,0.134450446084842],[33.088810763889285,0.184114888303625],[33.09945773654527,0.210570000307493],[33.06666395399321,0.21027499705269],[33.04665852864599,0.220813327118944],[33.06653320312524,0.256544782564072],[33.111775444878724,0.252629173844717],[33.1127981228301,0.216897718399349],[33.130235460069684,0.217143384903412],[33.15194742838553,0.248330654290861],[33.14133680555585,0.299635755416289],[33.16330349392388,0.318330552487414],[33.187351616753745,0.31722500235843],[33.22055284288228,0.346113891215108],[33.241674262152905,0.355323231618141],[33.2725336371529,0.381262562644094],[33.20973497178835,0.402536586735758],[33.22165093315999,0.418886107930794],[33.253518337673825,0.441655094924977],[33.250818142361304,0.461383041290483],[33.290591091580154,0.46867205461499],[33.284794921875346,0.448854259413438],[33.311860622829954,0.427222221745066],[33.33595431857668,0.444163889918621],[33.359765896267604,0.450017021524284],[33.361580674913334,0.470439872216313],[33.38511800130249,0.467704333736645],[33.34569851345503,0.419231939907139],[33.3633740234377,0.380280557843549],[33.33935167100714,0.386053703724607],[33.33306884765659,0.363375574342009],[33.36079264322933,0.367497219099435],[33.386647135416816,0.336341772763508],[33.42162706163229,0.316731227945232],[33.43194173177118,0.34805833565727],[33.47869303385448,0.317583329588159],[33.48859429253514,0.295972425342232],[33.50361382378486,0.290869055529185],[33.49216796875015,0.267129618028526],[33.472641601562835,0.278235914131616],[33.421386176215606,0.273762444084542],[33.437230360243284,0.250263773321185],[33.42472764756974,0.241787109105022],[33.43259168836829,0.221228027096781],[33.45102213541702,0.220190039494887],[33.4844417317712,0.195836113605426],[33.51381754557326,0.192235446291547],[33.53959879557311,0.197705450896953],[33.54473036024342,0.178625318539825],[33.57767849392394,0.206939578355334],[33.602234700521024,0.204533080826379],[33.61869656033008,0.218336113580093],[33.62300618489603,0.260354088386678],[33.61920355902805,0.298872561650846],[33.6013107638891,0.316663885822617],[33.65819878472257,0.318030920733169],[33.67275878906287,0.305002780149844],[33.69054768880226,0.317710028399516],[33.73588894314264,0.317904883135652],[33.723651529948086,0.288863881106564],[33.70265163845522,0.281987982541106],[33.699673665364735,0.263773481286415],[33.74166395399329,0.25175409924715],[33.725264214410004,0.2403055485056],[33.72353976779533,0.215927157690818],[33.705041232639125,0.194906649901822],[33.72776475694485,0.191377970164005],[33.767481011284936,0.197497219289393],[33.77738172743073,0.18685424783835],[33.791669379340476,0.218058335802593],[33.81777262369809,0.185946688974338],[33.80722222222254,0.174142252410131],[33.82271837022591,0.142369316790327],[33.8351226128475,0.171533338567247],[33.85246853298628,0.186969299108126],[33.87623345269122,0.161473218949587],[33.89654215494812,0.167865023955466],[33.89586344401067,0.191099887210783],[33.933019476996776,0.230013427477605],[33.96495930989607,0.23111389134352],[33.97555284288228,0.257847001529649],[33.98971516927122,0.257978227115421],[34.01444824218777,0.226110551369783],[33.996225314670426,0.198144191944769],[33.99470703125023,0.138890211162325],[33.981393771701676,0.123992377248951],[33.97891845703168,0.101680569005646],[33.95127983941006,0.094047580190381],[33.95194173177117,0.055552775003393],[33.97278049045178,0.053336113764531],[33.98760145399325,0.035226203031984],[34.01239149305575,-0.022368401395739],[34.010699869792,-0.043477783154145],[34.03400010850726,-0.043365783642587],[34.042283257378756,-0.061556328598334],[34.03552164713574,-0.079480455097407],[34.10488471137194,-0.064982503182114],[34.128666449653,-0.066030612447145],[34.14487630208356,-0.081525336279704],[34.14579725477455,-0.111653238807051],[34.1367092556427,-0.128601752242667],[34.11608940972258,-0.120893825819287],[34.11172824435784,-0.138297525886622],[34.091118706597626,-0.146978895234333],[34.1168782552088,-0.167441812963194],[34.14676812066005,-0.207754245101557],[34.156644965278076,-0.197797240989419],[34.18861490885456,-0.201622178593571],[34.20277506510438,-0.215355970353457],[34.20998345269129,-0.239969143069002],[34.24553629557329,-0.236669718159235],[34.27072536892382,-0.26457546628363],[34.25148274739615,-0.289985758139003],[34.2504652235246,-0.304949272662177],[34.27414713541697,-0.331620754294672],[34.27275282118091,-0.348863389366618],[34.29416937934053,-0.349997219117806],[34.31244710286483,-0.373933918852451],[34.34918701171904,-0.348859523806693],[34.36678629557314,-0.32181423575096],[34.385633680555834,-0.311108330272482],[34.4016330295143,-0.291448363931596],[34.38255371093794,-0.232343342838481],[34.36499728732678,-0.237502780224332],[34.342514105903035,-0.218074747477194],[34.349136827257155,-0.193891669162102],[34.37458821614621,-0.194206474934369],[34.417463107639264,-0.177579548954721],[34.442105848524584,-0.17538425002055],[34.45896240234413,-0.164479369932952],[34.46803087022614,-0.180236002402308],[34.511145833333615,-0.194321424478566],[34.53381944444481,-0.168076782038244],[34.55999728732684,-0.154530096940229],[34.56522243923638,-0.142147216637337],[34.61660427517404,-0.146113891437742],[34.64740559895864,-0.115591633984946],[34.66746582031294,-0.112516682816515],[34.67761555989625,-0.098100653644308],[34.702168511285095,-0.09278944217014],[34.74416395399328,-0.121337212320495],[34.731391601562905,-0.14232706689761],[34.75895616319485,-0.161696912796286],[34.802840169271235,-0.211501871507969],[34.817536892361545,-0.25334350557578],[34.83387044270875,-0.25035834390376],[34.85498589409769,-0.276102294612825],[34.84833496093785,-0.310825805316116],[34.82136501736141,-0.330552774694897],[34.79847710503509,-0.308053927606645],[34.757252061632194,-0.295836113492667],[34.75466362847259,-0.315200059325733],[34.76677463107682,-0.326476440064384],[34.756985134548856,-0.351386108005266],[34.681899956597526,-0.355063272714678],[34.62908040364607,-0.340562269041388],[34.61061957465296,-0.347495862783897],[34.58405653211844,-0.344600015890446],[34.55315104166692,-0.326344400676439],[34.50392035590306,-0.336641777509343],[34.495443793403005,-0.344916652717081],[34.46197645399337,-0.353575032156476],[34.45067979600725,-0.382741156255472],[34.4551833767365,-0.417243041525265],[34.489997287326624,-0.451947224429327],[34.51360324435791,-0.468647596046931],[34.50564588758719,-0.489870265836359],[34.46057535807341,-0.520552028497653],[34.42252983941012,-0.538052774463402],[34.41435112847256,-0.524838730966708],[34.43917453342055,-0.50003641708379],[34.40444715711839,-0.472273898125901],[34.40417507595516,-0.456119587705939],[34.37105387369815,-0.453453911168131],[34.37030029296909,-0.478035616869794],[34.33697347005249,-0.490907320956994],[34.32480061848986,-0.453370428637831],[34.28562337239606,-0.472998521063856],[34.255829264323154,-0.436455620171488],[34.235177680121794,-0.439460652177637],[34.20444173177128,-0.431070284891024],[34.19493164062528,-0.453665296258919],[34.165869411892636,-0.481604749352831],[34.164458279080236,-0.537488063635001],[34.12261691623286,-0.54830525654826],[34.09169786241335,-0.569718762926071],[34.06333604600724,-0.568281656265525],[34.08042236328163,-0.596065469710991],[34.09658962673643,-0.605462374540006],[34.0647192382815,-0.633069660750515],[34.051636284722406,-0.663578558285828],[34.058508843316304,-0.677674695422711],[34.05377983940997,-0.705807969045997],[34.076663140191215,-0.740802136758633],[34.08392523871561,-0.78135959114051],[34.073422580295464,-0.794055039259791],[34.11892713758703,-0.816963567880092],[34.158979220920514,-0.844745957172204],[34.18832600911486,-0.851726073266917],[34.18944715711831,-0.882731525706036],[34.164931911892545,-0.892766112283571],[34.14364529079897,-0.917294378315258],[34.12278049045177,-0.980525715050373],[34.13903618706639,-1.005555554432054],[34.0765296766495,-1.037271591722936],[34.079848904080215,-1.058558212793236],[34.044045681423945,-1.097497286100675],[34.02889567057332,-1.09202867174032],[33.98094536675387,-1.106662325153005],[33.97016059027811,-1.125617267622989],[34.003526746962,-1.126171738108626],[34.00999728732677,-1.139271238961829],[33.98037380642393,-1.168127168834526],[33.916714409722545,-1.207580158156887],[33.89956868489617,-1.208219264058982],[33.879163953993384,-1.226898191989554],[33.86650010850718,-1.2527750637056],[33.87276963975728,-1.275025362074868],[33.8957972547746,-1.291906058670711],[33.92552571614601,-1.295275063658321],[33.98800157335092,-1.343187796895014],[33.95833333333354,-1.338186033662525],[33.9211572265628,-1.340830619162956],[33.90406792534736,-1.326684433198094],[33.848918728298884,-1.323613822307403],[33.824857855903126,-1.334942761096869],[33.79945882161485,-1.328013371998717],[33.797219509548995,-1.35444715560651],[33.8543166775176,-1.407905407500201],[33.82114393446205,-1.415726181146061],[33.807396104601025,-1.391395262119227],[33.77833604600733,-1.407666556589016],[33.7859667968753,-1.437644448265804],[33.80442789713561,-1.442638751645722],[33.83220269097245,-1.431392142499982],[33.85435302734397,-1.44200385038768],[33.86386962890663,-1.478019204080375],[33.88772976345513,-1.478870034157571],[33.899318305121874,-1.509716795191007],[33.92383463541688,-1.493070880495921],[33.94110839843796,-1.503303492246736],[33.91724175347258,-1.539718965296615],[33.88282958984399,-1.526375730719438],[33.83573676215309,-1.52914631990906],[33.811386176215535,-1.508613822101962],[33.77075520833363,-1.484447155462134],[33.73539469401078,-1.497673202539346],[33.710185004340595,-1.493065997683222],[33.691963704427344,-1.472514104260076],[33.67776719835102,-1.470026446927731],[33.66483506944473,-1.494308809097017],[33.68727891710108,-1.509604083602583],[33.69444173177112,-1.524659693394966],[33.679868164062604,-1.558131915579994],[33.654751519097374,-1.559713133026181],[33.649231770833644,-1.590606145144615],[33.693591579861334,-1.602755938968043],[33.69807101779537,-1.639998913102156],[33.71219997829876,-1.649352347336555],[33.70043050130227,-1.684432778070248],[33.672656792535,-1.676555173912296],[33.654570583767565,-1.685546330586269],[33.62798421223982,-1.66846557431187],[33.60595540364602,-1.684155678461221],[33.565894097222554,-1.684276663704129],[33.56875298394111,-1.7111223667994],[33.58907741970501,-1.717890216184216],[33.597297363281484,-1.73596923634641],[33.637118869358005,-1.751342771485799],[33.651669379340596,-1.775280488473144],[33.64583604600704,-1.785280488462117],[33.61475667317729,-1.780294458736736],[33.59566487630224,-1.763336044041776],[33.57416503906279,-1.76249660719396],[33.5652983940974,-1.772819415342222],[33.563362358941276,-1.800229761449084],[33.550633951823215,-1.813835447197848],[33.50861382378491,-1.839169377291421],[33.46170654296907,-1.846396482318159],[33.445084364149636,-1.839877656370436],[33.44140950520864,-1.798291013621373],[33.418927408854366,-1.81195773452633],[33.3994577365454,-1.801652287488743],[33.3746082899308,-1.799891762317337],[33.33278401692729,-1.833623587366886],[33.317486436632116,-1.895809188426419],[33.29334418402812,-1.921375865915718],[33.289284396701646,-1.938388669716578],[33.30135552300367,-1.950546330293251],[33.32417588975727,-1.95176866102122],[33.354413791232844,-1.925281302109418],[33.45294813368082,-1.884322643300499],[33.490019259983,-1.931930336390366],[33.475242784288355,-1.953075084630951],[33.54444715711821,-1.971947154922478],[33.54440836588565,-1.992173120612045],[33.564968804253795,-2.00397894742196],[33.53866943359401,-2.027201061111557],[33.52182671441011,-2.014549422670761],[33.48475830078155,-2.024458005558888],[33.4637014431425,-2.010193953925523],[33.451391601562705,-1.991663951775663],[33.41945258246545,-1.973040633654005],[33.38368977864614,-1.979225258212794],[33.38633951822936,-2.01532714619414],[33.404997287326566,-2.040676538527336],[33.37490044487879,-2.049661727319414],[33.344724934896135,-2.014719507305937],[33.32479627821198,-2.023501788112184],[33.328071289062784,-2.047218964735424],[33.31012179904536,-2.047711857529998],[33.29612331814269,-2.072805987276642],[33.274086642795396,-2.045032821074563],[33.253345269097444,-2.055274791549078],[33.20803846571192,-2.095138886557569],[33.20456325954888,-2.109770776732449],[33.22805284288216,-2.11999728496773],[33.25782335069465,-2.096613495930562],[33.33039388020854,-2.131481388687722],[33.35770996093771,-2.174565156001256],[33.38222222222237,-2.163329804451292],[33.39546766493078,-2.172134329181036],[33.42565104166687,-2.153660479374873],[33.464249674479454,-2.156079370431158],[33.50675808376763,-2.164479435526323],[33.57519612630226,-2.170442163384343],[33.59080050998295,-2.181371525351532],[33.627878689236304,-2.180645885161347],[33.6365101453996,-2.15361355012146],[33.68305826822933,-2.134447154743449],[33.69660400390654,-2.118891599205001],[33.71295871310787,-2.117065427332022],[33.729178059896185,-2.090784231614237],[33.76495741102457,-2.068898380944093],[33.79524441189267,-2.074971514618042],[33.80406656901067,-2.110464678641391],[33.82858045789965,-2.125477156923462],[33.84166314019137,-2.211358233217817],[33.83453043619813,-2.24692870843916],[33.80251546223997,-2.264723304773366],[33.772526041666936,-2.266647132896627],[33.74615152994829,-2.286086151972389],[33.72283772786488,-2.292263452312887],[33.71289605034758,-2.279273000938326],[33.676137424045464,-2.314224444042224],[33.64252332899343,-2.312199433193858],[33.61947591145855,-2.342755259983082],[33.583912489149554,-2.364163408831176],[33.55627604166694,-2.367224932265389],[33.514169921875165,-2.40525227597368],[33.54247884114607,-2.4271638970432],[33.53976942274346,-2.451056312381818],[33.47363281250017,-2.449147132696326],[33.448330620659874,-2.460275062371754],[33.433023274739874,-2.475912269385839],[33.43819037543438,-2.48799017735873],[33.46775743272598,-2.502195092707758],[33.45980685763908,-2.532467173837815],[33.416418728298765,-2.532224932084426],[33.384601236979506,-2.521113820985621],[33.35537787543415,-2.538588050567244],[33.33440673828159,-2.534219289721322],[33.29920735677098,-2.549997284495745],[33.294197319878606,-2.505836857026744],[33.26788140190984,-2.515272892172612],[33.25390272352451,-2.508075626555219],[33.208308376736454,-2.519413788435422],[33.194171006944835,-2.516397295383203],[33.17335828993088,-2.494484860511346],[33.15797824435788,-2.464451494658732],[33.134670138889014,-2.457993432599932],[33.12354926215317,-2.430663517265311],[33.13498046875014,-2.404458818943346],[33.105003255208665,-2.384020993444659],[33.0834176974829,-2.389441729116036],[33.07013237847252,-2.375375702655631],[33.0478116861982,-2.38332437886226],[32.99099690755218,-2.387505151427216],[32.979186740451546,-2.380247121921279],[32.938398708767636,-2.411662594977098],[32.92306342230926,-2.416703013808035],[32.918702799479426,-2.436276581495262],[32.87505126953146,-2.472514103156961],[32.877219509548915,-2.498336043232845],[32.89337022569475,-2.520539276715486],[32.908040907118334,-2.556413028846377],[32.89721950954874,-2.583411455466112],[32.87820963541679,-2.6081979680259],[32.86529866536489,-2.61078612991509],[32.86551188151059,-2.640177134657614],[32.904876573350805,-2.659229055209505],[32.92111382378487,-2.680830617686134],[32.88295789930578,-2.700046926258801],[32.90477077908008,-2.721213375888398],[32.92107503255237,-2.768001027747403],[32.951284179687775,-2.774327525136307],[32.93528537326415,-2.819425723871906],[32.97128851996558,-2.82649630763154],[32.982112630208576,-2.869787865744117],[32.91085584852448,-2.83780110362626],[32.90254177517381,-2.821606170917816],[32.867803819444696,-2.834135739046872],[32.84261800130229,-2.85451795473639],[32.830002712673775,-2.882780487257883],[32.83223063151069,-2.895550940803045],[32.81000271267384,-2.943025712886882],[32.807292209201705,-2.961774627797017],[32.79192898220515,-2.98981851882562],[32.763566351996644,-2.991637095212598],[32.77944742838559,-2.964997555310923],[32.76406575520855,-2.93696207357057],[32.77512478298638,-2.925413950752855],[32.806823187934185,-2.914997555365218],[32.78470865885429,-2.892253414764723],[32.80165527343769,-2.873807234229454],[32.775895996093986,-2.862224931724365],[32.82914767795154,-2.843072642248945],[32.8361083984376,-2.826663950860554],[32.85308620876747,-2.830274248165587],[32.861368272569564,-2.810797251659096],[32.85394911024315,-2.799006615821177],[32.87606879340291,-2.770977101962847],[32.87358344184036,-2.727465817287948],[32.82149685329882,-2.706019419741957],[32.82194173177106,-2.685275062125753],[32.83607910156269,-2.666341685410071],[32.811404893663564,-2.662601451039389],[32.80863688151061,-2.635860728411945],[32.828141547309315,-2.632903642912063],[32.84083713107645,-2.599166663782266],[32.832254774305675,-2.58514973671425],[32.84161539713557,-2.563706594376583],[32.81552707248295,-2.550983070084938],[32.84105278862859,-2.535887312723006],[32.834220377604424,-2.509619409105878],[32.81537624782993,-2.481978350108414],[32.79587537977442,-2.50048285312614],[32.74877224392372,-2.5104625080633],[32.70971950954873,-2.500275062327951],[32.69982123480929,-2.509222544956681],[32.67829155815985,-2.496883949050368],[32.699352756076614,-2.472421600986879],[32.69835801866332,-2.43781520996582],[32.67664794921887,-2.433053111446293],[32.659447157118215,-2.404981008612586],[32.63969699435773,-2.42723415528989],[32.63165581597235,-2.463082137021139],[32.613875054253754,-2.466391870090391],[32.60114067925372,-2.500757646962491],[32.56192518446192,-2.520847436437347],[32.52678276909751,-2.560271535786582],[32.50889160156265,-2.537737084856304],[32.515287272135474,-2.502735186023169],[32.536975097656516,-2.503885359632895],[32.54360080295151,-2.469072805417583],[32.51083957248278,-2.458561466453457],[32.492279188368336,-2.480697696897956],[32.479158799913364,-2.465248749432254],[32.42011664496538,-2.43849175076351],[32.368581271701714,-2.445275062388162],[32.37519965277789,-2.419724932207593],[32.366787651909874,-2.398058265564882],[32.343746202257016,-2.402136227799845],[32.335416395399356,-2.390639103246674],[32.337756347656516,-2.358250594167647],[32.319460177951555,-2.334458819019849],[32.3380929904514,-2.328630097238092],[32.33303927951408,-2.302402612458055],[32.31049913194465,-2.266859263972811],[32.297791612413505,-2.276402720993602],[32.25884141710076,-2.28418565284269],[32.233006998698094,-2.272275659366206],[32.22745307074671,-2.297416989633706],[32.23416395399329,-2.318080238308923],[32.19790676540822,-2.319080943602676],[32.168641493055816,-2.385358070266319],[32.14544338650193,-2.394262421384989],[32.12854166666676,-2.391923011665413],[32.10508517795148,-2.376738278609127],[32.059446750217084,-2.388314613231857],[32.05581990559909,-2.413924964765998],[32.070019802517486,-2.431974552420135],[32.101973605686,-2.442600908745268],[32.10167249891514,-2.469035099254525],[32.120935465494824,-2.482144365733117],[32.14469726562515,-2.471429304981054],[32.17110839843769,-2.494185652612385],[32.181605360243225,-2.51996446117766],[32.15325358072937,-2.52256591516809],[32.15434353298639,-2.541095374783104],[32.13663614908875,-2.550852590484123],[32.10705552842904,-2.537598738502372],[32.100504014757064,-2.520718584440901],[32.08218587239605,-2.512245277158608],[32.07344441731783,-2.527266707263676],[32.05373209635433,-2.492502709905876],[32.02416191948788,-2.499445255471183],[32.00498806423621,-2.488070472497566],[31.983613823784935,-2.498967553648823],[32.00356662326391,-2.521206865690433],[31.995232747396017,-2.574414330909896],[31.999430609809217,-2.597536889478483],[31.97779093424503,-2.602785912910245],[31.941774224175553,-2.59379692637455],[31.933117404514064,-2.61031873625273],[31.957124972873434,-2.625113929378884],[31.98586385091164,-2.660315209722454],[31.992695990668608,-2.687217607696586],[32.012541097005396,-2.707849389358074],[32.001113823784976,-2.733673770840328],[32.038027479383736,-2.768172468719366],[32.033891601562686,-2.778886173134798],[32.00199679904529,-2.7742719153272],[31.994324137369805,-2.786645233456203],[31.97354356553825,-2.772890893193408],[31.98078125000017,-2.755507266910255],[31.97722656250011,-2.716386987004925],[31.92983371310788,-2.652622067369591],[31.9189614529082,-2.665265025255288],[31.9161083984377,-2.693292097707287],[31.90227566189253,-2.694801158035205],[31.911805555555706,-2.722361108092187]],[[31.854560682508748,-2.465463050647306],[31.87944715711814,-2.455280487724449],[31.889684922960154,-2.439857039390485],[31.90790011935775,-2.437474769427616],[31.912780490451606,-2.409313148365088],[31.92317084418431,-2.395232744734685],[31.914786783854368,-2.380351288587774],[31.889089491102705,-2.362229001281136],[31.908891601562686,-2.345558265622471],[31.898336046007046,-2.326669376754297],[31.866197238498437,-2.320029294296309],[31.84568372938384,-2.272008461015449],[31.854560411241383,-2.248169214080155],[31.842342529297074,-2.215418291807131],[31.81666395399327,-2.223058265756773],[31.809170193142556,-2.21503119328312],[31.81610839843767,-2.187284882549863],[31.782437472873536,-2.210756019676613],[31.77522365993951,-2.24119167502518],[31.799169379340466,-2.282224932358421],[31.781429714626768,-2.295558265677079],[31.794603271484387,-2.328886173626969],[31.836108398437656,-2.313404131543217],[31.823634440104286,-2.338866371098422],[31.84833604600715,-2.376108395797352],[31.84966159396702,-2.39881672910574],[31.83473171658,-2.427730574559907],[31.839441731770986,-2.458891598831559],[31.854560682508748,-2.465463050647306]],[[33.292426757812784,-2.184549965018188],[33.27284857855915,-2.197997773163132],[33.27020236545172,-2.219695635552477],[33.30095703125022,-2.217023652048189],[33.30858968098994,-2.188455401211801],[33.292426757812784,-2.184549965018188]],[[33.14304090711818,-2.176137964159252],[33.152551540798804,-2.155228133453246],[33.159238281250275,-2.10949435529181],[33.124716796875305,-2.07722764525783],[33.12057047526054,-2.050016002492711],[33.106372884114876,-2.036682669174081],[33.10388346354193,-2.014994572409838],[33.11655463324677,-2.000134275117165],[33.09341661241336,-1.968313528624468],[33.03819173177095,-1.968134763433727],[33.021022135416786,-1.982051592845429],[32.96150417751766,-1.978301050314891],[32.95372721354186,-1.962207300332461],[32.930357259114885,-1.942881942281081],[32.92744384765643,-1.925946178410517],[32.94479519314268,-1.90482828563901],[32.928427191840626,-1.887371417168393],[32.90501247829866,-1.89517279519829],[32.886485731337075,-1.928050128060947],[32.85555067274316,-1.933627384999595],[32.905141330295294,-1.978425562033211],[32.882711046007216,-2.001875540306199],[32.871767849392484,-2.001445310271976],[32.83641547309042,-2.043556041562347],[32.8523402235246,-2.065099824090685],[32.872969021267465,-2.053060978617808],[32.884026150173725,-2.079816078414507],[32.91474717881982,-2.086420896115646],[32.933303765191226,-2.079418129196406],[32.949661458333594,-2.091936575363229],[32.99782823350704,-2.103142901305711],[33.0162736002606,-2.113841414748553],[33.03328233506977,-2.111907278466211],[33.057216796875366,-2.137505422968954],[33.070885687934265,-2.129795462040244],[33.07567952473982,-2.110653209457167],[33.093856608073054,-2.111913246348098],[33.10665066189251,-2.145571557943001],[33.14304090711818,-2.176137964159252]],[[31.790361870659744,-2.153616534062528],[31.799519178602452,-2.143285587893167],[31.76693915473112,-2.119449867433604],[31.749171956380277,-2.128236488517686],[31.763693033854167,-2.14830891688098],[31.790361870659744,-2.153616534062528]],[[32.878302951389166,-2.099143606605275],[32.867706434462086,-2.108780650865185],[32.88889675564251,-2.132141382176529],[32.90783040364613,-2.116229110058666],[32.878302951389166,-2.099143606605275]],[[33.02313069661471,-1.887757430623187],[33.05352620442739,-1.884622393734184],[33.0703195529515,-1.867384166756554],[33.09985053168424,-1.855572643332328],[33.10048095703155,-1.832284069139327],[33.08556342230929,-1.818136391203569],[33.09726725260441,-1.806572534879588],[33.034628092448195,-1.7995540344529],[33.01067491319475,-1.800043400772202],[33.0036189778649,-1.825152450223461],[33.01006890191001,-1.859628632911169],[33.02313069661471,-1.887757430623187]],[[32.441118706597415,-2.266985674562809],[32.426710069444596,-2.273782007020784],[32.434071723090476,-2.294214407171934],[32.41520480685772,-2.305999346394985],[32.40666395399313,-2.343336043402405],[32.414392632378565,-2.354431420994449],[32.44748779296884,-2.362884925759782],[32.44244276258694,-2.379242076349457],[32.424790310330025,-2.394323456541029],[32.43915554470499,-2.428052568917386],[32.45729519314261,-2.424343801560402],[32.478036024305766,-2.398614363654278],[32.51997721354183,-2.393039548122272],[32.52834689670158,-2.375591631475001],[32.510474717882175,-2.363990068987723],[32.52585422092028,-2.339769420142721],[32.52756944444451,-2.323867727451857],[32.54637939453153,-2.312264808627765],[32.53560736762159,-2.277219778284382],[32.516697048611434,-2.292740340333275],[32.49451931423624,-2.322847762175199],[32.47015679253486,-2.337497284728495],[32.45089029947922,-2.30080240629668],[32.457723253038296,-2.276950138527687],[32.441118706597415,-2.266985674562809]],[[32.05686971028655,-2.244769962781439],[32.04827962239591,-2.224408092144476],[32.024442952474146,-2.220526256211036],[31.996418185764128,-2.260265296966193],[31.97162787543425,-2.273563094260608],[31.95558010525189,-2.270271264837094],[31.95054077148461,-2.293627113335795],[31.970767415364776,-2.290263940596119],[31.988180745442943,-2.301393769143246],[31.970922987196335,-2.342783200521383],[31.98501356336811,-2.355760088527967],[31.97944973415809,-2.371771915767272],[32.044763997395926,-2.34508029253253],[32.05436048719639,-2.333411998274568],[32.05739868164085,-2.302972002648478],[32.07825385199669,-2.277983938439689],[32.06727810329875,-2.265560978383717],[32.036230468750034,-2.268642304335331],[32.05686971028655,-2.244769962781439]],[[31.962792697482875,-2.387458493440815],[31.938172200520967,-2.41623046606589],[31.959864501953238,-2.423668345831977],[31.97316840277796,-2.394152829371294],[31.962792697482875,-2.387458493440815]],[[32.745154622396,-2.426543508589104],[32.738083767361275,-2.439500594078527],[32.7610565863718,-2.449360348841903],[32.76395317925363,-2.430101722561025],[32.745154622396,-2.426543508589104]],[[31.856383599175615,-1.75110581944613],[31.87013956705738,-1.735714109393466],[31.877134467230974,-1.682243514834789],[31.89188598632819,-1.677924124648569],[31.89825954861118,-1.620923934824658],[31.892273491753535,-1.604976126682401],[31.858057183159815,-1.625027260557661],[31.86990098741342,-1.641054278769372],[31.874372694227468,-1.679263778510006],[31.855351969401227,-1.699671357697147],[31.866539713541723,-1.722001408671],[31.852319335937576,-1.737457680355328],[31.856383599175615,-1.75110581944613]],[[33.33731146918432,-1.726124130020626],[33.366672092014085,-1.73594102454096],[33.372772352430786,-1.724213322731052],[33.34938096788221,-1.699642738990873],[33.337186686198095,-1.702436521539826],[33.33731146918432,-1.726124130020626]],[[32.164560818142434,-0.5410297302977],[32.16608059353308,-0.521704168795836],[32.2058368598092,-0.476631943911347],[32.21748006184919,-0.451652899342565],[32.239169379340524,-0.447774996786402],[32.253336046007064,-0.460836113308085],[32.27578206380235,-0.461535304930717],[32.28746663411482,-0.400140583862213],[32.27389322916691,-0.369792005337125],[32.28329155815993,-0.34672702326653],[32.29694173177091,-0.340830552461465],[32.31194118923633,-0.319186129742584],[32.296676161024436,-0.30449164462443],[32.28056396484379,-0.316952785561087],[32.26165473090287,-0.304674546642326],[32.22136149088566,-0.30277791307236],[32.16725870768255,-0.312728067683842],[32.15639160156257,-0.297807684671036],[32.169542371961874,-0.263387993411749],[32.18716593424488,-0.23708387560263],[32.15953708224839,-0.238940836320955],[32.13501559787346,-0.222614067676071],[32.116542019314295,-0.232726304535485],[32.091164279513976,-0.229196912720877],[32.07645141601586,-0.219169446911676],[32.06849717881954,-0.248010660529655],[32.074023437500166,-0.269068535397505],[32.10139160156268,-0.26777499698742],[32.117440321180766,-0.299767387902067],[32.106233317057445,-0.312474975236122],[32.16379082573797,-0.332414957310021],[32.21240804036466,-0.324938896663314],[32.22718478732656,-0.329136080903152],[32.252154134114726,-0.367077297223817],[32.25083604600718,-0.400558335597859],[32.22002983940985,-0.393052774625367],[32.21361382378479,-0.408891668921859],[32.178153754340364,-0.423122558120362],[32.181368815104406,-0.448302543986332],[32.16412679036477,-0.498667669798222],[32.14775987413208,-0.51488796600365],[32.14574476453998,-0.530588513946544],[32.164560818142434,-0.5410297302977]],[[33.715901421441345,-0.162490844544547],[33.72490071614624,-0.110898166108299],[33.691483018663405,-0.10390991199283],[33.689863823785004,-0.146411539549526],[33.715901421441345,-0.162490844544547]],[[32.751571994357846,-0.12669447142918],[32.79491373697925,-0.117103813887773],[32.81610568576405,-0.096522216688632],[32.817780490451696,-0.070552774985864],[32.79203776041697,-0.075077175479942],[32.750899793836936,-0.061534491575784],[32.73809624565985,-0.046113891549627],[32.71487250434051,-0.068850368846133],[32.719826931423874,-0.093286607425763],[32.69739501953154,-0.100585937387177],[32.72600775824667,-0.12694166381171],[32.74143934461835,-0.108677707126415],[32.751571994357846,-0.12669447142918]],[[32.756111924913334,-0.021975911433369],[32.794597710503695,-0.028328043587741],[32.808360731336904,0.010611640071313],[32.822109917534874,0.029421386686202],[32.78286648220512,0.034918585844887],[32.7767019314237,0.027911139563328],[32.77396077473986,-0.009941541871902],[32.756111924913334,-0.021975911433369]],[[33.24115939670155,0.049839409666886],[33.253001302083526,0.019644470193234],[33.29665283203155,0.042898254346941],[33.285360243055784,0.068191223068707],[33.25046359592045,0.06635806606132],[33.24115939670155,0.049839409666886]],[[33.16028320312523,0.131661376806292],[33.19139458550359,0.164171210211774],[33.1667871093752,0.169647250516001],[33.16028320312523,0.131661376806292]],[[33.22333604600709,0.169163885987452],[33.24287109375013,0.175756157573023],[33.26324354383712,0.167174411163308],[33.28417507595519,0.130276319570485],[33.28277506510432,0.112774997161643],[33.32329589843778,0.119136115047295],[33.31998101128494,0.144682684842948],[33.32647054036494,0.161086696868876],[33.317022298177335,0.197915310108953],[33.32039930555578,0.212562459072638],[33.35163519965306,0.215858204918586],[33.39653293185784,0.260666283210536],[33.374919433593895,0.286537085319224],[33.3208498806427,0.248953924960901],[33.318422309027994,0.268003522785685],[33.290307617187686,0.270558335743911],[33.292224934895955,0.298826310565838],[33.26666395399331,0.30944722458933],[33.236941731771196,0.300836113488063],[33.21165174696205,0.280828178940062],[33.20831190321212,0.251675601254331],[33.246807454427255,0.232603522147361],[33.265548502604474,0.212982940436134],[33.26788140190984,0.190004950417264],[33.22675103081615,0.18389166917409],[33.22333604600709,0.169163885987452]],[[33.56268907335089,0.150126308697899],[33.54152208116335,0.136610887163161],[33.58803521050379,0.121850043267109],[33.578919270833694,0.150307617019804],[33.56268907335089,0.150126308697899]],[[33.79665798611137,0.134681362426067],[33.77169297960108,0.126593220887706],[33.76007812500028,0.103310275492493],[33.76720920138928,0.086405402193254],[33.80932725694481,0.076681925370369],[33.85389105902794,0.086220635212143],[33.83616590711836,0.111932915456821],[33.827368977864914,0.104638976934196],[33.79665798611137,0.134681362426067]],[[32.95194173177105,0.010989108603558],[32.93768581814265,0.023155517552638],[32.90110839843766,0.01138610838609],[32.92217475043435,-0.002806498206005],[32.95194173177105,0.010989108603558]],[[33.672797851562734,0.004458211258704],[33.655883246528106,0.00304243299394],[33.63694824218765,-0.017169460700938],[33.66916937934059,-0.016545613587877],[33.672797851562734,0.004458211258704]],[[32.37383083767383,-0.243406778698644],[32.34010579427104,-0.237093912495008],[32.35594102647581,-0.264423488744755],[32.37383083767383,-0.243406778698644]],[[32.61266655816001,-0.312896049996999],[32.59887261284746,-0.32233079662282],[32.57747585720505,-0.31265380824385],[32.572945149739716,-0.337769978463191],[32.606082356771026,-0.337261894696356],[32.61266655816001,-0.312896049996999]],[[34.2239759657121,-0.351671955986671],[34.2111241319447,-0.365179782034994],[34.20771457248303,-0.393319294806983],[34.170722656250405,-0.375603501641357],[34.16138807508701,-0.394484795023054],[34.14172254774337,-0.411058823867381],[34.141737196180884,-0.425363158703882],[34.166433105469075,-0.437031249511117],[34.187455783420546,-0.419393174443928],[34.20463243272599,-0.418295084167475],[34.21615993923631,-0.404707437698042],[34.2239759657121,-0.351671955986671]],[[34.04054768880229,-0.43334113178519],[33.99999213324673,-0.438047756128979],[33.98712619357667,-0.44822245229809],[33.96859320746568,-0.438818833602008],[33.954992947048886,-0.449053818941878],[33.94968478732676,-0.47248413033083],[33.98668158637172,-0.480979749353474],[33.998597547743316,-0.495772365439456],[34.01594021267385,-0.496186658516244],[34.0600868055559,-0.48506313693583],[34.07011990017395,-0.47290161079918],[34.060763075087145,-0.450991481700107],[34.04054768880229,-0.43334113178519]],[[32.33026991102445,-0.494336343848007],[32.31936740451408,-0.47817667589747],[32.30196234809045,-0.485178086479838],[32.294653591580015,-0.508451673150911],[32.30994737413221,-0.512297769609168],[32.33026991102445,-0.494336343848007]],[[32.4608306206598,-0.47749721897517],[32.47858181423617,-0.494202948123466],[32.49360839843769,-0.487529906680997],[32.49000271267374,-0.468737317726535],[32.511930338541845,-0.461674871987779],[32.51213080512173,-0.441497395339382],[32.53069471571194,-0.422393459271423],[32.51463134765635,-0.394839612730751],[32.48710503472234,-0.415683322017634],[32.4805959743926,-0.450413750038405],[32.4608306206598,-0.47749721897517]],[[32.33486111111126,-0.466527777255756],[32.357460937500264,-0.443749863869557],[32.35074354383693,-0.435563354004969],[32.31232937283004,-0.448908080552534],[32.33486111111126,-0.466527777255756]],[[32.37166124131965,-0.424242960137403],[32.3891582573786,-0.411811387343124],[32.39590386284749,-0.393913505961213],[32.37212402343761,-0.393210720046219],[32.34970865885423,-0.406460638650864],[32.346641438802294,-0.419662068215335],[32.37166124131965,-0.424242960137403]],[[32.31856933593764,-0.411959499322131],[32.3273217773438,-0.399542778415854],[32.32222547743071,-0.374168632936356],[32.29478569878477,-0.363234591607124],[32.28792778862856,-0.388727077473106],[32.31856933593764,-0.411959499322131]],[[29.188814434475777,-3.346234213474931],[29.223426038954408,-3.355885292162218],[29.26712405734628,-3.361979285872459],[29.291780005561453,-3.348638321304627],[29.338035566542256,-3.359986231590534],[29.34794687906947,-3.379585781604803],[29.34286434597476,-3.414658873285932],[29.343310411241703,-3.458321046192221],[29.332489963108173,-3.471862984111556],[29.344719441732142,-3.495239304819745],[29.337225002713065,-3.514724998836418],[29.3381090460889,-3.541473622125655],[29.349440544976574,-3.55911388428684],[29.343213026259093,-3.584873025969366],[29.3494114515521,-3.602845438059412],[29.337530907525434,-3.652208858281221],[29.311935916477296,-3.731668052803644],[29.32554099188945,-3.739980566357862],[29.34609029134156,-3.803841650274468],[29.388044535319526,-3.88932142042018],[29.399266899957006,-3.9020352808125],[29.41194166395451,-3.955002776144762],[29.431184726291633,-3.967843081035717],[29.42610663520003,-4.008135846292273],[29.44028055826874,-4.015274992877822],[29.45672807481588,-4.040587357217389],[29.46289445665189,-4.063426441394504],[29.48359459771098,-4.087745560292543],[29.505550062391933,-4.138481237322312],[29.507036810981333,-4.165322871408612],[29.51718180338593,-4.179681459718105],[29.54665649414119,-4.196362774804477],[29.54560424804726,-4.238385818922853],[29.5663795301653,-4.263290604052948],[29.563021443685273,-4.280699729468713],[29.594027913411992,-4.347061084650763],[29.62972778320363,-4.364577767575144],[29.661669447157525,-4.393886103590471],[29.665830552843264,-4.438003874268871],[29.657502916124542,-4.469169238819838],[29.652780558268777,-4.540002707713038],[29.64695678710978,-4.553144797543115],[29.63875264485728,-4.621235889051778],[29.624158291287475,-4.658894444785282],[29.609164293077644,-4.732518576653754],[29.601017422146636,-4.749607742217617],[29.60490064832942,-4.77136745356657],[29.599589436849442,-4.799277881055087],[29.60980794270892,-4.809008512555479],[29.60472500271317,-4.833270800941601],[29.61207082112668,-4.860208463674391],[29.629972941081125,-4.868534065879467],[29.596283230252308,-4.917788487486761],[29.619195861816767,-4.911685921303786],[29.657024400499548,-4.916543641567921],[29.674447224935246,-4.924441726412248],[29.680164184570856,-4.940930848574069],[29.699441663954417,-4.958891596168329],[29.74244547526098,-4.973513449452001],[29.768780585395398,-5.001431879327945],[29.78368089464027,-5.026892491280963],[29.776662326389438,-5.053684619074462],[29.795229899088955,-5.070622688718839],[29.824094645182694,-5.130946853153617],[29.82585225423219,-5.156899951000504],[29.812206420898974,-5.182132969637965],[29.81864189995713,-5.204146587237005],[29.799997219510033,-5.238891595882253],[29.810501912435306,-5.273262255569474],[29.7945737033425,-5.280280484729025],[29.787782864041336,-5.307467849067738],[29.788273179796533,-5.339948046517426],[29.772268134223452,-5.360813931913006],[29.75083055284324,-5.410215244797064],[29.74386888292139,-5.437230218727972],[29.760571560330327,-5.477397997550404],[29.781397230360714,-5.490269498188503],[29.794974907769635,-5.512751594519958],[29.842219441732258,-5.558014723814669],[29.839725002713124,-5.56717053977777],[29.86706732855947,-5.614322232438786],[29.888336113824213,-5.672747932250034],[29.900745374891986,-5.691476773377157],[29.919441663954384,-5.738891595378099],[29.93528055826863,-5.758052836678749],[29.947045762804347,-5.793896206868333],[29.953336181641134,-5.833608934693491],[29.949328002930205,-5.905435106497634],[29.94233235677126,-5.916983500583326],[29.909625786675797,-5.929275709772586],[29.890966050890192,-5.949149841697373],[29.858146837023074,-5.965021966247695],[29.82892923990937,-5.998308370294347],[29.80999721950991,-6.001669372895494],[29.788926391601933,-5.992475308234429],[29.753101806641038,-6.017775058643494],[29.733156941732318,-6.039782437094055],[29.72833041720963,-6.119719502987294],[29.740540500217374,-6.167179355371653],[29.740009358724475,-6.204679626602054],[29.729464857313758,-6.215528422164346],[29.72408813476607,-6.241203606601371],[29.791879136827728,-6.324301479784252],[29.816441786024768,-6.362567267507058],[29.86727749294755,-6.42221950269268],[29.94046420627228,-6.464948723571255],[29.95617621527816,-6.486385355495226],[29.951136610243562,-6.50694715018024],[30.00671000162811,-6.478575025641447],[30.044670749241053,-6.46501382773793],[30.10863030327743,-6.450258239644702],[30.141805759006612,-6.449731438429685],[30.163446112739106,-6.481907545169697],[30.20499728732687,-6.530002705713589],[30.235280490452,-6.559441724782383],[30.271999918620217,-6.602591681338231],[30.29058539496583,-6.615024949555514],[30.323049723307694,-6.625686028104225],[30.3374806043841,-6.636922735992854],[30.345247938368626,-6.664656297164189],[30.370568983290408,-6.696396477255262],[30.379163953993558,-6.724447149971609],[30.407183159722702,-6.752881123468733],[30.39888617621574,-6.805280483227879],[30.44380655924527,-6.82825954136578],[30.45206285264799,-6.853524840820994],[30.475275065104714,-6.885558260929525],[30.516708441840755,-6.930882425383157],[30.57020141601617,-6.966021314238882],[30.57546061197979,-6.984048115437105],[30.569946831597747,-7.015566941362462],[30.550781792535243,-7.046274135343946],[30.5618792046447,-7.083406839302138],[30.532798122830513,-7.124440367909432],[30.501536187066396,-7.109534768965064],[30.508303493924245,-7.140552835342028],[30.536680908203724,-7.154997279773362],[30.52427313910636,-7.177459844856393],[30.54753743489636,-7.227597106094301],[30.555695800781784,-7.262957620384644],[30.58277398003526,-7.289118373398532],[30.580002712674116,-7.297345098651243],[30.597584635417316,-7.32786674575847],[30.614441731771425,-7.369136819505091],[30.60587687174523,-7.406371791258949],[30.593336046007497,-7.41508001607712],[30.586391601563207,-7.441914597215507],[30.601326768663682,-7.444680981761908],[30.598640950521478,-7.489163946130788],[30.57683078342057,-7.504362785092294],[30.61615763346407,-7.543971074986832],[30.615757514106406,-7.562532544153933],[30.635208604601292,-7.597212448636173],[30.656575927734877,-7.613998744193584],[30.664435628255767,-7.636125480284774],[30.69426961263082,-7.662574319236428],[30.71791097005268,-7.667530373919424],[30.72139160156314,-7.692197528844918],[30.747752007379006,-7.720168177691139],[30.76002549913255,-7.751386168114159],[30.755782063802535,-7.770464130336678],[30.763613823785352,-7.797388772239435],[30.777755669488442,-7.812391756166913],[30.786632080078622,-7.859010408468619],[30.80573432074703,-7.888154559918354],[30.829386121962447,-7.895341788644487],[30.840700005425845,-7.909022344187758],[30.840717230903298,-7.961602639279721],[30.859277886285327,-7.962794588063359],[30.882760823568336,-7.990512144462295],[30.90334133572099,-8.024419479501518],[30.90964775933219,-8.044536666983683],[30.90420925564291,-8.069506827551809],[30.924425455729704,-8.113330612235181],[30.952773166233218,-8.110823016751032],[30.971941731771498,-8.141641701619896],[30.970754801432918,-8.161407326602436],[30.942224934896384,-8.17472492641716],[30.96333007812569,-8.199980460249071],[30.960258653429488,-8.218574210232797],[30.986650933160373,-8.24500053399426],[30.981663953993678,-8.276669370771828],[31.01031833224885,-8.275055329974755],[31.04076944987031,-8.30962292977073],[31.035430772570006,-8.331746953188965],[31.05662394205797,-8.336953658913698],[31.07136393229217,-8.363601879376766],[31.093574896918994,-8.365819761319335],[31.126810167101265,-8.38491806859417],[31.13109619140681,-8.403883454862578],[31.14998616536507,-8.425525707448033],[31.131108398438187,-8.470558259492323],[31.140821668837297,-8.477730568513769],[31.141073676215907,-8.52072264746996],[31.16834526909781,-8.570107413052433],[31.1753938802089,-8.597239574487464],[31.195767415365257,-8.609364682983994],[31.201397162543973,-8.629452573591806],[31.192200113932866,-8.684667959829238],[31.201108398438063,-8.704659821791498],[31.193881293403308,-8.718292091745178],[31.191119249132445,-8.753593741020774],[31.18317070855096,-8.761623254902815],[31.143100721571674,-8.71496798150491],[31.134166802300847,-8.748627378177686],[31.118736979167345,-8.752856436333905],[31.109463840061327,-8.772728940657283],[31.079185791016243,-8.782165789607665],[31.077202555339056,-8.793473840813435],[31.032605658637742,-8.810282109028327],[31.003841552735025,-8.777552616868567],[30.954725341797477,-8.744458541375712],[30.938468424479712,-8.715330937233563],[30.89685560438426,-8.674620759317195],[30.886947292752318,-8.657775056206349],[30.84310723198848,-8.619670672558483],[30.839296468099636,-8.609318567532423],[30.808294949002228,-8.59767902761206],[30.793539496528233,-8.56878254326186],[30.73535698784775,-8.568521584060667],[30.724169379340875,-8.561006393094797],[30.727524820964167,-8.535031458221326],[30.67972493489651,-8.537714292420478],[30.67520548502653,-8.51309677942059],[30.683055555556113,-8.486663402707562],[30.656960042318353,-8.487483715206896],[30.642481282552517,-8.511054136193396],[30.64360839843812,-8.530484474718396],[30.6236138237852,-8.545470911337443],[30.617694227431233,-8.563162968613794],[30.59002088758729,-8.57998914047409],[30.570541585287057,-8.583765182137897],[30.535741780599324,-8.602395824482995],[30.524334716797508,-8.58896212223761],[30.552023383247164,-8.559273537193615],[30.571974555121923,-8.546164270711909],[30.57483656141551,-8.51910318132519],[30.537775065104768,-8.506941723002383],[30.53170749240507,-8.518886167436674],[30.49427829318625,-8.527750642255478],[30.47624959309951,-8.515160038967476],[30.47344957139802,-8.484537209132824],[30.44938802083391,-8.477345911395819],[30.448013780382553,-8.457256935719009],[30.4700547960075,-8.368362621559811],[30.493052842882378,-8.348330612028983],[30.57107109917592,-8.301548385507099],[30.56031860351618,-8.283811297849153],[30.584051784939675,-8.233460277927595],[30.569459771050845,-8.224776467171726],[30.58152709961001,-8.182863489778056],[30.593327094184588,-8.159458541881996],[30.58539469401086,-8.139826922975718],[30.56455213758732,-8.115587014142985],[30.546974148221185,-8.106402986373316],[30.538343098958872,-8.08248208795695],[30.50584160698849,-8.041955829312293],[30.48466796875067,-8.02832572949806],[30.433579915365215,-7.975066723468824],[30.423104519314677,-7.959168285983278],[30.398891601563037,-7.945552834606529],[30.378080919054298,-7.942230351970607],[30.353705105252292,-7.897847213989567],[30.317421739366974,-7.888336037782739],[30.305863444010868,-7.86699489196851],[30.281114366320082,-7.850297300837682],[30.274719373915385,-7.834446877674844],[30.273602159288604,-7.770858281811884],[30.261387939453694,-7.737491582623379],[30.245025363498762,-7.729174525339104],[30.22889282226618,-7.706719555741174],[30.20622490776958,-7.638383509796616],[30.19556070963597,-7.630946172563768],[30.199153238932748,-7.596980515042637],[30.217257215712372,-7.558027335824681],[30.219719509549236,-7.528651793316638],[30.212764621311287,-7.515885137512326],[30.218402642144724,-7.481515291623911],[30.202121310764486,-7.440453279942715],[30.185575561523876,-7.368880743116129],[30.145545654297386,-7.330001891155901],[30.149138047960598,-7.298736428945128],[30.1236109754779,-7.258071823948012],[30.116119520399813,-7.234448505827634],[30.084314710829453,-7.20301051757583],[30.00708211263065,-7.145999883948208],[29.98815755208392,-7.115922572778652],[29.9509749348964,-7.095544154828754],[29.90102606879378,-7.082737080188171],[29.823780246311173,-7.071230461275436],[29.77302293565595,-7.040534660522983],[29.742529975044025,-7.003503953092467],[29.733425767687265,-6.966315096790387],[29.70500278049081,-6.937497279977617],[29.669698418511697,-6.912215704480698],[29.662763671875435,-6.881069599909473],[29.633586832682848,-6.82286566116257],[29.619163886176807,-6.822224927656215],[29.588483174642416,-6.798371032279366],[29.549726053874046,-6.7752039858607],[29.533111029731455,-6.747960062275508],[29.53442467583602,-6.731636548836235],[29.501319444444842,-6.709632968128016],[29.49448333740276,-6.688419046707354],[29.49374559190579,-6.655083543266799],[29.47999711778487,-6.620835767692212],[29.49530724419537,-6.571582295517305],[29.49394181993312,-6.550323072447519],[29.48250278049102,-6.538501783396003],[29.48971944173212,-6.518254387582368],[29.45830983479868,-6.522222757804462],[29.431605495877136,-6.506863871100425],[29.40537268744611,-6.453654235734855],[29.40749721951005,-6.417300340371087],[29.394364149305886,-6.387211635973121],[29.369447224935303,-6.351501729323781],[29.371958245171975,-6.320852044023646],[29.35646945529555,-6.315066725018721],[29.33558469984314,-6.253389207717911],[29.34004155476924,-6.230046922584473],[29.329376814101007,-6.199876837978294],[29.302774997287766,-6.18583603938109],[29.285778333876344,-6.161136603641472],[29.2899961853031,-6.143007263381467],[29.274725002713062,-6.119163947432619],[29.24299809773822,-6.115656460456628],[29.21180197821758,-6.080157328547164],[29.19968055725144,-6.077773973514718],[29.20391864352802,-6.044930277800699],[29.193074866401272,-6.005026035218579],[29.197219441732152,-5.915836039646998],[29.209311116536867,-5.912366530101772],[29.25978056165956,-5.872657600019661],[29.26907396104633,-5.870885410351223],[29.333886108398925,-5.81827066430946],[29.33890772501666,-5.78504909316218],[29.35513332790839,-5.755550124007668],[29.36109792073609,-5.71477050165247],[29.353036295573478,-5.707192919194803],[29.34416944715752,-5.651048442254437],[29.34528500027181,-5.629698887154244],[29.359826863607285,-5.623899462246906],[29.384335157606703,-5.64065510459119],[29.38841881646084,-5.62270100304669],[29.37436018202095,-5.592529290837384],[29.359447326660586,-5.58221977478871],[29.34221571180603,-5.553621142004909],[29.333603617350715,-5.521076654190221],[29.31608623928548,-5.502746169182854],[29.285836113824136,-5.452219503651984],[29.2599972195099,-5.422224929029393],[29.248321448432474,-5.392665874154653],[29.194061406453894,-5.292830126643384],[29.185641089545815,-5.288430983852716],[29.159714330037847,-5.2471923771238],[29.155285771688174,-5.214141704414083],[29.13868936326804,-5.170121522167483],[29.138625556098525,-5.139986702319808],[29.122491556803766,-5.121108121609745],[29.10776930915029,-5.088331564568634],[29.110331416660305,-5.051239686351275],[29.124796435038608,-5.029858121703302],[29.12277139451817,-4.997326112187913],[29.108048210144432,-4.949665521959166],[29.105563163757722,-4.883872878797728],[29.107943390740726,-4.845516487778215],[29.101897087097647,-4.783711203553817],[29.103341144986075,-4.751756315349074],[29.116621873644135,-4.699360075168923],[29.108346735636932,-4.636025114297037],[29.125547743903606,-4.586381017126572],[29.138900426229213,-4.577723112404398],[29.161616728041228,-4.542484668430745],[29.16649497138161,-4.498910720993694],[29.186212675306876,-4.495897347515966],[29.202578870985803,-4.523704964674405],[29.21537884182436,-4.509948454271894],[29.204962463379328,-4.425302797350994],[29.208343149821417,-4.392946772536743],[29.21892054239936,-4.37065985307223],[29.221720886230962,-4.327382265226943],[29.24143412272173,-4.257946908311657],[29.244310794406935,-4.215113656403907],[29.26082804362034,-4.164357905589072],[29.264470621745314,-4.131076926891605],[29.261404656304588,-4.096407601841534],[29.248597683377113,-4.071310895053814],[29.2283280436203,-4.081444765485864],[29.214170515272823,-4.105224604870084],[29.208313513862148,-4.142972068480805],[29.191901287503246,-4.202324960127938],[29.1793773057729,-4.227333776291259],[29.148702553643435,-4.335501432969897],[29.137320302327907,-4.338875931121754],[29.09888359493715,-4.323120926255774],[29.068621406555614,-4.316133214674553],[29.057815982617054,-4.303364727817254],[29.06497770998254,-4.267865799360638],[29.095588586595788,-4.252361106451545],[29.110039045546273,-4.227474021516778],[29.108254004584808,-4.182304208196275],[29.092705518934785,-4.170185745752427],[29.08893590291393,-4.145360238508661],[29.098616405063524,-4.129727507405257],[29.101941668192868,-4.095596376798854],[29.093203417460586,-4.087163284902527],[29.089786148071592,-4.043391651376729],[29.093742819892377,-4.017634883282957],[29.105545531379338,-4.008358828063005],[29.10972510867685,-3.943608529737614],[29.098943536546926,-3.919205521408401],[29.109459338718356,-3.885567419230614],[29.09777489132398,-3.873058162245132],[29.129410578410155,-3.824298294946754],[29.125002890693217,-3.809441761488151],[29.09833610958572,-3.784196569728869],[29.112855381436194,-3.736775983299405],[29.126391775343507,-3.726391394009333],[29.122497223748386,-3.708330548759498],[29.13197834438801,-3.69188462592556],[29.157149132623093,-3.66980878637631],[29.14333611382421,-3.598657341275544],[29.146082441542376,-3.570956230465602],[29.156124547323028,-3.550036193324369],[29.149528427124554,-3.513801672557038],[29.1383246866867,-3.49500681173731],[29.129447224935344,-3.432991965001767],[29.143702774048222,-3.415679898200848],[29.141767247518377,-3.391501859523525],[29.16296095106383,-3.35086944051096],[29.188814434475777,-3.346234213474931]],[[29.399749654134716,-5.640234097647146],[29.402491353353245,-5.677506504293906],[29.42220150417802,-5.668079149702633],[29.41335927327521,-5.638592387579405],[29.399749654134716,-5.640234097647146]],[[34.58819444444532,-13.879305543072277],[34.59278049045224,-13.863891589086949],[34.585131293403606,-13.828609199782015],[34.62138617621605,-13.776468900329444],[34.605836046007774,-13.76081433219513],[34.626697591146694,-13.723031400356886],[34.59523166232725,-13.687952190305646],[34.594912109375684,-13.667032322695007],[34.564100477431275,-13.651093466366431],[34.54861355251819,-13.63418537175716],[34.53335611979236,-13.602260458579563],[34.51117350260489,-13.596381552332588],[34.485368923611816,-13.580329034980014],[34.468939887153454,-13.594435480285075],[34.43999728732712,-13.593613811448714],[34.40855278862915,-13.560199911726754],[34.3851017252611,-13.527098240737265],[34.361507432726455,-13.456164538518113],[34.337775065104836,-13.43722492264282],[34.31722791883754,-13.399022611465561],[34.301925184462675,-13.380529772933949],[34.3061140950528,-13.365558256014953],[34.299436306424305,-13.335568835458337],[34.315296495226555,-13.308220745195404],[34.34640299479247,-13.270836033844445],[34.34164143880282,-13.223043065120768],[34.33278049045225,-13.181232084241156],[34.334975043403574,-13.152475845107865],[34.325097113716026,-13.086023208426353],[34.32695882161527,-13.03831948666509],[34.33445855034795,-13.027224922869266],[34.327471788195226,-12.99615558694945],[34.315295410157084,-12.982441394248935],[34.300268283421026,-12.92888182396707],[34.30432318793487,-12.894112943778676],[34.297380642361816,-12.875658896480353],[34.262665201823715,-12.841674521500064],[34.25807996961885,-12.812150324468522],[34.271941731771726,-12.794697524999654],[34.277301432292454,-12.753593195596574],[34.2493880208342,-12.745235990740381],[34.21036024305635,-12.705750856214948],[34.190826551650154,-12.671298273770047],[34.17587103949717,-12.630097644454354],[34.17248643663276,-12.598860122771434],[34.17834581163275,-12.561046266457396],[34.198793131511245,-12.53081243401032],[34.193400878907035,-12.497621244794185],[34.18108100043475,-12.47356064368035],[34.17803819444532,-12.439566774343255],[34.16182318793483,-12.403909493549062],[34.11749755859437,-12.401114083394585],[34.074441731771515,-12.3716693677008],[34.05712212456683,-12.346575780476703],[34.031340060764705,-12.29711343241695],[34.03196587456665,-12.281583918537704],[34.01525282118132,-12.258859037909472],[34.024333224827096,-12.233530804418272],[34.020281846788976,-12.199933256696204],[34.0258756510425,-12.16973197633319],[34.04167073567793,-12.120490168638463],[34.06272271050432,-12.084375259807198],[34.05250271267436,-12.046779502452624],[34.05978054470563,-12.010172785896115],[34.07751112196263,-11.99499944606203],[34.08432779947981,-11.975580500762021],[34.11122287326458,-11.957980674384384],[34.18016031901112,-11.923750531177337],[34.16859727647647,-11.904710275113178],[34.16944715711895,-11.874921049872087],[34.17945800781313,-11.855524348495731],[34.177225748698675,-11.822191557718838],[34.19194173177163,-11.808886164932291],[34.235552842882775,-11.785830609391954],[34.25423204210136,-11.749856895222836],[34.30028591579952,-11.730269492891981],[34.3222249348965,-11.684724923694562],[34.32488796658055,-11.658187515943027],[34.30889160156323,-11.64512300857333],[34.30109212239648,-11.612497276173071],[34.303685438368916,-11.575397802456541],[34.27794080946244,-11.532158870193932],[34.27500813802152,-11.516369482183729],[34.28362006293481,-11.470861262813337],[34.2774750434035,-11.462200509781123],[34.272762044271644,-11.420912125477507],[34.27527452257027,-11.390258371157994],[34.26383300781333,-11.366761192354677],[34.2585951063375,-11.326930598848987],[34.25146131727514,-11.313784711271236],[34.226936577691674,-11.302196847780923],[34.21836941189309,-11.253826893387211],[34.232830674914,-11.239383805289515],[34.21151665581663,-11.21900484480011],[34.206626519097995,-11.19319836695348],[34.21056315104232,-11.162273074006258],[34.22562825520913,-11.146075021717202],[34.23754475911534,-11.119369021301846],[34.22357313368138,-11.0702250054944],[34.21277370876811,-11.01555662988178],[34.223063693577096,-10.99414563271825],[34.22388183593829,-10.961466189382058],[34.21694715711885,-10.907453738248684],[34.2199682617196,-10.892472184439972],[34.21472520616397,-10.84694714649511],[34.204420572917456,-10.826859798419287],[34.21246202257021,-10.794113894580091],[34.20503282335153,-10.772974978579668],[34.21583062066054,-10.741277658724211],[34.18888617621593,-10.710558257704774],[34.1978873697925,-10.689870323692046],[34.19361382378555,-10.66107027488502],[34.19999728732711,-10.641092111922175],[34.19084960937567,-10.615865332426734],[34.17689154730971,-10.604361154917896],[34.17806179470561,-10.572057349060534],[34.23139160156336,-10.530558325653654],[34.20734700520916,-10.50622957675665],[34.21110839843817,-10.4769416536014],[34.23402235243128,-10.454855539793781],[34.26230224609458,-10.444448910027447],[34.25002739800425,-10.42495434895257],[34.255275065104854,-10.402453738617712],[34.24550537109445,-10.36977117570825],[34.20386800130274,-10.339989071238433],[34.17530788845551,-10.30424796883469],[34.17906385633762,-10.288277713312947],[34.12895236545211,-10.242248660613388],[34.11667182074717,-10.241399797224293],[34.09350287543475,-10.203376319063],[34.071302354601464,-10.191569814080566],[34.06220784505285,-10.161924903078967],[34.01303222656321,-10.120810740241426],[34.001391601563164,-10.099681386416302],[34.006663140191776,-10.069413170836418],[33.956892903646576,-10.009668433469248],[33.95631564670219,-9.994407982905999],[33.93778103298688,-9.971686086222183],[33.950273980035426,-9.916437130644415],[33.940836046007675,-9.895109412561936],[33.92845024956671,-9.892806556118172],[33.90386935763968,-9.844708750709085],[33.90720594618125,-9.807882239778705],[33.89649739583404,-9.788764299526852],[33.89926161024374,-9.769235643536371],[33.88815646701476,-9.755684770744171],[33.90216579861192,-9.736986108106887],[33.93844021267438,-9.71960327866672],[33.94145182291743,-9.687854502785829],[33.95690809461877,-9.649027768061838],[33.95595811632011,-9.612935857622338],[33.946333279080534,-9.567036470723291],[33.97017306857703,-9.527546707706936],[34.017157389323586,-9.499456780691988],[34.03947048611195,-9.493609939361315],[34.08967203776126,-9.54103557895265],[34.17473578559094,-9.61390277317583],[34.278143446181204,-9.715745365122373],[34.32687201605979,-9.757922980784889],[34.33472493489672,-9.78524786072734],[34.35859402126828,-9.812197221871587],[34.391832953559856,-9.859938242884626],[34.41601209852514,-9.885405534802704],[34.45256835937584,-9.938179989513939],[34.45348280165007,-9.9459719070972],[34.49001708984463,-9.978099219626559],[34.506615939670894,-10.004599294204557],[34.50416937934102,-10.0160811938808],[34.54055121527869,-10.066864410530219],[34.54166341145907,-10.079980526513758],[34.520257703993764,-10.121112186096225],[34.54444715711877,-10.156941653842285],[34.568885091146626,-10.205780561682717],[34.56499186197988,-10.258038726790643],[34.577179361980086,-10.275922231008872],[34.585563151042436,-10.308075619113604],[34.57333604600773,-10.342692114856156],[34.56092447916733,-10.400577585732984],[34.5586496310771,-10.427678144523428],[34.571041124132755,-10.460225616287431],[34.58219238281327,-10.453058325711188],[34.5955837673618,-10.483176055723483],[34.57169433593828,-10.512680721500242],[34.57594509548681,-10.560078589303364],[34.58348415798679,-10.571903337016192],[34.625091145834226,-10.597390533178183],[34.620210503473125,-10.624671959481686],[34.644211154514785,-10.64427774017476],[34.65942599826473,-10.687557226905609],[34.64944173177173,-10.71333603548056],[34.6811355251744,-10.751171186277745],[34.67334852430628,-10.78411389458726],[34.67971950954933,-10.810247927771563],[34.67160590277842,-10.842992610907714],[34.676663411459224,-10.85831392708592],[34.66889160156336,-10.891881906662574],[34.679163953993736,-10.904843196800668],[34.6726101345493,-10.939868289006828],[34.653962673612,-10.953989247113057],[34.63446234809095,-10.993054052857863],[34.61413736979249,-11.019822309132438],[34.61517523871595,-11.048606217532132],[34.63758572048686,-11.053175173692148],[34.63472656250087,-11.101388878085231],[34.651936306424375,-11.131935888697559],[34.698460828993916,-11.159184152567494],[34.702780490452255,-11.177933203118577],[34.71756890191056,-11.19072169594832],[34.75611111111181,-11.208029774278232],[34.770221354167575,-11.24959783523039],[34.79273383246601,-11.26633706590459],[34.79906141493126,-11.28828096779916],[34.7856060112856,-11.29266017244025],[34.802745225695276,-11.320797108184793],[34.90307400173697,-11.37833562811068],[34.9291585286465,-11.399752186255789],[34.92209201388971,-11.422314442099811],[34.931191406250775,-11.462566856352021],[34.95583062066056,-11.491604128467698],[34.96546115451474,-11.581375043120962],[34.95738172743126,-11.615056548089829],[34.96512152777865,-11.631206450422837],[34.96551106770926,-11.68283703849614],[34.949788953993895,-11.741621082511113],[34.95484320746618,-11.779893651930484],[34.92696994357715,-11.878884266015337],[34.899700520834074,-11.909218467384633],[34.895282118056286,-11.975833321942373],[34.88221408420219,-12.006086143103492],[34.8900081380217,-12.028315689530261],[34.86445258246613,-12.06278617561948],[34.84375542534798,-12.073295073182281],[34.81571668836881,-12.071969389589388],[34.81107421875078,-12.095606271084813],[34.794652235243746,-12.112691774546132],[34.76118001302165,-12.12683267080462],[34.74460177951465,-12.152488324000245],[34.69985894097306,-12.18724038561041],[34.71017795138972,-12.227874879942581],[34.72237630208418,-12.247983115607163],[34.71929904513962,-12.278943673313528],[34.700365668403606,-12.329031563907629],[34.7088856336813,-12.369147123778788],[34.70227973090351,-12.389553753540588],[34.708969726563225,-12.410301908909855],[34.698937717014594,-12.428866633290834],[34.6982470703133,-12.483854968760813],[34.71806098090361,-12.52334824130642],[34.75664388020908,-12.549495973495523],[34.77614529079949,-12.599312596729563],[34.76989963107718,-12.627686891417545],[34.7988693576396,-12.647699098436869],[34.808897026910415,-12.687196982527986],[34.8208306206605,-12.699414593197954],[34.81722493489667,-12.737224651769354],[34.78641221788263,-12.788446711201173],[34.78892523871599,-12.81913735788468],[34.77169704861188,-12.86355440429989],[34.770836046007666,-12.883891589617996],[34.75834743923684,-12.897470419905199],[34.75674587673694,-12.91824109046625],[34.76528211805629,-12.965001073078268],[34.762196723090995,-12.975274510572497],[34.7916639539938,-13.030525704117455],[34.81166395399373,-13.090460328649542],[34.81168077257024,-13.113058256154133],[34.797821723090976,-13.131931140258231],[34.79777506510504,-13.163613811681467],[34.80750271267448,-13.218303481790072],[34.81587510850766,-13.239399130649934],[34.79094021267434,-13.322436511246725],[34.801383463542486,-13.34763046739621],[34.871386176216106,-13.400913344971457],[34.860052083334146,-13.417327461716104],[34.86943142361196,-13.429231487317333],[34.86013075086879,-13.469597155698445],[34.86696397569523,-13.475836033733334],[34.86710015191061,-13.516223132236075],[34.85530870225767,-13.560297296709276],[34.85139160156319,-13.595792630891973],[34.85579644097294,-13.6551814654963],[34.83888400607725,-13.67741019812361],[34.847191840278526,-13.708573663819257],[34.861714409722985,-13.727154392976322],[34.91133951823008,-13.734782702434174],[34.96699055989666,-13.726376126917732],[35.01133734809098,-13.72554252231748],[35.06126844618137,-13.739257528820726],[35.08858452691044,-13.83608180177475],[35.10972493489669,-13.860830608185745],[35.116380208334306,-13.904174792191734],[35.12823079427159,-13.94707029998266],[35.122002495660695,-13.966271417594598],[35.141649305556314,-13.978462444064194],[35.14240885416751,-13.999039158463756],[35.1674707031259,-14.03684352042414],[35.18140299479251,-14.046678589863822],[35.176663953993796,-14.087775052517275],[35.18001356336884,-14.124320191388303],[35.19138834635491,-14.134983168813603],[35.19472493489655,-14.161903741717182],[35.22916232638977,-14.210491523811905],[35.22416937934122,-14.237704522930827],[35.229721679688225,-14.258626831948593],[35.24944118923702,-14.270808364060796],[35.268950737848,-14.319559991641874],[35.29358832465374,-14.348218845795005],[35.29473849826462,-14.370262031548535],[35.27504720052155,-14.382138659147232],[35.27307888454947,-14.39693737875836],[35.24176378038276,-14.41899195774112],[35.22444498698014,-14.410294583613263],[35.21466688368133,-14.386484362270158],[35.1765424262162,-14.369685317139082],[35.16580132378556,-14.345203437810364],[35.13795247395922,-14.30301648036498],[35.111238606771565,-14.294605022035649],[35.08526801215355,-14.255550117540349],[35.07805284288281,-14.21778047780141],[35.044048936632684,-14.19992674517111],[35.03513020833423,-14.183333320699951],[35.0014306640632,-14.180345039451309],[34.99971950954938,-14.164997274701852],[34.96577745225767,-14.168872600220853],[34.941258138021674,-14.155328220887123],[34.93365885416762,-14.138314332006432],[34.92724500868127,-14.072289483948419],[34.91697428385493,-14.045886489169684],[34.86316243489653,-13.99923853997403],[34.82278428819535,-14.039633505231782],[34.846304796007686,-14.07186793446945],[34.85984266493124,-14.118536771252202],[34.83705729166752,-14.121564115000687],[34.81111436632034,-14.149985881479992],[34.808891601563346,-14.185836033372423],[34.81863552517449,-14.21522730939991],[34.802245008681496,-14.257357300699152],[34.7681477864591,-14.271497383157712],[34.704741210938266,-14.289997274641998],[34.68285101996616,-14.278296970828084],[34.69272460937588,-14.26036728333665],[34.68949435763978,-14.23118813838532],[34.636761610243866,-14.217163615822615],[34.59959418402865,-14.184294692227207],[34.60120442708404,-14.158033841545453],[34.564000651042534,-14.127789700935217],[34.548886176216115,-14.10000270008068],[34.549432508681434,-14.083777114151156],[34.5316105143238,-14.052137574236108],[34.529312337240356,-14.019718954460421],[34.51527398003549,-13.971944431914734],[34.52805284288274,-13.949719497030005],[34.57692003038272,-13.910783678907102],[34.58819444444532,-13.879305543072277]],[[34.739090169271655,-12.091672080549076],[34.73806098090358,-12.074239354865723],[34.75129394531335,-12.045253894814572],[34.735081922743746,-12.043591568426903],[34.71061686198004,-12.081172677343972],[34.739090169271655,-12.091672080549076]],[[-85.7770779079859,12.114588747201607],[-85.75180419921847,12.100491524988335],[-85.71691324869761,12.093330609194183],[-85.69574273003442,12.070343141761022],[-85.6681477864581,12.062337499404777],[-85.65089816623241,12.040294042387622],[-85.63194173177051,12.04219101504269],[-85.60937093098927,12.055275053662772],[-85.57040744357614,12.039363866606903],[-85.55329888237823,12.01452798337631],[-85.52563313802057,11.987590863167783],[-85.49774441189207,11.93188773820358],[-85.46277506510391,11.889447145783114],[-85.43802571614553,11.871669368016823],[-85.42013671874969,11.89170626036503],[-85.358990614149,11.882376019485557],[-85.3122601996525,11.84159965232466],[-85.30546332465242,11.827113975250729],[-85.26462619357608,11.784793825538772],[-85.2516151258677,11.790552831611569],[-85.22830783420109,11.766392132842592],[-85.21300564236078,11.770531944037684],[-85.19590549045111,11.757119129376356],[-85.18017523871502,11.725544964900754],[-85.15575195312468,11.711726876802212],[-85.14688313802054,11.68496445277459],[-85.13234700520802,11.677590320835106],[-85.1221582031247,11.640768489262301],[-85.09773437499963,11.641343576067491],[-85.08305284288164,11.62278047929167],[-85.06410915798578,11.582249880360338],[-85.02688259548579,11.549963910329836],[-84.99972493489554,11.516941449414594],[-84.97998046874966,11.507763118257571],[-84.94221896701356,11.447990440346576],[-84.91694118923584,11.448578819252395],[-84.90471516927053,11.438811024120144],[-84.8988916015622,11.366108387450975],[-84.8650862630205,11.356605620530388],[-84.8580653211802,11.330218087996295],[-84.83127387152743,11.303553862754223],[-84.80545952690935,11.294401844531325],[-84.78493109808991,11.22171005855727],[-84.79000271267324,11.183057714834115],[-84.78952582465243,11.138157541254305],[-84.76776367187462,11.108321929296013],[-84.79000271267324,11.075280479666448],[-84.83468858506909,11.041649837329087],[-84.8801741536455,11.03929171016055],[-84.90097222222187,11.02847221147034],[-84.91684950086771,11.0317735352528],[-84.93513943142327,11.057685807369834],[-84.97935655381912,11.04750270190823],[-84.98944878472192,11.067291927154686],[-85.03937554253437,11.060270714052058],[-85.05751898871502,11.063058257452761],[-85.06591579861075,11.077193728363005],[-85.10585232204829,11.08638616542267],[-85.13047309027746,11.082204036519295],[-85.16587944878441,11.106941720963684],[-85.20284450954827,11.09000405821518],[-85.22956488715252,11.105275054298216],[-85.24468370225664,11.099332400222503],[-85.28742133246492,11.129054622423848],[-85.34244086371493,11.152383344195842],[-85.38477945963513,11.15498127171129],[-85.40641357421853,11.16249727648039],[-85.42980116102399,11.158613812941415],[-85.46361138237815,11.182234689661199],[-85.4791794162324,11.178377267788829],[-85.51226291232607,11.204997276450808],[-85.52557562933998,11.206852473932255],[-85.53755018446147,11.227336143622813],[-85.56441270616295,11.23580266922473],[-85.5820537651907,11.249266210882087],[-85.62556396484352,11.249175065048693],[-85.64744628906222,11.273694921802544],[-85.68572347005184,11.297543391838207],[-85.71306586371496,11.333633886605119],[-85.72348659939212,11.33560166004135],[-85.7576220703122,11.374809559319877],[-85.77940456814207,11.41383245425868],[-85.77833604600676,11.434490548862703],[-85.78994737413166,11.453097319683387],[-85.78961778428798,11.488988704207793],[-85.8405783420136,11.57920246282773],[-85.86361382378443,11.64305283170869],[-85.86722819010389,11.69681666630847],[-85.90912543402749,11.701397558232484],[-85.92000271267334,11.716941720548709],[-85.91744737413173,11.739119183641671],[-85.8962334526907,11.749056520874714],[-85.88694715711787,11.765329578589736],[-85.89719862196152,11.793242990029748],[-85.89739827473929,11.82268906205914],[-85.90445475260385,11.852526030355717],[-85.92998101128444,11.884163942661617],[-85.92157063802054,11.902049956104811],[-85.94018690321161,11.925791275533891],[-85.94436713324622,11.959702950859414],[-85.93499647352405,12.001142295450837],[-85.91167534722206,12.0575081265781],[-85.89185601128443,12.084330229425728],[-85.86360839843722,12.09689262091065],[-85.84562282986084,12.089368749387646],[-85.80747992621508,12.114458267600957],[-85.7770779079859,12.114588747201607]],[[-85.80558485243029,11.771935210095837],[-85.84250271267335,11.764441720517334],[-85.85330349392332,11.773608387178218],[-85.8799972873261,11.74347980646863],[-85.86019341362828,11.712770984874407],[-85.82790201822891,11.715391698848245],[-85.79211751302059,11.710203168035692],[-85.78907470703098,11.742582996573512],[-85.80558485243029,11.771935210095837]],[[-85.62795952690945,11.596060101705204],[-85.66139160156219,11.58583603487183],[-85.69473253038164,11.567315527071738],[-85.69889160156215,11.547109363890831],[-85.71658962673584,11.509849164263066],[-85.67379611545115,11.478003461159725],[-85.60525092230881,11.484478070530228],[-85.59013888888857,11.491145008459759],[-85.56473822699623,11.482157378257535],[-85.55973876953095,11.43458305103279],[-85.5373000759546,11.407056195582665],[-85.50402777777754,11.400694433434369],[-85.45835205078092,11.421822634374701],[-85.45985812716988,11.471012901268534],[-85.48302571614553,11.490280479380422],[-85.52970513237814,11.497591948559535],[-85.54246175130184,11.492793500212064],[-85.55462158203096,11.512476388653775],[-85.56555257161438,11.549425173351075],[-85.56108072916635,11.567462553981287],[-85.59469238281226,11.590830609521301],[-85.62795952690945,11.596060101705204]],[[-85.01996419270803,11.204123524281314],[-85.04944769965249,11.203890505618313],[-85.04699164496496,11.154759103742725],[-85.00688693576352,11.169026681857819],[-85.01996419270803,11.204123524281314]],[[-69.70472442626948,-15.234527761287373],[-69.66201182047521,-15.262272342710496],[-69.65068081325946,-15.283882941795866],[-69.64298034667974,-15.320521430550743],[-69.6307436794705,-15.33579466459416],[-69.63471893310529,-15.35391108575673],[-69.60474639892581,-15.356961419414436],[-69.59645131429029,-15.37003426825894],[-69.57690324571391,-15.36749340861381],[-69.52851399739589,-15.390550727398],[-69.51299804687497,-15.408543315010391],[-69.49143636067703,-15.417740940061023],[-69.46479404025607,-15.441608907445344],[-69.46074503580732,-15.453531548771002],[-69.42727403428825,-15.479510586575659],[-69.3984033881293,-15.483929158893966],[-69.39262790256075,-15.507862840796586],[-69.3571967230903,-15.53084990133471],[-69.32095241970478,-15.547924791464936],[-69.29286275227864,-15.553941772799403],[-69.29623033311603,-15.57860458746013],[-69.29028964572473,-15.600292684239903],[-69.29303968641483,-15.62643139679557],[-69.25990044487841,-15.640611016473244],[-69.26565714518225,-15.6530924346545],[-69.25305833604592,-15.678336100552176],[-69.22056993272557,-15.678335422383757],[-69.20124457465285,-15.671638441592089],[-69.17639166937903,-15.686947211660232],[-69.19037618001292,-15.6978491078149],[-69.17565999348942,-15.714928711215652],[-69.09858120388454,-15.726669433867563],[-69.07285834418389,-15.756877563739454],[-69.05969306098076,-15.789758287468688],[-69.03330647786449,-15.808078396511453],[-69.01216932508677,-15.860900526484],[-68.98804199218745,-15.871141411897028],[-68.98371839735229,-15.8879361167522],[-68.94132215711795,-15.89861530240369],[-68.88879075792086,-15.943368177821837],[-68.85472086588528,-15.939186455818174],[-68.84552395290784,-15.928586208968564],[-68.79067776150164,-15.954251017444848],[-68.76793253580709,-15.971391656002083],[-68.79331244574651,-16.008427720984976],[-68.81668023003456,-16.00998608415725],[-68.83496202256947,-16.031122626576057],[-68.84388278537322,-16.061600938740305],[-68.8901350911457,-16.067553154992556],[-68.90499721950954,-16.08340676555558],[-68.8892253282335,-16.094431884909692],[-68.89165649414048,-16.110913886314666],[-68.84700873480892,-16.162016588120274],[-68.84279066297728,-16.193823906903198],[-68.84882473415799,-16.21619898827596],[-68.83469238281242,-16.223886162752343],[-68.81103759765617,-16.187069892148543],[-68.78132324218747,-16.182243367627507],[-68.74893798828113,-16.19915512434928],[-68.72627834743903,-16.201155449869358],[-68.70399237738704,-16.214199883458974],[-68.64556911892346,-16.219152818569977],[-68.62433322482627,-16.202780476995542],[-68.60583496093737,-16.20781953949393],[-68.59948174370643,-16.2427350396993],[-68.57516208224823,-16.252901326588525],[-68.60647054036437,-16.292905124318466],[-68.59970893012138,-16.31052461758537],[-68.61430365668386,-16.327852498439132],[-68.64866278754324,-16.31361381029266],[-68.69286580403644,-16.324254679429806],[-68.71587266710038,-16.320001207208975],[-68.73239249617382,-16.32937196771197],[-68.72117052050481,-16.347615339338724],[-68.69547234164186,-16.331768129044885],[-68.67948236368272,-16.34140494611545],[-68.67798938890084,-16.372498300432042],[-68.69873828887171,-16.394389341678757],[-68.7137764824286,-16.424656085663337],[-68.74404322642266,-16.417803237968812],[-68.77012211904652,-16.4263692975868],[-68.80210207496486,-16.419897163653264],[-68.88444166395382,-16.423613810257553],[-68.94790846082891,-16.437332343239433],[-68.95789374457445,-16.472094441752684],[-68.90225490993912,-16.476500366230546],[-68.87229478624123,-16.472784817186422],[-68.84922390407975,-16.50224092611839],[-68.8547195095484,-16.511847588441896],[-68.84249728732622,-16.54889158799656],[-68.86000271267346,-16.56432344563062],[-68.86103786892357,-16.590785305431762],[-68.91936625162762,-16.594163940413285],[-68.94418077256938,-16.586941311292016],[-68.97941609700504,-16.567734632695586],[-69.02930135091134,-16.552783325191434],[-69.06312337239578,-16.529368204755773],[-69.0798065863714,-16.48789997017663],[-69.07775980631499,-16.466201158334382],[-69.04403727213537,-16.43799911841282],[-69.02172064887148,-16.404808064820628],[-69.02897976345481,-16.376174438527766],[-69.02083611382358,-16.332477064409915],[-69.04230943467877,-16.28420056160428],[-69.07531867133244,-16.27330809198975],[-69.07477667914478,-16.25725055618781],[-69.05323296440966,-16.257114651239824],[-69.04304755316826,-16.267803127798814],[-69.01154052734341,-16.265615763433264],[-68.99734117295999,-16.27443832744926],[-68.97878682454413,-16.262775051628683],[-68.96531853569869,-16.23218680836604],[-68.96054328070736,-16.205093302515508],[-68.93836079915334,-16.19475367578306],[-68.88972500271251,-16.234207478938124],[-68.89517205132368,-16.256446384095927],[-68.84467624240452,-16.268908271027566],[-68.82889160156245,-16.244001722641816],[-68.85757595486109,-16.21514226627105],[-68.89713894314238,-16.196452351997692],[-68.95974317762574,-16.17415580252583],[-68.9765777587889,-16.140322252190053],[-69.01946275499125,-16.11028095174422],[-69.05087171766502,-16.094980930048177],[-69.07694722493468,-16.08916943373932],[-69.11456095377591,-16.06044906970837],[-69.11406968858505,-16.098748426791836],[-69.09055847167954,-16.114724989286344],[-69.0761138916015,-16.1486573487585],[-69.12078708224811,-16.195280476997908],[-69.09501736111109,-16.218488891704],[-69.11473124186199,-16.23710190168045],[-69.14905605739989,-16.254955634313557],[-69.17393513997385,-16.25639158808902],[-69.21034376356334,-16.267993557486356],[-69.25625983344173,-16.27249727384779],[-69.26416388617614,-16.285552829399073],[-69.28535664876296,-16.274957668812213],[-69.29389790852856,-16.255252807707475],[-69.3573912217881,-16.250765503021455],[-69.37607082790801,-16.235835896906377],[-69.40319085015179,-16.190192722008483],[-69.42527384440106,-16.178157945536775],[-69.46308027479375,-16.20249727387069],[-69.49142968071823,-16.207497273868928],[-69.51322733561197,-16.184459215065942],[-69.4908071828408,-16.15675877212349],[-69.49514351257763,-16.13766102774025],[-69.47117225133437,-16.115951206244205],[-69.4541360719601,-16.083687999298675],[-69.4286762575361,-16.085293428693284],[-69.42063700358065,-16.047621378740605],[-69.44221944173175,-16.017339396329277],[-69.4419613986543,-15.996529256362287],[-69.45706207275384,-15.989263427914452],[-69.4861150105795,-15.990402208295821],[-69.53549445258236,-15.964828477836297],[-69.55749721950956,-15.958608317248006],[-69.60871354844842,-15.954609904163481],[-69.67319257948137,-15.955858954727294],[-69.68795430501304,-15.9308108725964],[-69.68471462673618,-15.912761691830225],[-69.73202075534394,-15.902637790466535],[-69.75052819146046,-15.90768831401084],[-69.76830050998268,-15.896332587560735],[-69.77809053209096,-15.862686076071126],[-69.77339211357963,-15.828992092793246],[-69.79526234944666,-15.808875786919367],[-69.80336110432947,-15.785159288446915],[-69.82993364122183,-15.786756307218177],[-69.85333621554906,-15.824719496223578],[-69.8516694471571,-15.863058322707088],[-69.83020246001341,-15.86691650019903],[-69.81725819214151,-15.884429333195591],[-69.78432645182097,-15.895660389139236],[-69.78356502429916,-15.920977854232314],[-69.81744854902209,-15.91088893957115],[-69.84352744164605,-15.90936608452776],[-69.85399707007169,-15.927830701926752],[-69.88274095902209,-15.902322879953081],[-69.88972775745472,-15.88235972688056],[-69.96236893390048,-15.850748436324384],[-69.99376660955431,-15.857410553484213],[-70.01280229760086,-15.84427592873667],[-69.9890076875426,-15.810773117786374],[-70.00404588109919,-15.790024217823271],[-70.01851300401493,-15.790024217823271],[-70.03145727188677,-15.75842497567725],[-70.01889371777584,-15.729681086737271],[-70.02752521257446,-15.72191809520881],[-70.01042283659504,-15.695446591528556],[-69.98231545346367,-15.70243625823056],[-69.97026943212155,-15.714630995881105],[-69.95019272988492,-15.692323548959543],[-69.9597105739083,-15.675518605612176],[-69.929223729771,-15.659903392766978],[-69.91025744267033,-15.617197024938822],[-69.91584917603413,-15.589595277281662],[-69.90440365261495,-15.576391656145958],[-69.87908650349402,-15.615531402235412],[-69.84993810617259,-15.640277796686938],[-69.85138134426543,-15.676428005934733],[-69.83971184624565,-15.700925008421128],[-69.79463460286462,-15.725532145456523],[-69.75271179199223,-15.730274983996589],[-69.74546542697485,-15.71946599691279],[-69.78641776190844,-15.692664442560794],[-69.76119949340816,-15.682895426722416],[-69.7703320651585,-15.657579535889782],[-69.79628055148655,-15.660786390814575],[-69.81384755452478,-15.637335056188185],[-69.80986441718194,-15.607314778964113],[-69.82473220825199,-15.588538059136106],[-69.85926944308814,-15.559439514496535],[-69.86058056301539,-15.541348524648862],[-69.88907202826609,-15.510580736303197],[-69.91660267201944,-15.45820144058985],[-69.91565088761706,-15.436072453244394],[-69.93302095295951,-15.418226495707586],[-69.92754819264616,-15.391814478552972],[-69.91588883371757,-15.376110035920734],[-69.8854317328429,-15.362071215991886],[-69.86163712278457,-15.367781922403578],[-69.86377863768986,-15.337086875440521],[-69.88233843353537,-15.327331085320559],[-69.87115496680798,-15.301394960367258],[-69.85211927876131,-15.297111930558566],[-69.82594520769715,-15.277838296418903],[-69.77110833062059,-15.314338264049336],[-69.75401797824443,-15.303800646052208],[-69.75175198025173,-15.28400897939346],[-69.72399064805774,-15.29734617828128],[-69.71554721408413,-15.276936089856251],[-69.73650207519535,-15.268318976958415],[-69.72499806722006,-15.239635115343416],[-69.70472442626948,-15.234527761287373]],[[-69.71084720187717,-15.64834240752946],[-69.72556335449224,-15.657214410021744],[-69.71569444444441,-15.681805542282657],[-69.69126369900161,-15.660394748562327],[-69.71084720187717,-15.64834240752946]],[[-69.1936138916016,-15.983613878220256],[-69.18778082953554,-16.03251002349416],[-69.17054890950521,-16.029999104983673],[-69.14639451768655,-16.04802285443474],[-69.1441716172959,-16.023507609217727],[-69.17487413194434,-15.990736748768947],[-69.1936138916016,-15.983613878220256]],[[34.53645019500015,62.904507105703566],[34.57604980500008,62.89965955770329],[34.60936686200023,62.86284043970102],[34.63229980500022,62.862159557701254],[34.68020019500016,62.810757105697775],[34.737624783000236,62.79411349669671],[34.73322753900027,62.826694063698945],[34.838549805000184,62.835076224699286],[34.87604980500004,62.81632622469835],[34.99802246100017,62.77122395669536],[35.02320421000007,62.773257105695514],[35.11246473500006,62.747319876693844],[35.0739501950003,62.73575710569313],[35.00729980500017,62.7621595576946],[34.988533529000264,62.74825710569394],[35.05313313800019,62.73924289169312],[35.0739501950003,62.72742377269246],[35.20313313800034,62.71632622469179],[35.24158799900021,62.68584798069006],[35.30637478300014,62.67671983368937],[35.430216471000165,62.65174289168769],[35.47741970500021,62.6031236426844],[35.508672418,62.62867702768615],[35.572941081000295,62.62240396968574],[35.59581163200011,62.602752005684415],[35.5729465060001,62.57967122268296],[35.65421006900005,62.55382622468151],[35.74794108100025,62.53907063668037],[35.76658799900012,62.500431313678064],[35.81979980500023,62.482992891676716],[35.846172418000094,62.45703667367492],[35.84686686200012,62.43299289167353],[35.87286783900015,62.40979817567183],[35.83531629800029,62.34114176266729],[35.85383029500031,62.31145697566526],[35.82698025200017,62.29335666066419],[35.81460503500034,62.2639146576622],[35.82300618500011,62.22333034765966],[35.76034342400026,62.14440239665433],[35.69825032600033,62.08437499865029],[35.702029080000045,62.04629991164751],[35.73646647100003,62.00174289164451],[35.77711317300031,61.977587889642734],[35.84479980500003,61.96632622464203],[35.88325466600014,61.93290201663971],[35.862833659000216,61.91145697563838],[35.89785970100036,61.88478732463645],[35.83948296400007,61.857808429634446],[35.87303602400021,61.8253716346322],[35.93337673600017,61.827423772632436],[36.00104980500021,61.789242891629684],[36.0541314020001,61.72856987662535],[36.06054145000013,61.69322102762295],[36.03438313800012,61.67257622462152],[36.15313313800027,61.616326224617524],[36.169799805000075,61.60382622461658],[36.252107747000025,61.511987303610034],[36.250111220000235,61.48612874160817],[36.320876736000116,61.475340439607415],[36.4031331380001,61.451742891605704],[36.436810981000235,61.431287975604164],[36.462494575000285,61.40275743160223],[36.47076009100016,61.3652357295993],[36.42714301200021,61.30879313059519],[36.339596897000035,61.27225612959261],[36.391796875000125,61.223403590588745],[36.43575575100016,61.1966200075869],[36.416501194000205,61.16923149858492],[36.371883138000086,61.131590439581906],[36.238549805000275,61.07950710557807],[36.18854980500015,61.068409557577226],[36.139227973,61.08298068457817],[36.1019314240002,61.083673772578216],[36.05835503500015,61.04308132457542],[36.06075575100033,61.02263047857361],[36.02705349400014,61.003521048572416],[36.02080349400018,60.96717122256949],[35.99896647100024,60.95867377256885],[35.8624755860003,60.94115396956764],[35.945144314000345,60.91253797556525],[35.935329861000355,60.88375108356294],[35.824956597000266,60.87049289156197],[35.80103352900011,60.89200710556359],[35.79479980500009,60.91492377256544],[35.726049805000116,60.89617377256397],[35.64578993100019,60.88924289156353],[35.569783529000226,60.904507105564534],[35.52603352900001,60.91909043956573],[35.477416992000194,60.957290308568645],[35.48716634100009,61.00937364257261],[35.479001194000254,61.02451849857375],[35.43367481200016,61.04368801557525],[35.35336800300018,61.05380072457618],[35.32094784700024,61.04368801557525],[35.29896647100014,61.01700710557328],[35.16146647100025,61.012840439572926],[35.137603082000275,61.0496066605757],[35.09379882800016,61.057714842576374],[35.06273871500008,61.07534043957758],[34.96246473500008,61.0702365435774],[34.90938313800024,61.08715955757848],[34.83158365900027,61.084374998578355],[34.841745334000166,61.10581868357995],[34.81700032600015,61.144791665583],[34.83336859800022,61.180653210585476],[34.87049967400008,61.21354166558802],[34.896866862000195,61.18159043958578],[34.9496419270003,61.183447264585894],[35.012413194000146,61.17458224658516],[35.01700575100011,61.143185762582675],[34.935316298000146,61.12344156758134],[35.016677517000225,61.09646402857926],[35.03328993100012,61.07674289157768],[35.0718831380002,61.08090955757796],[35.14270019500015,61.04825710557571],[35.21037326400017,61.02674289157405],[35.25104980500014,61.035757105574795],[35.27038430100009,61.0609391075766],[35.30310189000005,61.07491844157762],[35.44557211700021,61.043985448575334],[35.48438313800017,61.02674289157405],[35.50313313800024,61.001742891572114],[35.56482204900021,60.99340955757143],[35.62726779500031,61.05368787857592],[35.66273057700016,61.11207275258043],[35.69617241800017,61.13276909558208],[35.673966471000135,61.15382622458356],[35.6281168620003,61.16284043958415],[35.59380425300026,61.183958603585644],[35.61874186200009,61.21734483358851],[35.58438313800019,61.26215955759169],[35.54573567700009,61.26706814059188],[35.5392496740003,61.29687364259433],[35.49408908400011,61.359852429598796],[35.46979980500021,61.37465955760014],[35.40203993100016,61.368409557599584],[35.355200195000116,61.38159043960051],[35.330200195000195,61.40867377260253],[35.33341200100028,61.437068683604714],[35.29061686200032,61.43575710560458],[35.25398220500011,61.478687878607666],[35.177039931000124,61.4795071056077],[35.12813313800023,61.49549289160881],[35.04132758200035,61.48879665660823],[35.064350043000054,61.52463378761078],[34.99578993100015,61.52742377261098],[34.97287326400016,61.51632622461027],[34.921883138000055,61.51284043961019],[34.886450195000116,61.51909043961038],[34.8561631940002,61.545415580612385],[34.785514323000086,61.56418185661385],[34.71145019500017,61.57325710561427],[34.69566786000013,61.60160183261641],[34.65828993100019,61.6059095576167],[34.62078993100021,61.635076224618736],[34.572970920000216,61.65895860362056],[34.55174696200026,61.698959688623276],[34.49382866800004,61.745402016626706],[34.43021647100017,61.77674289162893],[34.38309461800031,61.789242891629684],[34.304155816,61.82771402863254],[34.358276367000094,61.84854871863402],[34.304155816,61.86313069563506],[34.28531629800033,61.90572509663788],[34.32298719600016,61.89825710563738],[34.37716200100027,61.86206868363487],[34.367700195000175,61.83992377263324],[34.41879340300022,61.83507622463295],[34.492716471000165,61.84617377263382],[34.491411675000386,61.82950710563244],[34.56146647100006,61.79965955763042],[34.56793891100011,61.82767740763256],[34.54177517400035,61.866280109635134],[34.598966471000274,61.864242891634916],[34.6312852650002,61.894398327637056],[34.564553494000386,61.97657877464289],[34.49896647100019,62.02257622464593],[34.419783529000085,62.046173772647556],[34.40104980500024,62.06424289164866],[34.36642795100004,62.06215955764859],[34.3385498050003,62.08090955764988],[34.28955891900018,62.09842936065096],[34.275333659000346,62.11354166565222],[34.291333008000265,62.13645968865355],[34.25311686200024,62.15450710565501],[34.21880967900011,62.18188476465669],[34.26674533400018,62.19331868365772],[34.311450195000134,62.15659043965506],[34.33780924500031,62.15659043965506],[34.422819010000175,62.121234807652634],[34.47533094600021,62.117007105652455],[34.521866862000074,62.08992377265064],[34.57905002200016,62.071207680649216],[34.61703016500018,62.07325710564938],[34.70728352900011,62.02325710564584],[34.73343370200024,62.043225096647284],[34.67603352900011,62.114923772652126],[34.621166992000326,62.165623642655625],[34.62395019500025,62.17950710565653],[34.586466471000215,62.20799289165851],[34.55824381500014,62.21708034765917],[34.59353298600007,62.237114798660485],[34.6419759110002,62.22325710565954],[34.671866862000286,62.20242377265818],[34.702048069000114,62.213096786658895],[34.679060872000264,62.249609373661244],[34.65180935300003,62.24965955766128],[34.59794108100021,62.302596027665025],[34.57049424900009,62.31401909566559],[34.5885335290003,62.328826224666706],[34.51880425300009,62.36520860366919],[34.52396647100034,62.38090955766989],[34.47088758700005,62.41312526967216],[34.49815538200027,62.433673772673465],[34.59478352900003,62.36909043966943],[34.630216471000146,62.360076224668575],[34.667716471000176,62.328826224666706],[34.67308214000036,62.308814831665096],[34.72919108100018,62.28073730366338],[34.75429687500025,62.25465359066155],[34.803833008000026,62.24479302166087],[34.78955349400013,62.282828774663585],[34.762160916000305,62.29329698266424],[34.78126085100029,62.30896402866535],[34.76228841100033,62.332858613666914],[34.724761285000056,62.34340955766761],[34.67396647100014,62.38090955766989],[34.62295193100016,62.40476345367158],[34.62396647100007,62.42325710567268],[34.57497558600016,62.43801269367386],[34.54479980500008,62.47674289167625],[34.497973633000235,62.51521538467884],[34.49825575100033,62.54318576268071],[34.44479980500017,62.589242891683774],[34.463549805,62.59340955768395],[34.50311686200013,62.55450710568146],[34.5709988060001,62.504648164678215],[34.59607204900021,62.50659043967836],[34.64270019500003,62.471173772675876],[34.659383138000294,62.47049289167611],[34.70622558600029,62.43801269367386],[34.71283365900007,62.4135416656722],[34.762443034000164,62.39520399167091],[34.77742241800023,62.36328667366887],[34.8177164710001,62.34757622466787],[34.860083008000295,62.29687635466429],[34.874981011000266,62.25975206066205],[34.86354980500022,62.21632622465908],[34.90843641500021,62.17252332765605],[34.91252983900017,62.14008788965389],[35.00843370200009,62.10155842965128],[35.04804687500019,62.05673692364826],[35.07492133200026,62.03793131364683],[35.10648871500013,62.042007105647166],[35.15622558600035,62.02759602764633],[35.21883951800015,62.050413681647825],[35.17714029900014,62.08812933865035],[35.183357747000166,62.10157063665129],[35.113549805000275,62.15382622465483],[35.052072483000124,62.16104736165531],[35.05010308200013,62.212893336658965],[35.01700032600024,62.242708331660985],[35.04392632400026,62.25164930466149],[35.09585774700001,62.23490396966031],[35.12311197900027,62.206727429658365],[35.17603352900022,62.1711737726559],[35.250043403000106,62.17742377265639],[35.30938313800021,62.16632622465565],[35.35521647100029,62.143409557654216],[35.41871473500015,62.169346786655915],[35.501049805000214,62.1711737726559],[35.55658637200014,62.21770697565924],[35.60625271300023,62.244426810661025],[35.60209418400012,62.26818576266254],[35.54895019500014,62.289923772664],[35.560755751000215,62.339093694667156],[35.5302001950002,62.37742377266995],[35.49795193100004,62.39643012067113],[35.4938503690002,62.415108234672395],[35.40843370200008,62.493225096677385],[35.38739963100027,62.5005249006779],[35.35211859800017,62.542263453680775],[35.339670139000134,62.502502439678025],[35.301049805000105,62.51424289167888],[35.21669108100025,62.52865396967976],[35.190633138000294,62.53924289168041],[35.11978352900019,62.544090439680865],[35.06146647100019,62.59340955768395],[34.99966091600003,62.613796656685174],[34.975078668000094,62.639152016686836],[34.87287326400002,62.63159043968639],[34.84375542499998,62.615992565685545],[34.83606934600027,62.59605199468407],[34.922862413000246,62.52854139367955],[34.91353352900017,62.49617377267762],[34.84686686200012,62.54617377268081],[34.844018555000105,62.57122124468237],[34.81048448400019,62.61830512068542],[34.77186686200025,62.62950710568635],[34.73229980500008,62.65590955768785],[34.68549804700023,62.65255804968778],[34.641541884000105,62.69636230369062],[34.57916937900018,62.74025471869346],[34.58335774700009,62.75782063669454],[34.52472059500014,62.84337429369983],[34.451749674000034,62.851043021700285],[34.46044650600008,62.869395614701666],[34.43948296400019,62.89530842970309],[34.49061686200009,62.91424289170452],[34.53645019500015,62.904507105703566]],[[35.280216471000244,62.07325710564938],[35.22705891900023,62.020320636645664],[35.24408908400028,62.002870007644425],[35.20195855000014,61.99546983364394],[35.207996962000095,61.969793021642246],[35.176850043,61.94338378764046],[35.18575032600012,61.90312364263778],[35.22285698800016,61.868290200635194],[35.262738715000296,61.88992377263691],[35.316905382000186,61.88575710563655],[35.3392496740002,61.90312499863766],[35.323250326000334,61.942706975640306],[35.31879340300014,61.98784043964363],[35.364246962000095,62.00104030864451],[35.349666341000216,62.04270968864723],[35.30601128500024,62.08784043965034],[35.280216471000244,62.07325710564938]],[[35.14549696200026,61.93020833163958],[35.16492241800029,61.94735242964078],[35.133238390000145,62.00584174164476],[35.110359701000164,61.98478461264335],[35.10450303800018,61.94062635464023],[35.14549696200026,61.93020833163958]],[[34.647580295000076,61.94062771164041],[34.65174696200017,61.96770697564213],[34.6167616100002,61.991259764643885],[34.5834120010001,61.97873535064286],[34.647580295000076,61.94062771164041]],[[13.693242499000231,59.4169789984396],[13.676016000000116,59.38488949843657],[13.684564500000192,59.375963998435665],[13.800246500000128,59.376236498435674],[13.743234499000096,59.35711499843397],[13.741363001000025,59.342399498432606],[13.778696500000136,59.32064999843077],[13.806717,59.36253049843443],[13.860715,59.33237899843172],[13.877987500000074,59.314740498430055],[13.972373001000108,59.29789899842845],[13.96385949900008,59.325437998431006],[13.977241001000094,59.357298998434025],[14.016150001000085,59.34170449843275],[14.001242000000161,59.32986699843137],[14.004097999000065,59.29920749842879],[14.034933499000088,59.305206498429165],[14.07606150000015,59.22566199842167],[14.057843500000219,59.187792998418296],[14.027423500000111,59.16017899841571],[13.978794001000209,59.13259849841305],[13.941172000000108,59.09376299840944],[13.961773001000209,59.040119998404386],[13.983878500000172,59.03818799840414],[14.060420498999974,59.08414049840847],[14.07518249900022,59.115239498411334],[14.102700499000036,59.11299449841117],[14.097315001000029,59.05242499840532],[14.12501349900009,59.049756998405115],[14.077444500000182,59.012133498401575],[14.044088500000157,59.00040199840047],[14.00840950100013,59.010686498401526],[13.983378,58.99630249840011],[14.007054999000102,58.95963449839655],[14.038532999000097,58.94553199839522],[14.015415000000132,58.90962049839171],[14.002814000000111,58.86627299838741],[13.981690500000239,58.861989498387274],[13.939885500000175,58.815354998382645],[13.89834549900007,58.81502599838255],[13.864715500000218,58.789479998379925],[13.905699501000186,58.75792549837682],[13.860824501000081,58.74316249837538],[13.83626,58.717353998372744],[13.751368001000115,58.70204099837136],[13.703216,58.66875549836797],[13.63787000100018,58.69418549837054],[13.561006000000244,58.666545998367646],[13.514421,58.669730498368175],[13.48107149900022,58.66300249836741],[13.432989000000191,58.63748999836475],[13.384316499000079,58.62755649836388],[13.345792500000016,58.60653149836174],[13.315001000000109,58.54875349835592],[13.288604500000076,58.530234998354125],[13.275988500000093,58.49740599835064],[13.248283999000023,58.494633498350645],[13.18325150000021,58.50372149835135],[13.133507499000132,58.522270998353115],[13.164518999000052,58.5539594983565],[13.19315399900006,58.608324498361974],[13.182707499000058,58.62010649836319],[13.157366000000138,58.62060199836303],[13.127083000000196,58.62861949836403],[13.101146501000128,58.622071998363225],[13.094512000000236,58.61147249836231],[13.073818000000188,58.61054499836218],[13.041703500000153,58.601032998361134],[12.998191500000189,58.60881599836213],[12.977313,58.566992998357854],[12.936584001000087,58.564849998357495],[12.956454501000051,58.542287498355215],[12.919526500000128,58.53486449835462],[12.931612500000083,58.51266549835235],[12.805864999000109,58.4774414983487],[12.763739499000163,58.48204999834919],[12.758401500000048,58.46082999834689],[12.692274499000176,58.446235998345706],[12.687025,58.40982749834186],[12.639370499000051,58.40721999834141],[12.648213500000052,58.38380149833914],[12.608481501000085,58.37415399833799],[12.597152500000046,58.360245998336644],[12.553609500000107,58.35539049833624],[12.519497000000115,58.374441498338214],[12.607242500000039,58.412813498342075],[12.628437500000189,58.46194949834708],[12.600961000000211,58.46849749834775],[12.563980000000184,58.449656998345944],[12.549269500000149,58.41446499834212],[12.512281999000152,58.39229249833997],[12.448519000000147,58.405950498341454],[12.414799500000184,58.3854424983392],[12.324951500000052,58.38793999833955],[12.323076500000127,58.42031249834294],[12.436445501000206,58.4919094983502],[12.497845999000104,58.51118599835205],[12.551372500000129,58.547184498355826],[12.542718501000024,58.56115549835715],[12.595672500000035,58.58852249836002],[12.658464,58.654013998366615],[12.583689499000116,58.65363999836649],[12.530891,58.67466749836858],[12.510582,58.69820399837083],[12.503596499000082,58.732672998374554],[12.50562450000018,58.77822549837892],[12.53798800000021,58.79293549838028],[12.545742,58.830612998383906],[12.59908049900008,58.81621949838255],[12.630557500000123,58.85806249838666],[12.650567501000182,58.902459998390924],[12.649646000000132,58.95888449839662],[12.692324501000142,58.97168799839761],[12.685527501000024,58.99768349840028],[12.750896001000058,59.039590498404216],[12.790415000000111,59.044450998404656],[12.799885001000234,59.07239649840734],[12.846078500000033,59.09788749840974],[12.87956400100006,59.078724998408006],[12.910585001000186,59.03632849840405],[12.97119300100019,59.05604249840581],[13.017650500000173,59.05724299840594],[13.037312,59.01542799840187],[13.090281501000106,59.01491449840184],[13.104398001000161,59.00024699840032],[13.05215650100007,58.97034549839765],[13.099394001000176,58.95099449839567],[13.135725001000196,58.90981849839162],[13.172006500000125,58.909570998391615],[13.21367999900002,58.895279998390286],[13.274240501000065,58.904573498391265],[13.257442,58.92824499839338],[13.242162500000175,59.03381399840359],[13.227241,59.04561549840479],[13.209979499000156,59.110707998410845],[13.158218,59.16879049841656],[13.162357001000032,59.182696998417924],[13.137317499000119,59.21141899842041],[13.145672001000035,59.307721498429565],[13.134159000000123,59.32743299843117],[13.095369499000128,59.329792498431495],[13.062776500000155,59.32109449843061],[12.98868899900009,59.334759498431964],[13.049713499000177,59.362676998434566],[13.077435001000138,59.33427799843174],[13.154648500000064,59.33904699843245],[13.198169,59.351487998433505],[13.186947500000201,59.31925899843042],[13.23077849900011,59.297348498428526],[13.285495500000025,59.31252849842986],[13.255184999000047,59.345894498432976],[13.299464999000179,59.365410998434946],[13.35793449900029,59.36156049843437],[13.4107,59.37977399843613],[13.433368,59.356494498434],[13.435316999000063,59.3166394984303],[13.488127999000083,59.31829499843036],[13.507482500000151,59.30727849842951],[13.49052350000022,59.270810498425995],[13.51179450100011,59.25709299842462],[13.565806500000063,59.271122498426045],[13.589205000000105,59.29853899842846],[13.59870750100009,59.336918498432155],[13.525338,59.335896998431934],[13.56943699900006,59.37959849843603],[13.606865,59.39492999843738],[13.637213501000133,59.394432498437425],[13.693242499000231,59.4169789984396]],[[13.667413500000123,59.39015849843696],[13.647353500000236,59.38926249843691],[13.611232,59.35874849843411],[13.649563001000102,59.353304498433616],[13.667413500000123,59.39015849843696]],[[13.863234,58.848691998385696],[13.836769000000231,58.849242998385705],[13.792367500000069,58.798755998380905],[13.77861200000018,58.80831049838191],[13.789918500000054,58.83897449838479],[13.727525500000182,58.84460749838551],[13.711039,58.80739699838161],[13.769511500000135,58.760609498377114],[13.82593699900002,58.76025849837723],[13.8848210000001,58.844242498385306],[13.863234,58.848691998385696]],[[13.21110550000009,58.69272999837034],[13.108501500000044,58.695299998370515],[13.069435,58.64778599836592],[13.105640001000207,58.62874599836382],[13.127145,58.631710998364284],[13.135653001000037,58.62785949836396],[13.17005750000004,58.64408099836547],[13.161731000000145,58.62379049836339],[13.18443750100005,58.627839498363855],[13.196627500000034,58.62103649836314],[13.218712500000093,58.63932999836496],[13.233528501000077,58.67570649836874],[13.21110550000009,58.69272999837034]],[[13.66862450000002,58.817872998382846],[13.706646,58.82809649838378],[13.686914999000066,58.85152649838611],[13.655781500000044,58.84168599838497],[13.66862450000002,58.817872998382846]],[[78.21662109375046,42.74459675547841],[78.2433360460076,42.731391595967644],[78.18585910373325,42.72242919362001],[78.17305284288244,42.69219861635019],[78.08352023654572,42.64550455165995],[78.07637776692759,42.60777777212976],[78.10655192057338,42.59362304122098],[78.26895779079909,42.58734510068007],[78.3091162109381,42.602775059454004],[78.31413818359425,42.58527641578339],[78.27927300347272,42.56666937367456],[78.15294433593817,42.57944172611062],[78.11678331163245,42.57255913062156],[78.10134657118105,42.53533175430334],[78.07206434461875,42.51775552816731],[78.0719346788199,42.506329204377614],[78.00154676649348,42.4576679087836],[77.92633707682336,42.46499728161668],[77.88778917100744,42.445622552875655],[77.86482421875064,42.44693792831026],[77.80388156467075,42.41550346649102],[77.80976833767403,42.40098713618949],[77.84089599609433,42.39583604026723],[77.88511501736156,42.399948453463374],[77.88428385416711,42.366882861001095],[77.84406385633729,42.363441834523925],[77.80908989800392,42.302081428681085],[77.72069742838596,42.24354925634655],[77.7010818142366,42.21546955798343],[77.62885904947967,42.19164170424035],[77.59803656684068,42.19416394816498],[77.56173339843804,42.188337396513134],[77.52666937934072,42.16052571030317],[77.4957706705735,42.15528048460628],[77.4630582682297,42.175280484615],[77.40107042100746,42.18138617038169],[77.37751953125047,42.172499180360404],[77.32916937934078,42.18083604017306],[77.28585557725751,42.18218261135426],[77.26271294487884,42.1730029238502],[77.22971950954901,42.1738861703783],[77.1305268012157,42.15720865300985],[77.05579711914099,42.15699353799236],[77.04768676757857,42.172581916905536],[77.01169989691891,42.17388806924986],[76.9319806586377,42.19966036743834],[76.88055284288247,42.19860839261145],[76.79623087565153,42.22863362048924],[76.75226223415848,42.25805365088406],[76.70577650282162,42.268241910437126],[76.67389038086003,42.262680115729864],[76.6290348307295,42.271462667816955],[76.57799913194492,42.27278536747042],[76.51470323350732,42.29860839265528],[76.44907999674521,42.31834417825417],[76.42690890842066,42.34141139831633],[76.39075629340319,42.35025064528211],[76.33645141601629,42.33292371385083],[76.30405232747427,42.315335009416025],[76.25333577473992,42.329518494665365],[76.24306030273469,42.35253390266149],[76.258565538195,42.374169102323684],[76.22278049045171,42.386140944776756],[76.22218044704903,42.40754095563677],[76.18608764648474,42.45079453638484],[76.2286138237851,42.457497010346025],[76.28616292317741,42.47751301512896],[76.31499728732683,42.48194172606847],[76.38647989908888,42.478790413133055],[76.4090835232209,42.469868158354984],[76.46212470160641,42.4723304521928],[76.49249728732684,42.50389159586972],[76.53010592990495,42.51113443441449],[76.57838975694477,42.50861517443065],[76.62130981445355,42.5161561358055],[76.63666395399336,42.5525027070019],[76.70944173177118,42.57528048478949],[76.7596263292106,42.56913736412706],[76.76289428710982,42.58788438019412],[76.78947713216199,42.59460855554427],[76.86892971462727,42.59194715146327],[76.91260321723131,42.600613058585026],[76.95902072482674,42.600162212230835],[76.9992249891497,42.618567431422655],[77.00844618055618,42.60448133115613],[77.0371251085075,42.60181748566896],[77.05273749457506,42.63410915234945],[77.08943617079031,42.641676969193014],[77.17865939670196,42.640559347664734],[77.19833604600753,42.649186463553825],[77.23405463324688,42.639599875008045],[77.25813395182337,42.6663180824848],[77.28592502170174,42.663477641945455],[77.35937120225735,42.685908468778194],[77.45080322265676,42.654721402792354],[77.49496337890695,42.65007133768628],[77.54720893012193,42.65386935201085],[77.57333089192763,42.666669644984964],[77.65194715711851,42.6852750594896],[77.6768831380213,42.70182236852442],[77.72167588975753,42.71624619665555],[77.75438720703185,42.7174869735658],[77.79584635416718,42.731122091844284],[77.86058213975753,42.71715141584],[77.897992350261,42.728139100306485],[77.9630582682298,42.723613818186536],[77.98435980902843,42.71435492061321],[78.01556016710127,42.71387477738382],[78.0521012369797,42.726941726174225],[78.06940728081679,42.721025113758294],[78.12508816189285,42.73585136701994],[78.21662109375046,42.74459675547841]],[[36.14917663574238,4.581380584800177],[36.16316996256534,4.54086677902927],[36.19441148546025,4.523605706252597],[36.213686930338774,4.475262751455427],[36.20851081000449,4.462895587704162],[36.219842190212944,4.429815143402834],[36.21087436252196,4.394750802212441],[36.2188293457034,4.375427173489205],[36.20033182779969,4.350046856675364],[36.19140238444038,4.324714723726656],[36.20666944715725,4.287397930959812],[36.219277479384004,4.284413515272806],[36.22278218587251,4.22305355033086],[36.212374199761484,4.195078866386861],[36.22126274956622,4.17938421850841],[36.24392571343344,4.178554242109477],[36.25055277506538,4.140492956071027],[36.219449055989735,4.07584743476335],[36.2224821641712,4.039948522583485],[36.20498894585523,3.988664817668028],[36.20972500271295,3.978613887231822],[36.18633090549065,3.944882536898505],[36.193919881184975,3.926353212916465],[36.222109375000116,3.894324065272444],[36.23379740397161,3.870400115102551],[36.23694722493508,3.832907032460142],[36.250773518880294,3.811434118529027],[36.24675801595071,3.793773867354224],[36.27187045627186,3.767902963518929],[36.27788770887605,3.745971743381713],[36.26906941731777,3.724835811329577],[36.24638156467023,3.709941402165774],[36.25418104383693,3.686386850324649],[36.24349514431446,3.674557965788646],[36.21500278049063,3.672459170217928],[36.21913648817292,3.632859086167322],[36.20939500596813,3.612005272170581],[36.205796983507184,3.547682694656899],[36.21777499728749,3.498030866368138],[36.218065999349164,3.467989362494221],[36.229441663954105,3.444104135740432],[36.224725273980305,3.431932369260192],[36.25267761230481,3.394567867347264],[36.25073371039519,3.339681799698042],[36.231783311632,3.341360130859376],[36.21913675944029,3.32916937566415],[36.229242214626815,3.306502410627941],[36.24061943901938,3.306095645220273],[36.28161437988291,3.263505855769596],[36.2951556396485,3.234103457797845],[36.300320909288416,3.187107065704502],[36.32645128038223,3.191652828503461],[36.356700032552396,3.148304846779549],[36.37766859266515,3.125918507827928],[36.41360839843758,2.999719506228531],[36.43311971028674,2.976695824612818],[36.49879760742198,2.920631507182521],[36.52090481228316,2.910197750683295],[36.520275065104265,2.894724931689849],[36.54195475260433,2.891936167586871],[36.57119032118073,2.899439965321716],[36.5932271321617,2.886745737905187],[36.622591010199756,2.886767032392821],[36.65861382378484,2.894724931689849],[36.682780490451705,2.884447153923115],[36.704997287326705,2.836842309139838],[36.69265882704013,2.825201684152464],[36.696064995659924,2.786563175079992],[36.70749728732658,2.731279429480466],[36.685450981988026,2.692404917804083],[36.69471950954892,2.670152178028042],[36.69990695529543,2.577903778606286],[36.689615071614696,2.563182098934869],[36.69738376193607,2.529861108302915],[36.69194173177118,2.506386173432722],[36.702252875434276,2.482475990082195],[36.639094102647846,2.410396861471982],[36.616348063151186,2.402863902495875],[36.601916910807624,2.413680688508293],[36.57251939561661,2.410800371671158],[36.55716308593759,2.401622176151748],[36.53922363281276,2.411080183953862],[36.524209120008834,2.461106903734063],[36.532775065104374,2.523085392164468],[36.52081515842037,2.537580021054887],[36.51721327039939,2.560400387783539],[36.48601643880221,2.581628415104025],[36.4719152832032,2.611702742327969],[36.44720038519994,2.618908281599718],[36.43748060438378,2.63810410948673],[36.433897162543474,2.68561251872298],[36.44500827365465,2.711119381759414],[36.42261976454,2.72974473438671],[36.41689154730932,2.767844913381628],[36.40246025933187,2.783389753859425],[36.369059651692965,2.85477606563076],[36.34294148763046,2.864194468398261],[36.31495802137594,2.883521996589066],[36.28583055284304,2.894163950787578],[36.26640523274761,2.912559811227659],[36.251965942382924,2.959804141688465],[36.194725002712865,2.974169376047896],[36.149147677951476,2.971947153828132],[36.13274169921891,2.99002061300994],[36.1252805582684,3.017800696530088],[36.141137017144096,3.057519392233617],[36.16348130967901,3.073318274594949],[36.14729539659311,3.106630177770759],[36.14666388617632,3.131696502613373],[36.134447360568686,3.157502709182758],[36.14628424750442,3.191610646428804],[36.13143141004797,3.206687415075742],[36.105941704644174,3.218298607554535],[36.063871866862264,3.228334007934363],[36.03015014648463,3.245237626622694],[36.017897203233645,3.25961493237975],[36.010000542534954,3.288356794327955],[35.98813429090728,3.320974388693876],[35.968355170356006,3.334111460077301],[35.94696994357662,3.335835228521532],[35.93855509440129,3.358763830927423],[35.933607923719656,3.42110947973197],[35.94582180447055,3.481537539562924],[35.91218600802954,3.498068979432335],[35.887523803710955,3.50236097161525],[35.90777499728757,3.526418792227455],[35.91277499728738,3.546866247717735],[35.88605319552953,3.559140756710706],[35.86550421820766,3.584919700910524],[35.840123901367406,3.594023162272227],[35.83027825249588,3.617615352459652],[35.836937188042675,3.680493024375977],[35.82833611382381,3.713085458694561],[35.854726087782296,3.78222357439777],[35.862786254882906,3.88223049160904],[35.85240227593339,3.898885765028903],[35.85254957411034,3.948233163522646],[35.86526841905385,3.981153831347889],[35.86500481499576,4.005867101721029],[35.93055847167987,4.137224591274086],[35.92027486165385,4.188053177375093],[35.92389465332035,4.232366328370099],[35.916380547417646,4.30361910878584],[35.91524278428835,4.347964235421035],[35.91944166395422,4.387780553467461],[35.931663886176466,4.438058331192658],[35.945412326389146,4.472822023376384],[35.93553595648876,4.51220874717152],[35.95499721950961,4.533292536551159],[35.97137301974834,4.50951958905256],[35.96278055826854,4.497758767192603],[35.9830198160808,4.478816438653237],[35.997173529731015,4.526610305926541],[36.015138685438444,4.522072223384654],[35.99416375054266,4.480280451645553],[36.01756259494379,4.474447220043603],[36.05540337456614,4.50527499236382],[36.085284491645034,4.506475163939236],[36.094490695529764,4.531391664428551],[36.12572604709225,4.56695512908608],[36.14917663574238,4.581380584800177]],[[36.5682732476131,2.617475718667289],[36.57946085611996,2.588055417049981],[36.59593967013898,2.587171899255916],[36.61499226888037,2.612443573490316],[36.616113823784815,2.653292504652365],[36.58698106553828,2.685046926275737],[36.58231065538206,2.640586070204461],[36.5682732476131,2.617475718667289]],[[31.40961032443567,2.763455536216219],[31.43524373372378,2.760589054014531],[31.449169379340216,2.738613820748561],[31.454157714843625,2.708913842482337],[31.444169379340217,2.682252058657224],[31.44698554144952,2.659516056077912],[31.429099392360964,2.622926971916487],[31.416092258029323,2.610603566982014],[31.427775065103955,2.593330617782083],[31.456625840928663,2.574719506691472],[31.465815700954693,2.562558862173454],[31.46890774197033,2.529886336167435],[31.480557861328066,2.506925724213364],[31.51280124240441,2.501346839671061],[31.53137207031233,2.487247176058004],[31.530491672091838,2.471449107498775],[31.49483344184022,2.454617239027671],[31.48167032877581,2.425877004684255],[31.479342719183876,2.379697262981261],[31.486386176215202,2.374485131910678],[31.45496880425343,2.33221869315493],[31.435828721787914,2.325745440123852],[31.391392279730777,2.29640109336787],[31.357489013671675,2.243766816081889],[31.367480740017125,2.233069658975634],[31.361919487847096,2.192282169871284],[31.38812934027771,2.156253795344841],[31.391118842230693,2.122813040173379],[31.38680379231749,2.101080726829358],[31.4095559353297,2.050079479055526],[31.404460042317623,1.997011716527236],[31.405830620659685,1.967497285136184],[31.416832411024135,1.947304414065045],[31.412501898871486,1.911652016100639],[31.40061442057271,1.904305553435164],[31.392902425130156,1.874158526558958],[31.3727410210501,1.828526744925086],[31.34639160156229,1.816669377316642],[31.319725002712453,1.813640948500617],[31.32111931694874,1.762791067914484],[31.297933349609192,1.710639917798607],[31.24698608398432,1.671392684769219],[31.233331773545785,1.656360132702407],[31.159681939019038,1.596353351085152],[31.120456882052842,1.580407984349167],[31.077314927842675,1.58855902600675],[31.047219441731556,1.573891599807829],[31.02389953613255,1.55596245486249],[31.01035705566391,1.533385957491609],[30.970776028103103,1.53160373093104],[30.95388359917507,1.540560979184971],[30.932850409613586,1.506640623319827],[30.926877373589203,1.469210610340641],[30.918908623589175,1.452696395949193],[30.878178168402485,1.420703123415253],[30.846942342122183,1.385584308350025],[30.82278306749112,1.332494573166167],[30.788712429470415,1.308787162167971],[30.758473002115636,1.277402613591792],[30.718373107909944,1.212712943524826],[30.727653198242017,1.202361109769044],[30.690025634765394,1.143658581622498],[30.670551723903888,1.121184894581588],[30.64160525851764,1.099915905890268],[30.626424628363388,1.064776474505515],[30.589921807183092,1.025552841736785],[30.56778055826805,1.038336044847445],[30.547502780490106,1.034870604313174],[30.53948082817908,1.055865884238022],[30.515122172037643,1.029531791385012],[30.50489362928567,1.027571613435822],[30.49112501356325,1.052757702817525],[30.51266031901025,1.077083060863342],[30.506309983995035,1.10711561291344],[30.492225002712356,1.11484510509214],[30.47861111111087,1.17547173262914],[30.458319566514433,1.190535480441963],[30.47380774603937,1.204943846311287],[30.468363240559704,1.229447155745804],[30.44168611314529,1.269418401361087],[30.42389166937909,1.262224933487136],[30.40263888888859,1.270428058478027],[30.38030768500408,1.260558266822324],[30.361669447156935,1.271669377921089],[30.360789744059048,1.299427353150931],[30.388344302707075,1.328926593569216],[30.43183787027976,1.358601615237618],[30.44336669921858,1.39384060174365],[30.462216084797937,1.402106389494875],[30.484106987847092,1.428502331305869],[30.500834893120377,1.510306530433821],[30.53296369764518,1.537384438389923],[30.55539998372376,1.568804522990477],[30.58446790907101,1.581983233913382],[30.623058336045794,1.611663952196768],[30.655754496256293,1.662457680438725],[30.6904759724934,1.688556584489665],[30.72125556098063,1.70402235053157],[30.734966362846937,1.71900634574076],[30.748001030815768,1.754565156465232],[30.763975355360117,1.769341632143364],[30.807763536241165,1.785269637768053],[30.832821384005904,1.813350421157133],[30.87140543619773,1.86586561207137],[30.919922553168185,1.90239257600669],[30.935675387912116,1.921366642826041],[30.96629659016906,1.940408255218165],[30.984583333333088,1.933535425364677],[30.99855292426212,1.953822697477669],[31.022415635850443,1.967916393208643],[31.05916388617607,2.000280488225004],[31.0988861083984,2.027502710417143],[31.126041124131856,2.035929902248359],[31.159194810655155,2.055845538076956],[31.194769015841874,2.105205889585085],[31.22460605197477,2.107292749391831],[31.240141533745422,2.115639103549325],[31.240269571939905,2.141374780604285],[31.260496961805416,2.145253361329202],[31.28734714084197,2.194656030545683],[31.304436916775106,2.204132213260948],[31.307092081705544,2.227829858634247],[31.334360758463443,2.264289276996962],[31.334472656249886,2.282415633313807],[31.35987725151904,2.302792694923345],[31.376914605034532,2.3272195069625],[31.43568535698773,2.337588430562317],[31.461942138671645,2.358859860660385],[31.471095377604108,2.381310218708694],[31.471570231119646,2.432124563271024],[31.48551513671861,2.453030596234225],[31.519032253689147,2.467953556287395],[31.513330620659417,2.491113821018931],[31.49129584418386,2.483727753318692],[31.460007052951195,2.534239363506576],[31.458089192708254,2.563584252797324],[31.44504150390616,2.579694007553925],[31.41065266927069,2.599161780970126],[31.407652994791537,2.621710337803159],[31.415416259765497,2.664049204944503],[31.440093180338465,2.674574921078788],[31.4516693793401,2.706391598561408],[31.436410725911234,2.750258379112562],[31.40961032443567,2.763455536216219]],[[29.052037760416848,-1.583934866940274],[29.08604437934048,-1.600037840012658],[29.092497287326466,-1.62000271086695],[29.159775119357676,-1.638956025733476],[29.16857394748274,-1.662788626618519],[29.218653700086858,-1.68304619495543],[29.267508409288265,-1.7130472799916],[29.265024685329937,-1.733886174282633],[29.279717068142475,-1.743040633908134],[29.268330620659984,-1.773608260827403],[29.27802056206616,-1.789334443535723],[29.275452202691213,-1.811007213694054],[29.29362494574672,-1.843918590610537],[29.284276801215405,-1.854972057395085],[29.28916341145844,-1.876408282415172],[29.270043131510647,-1.896235891985265],[29.283623046875107,-1.907225339672747],[29.2931822374133,-1.937239445542416],[29.323424750434235,-1.963448348508264],[29.362192382812733,-2.03888617394595],[29.344447157118225,-2.047775062824971],[29.343091905382156,-2.062448592539746],[29.302217610677133,-2.08074964503689],[29.26480658637177,-2.091673446023151],[29.249455566406315,-2.11615342646472],[29.262663574219005,-2.145016816189934],[29.227640245225807,-2.167597925106259],[29.215275336371743,-2.169148082439466],[29.193886176215358,-2.205275062651503],[29.179294433593842,-2.255694713203789],[29.157298990885522,-2.270548635713479],[29.159890679253575,-2.287703583610999],[29.136851399739662,-2.305672197957895],[29.11993164062523,-2.306021861585678],[29.077214084201444,-2.349736325513719],[29.0477750651043,-2.412780759037964],[29.038916015625038,-2.405136173543127],[29.061011013455065,-2.370985782955647],[29.04414686414952,-2.356114363701181],[29.04280164930566,-2.337861054259349],[29.05388617621542,-2.313875187315242],[29.0408192274308,-2.296925181908118],[29.02215657552096,-2.296367727482006],[29.020495334201485,-2.318639591606834],[29.006134168836923,-2.341381833335385],[28.999904785156332,-2.369929467852643],[28.971092122396037,-2.400830617992394],[28.940830620659884,-2.392775062445591],[28.908433430989696,-2.408067759911578],[28.893918185763987,-2.468116045436026],[28.871720106336966,-2.499150659117315],[28.840029839409798,-2.479991316690346],[28.835002712673653,-2.433581268998107],[28.852800292968762,-2.372262638423028],[28.874525553385524,-2.370786401445502],[28.900563693576423,-2.346885034284056],[28.94486653645856,-2.335028209210372],[28.96113661024316,-2.335830075528963],[28.964685058593833,-2.308241506765857],[28.976950412326566,-2.280155433663038],[28.935104709201596,-2.297443980735991],[28.925836046007014,-2.269692380288697],[28.933608398437734,-2.242219507055384],[28.908686523437552,-2.235906301766912],[28.888220757378516,-2.252545299144779],[28.861091851128666,-2.231936303941758],[28.868949924045296,-2.206101343032406],[28.884048665364613,-2.181850040975955],[28.90620822482646,-2.164218883226233],[28.89717610677092,-2.143336043622476],[28.864958224826527,-2.162762720033166],[28.858917371961923,-2.139945472879655],[28.896120062934187,-2.118585473988235],[28.90951416015622,-2.105525849436571],[28.95262396918417,-2.080456540653577],[28.976941731770864,-2.059136824965237],[28.948319227430652,-2.006947154883888],[28.933918999566057,-2.019219561554405],[28.9194471571181,-2.053613821499078],[28.902286783854326,-2.052885468635412],[28.90111382378484,-2.030525713885698],[28.914724934896064,-1.991941729553227],[28.93368489583343,-1.98442992943133],[28.933918728298693,-1.969447154925116],[28.960675998263977,-1.948336043837267],[28.95471950954874,-1.930836043856772],[28.9833298068578,-1.904136146967719],[28.98184950086818,-1.895107555397976],[29.002230631510482,-1.834980331071831],[29.02857693142369,-1.817640107566868],[29.014629720052312,-1.784845918149986],[29.03290744357645,-1.765740829195324],[29.053620605468772,-1.725790606800316],[29.07000271267384,-1.711636825349115],[29.07505479600701,-1.686209036748535],[29.10361762152792,-1.662778725359778],[29.0855495876737,-1.625436060470611],[29.06308349609389,-1.636223142706938],[29.052223307291904,-1.6672615541309],[29.01748697916684,-1.670225963849423],[29.029725206163327,-1.650553247942689],[29.034251030816055,-1.609844426373317],[29.052037760416848,-1.583934866940274]],[[29.105416124131978,-1.941784123271769],[29.074345160590497,-1.93089816408243],[29.045247667100732,-1.963657495643461],[29.04721815321193,-2.006044377107163],[29.065092502170266,-2.018314749272272],[29.033052842882054,-2.085830618338612],[29.03500271267375,-2.10583604366379],[29.019169921875065,-2.131369490901283],[29.022230631510464,-2.147489689451231],[29.007036946614623,-2.175548907085358],[28.991113823784815,-2.185768633636547],[29.004195963541743,-2.202959660093328],[29.0039624023438,-2.224179278125458],[29.019608832465398,-2.242659638348349],[29.015280490451456,-2.280078258098877],[29.054141981336898,-2.276102428025137],[29.07637695312519,-2.258441430865696],[29.098766276041832,-2.212016327835114],[29.090442708333452,-2.194643416612729],[29.098087293836844,-2.161605222204836],[29.11273952908005,-2.149786103294222],[29.10333360460077,-2.116094968348687],[29.079270290798718,-2.086393769379585],[29.089779188368137,-2.06213012465801],[29.118718261718815,-2.041773950635414],[29.108483344184098,-2.029571395310293],[29.10249728732646,-2.00083604377954],[29.087736002604228,-1.967792830925141],[29.10505723741329,-1.964098847639556],[29.105416124131978,-1.941784123271769]],[[28.94864990234379,-2.341692434463147],[28.92527967664943,-2.348316783414611],[28.92228624131957,-2.369802243460412],[28.944686414930576,-2.371317271670567],[28.94864990234379,-2.341692434463147]]],"bbox":[-92.20676922499992,-16.594163940413285,109.96125271266968,62.91424289170452],"objects":{"sanitized":{"type":"GeometryCollection","geometries":[{"arcs":[[0],[1],[2],[3],[4],[5],[6],[7],[8],[9],[10],[11],[12],[13],[14],[15],[16],[17],[18],[19],[20],[21],[22],[23],[24],[25],[26],[27],[28],[29],[30],[31],[32],[33],[34]],"type":"Polygon","properties":{"id":"lake_caspian_sea","ecoId":"1","name":"Caspian Sea","biome":"Lake system","biomeNum":null,"realm":"Europe","ecoBiomeCode":"LAKE","nnhCode":null,"nnhName":"Russia","layerType":"lake","country":"Russia","continent":"Europe","sourceLakeName":"Caspian Sea","areaKm2":377542.58,"centerLon":50.528544,"centerLat":41.850926,"isMarine":false,"isLake":true,"FID":"lake_caspian_sea"},"id":"lake_caspian_sea"},{"arcs":[[35],[36],[37],[38],[39],[40],[41],[42],[43],[44],[45],[46],[47],[48],[49],[50],[51],[52],[53],[54],[55],[56],[57],[58],[59]],"type":"Polygon","properties":{"id":"lake_superior","ecoId":"5","name":"Lake Superior","biome":"Lake system","biomeNum":null,"realm":"North America","ecoBiomeCode":"LAKE","nnhCode":null,"nnhName":"United States of America","layerType":"lake","country":"United States of America","continent":"North America","sourceLakeName":"Superior","areaKm2":82074.97,"centerLon":-88.21213,"centerLat":47.714381,"isMarine":false,"isLake":true,"FID":"lake_superior"},"id":"lake_superior"},{"arcs":[[60,61],[62],[63],[64],[65],[66],[67],[68],[69],[70],[71]],"type":"Polygon","properties":{"id":"lake_michigan","ecoId":"6","name":"Lake Michigan","biome":"Lake system","biomeNum":null,"realm":"North America","ecoBiomeCode":"LAKE","nnhCode":null,"nnhName":"United States of America","layerType":"lake","country":"United States of America","continent":"North America","sourceLakeName":"Michigan","areaKm2":57841.85,"centerLon":-87.084645,"centerLat":43.861727,"isMarine":false,"isLake":true,"FID":"lake_michigan"},"id":"lake_michigan"},{"arcs":[[72],[73],[74],[75],[76],[77],[78]],"type":"Polygon","properties":{"id":"lake_ontario","ecoId":"7","name":"Lake Ontario","biome":"Lake system","biomeNum":null,"realm":"North America","ecoBiomeCode":"LAKE","nnhCode":null,"nnhName":"United States of America","layerType":"lake","country":"United States of America","continent":"North America","sourceLakeName":"Ontario","areaKm2":19384.41,"centerLon":-77.633366,"centerLat":43.826347,"isMarine":false,"isLake":true,"FID":"lake_ontario"},"id":"lake_ontario"},{"arcs":[[-61,79],[80],[81],[82],[83],[84],[85],[86],[87],[88],[89],[90],[91],[92],[93],[94],[95],[96],[97],[98],[99],[100],[101],[102],[103],[104],[105],[106],[107]],"type":"Polygon","properties":{"id":"lake_huron","ecoId":"8","name":"Lake Huron","biome":"Lake system","biomeNum":null,"realm":"North America","ecoBiomeCode":"LAKE","nnhCode":null,"nnhName":"United States of America","layerType":"lake","country":"United States of America","continent":"North America","sourceLakeName":"Huron","areaKm2":59530.98,"centerLon":-82.309383,"centerLat":44.774344,"isMarine":false,"isLake":true,"FID":"lake_huron"},"id":"lake_huron"},{"arcs":[[108],[109],[110]],"type":"Polygon","properties":{"id":"lake_erie","ecoId":"9","name":"Lake Erie","biome":"Lake system","biomeNum":null,"realm":"North America","ecoBiomeCode":"LAKE","nnhCode":null,"nnhName":"United States of America","layerType":"lake","country":"United States of America","continent":"North America","sourceLakeName":"Erie","areaKm2":25808.05,"centerLon":-81.238823,"centerLat":42.143516,"isMarine":false,"isLake":true,"FID":"lake_erie"},"id":"lake_erie"},{"arcs":[[111],[112],[113],[114],[115],[116],[117]],"type":"Polygon","properties":{"id":"lake_ladoga","ecoId":"10","name":"Lake Ladoga","biome":"Lake system","biomeNum":null,"realm":"Europe","ecoBiomeCode":"LAKE","nnhCode":null,"nnhName":"Russia","layerType":"lake","country":"Russia","continent":"Europe","sourceLakeName":"Ladoga","areaKm2":17544.72,"centerLon":31.714631,"centerLat":60.841688,"isMarine":false,"isLake":true,"FID":"lake_ladoga"},"id":"lake_ladoga"},{"arcs":[[118],[119],[120]],"type":"Polygon","properties":{"id":"lake_baikal","ecoId":"11","name":"Lake Baikal","biome":"Lake system","biomeNum":null,"realm":"Europe","ecoBiomeCode":"LAKE","nnhCode":null,"nnhName":"Russia","layerType":"lake","country":"Russia","continent":"Europe","sourceLakeName":"Baikal","areaKm2":32101.2,"centerLon":108.188423,"centerLat":53.663135,"isMarine":false,"isLake":true,"FID":"lake_baikal"},"id":"lake_baikal"},{"arcs":[[121],[122],[123],[124],[125],[126]],"type":"Polygon","properties":{"id":"lake_balkhash","ecoId":"12","name":"Lake Balkhash","biome":"Lake system","biomeNum":null,"realm":"Asia","ecoBiomeCode":"LAKE","nnhCode":null,"nnhName":"Kazakhstan","layerType":"lake","country":"Kazakhstan","continent":"Asia","sourceLakeName":"Balkhash","areaKm2":16760.23,"centerLon":73.931301,"centerLat":45.932398,"isMarine":false,"isLake":true,"FID":"lake_balkhash"},"id":"lake_balkhash"},{"arcs":[[[127],[128],[129]],[[130]]],"type":"MultiPolygon","properties":{"id":"lake_aral_sea","ecoId":"13|130","name":"Aral Sea","biome":"Lake system","biomeNum":null,"realm":"Asia","ecoBiomeCode":"LAKE","nnhCode":null,"nnhName":"Kazakhstan, Uzbekistan","layerType":"lake","country":"Kazakhstan, Uzbekistan","continent":"Asia","sourceLakeName":"Large Aral Sea | Small Aral Sea","areaKm2":26891.12,"centerLon":60.558907,"centerLat":46.441225,"isMarine":false,"isLake":true,"FID":"lake_aral_sea"},"id":"lake_aral_sea"},{"arcs":[[131],[132],[133],[134],[135],[136],[137],[138],[139],[140],[141],[142],[143],[144],[145],[146],[147],[148],[149],[150],[151],[152],[153],[154],[155],[156],[157],[158],[159],[160],[161],[162],[163]],"type":"Polygon","properties":{"id":"lake_victoria","ecoId":"16","name":"Lake Victoria","biome":"Lake system","biomeNum":null,"realm":"Africa","ecoBiomeCode":"LAKE","nnhCode":null,"nnhName":"Uganda","layerType":"lake","country":"Uganda","continent":"Africa","sourceLakeName":"Victoria","areaKm2":66866.69,"centerLon":32.871725,"centerLat":-1.275795,"isMarine":false,"isLake":true,"FID":"lake_victoria"},"id":"lake_victoria"},{"arcs":[[164],[165]],"type":"Polygon","properties":{"id":"lake_tanganyika","ecoId":"17","name":"Lake Tanganyika","biome":"Lake system","biomeNum":null,"realm":"Africa","ecoBiomeCode":"LAKE","nnhCode":null,"nnhName":"Democratic Republic of the Congo","layerType":"lake","country":"Democratic Republic of the Congo","continent":"Africa","sourceLakeName":"Tanganyika","areaKm2":32685.41,"centerLon":29.469515,"centerLat":-6.078322,"isMarine":false,"isLake":true,"FID":"lake_tanganyika"},"id":"lake_tanganyika"},{"arcs":[[166],[167]],"type":"Polygon","properties":{"id":"lake_malawi","ecoId":"18","name":"Lake Malawi","biome":"Lake system","biomeNum":null,"realm":"Africa","ecoBiomeCode":"LAKE","nnhCode":null,"nnhName":"Malawi","layerType":"lake","country":"Malawi","continent":"Africa","sourceLakeName":"Malawi","areaKm2":29429.16,"centerLon":34.505419,"centerLat":-11.956531,"isMarine":false,"isLake":true,"FID":"lake_malawi"},"id":"lake_malawi"},{"arcs":[[168],[169],[170],[171]],"type":"Polygon","properties":{"id":"lake_nicaragua","ecoId":"72","name":"Lake Nicaragua","biome":"Lake system","biomeNum":null,"realm":"North America","ecoBiomeCode":"LAKE","nnhCode":null,"nnhName":"Nicaragua","layerType":"lake","country":"Nicaragua","continent":"North America","sourceLakeName":"Nicaragua","areaKm2":7802.51,"centerLon":-85.318865,"centerLat":11.579557,"isMarine":false,"isLake":true,"FID":"lake_nicaragua"},"id":"lake_nicaragua"},{"arcs":[[172],[173],[174]],"type":"Polygon","properties":{"id":"lake_titicaca","ecoId":"78","name":"Lake Titicaca","biome":"Lake system","biomeNum":null,"realm":"South America","ecoBiomeCode":"LAKE","nnhCode":null,"nnhName":"Bolivia","layerType":"lake","country":"Bolivia","continent":"South America","sourceLakeName":"Titicaca","areaKm2":7974.76,"centerLon":-69.294125,"centerLat":-15.914982,"isMarine":false,"isLake":true,"FID":"lake_titicaca"},"id":"lake_titicaca"},{"arcs":[[175],[176],[177],[178]],"type":"Polygon","properties":{"id":"lake_onega","ecoId":"100","name":"Lake Onega","biome":"Lake system","biomeNum":null,"realm":"Europe","ecoBiomeCode":"LAKE","nnhCode":null,"nnhName":"Russia","layerType":"lake","country":"Russia","continent":"Europe","sourceLakeName":"Onega","areaKm2":10021.25,"centerLon":34.911439,"centerLat":61.885417,"isMarine":false,"isLake":true,"FID":"lake_onega"},"id":"lake_onega"},{"arcs":[[179],[180],[181],[182],[183]],"type":"Polygon","properties":{"id":"lake_vanern","ecoId":"105","name":"Lake Vanern","biome":"Lake system","biomeNum":null,"realm":"Europe","ecoBiomeCode":"LAKE","nnhCode":null,"nnhName":"Sweden","layerType":"lake","country":"Sweden","continent":"Europe","sourceLakeName":"Vanern","areaKm2":5515.75,"centerLon":13.551277,"centerLat":58.883451,"isMarine":false,"isLake":true,"FID":"lake_vanern"},"id":"lake_vanern"},{"arcs":[[184]],"type":"Polygon","properties":{"id":"lake_issyk_kul","ecoId":"136","name":"Lake Issyk Kul","biome":"Lake system","biomeNum":null,"realm":"Asia","ecoBiomeCode":"LAKE","nnhCode":null,"nnhName":"Kyrgyzstan","layerType":"lake","country":"Kyrgyzstan","continent":"Asia","sourceLakeName":"Issyk Kul","areaKm2":6206.04,"centerLon":77.075373,"centerLat":42.460243,"isMarine":false,"isLake":true,"FID":"lake_issyk_kul"},"id":"lake_issyk_kul"},{"arcs":[[185],[186]],"type":"Polygon","properties":{"id":"lake_turkana","ecoId":"158","name":"Lake Turkana","biome":"Lake system","biomeNum":null,"realm":"Africa","ecoBiomeCode":"LAKE","nnhCode":null,"nnhName":"Kenya","layerType":"lake","country":"Kenya","continent":"Africa","sourceLakeName":"Turkana","areaKm2":7440.44,"centerLon":36.13193,"centerLat":3.490192,"isMarine":false,"isLake":true,"FID":"lake_turkana"},"id":"lake_turkana"},{"arcs":[[187]],"type":"Polygon","properties":{"id":"lake_albert","ecoId":"159","name":"Lake Albert","biome":"Lake system","biomeNum":null,"realm":"Africa","ecoBiomeCode":"LAKE","nnhCode":null,"nnhName":"Uganda","layerType":"lake","country":"Uganda","continent":"Africa","sourceLakeName":"Albert","areaKm2":5502.29,"centerLon":31.141898,"centerLat":1.882104,"isMarine":false,"isLake":true,"FID":"lake_albert"},"id":"lake_albert"},{"arcs":[[188],[189],[190]],"type":"Polygon","properties":{"id":"lake_kivu","ecoId":"163","name":"Lake Kivu","biome":"Lake system","biomeNum":null,"realm":"Africa","ecoBiomeCode":"LAKE","nnhCode":null,"nnhName":"Rwanda","layerType":"lake","country":"Rwanda","continent":"Africa","sourceLakeName":"Kivu","areaKm2":2390.2,"centerLon":29.227572,"centerLat":-2.042058,"isMarine":false,"isLake":true,"FID":"lake_kivu"},"id":"lake_kivu"}]}}}